run_id,experiment,dataset,split_type,fold,regime,detector,rho_assumed,rho_used,metric,value,n_test,n_pos_test,check
dfd10ffec2ae,headline,ULB,chronological,0,U,IsolationForest,0.005,0.005,PR_AUC,0.054562789355073,56962,75,
dfd10ffec2ae,headline,ULB,chronological,0,U,IsolationForest,0.005,0.005,ROC_AUC,0.9484357879070204,56962,75,
dfd10ffec2ae,headline,ULB,chronological,0,U,IsolationForest,0.005,0.005,Precision,0.0654761904761904,56962,75,
dfd10ffec2ae,headline,ULB,chronological,0,U,IsolationForest,0.005,0.005,Recall,0.1466666666666666,56962,75,
dfd10ffec2ae,headline,ULB,chronological,0,U,IsolationForest,0.005,0.005,F1,0.0905349794238683,56962,75,
dfd10ffec2ae,headline,ULB,chronological,0,U,IsolationForest,0.005,0.005,TN,56730.0,56962,75,
dfd10ffec2ae,headline,ULB,chronological,0,U,IsolationForest,0.005,0.005,FP,157.0,56962,75,
dfd10ffec2ae,headline,ULB,chronological,0,U,IsolationForest,0.005,0.005,FN,64.0,56962,75,
dfd10ffec2ae,headline,ULB,chronological,0,U,IsolationForest,0.005,0.005,TP,11.0,56962,75,
dfd10ffec2ae,headline,ULB,chronological,0,U,IsolationForest,0.005,0.005,n_alerts,168.0,56962,75,
dfd10ffec2ae,headline,ULB,chronological,0,U,IsolationForest,0.005,0.005,alert_rate,0.0029493346441487,56962,75,
dfd10ffec2ae,headline,ULB,chronological,0,U,IsolationForest,0.005,0.005,prevalence,0.0013166672518521,56962,75,
dfd10ffec2ae,headline,ULB,chronological,0,U,IsolationForest,0.005,0.005,lift,49.72873015873016,56962,75,
dfd10ffec2ae,headline,ULB,chronological,0,U,IsolationForest,0.005,0.005,tie_ratio,0.0196274644054703,56962,75,
dfd10ffec2ae,headline,ULB,chronological,0,U,IsolationForest,0.005,0.005,fit_seconds,1.6258759498596191,56962,75,
dfd10ffec2ae,headline,ULB,chronological,0,U,IsolationForest,0.005,0.005,score_seconds,1.6477892398834229,56962,75,
f970a98c4c49,headline,ULB,chronological,0,U,LOF,0.005,0.005,PR_AUC,0.0762793993340145,56962,75,
f970a98c4c49,headline,ULB,chronological,0,U,LOF,0.005,0.005,ROC_AUC,0.8178164900006446,56962,75,
f970a98c4c49,headline,ULB,chronological,0,U,LOF,0.005,0.005,Precision,0.0431309904153354,56962,75,
f970a98c4c49,headline,ULB,chronological,0,U,LOF,0.005,0.005,Recall,0.36,56962,75,
f970a98c4c49,headline,ULB,chronological,0,U,LOF,0.005,0.005,F1,0.0770328102710413,56962,75,
f970a98c4c49,headline,ULB,chronological,0,U,LOF,0.005,0.005,TN,56288.0,56962,75,
f970a98c4c49,headline,ULB,chronological,0,U,LOF,0.005,0.005,FP,599.0,56962,75,
f970a98c4c49,headline,ULB,chronological,0,U,LOF,0.005,0.005,FN,48.0,56962,75,
f970a98c4c49,headline,ULB,chronological,0,U,LOF,0.005,0.005,TP,27.0,56962,75,
f970a98c4c49,headline,ULB,chronological,0,U,LOF,0.005,0.005,n_alerts,626.0,56962,75,
f970a98c4c49,headline,ULB,chronological,0,U,LOF,0.005,0.005,alert_rate,0.0109897826621256,56962,75,
f970a98c4c49,headline,ULB,chronological,0,U,LOF,0.005,0.005,prevalence,0.0013166672518521,56962,75,
f970a98c4c49,headline,ULB,chronological,0,U,LOF,0.005,0.005,lift,32.75769968051118,56962,75,
f970a98c4c49,headline,ULB,chronological,0,U,LOF,0.005,0.005,tie_ratio,0.0202243640385526,56962,75,
f970a98c4c49,headline,ULB,chronological,0,U,LOF,0.005,0.005,fit_seconds,0.8795537948608398,56962,75,
f970a98c4c49,headline,ULB,chronological,0,U,LOF,0.005,0.005,score_seconds,6.801342248916626,56962,75,
62b97cd8e123,headline,ULB,chronological,0,U,OneClassSVM,0.005,0.005,PR_AUC,0.0838610899727195,56962,75,
62b97cd8e123,headline,ULB,chronological,0,U,OneClassSVM,0.005,0.005,ROC_AUC,0.9473752058173808,56962,75,
62b97cd8e123,headline,ULB,chronological,0,U,OneClassSVM,0.005,0.005,Precision,0.1313131313131313,56962,75,
62b97cd8e123,headline,ULB,chronological,0,U,OneClassSVM,0.005,0.005,Recall,0.3466666666666667,56962,75,
62b97cd8e123,headline,ULB,chronological,0,U,OneClassSVM,0.005,0.005,F1,0.1904761904761904,56962,75,
62b97cd8e123,headline,ULB,chronological,0,U,OneClassSVM,0.005,0.005,TN,56715.0,56962,75,
62b97cd8e123,headline,ULB,chronological,0,U,OneClassSVM,0.005,0.005,FP,172.0,56962,75,
62b97cd8e123,headline,ULB,chronological,0,U,OneClassSVM,0.005,0.005,FN,49.0,56962,75,
62b97cd8e123,headline,ULB,chronological,0,U,OneClassSVM,0.005,0.005,TP,26.0,56962,75,
62b97cd8e123,headline,ULB,chronological,0,U,OneClassSVM,0.005,0.005,n_alerts,198.0,56962,75,
62b97cd8e123,headline,ULB,chronological,0,U,OneClassSVM,0.005,0.005,alert_rate,0.0034760015448895,56962,75,
62b97cd8e123,headline,ULB,chronological,0,U,OneClassSVM,0.005,0.005,prevalence,0.0013166672518521,56962,75,
62b97cd8e123,headline,ULB,chronological,0,U,OneClassSVM,0.005,0.005,lift,99.73144781144782,56962,75,
62b97cd8e123,headline,ULB,chronological,0,U,OneClassSVM,0.005,0.005,tie_ratio,0.0035638419269324,56962,75,
62b97cd8e123,headline,ULB,chronological,0,U,OneClassSVM,0.005,0.005,fit_seconds,1.0868871212005615,56962,75,
62b97cd8e123,headline,ULB,chronological,0,U,OneClassSVM,0.005,0.005,score_seconds,7.073774814605713,56962,75,
b021acfdcf90,headline,ULB,chronological,0,U,DBSCAN,0.005,0.005,PR_AUC,0.0247251001182242,56962,75,
b021acfdcf90,headline,ULB,chronological,0,U,DBSCAN,0.005,0.005,ROC_AUC,0.9381904477297096,56962,75,
b021acfdcf90,headline,ULB,chronological,0,U,DBSCAN,0.005,0.005,Precision,0.0,56962,75,
b021acfdcf90,headline,ULB,chronological,0,U,DBSCAN,0.005,0.005,Recall,0.0,56962,75,
b021acfdcf90,headline,ULB,chronological,0,U,DBSCAN,0.005,0.005,F1,0.0,56962,75,
b021acfdcf90,headline,ULB,chronological,0,U,DBSCAN,0.005,0.005,TN,56712.0,56962,75,
b021acfdcf90,headline,ULB,chronological,0,U,DBSCAN,0.005,0.005,FP,175.0,56962,75,
b021acfdcf90,headline,ULB,chronological,0,U,DBSCAN,0.005,0.005,FN,75.0,56962,75,
b021acfdcf90,headline,ULB,chronological,0,U,DBSCAN,0.005,0.005,TP,0.0,56962,75,
b021acfdcf90,headline,ULB,chronological,0,U,DBSCAN,0.005,0.005,n_alerts,175.0,56962,75,
b021acfdcf90,headline,ULB,chronological,0,U,DBSCAN,0.005,0.005,alert_rate,0.0030722235876549,56962,75,
b021acfdcf90,headline,ULB,chronological,0,U,DBSCAN,0.005,0.005,prevalence,0.0013166672518521,56962,75,
b021acfdcf90,headline,ULB,chronological,0,U,DBSCAN,0.005,0.005,lift,0.0,56962,75,
b021acfdcf90,headline,ULB,chronological,0,U,DBSCAN,0.005,0.005,tie_ratio,0.0060392198170677,56962,75,
b021acfdcf90,headline,ULB,chronological,0,U,DBSCAN,0.005,0.005,fit_seconds,0.7106509208679199,56962,75,
b021acfdcf90,headline,ULB,chronological,0,U,DBSCAN,0.005,0.005,score_seconds,0.0258867740631103,56962,75,
c9d76259e46a,headline,ULB,chronological,0,U,KMeans,0.005,0.005,PR_AUC,0.0678859550353649,56962,75,
c9d76259e46a,headline,ULB,chronological,0,U,KMeans,0.005,0.005,ROC_AUC,0.9667539742530512,56962,75,
c9d76259e46a,headline,ULB,chronological,0,U,KMeans,0.005,0.005,Precision,0.0909090909090909,56962,75,
c9d76259e46a,headline,ULB,chronological,0,U,KMeans,0.005,0.005,Recall,0.24,56962,75,
c9d76259e46a,headline,ULB,chronological,0,U,KMeans,0.005,0.005,F1,0.1318681318681318,56962,75,
c9d76259e46a,headline,ULB,chronological,0,U,KMeans,0.005,0.005,TN,56707.0,56962,75,
c9d76259e46a,headline,ULB,chronological,0,U,KMeans,0.005,0.005,FP,180.0,56962,75,
c9d76259e46a,headline,ULB,chronological,0,U,KMeans,0.005,0.005,FN,57.0,56962,75,
c9d76259e46a,headline,ULB,chronological,0,U,KMeans,0.005,0.005,TP,18.0,56962,75,
c9d76259e46a,headline,ULB,chronological,0,U,KMeans,0.005,0.005,n_alerts,198.0,56962,75,
c9d76259e46a,headline,ULB,chronological,0,U,KMeans,0.005,0.005,alert_rate,0.0034760015448895,56962,75,
c9d76259e46a,headline,ULB,chronological,0,U,KMeans,0.005,0.005,prevalence,0.0013166672518521,56962,75,
c9d76259e46a,headline,ULB,chronological,0,U,KMeans,0.005,0.005,lift,69.04484848484849,56962,75,
c9d76259e46a,headline,ULB,chronological,0,U,KMeans,0.005,0.005,tie_ratio,0.0067238988079563,56962,75,
c9d76259e46a,headline,ULB,chronological,0,U,KMeans,0.005,0.005,fit_seconds,5.852074861526489,56962,75,
c9d76259e46a,headline,ULB,chronological,0,U,KMeans,0.005,0.005,score_seconds,0.1071822643280029,56962,75,
76d9f69ec5b6,headline,ULB,chronological,0,U,Ensemble,0.005,0.005,PR_AUC,0.0695126568790514,56962,75,
76d9f69ec5b6,headline,ULB,chronological,0,U,Ensemble,0.005,0.005,ROC_AUC,0.958523505663274,56962,75,
76d9f69ec5b6,headline,ULB,chronological,0,U,Ensemble,0.005,0.005,Precision,0.1117021276595744,56962,75,
76d9f69ec5b6,headline,ULB,chronological,0,U,Ensemble,0.005,0.005,Recall,0.28,56962,75,
76d9f69ec5b6,headline,ULB,chronological,0,U,Ensemble,0.005,0.005,F1,0.1596958174904943,56962,75,
76d9f69ec5b6,headline,ULB,chronological,0,U,Ensemble,0.005,0.005,TN,56720.0,56962,75,
76d9f69ec5b6,headline,ULB,chronological,0,U,Ensemble,0.005,0.005,FP,167.0,56962,75,
76d9f69ec5b6,headline,ULB,chronological,0,U,Ensemble,0.005,0.005,FN,54.0,56962,75,
76d9f69ec5b6,headline,ULB,chronological,0,U,Ensemble,0.005,0.005,TP,21.0,56962,75,
76d9f69ec5b6,headline,ULB,chronological,0,U,Ensemble,0.005,0.005,n_alerts,188.0,56962,75,
76d9f69ec5b6,headline,ULB,chronological,0,U,Ensemble,0.005,0.005,alert_rate,0.0033004459113092,56962,75,
76d9f69ec5b6,headline,ULB,chronological,0,U,Ensemble,0.005,0.005,prevalence,0.0013166672518521,56962,75,
76d9f69ec5b6,headline,ULB,chronological,0,U,Ensemble,0.005,0.005,lift,84.83702127659573,56962,75,
76d9f69ec5b6,headline,ULB,chronological,0,U,Ensemble,0.005,0.005,tie_ratio,0.0710486122083531,56962,75,
76d9f69ec5b6,headline,ULB,chronological,0,U,Ensemble,0.005,0.005,fit_seconds,0.0,56962,75,
76d9f69ec5b6,headline,ULB,chronological,0,U,Ensemble,0.005,0.005,score_seconds,0.0,56962,75,
1f4898d5f2ae,headline,ULB,chronological,0,U,Ensemble,0.005,0.005,single_point_invariant,1.0,56962,75,invariance
279e1a61acdd,headline,ULB,chronological,0,N,IsolationForest,0.005,0.005,PR_AUC,0.0368963757988218,56962,75,
279e1a61acdd,headline,ULB,chronological,0,N,IsolationForest,0.005,0.005,ROC_AUC,0.9442236949273708,56962,75,
279e1a61acdd,headline,ULB,chronological,0,N,IsolationForest,0.005,0.005,Precision,0.0271739130434782,56962,75,
279e1a61acdd,headline,ULB,chronological,0,N,IsolationForest,0.005,0.005,Recall,0.0666666666666666,56962,75,
279e1a61acdd,headline,ULB,chronological,0,N,IsolationForest,0.005,0.005,F1,0.0386100386100386,56962,75,
279e1a61acdd,headline,ULB,chronological,0,N,IsolationForest,0.005,0.005,TN,56708.0,56962,75,
279e1a61acdd,headline,ULB,chronological,0,N,IsolationForest,0.005,0.005,FP,179.0,56962,75,
279e1a61acdd,headline,ULB,chronological,0,N,IsolationForest,0.005,0.005,FN,70.0,56962,75,
279e1a61acdd,headline,ULB,chronological,0,N,IsolationForest,0.005,0.005,TP,5.0,56962,75,
279e1a61acdd,headline,ULB,chronological,0,N,IsolationForest,0.005,0.005,n_alerts,184.0,56962,75,
279e1a61acdd,headline,ULB,chronological,0,N,IsolationForest,0.005,0.005,alert_rate,0.0032302236578771,56962,75,
279e1a61acdd,headline,ULB,chronological,0,N,IsolationForest,0.005,0.005,prevalence,0.0013166672518521,56962,75,
279e1a61acdd,headline,ULB,chronological,0,N,IsolationForest,0.005,0.005,lift,20.63840579710145,56962,75,
279e1a61acdd,headline,ULB,chronological,0,N,IsolationForest,0.005,0.005,tie_ratio,0.0182405505521321,56962,75,
279e1a61acdd,headline,ULB,chronological,0,N,IsolationForest,0.005,0.005,fit_seconds,1.3209044933319092,56962,75,
279e1a61acdd,headline,ULB,chronological,0,N,IsolationForest,0.005,0.005,score_seconds,1.5948939323425293,56962,75,
f0dd03f1b5ac,headline,ULB,chronological,0,N,LOF,0.005,0.005,PR_AUC,0.603157863943587,56962,75,
f0dd03f1b5ac,headline,ULB,chronological,0,N,LOF,0.005,0.005,ROC_AUC,0.9266049068035462,56962,75,
f0dd03f1b5ac,headline,ULB,chronological,0,N,LOF,0.005,0.005,Precision,0.0932069510268562,56962,75,
f0dd03f1b5ac,headline,ULB,chronological,0,N,LOF,0.005,0.005,Recall,0.7866666666666666,56962,75,
f0dd03f1b5ac,headline,ULB,chronological,0,N,LOF,0.005,0.005,F1,0.1666666666666666,56962,75,
f0dd03f1b5ac,headline,ULB,chronological,0,N,LOF,0.005,0.005,TN,56313.0,56962,75,
f0dd03f1b5ac,headline,ULB,chronological,0,N,LOF,0.005,0.005,FP,574.0,56962,75,
f0dd03f1b5ac,headline,ULB,chronological,0,N,LOF,0.005,0.005,FN,16.0,56962,75,
f0dd03f1b5ac,headline,ULB,chronological,0,N,LOF,0.005,0.005,TP,59.0,56962,75,
f0dd03f1b5ac,headline,ULB,chronological,0,N,LOF,0.005,0.005,n_alerts,633.0,56962,75,
f0dd03f1b5ac,headline,ULB,chronological,0,N,LOF,0.005,0.005,alert_rate,0.0111126716056318,56962,75,
f0dd03f1b5ac,headline,ULB,chronological,0,N,LOF,0.005,0.005,prevalence,0.0013166672518521,56962,75,
f0dd03f1b5ac,headline,ULB,chronological,0,N,LOF,0.005,0.005,lift,70.79005792522379,56962,75,
f0dd03f1b5ac,headline,ULB,chronological,0,N,LOF,0.005,0.005,tie_ratio,0.021541054405646,56962,75,
f0dd03f1b5ac,headline,ULB,chronological,0,N,LOF,0.005,0.005,fit_seconds,0.8666379451751709,56962,75,
f0dd03f1b5ac,headline,ULB,chronological,0,N,LOF,0.005,0.005,score_seconds,5.896246671676636,56962,75,
4ef52b2eaf70,headline,ULB,chronological,0,N,OneClassSVM,0.005,0.005,PR_AUC,0.1247601733214725,56962,75,
4ef52b2eaf70,headline,ULB,chronological,0,N,OneClassSVM,0.005,0.005,ROC_AUC,0.9539025319200052,56962,75,
4ef52b2eaf70,headline,ULB,chronological,0,N,OneClassSVM,0.005,0.005,Precision,0.1938775510204081,56962,75,
4ef52b2eaf70,headline,ULB,chronological,0,N,OneClassSVM,0.005,0.005,Recall,0.5066666666666667,56962,75,
4ef52b2eaf70,headline,ULB,chronological,0,N,OneClassSVM,0.005,0.005,F1,0.2804428044280442,56962,75,
4ef52b2eaf70,headline,ULB,chronological,0,N,OneClassSVM,0.005,0.005,TN,56729.0,56962,75,
4ef52b2eaf70,headline,ULB,chronological,0,N,OneClassSVM,0.005,0.005,FP,158.0,56962,75,
4ef52b2eaf70,headline,ULB,chronological,0,N,OneClassSVM,0.005,0.005,FN,37.0,56962,75,
4ef52b2eaf70,headline,ULB,chronological,0,N,OneClassSVM,0.005,0.005,TP,38.0,56962,75,
4ef52b2eaf70,headline,ULB,chronological,0,N,OneClassSVM,0.005,0.005,n_alerts,196.0,56962,75,
4ef52b2eaf70,headline,ULB,chronological,0,N,OneClassSVM,0.005,0.005,alert_rate,0.0034408904181735,56962,75,
4ef52b2eaf70,headline,ULB,chronological,0,N,OneClassSVM,0.005,0.005,prevalence,0.0013166672518521,56962,75,
4ef52b2eaf70,headline,ULB,chronological,0,N,OneClassSVM,0.005,0.005,lift,147.24870748299318,56962,75,
4ef52b2eaf70,headline,ULB,chronological,0,N,OneClassSVM,0.005,0.005,tie_ratio,0.0036867330278611,56962,75,
4ef52b2eaf70,headline,ULB,chronological,0,N,OneClassSVM,0.005,0.005,fit_seconds,0.9523568153381348,56962,75,
4ef52b2eaf70,headline,ULB,chronological,0,N,OneClassSVM,0.005,0.005,score_seconds,7.70111083984375,56962,75,
9cc32d278564,headline,ULB,chronological,0,N,DBSCAN,0.005,0.005,PR_AUC,0.0250214983874059,56962,75,
9cc32d278564,headline,ULB,chronological,0,N,DBSCAN,0.005,0.005,ROC_AUC,0.9437054745958362,56962,75,
9cc32d278564,headline,ULB,chronological,0,N,DBSCAN,0.005,0.005,Precision,0.0,56962,75,
9cc32d278564,headline,ULB,chronological,0,N,DBSCAN,0.005,0.005,Recall,0.0,56962,75,
9cc32d278564,headline,ULB,chronological,0,N,DBSCAN,0.005,0.005,F1,0.0,56962,75,
9cc32d278564,headline,ULB,chronological,0,N,DBSCAN,0.005,0.005,TN,56708.0,56962,75,
9cc32d278564,headline,ULB,chronological,0,N,DBSCAN,0.005,0.005,FP,179.0,56962,75,
9cc32d278564,headline,ULB,chronological,0,N,DBSCAN,0.005,0.005,FN,75.0,56962,75,
9cc32d278564,headline,ULB,chronological,0,N,DBSCAN,0.005,0.005,TP,0.0,56962,75,
9cc32d278564,headline,ULB,chronological,0,N,DBSCAN,0.005,0.005,n_alerts,179.0,56962,75,
9cc32d278564,headline,ULB,chronological,0,N,DBSCAN,0.005,0.005,alert_rate,0.003142445841087,56962,75,
9cc32d278564,headline,ULB,chronological,0,N,DBSCAN,0.005,0.005,prevalence,0.0013166672518521,56962,75,
9cc32d278564,headline,ULB,chronological,0,N,DBSCAN,0.005,0.005,lift,0.0,56962,75,
9cc32d278564,headline,ULB,chronological,0,N,DBSCAN,0.005,0.005,tie_ratio,0.0061094433033127,56962,75,
9cc32d278564,headline,ULB,chronological,0,N,DBSCAN,0.005,0.005,fit_seconds,0.7676911354064941,56962,75,
9cc32d278564,headline,ULB,chronological,0,N,DBSCAN,0.005,0.005,score_seconds,0.040912389755249,56962,75,
79e23dd9e7a1,headline,ULB,chronological,0,N,KMeans,0.005,0.005,PR_AUC,0.0673482356157087,56962,75,
79e23dd9e7a1,headline,ULB,chronological,0,N,KMeans,0.005,0.005,ROC_AUC,0.9670830476793176,56962,75,
79e23dd9e7a1,headline,ULB,chronological,0,N,KMeans,0.005,0.005,Precision,0.0893854748603352,56962,75,
79e23dd9e7a1,headline,ULB,chronological,0,N,KMeans,0.005,0.005,Recall,0.2133333333333333,56962,75,
79e23dd9e7a1,headline,ULB,chronological,0,N,KMeans,0.005,0.005,F1,0.1259842519685039,56962,75,
79e23dd9e7a1,headline,ULB,chronological,0,N,KMeans,0.005,0.005,TN,56724.0,56962,75,
79e23dd9e7a1,headline,ULB,chronological,0,N,KMeans,0.005,0.005,FP,163.0,56962,75,
79e23dd9e7a1,headline,ULB,chronological,0,N,KMeans,0.005,0.005,FN,59.0,56962,75,
79e23dd9e7a1,headline,ULB,chronological,0,N,KMeans,0.005,0.005,TP,16.0,56962,75,
79e23dd9e7a1,headline,ULB,chronological,0,N,KMeans,0.005,0.005,n_alerts,179.0,56962,75,
79e23dd9e7a1,headline,ULB,chronological,0,N,KMeans,0.005,0.005,alert_rate,0.003142445841087,56962,75,
79e23dd9e7a1,headline,ULB,chronological,0,N,KMeans,0.005,0.005,prevalence,0.0013166672518521,56962,75,
79e23dd9e7a1,headline,ULB,chronological,0,N,KMeans,0.005,0.005,lift,67.88767225325884,56962,75,
79e23dd9e7a1,headline,ULB,chronological,0,N,KMeans,0.005,0.005,tie_ratio,0.0069170133951299,56962,75,
79e23dd9e7a1,headline,ULB,chronological,0,N,KMeans,0.005,0.005,fit_seconds,6.807711124420166,56962,75,
79e23dd9e7a1,headline,ULB,chronological,0,N,KMeans,0.005,0.005,score_seconds,0.1634924411773681,56962,75,
5d70843a71b2,headline,ULB,chronological,0,N,Ensemble,0.005,0.005,PR_AUC,0.1399664083152083,56962,75,
5d70843a71b2,headline,ULB,chronological,0,N,Ensemble,0.005,0.005,ROC_AUC,0.9638818476394724,56962,75,
5d70843a71b2,headline,ULB,chronological,0,N,Ensemble,0.005,0.005,Precision,0.2176165803108808,56962,75,
5d70843a71b2,headline,ULB,chronological,0,N,Ensemble,0.005,0.005,Recall,0.56,56962,75,
5d70843a71b2,headline,ULB,chronological,0,N,Ensemble,0.005,0.005,F1,0.3134328358208955,56962,75,
5d70843a71b2,headline,ULB,chronological,0,N,Ensemble,0.005,0.005,TN,56736.0,56962,75,
5d70843a71b2,headline,ULB,chronological,0,N,Ensemble,0.005,0.005,FP,151.0,56962,75,
5d70843a71b2,headline,ULB,chronological,0,N,Ensemble,0.005,0.005,FN,33.0,56962,75,
5d70843a71b2,headline,ULB,chronological,0,N,Ensemble,0.005,0.005,TP,42.0,56962,75,
5d70843a71b2,headline,ULB,chronological,0,N,Ensemble,0.005,0.005,n_alerts,193.0,56962,75,
5d70843a71b2,headline,ULB,chronological,0,N,Ensemble,0.005,0.005,alert_rate,0.0033882237280994,56962,75,
5d70843a71b2,headline,ULB,chronological,0,N,Ensemble,0.005,0.005,prevalence,0.0013166672518521,56962,75,
5d70843a71b2,headline,ULB,chronological,0,N,Ensemble,0.005,0.005,lift,165.27834196891192,56962,75,
5d70843a71b2,headline,ULB,chronological,0,N,Ensemble,0.005,0.005,tie_ratio,0.0722950790892014,56962,75,
5d70843a71b2,headline,ULB,chronological,0,N,Ensemble,0.005,0.005,fit_seconds,0.0,56962,75,
5d70843a71b2,headline,ULB,chronological,0,N,Ensemble,0.005,0.005,score_seconds,0.0,56962,75,
cbbec452616b,headline,ULB,chronological,0,N,Ensemble,0.005,0.005,single_point_invariant,1.0,56962,75,invariance
4c58253daf35,headline,ULB,chronological,0,O,IsolationForest,0.005,0.0021066922590763,PR_AUC,0.054562789355073,56962,75,
4c58253daf35,headline,ULB,chronological,0,O,IsolationForest,0.005,0.0021066922590763,ROC_AUC,0.9484357879070204,56962,75,
4c58253daf35,headline,ULB,chronological,0,O,IsolationForest,0.005,0.0021066922590763,Precision,0.0,56962,75,
4c58253daf35,headline,ULB,chronological,0,O,IsolationForest,0.005,0.0021066922590763,Recall,0.0,56962,75,
4c58253daf35,headline,ULB,chronological,0,O,IsolationForest,0.005,0.0021066922590763,F1,0.0,56962,75,
4c58253daf35,headline,ULB,chronological,0,O,IsolationForest,0.005,0.0021066922590763,TN,56804.0,56962,75,
4c58253daf35,headline,ULB,chronological,0,O,IsolationForest,0.005,0.0021066922590763,FP,83.0,56962,75,
4c58253daf35,headline,ULB,chronological,0,O,IsolationForest,0.005,0.0021066922590763,FN,75.0,56962,75,
4c58253daf35,headline,ULB,chronological,0,O,IsolationForest,0.005,0.0021066922590763,TP,0.0,56962,75,
4c58253daf35,headline,ULB,chronological,0,O,IsolationForest,0.005,0.0021066922590763,n_alerts,83.0,56962,75,
4c58253daf35,headline,ULB,chronological,0,O,IsolationForest,0.005,0.0021066922590763,alert_rate,0.0014571117587163,56962,75,
4c58253daf35,headline,ULB,chronological,0,O,IsolationForest,0.005,0.0021066922590763,prevalence,0.0013166672518521,56962,75,
4c58253daf35,headline,ULB,chronological,0,O,IsolationForest,0.005,0.0021066922590763,lift,0.0,56962,75,
4c58253daf35,headline,ULB,chronological,0,O,IsolationForest,0.005,0.0021066922590763,tie_ratio,0.0196274644054703,56962,75,
4c58253daf35,headline,ULB,chronological,0,O,IsolationForest,0.005,0.0021066922590763,fit_seconds,1.5104639530181885,56962,75,
4c58253daf35,headline,ULB,chronological,0,O,IsolationForest,0.005,0.0021066922590763,score_seconds,2.121906280517578,56962,75,
1902d111a4eb,headline,ULB,chronological,0,O,LOF,0.005,0.0021066922590763,PR_AUC,0.0762793993340145,56962,75,
1902d111a4eb,headline,ULB,chronological,0,O,LOF,0.005,0.0021066922590763,ROC_AUC,0.8178164900006446,56962,75,
1902d111a4eb,headline,ULB,chronological,0,O,LOF,0.005,0.0021066922590763,Precision,0.1023255813953488,56962,75,
1902d111a4eb,headline,ULB,chronological,0,O,LOF,0.005,0.0021066922590763,Recall,0.2933333333333333,56962,75,
1902d111a4eb,headline,ULB,chronological,0,O,LOF,0.005,0.0021066922590763,F1,0.1517241379310344,56962,75,
1902d111a4eb,headline,ULB,chronological,0,O,LOF,0.005,0.0021066922590763,TN,56694.0,56962,75,
1902d111a4eb,headline,ULB,chronological,0,O,LOF,0.005,0.0021066922590763,FP,193.0,56962,75,
1902d111a4eb,headline,ULB,chronological,0,O,LOF,0.005,0.0021066922590763,FN,53.0,56962,75,
1902d111a4eb,headline,ULB,chronological,0,O,LOF,0.005,0.0021066922590763,TP,22.0,56962,75,
1902d111a4eb,headline,ULB,chronological,0,O,LOF,0.005,0.0021066922590763,n_alerts,215.0,56962,75,
1902d111a4eb,headline,ULB,chronological,0,O,LOF,0.005,0.0021066922590763,alert_rate,0.003774446121976,56962,75,
1902d111a4eb,headline,ULB,chronological,0,O,LOF,0.005,0.0021066922590763,prevalence,0.0013166672518521,56962,75,
1902d111a4eb,headline,ULB,chronological,0,O,LOF,0.005,0.0021066922590763,lift,77.7155968992248,56962,75,
1902d111a4eb,headline,ULB,chronological,0,O,LOF,0.005,0.0021066922590763,tie_ratio,0.0202243640385526,56962,75,
1902d111a4eb,headline,ULB,chronological,0,O,LOF,0.005,0.0021066922590763,fit_seconds,1.2386536598205566,56962,75,
1902d111a4eb,headline,ULB,chronological,0,O,LOF,0.005,0.0021066922590763,score_seconds,6.143488168716431,56962,75,
28fa113d36e1,headline,ULB,chronological,0,O,OneClassSVM,0.005,0.0021066922590763,PR_AUC,0.083800017605867,56962,75,
28fa113d36e1,headline,ULB,chronological,0,O,OneClassSVM,0.005,0.0021066922590763,ROC_AUC,0.9473159069734738,56962,75,
28fa113d36e1,headline,ULB,chronological,0,O,OneClassSVM,0.005,0.0021066922590763,Precision,0.0786516853932584,56962,75,
28fa113d36e1,headline,ULB,chronological,0,O,OneClassSVM,0.005,0.0021066922590763,Recall,0.0933333333333333,56962,75,
28fa113d36e1,headline,ULB,chronological,0,O,OneClassSVM,0.005,0.0021066922590763,F1,0.0853658536585365,56962,75,
28fa113d36e1,headline,ULB,chronological,0,O,OneClassSVM,0.005,0.0021066922590763,TN,56805.0,56962,75,
28fa113d36e1,headline,ULB,chronological,0,O,OneClassSVM,0.005,0.0021066922590763,FP,82.0,56962,75,
28fa113d36e1,headline,ULB,chronological,0,O,OneClassSVM,0.005,0.0021066922590763,FN,68.0,56962,75,
28fa113d36e1,headline,ULB,chronological,0,O,OneClassSVM,0.005,0.0021066922590763,TP,7.0,56962,75,
28fa113d36e1,headline,ULB,chronological,0,O,OneClassSVM,0.005,0.0021066922590763,n_alerts,89.0,56962,75,
28fa113d36e1,headline,ULB,chronological,0,O,OneClassSVM,0.005,0.0021066922590763,alert_rate,0.0015624451388645,56962,75,
28fa113d36e1,headline,ULB,chronological,0,O,OneClassSVM,0.005,0.0021066922590763,prevalence,0.0013166672518521,56962,75,
28fa113d36e1,headline,ULB,chronological,0,O,OneClassSVM,0.005,0.0021066922590763,lift,59.73543071161048,56962,75,
28fa113d36e1,headline,ULB,chronological,0,O,OneClassSVM,0.005,0.0021066922590763,tie_ratio,0.0035638419269324,56962,75,
28fa113d36e1,headline,ULB,chronological,0,O,OneClassSVM,0.005,0.0021066922590763,fit_seconds,0.6686015129089355,56962,75,
28fa113d36e1,headline,ULB,chronological,0,O,OneClassSVM,0.005,0.0021066922590763,score_seconds,6.546683549880981,56962,75,
ee966e96abaf,headline,ULB,chronological,0,O,DBSCAN,0.005,0.0021066922590763,PR_AUC,0.0247251001182242,56962,75,
ee966e96abaf,headline,ULB,chronological,0,O,DBSCAN,0.005,0.0021066922590763,ROC_AUC,0.9381904477297096,56962,75,
ee966e96abaf,headline,ULB,chronological,0,O,DBSCAN,0.005,0.0021066922590763,Precision,0.0,56962,75,
ee966e96abaf,headline,ULB,chronological,0,O,DBSCAN,0.005,0.0021066922590763,Recall,0.0,56962,75,
ee966e96abaf,headline,ULB,chronological,0,O,DBSCAN,0.005,0.0021066922590763,F1,0.0,56962,75,
ee966e96abaf,headline,ULB,chronological,0,O,DBSCAN,0.005,0.0021066922590763,TN,56812.0,56962,75,
ee966e96abaf,headline,ULB,chronological,0,O,DBSCAN,0.005,0.0021066922590763,FP,75.0,56962,75,
ee966e96abaf,headline,ULB,chronological,0,O,DBSCAN,0.005,0.0021066922590763,FN,75.0,56962,75,
ee966e96abaf,headline,ULB,chronological,0,O,DBSCAN,0.005,0.0021066922590763,TP,0.0,56962,75,
ee966e96abaf,headline,ULB,chronological,0,O,DBSCAN,0.005,0.0021066922590763,n_alerts,75.0,56962,75,
ee966e96abaf,headline,ULB,chronological,0,O,DBSCAN,0.005,0.0021066922590763,alert_rate,0.0013166672518521,56962,75,
ee966e96abaf,headline,ULB,chronological,0,O,DBSCAN,0.005,0.0021066922590763,prevalence,0.0013166672518521,56962,75,
ee966e96abaf,headline,ULB,chronological,0,O,DBSCAN,0.005,0.0021066922590763,lift,0.0,56962,75,
ee966e96abaf,headline,ULB,chronological,0,O,DBSCAN,0.005,0.0021066922590763,tie_ratio,0.0060392198170677,56962,75,
ee966e96abaf,headline,ULB,chronological,0,O,DBSCAN,0.005,0.0021066922590763,fit_seconds,0.7343759536743164,56962,75,
ee966e96abaf,headline,ULB,chronological,0,O,DBSCAN,0.005,0.0021066922590763,score_seconds,0.0263490676879882,56962,75,
542719e9d201,headline,ULB,chronological,0,O,KMeans,0.005,0.0021066922590763,PR_AUC,0.0678859550353649,56962,75,
542719e9d201,headline,ULB,chronological,0,O,KMeans,0.005,0.0021066922590763,ROC_AUC,0.9667539742530512,56962,75,
542719e9d201,headline,ULB,chronological,0,O,KMeans,0.005,0.0021066922590763,Precision,0.0,56962,75,
542719e9d201,headline,ULB,chronological,0,O,KMeans,0.005,0.0021066922590763,Recall,0.0,56962,75,
542719e9d201,headline,ULB,chronological,0,O,KMeans,0.005,0.0021066922590763,F1,0.0,56962,75,
542719e9d201,headline,ULB,chronological,0,O,KMeans,0.005,0.0021066922590763,TN,56812.0,56962,75,
542719e9d201,headline,ULB,chronological,0,O,KMeans,0.005,0.0021066922590763,FP,75.0,56962,75,
542719e9d201,headline,ULB,chronological,0,O,KMeans,0.005,0.0021066922590763,FN,75.0,56962,75,
542719e9d201,headline,ULB,chronological,0,O,KMeans,0.005,0.0021066922590763,TP,0.0,56962,75,
542719e9d201,headline,ULB,chronological,0,O,KMeans,0.005,0.0021066922590763,n_alerts,75.0,56962,75,
542719e9d201,headline,ULB,chronological,0,O,KMeans,0.005,0.0021066922590763,alert_rate,0.0013166672518521,56962,75,
542719e9d201,headline,ULB,chronological,0,O,KMeans,0.005,0.0021066922590763,prevalence,0.0013166672518521,56962,75,
542719e9d201,headline,ULB,chronological,0,O,KMeans,0.005,0.0021066922590763,lift,0.0,56962,75,
542719e9d201,headline,ULB,chronological,0,O,KMeans,0.005,0.0021066922590763,tie_ratio,0.0065834518354663,56962,75,
542719e9d201,headline,ULB,chronological,0,O,KMeans,0.005,0.0021066922590763,fit_seconds,6.066739320755005,56962,75,
542719e9d201,headline,ULB,chronological,0,O,KMeans,0.005,0.0021066922590763,score_seconds,0.1630642414093017,56962,75,
2e60d8f42004,headline,ULB,chronological,0,O,Ensemble,0.005,0.0021066922590763,PR_AUC,0.0694921030652268,56962,75,
2e60d8f42004,headline,ULB,chronological,0,O,Ensemble,0.005,0.0021066922590763,ROC_AUC,0.9585086223566016,56962,75,
2e60d8f42004,headline,ULB,chronological,0,O,Ensemble,0.005,0.0021066922590763,Precision,0.0,56962,75,
2e60d8f42004,headline,ULB,chronological,0,O,Ensemble,0.005,0.0021066922590763,Recall,0.0,56962,75,
2e60d8f42004,headline,ULB,chronological,0,O,Ensemble,0.005,0.0021066922590763,F1,0.0,56962,75,
2e60d8f42004,headline,ULB,chronological,0,O,Ensemble,0.005,0.0021066922590763,TN,56814.0,56962,75,
2e60d8f42004,headline,ULB,chronological,0,O,Ensemble,0.005,0.0021066922590763,FP,73.0,56962,75,
2e60d8f42004,headline,ULB,chronological,0,O,Ensemble,0.005,0.0021066922590763,FN,75.0,56962,75,
2e60d8f42004,headline,ULB,chronological,0,O,Ensemble,0.005,0.0021066922590763,TP,0.0,56962,75,
2e60d8f42004,headline,ULB,chronological,0,O,Ensemble,0.005,0.0021066922590763,n_alerts,73.0,56962,75,
2e60d8f42004,headline,ULB,chronological,0,O,Ensemble,0.005,0.0021066922590763,alert_rate,0.001281556125136,56962,75,
2e60d8f42004,headline,ULB,chronological,0,O,Ensemble,0.005,0.0021066922590763,prevalence,0.0013166672518521,56962,75,
2e60d8f42004,headline,ULB,chronological,0,O,Ensemble,0.005,0.0021066922590763,lift,0.0,56962,75,
2e60d8f42004,headline,ULB,chronological,0,O,Ensemble,0.005,0.0021066922590763,tie_ratio,0.0736293253278559,56962,75,
2e60d8f42004,headline,ULB,chronological,0,O,Ensemble,0.005,0.0021066922590763,fit_seconds,0.0,56962,75,
2e60d8f42004,headline,ULB,chronological,0,O,Ensemble,0.005,0.0021066922590763,score_seconds,0.0,56962,75,
22e3f151802e,headline,ULB,chronological,0,O,Ensemble,0.005,0.0021066922590763,single_point_invariant,1.0,56962,75,invariance
2e36b959a9b8,headline,PaySim,chronological,0,U,IsolationForest,0.005,0.005,PR_AUC,0.0160953854190835,1272524,4254,
2e36b959a9b8,headline,PaySim,chronological,0,U,IsolationForest,0.005,0.005,ROC_AUC,0.813015355620548,1272524,4254,
2e36b959a9b8,headline,PaySim,chronological,0,U,IsolationForest,0.005,0.005,Precision,0.0385064177362893,1272524,4254,
2e36b959a9b8,headline,PaySim,chronological,0,U,IsolationForest,0.005,0.005,Recall,0.0077574047954866,1272524,4254,
2e36b959a9b8,headline,PaySim,chronological,0,U,IsolationForest,0.005,0.005,F1,0.0129133242027,1272524,4254,
2e36b959a9b8,headline,PaySim,chronological,0,U,IsolationForest,0.005,0.005,TN,1267446.0,1272524,4254,
2e36b959a9b8,headline,PaySim,chronological,0,U,IsolationForest,0.005,0.005,FP,824.0,1272524,4254,
2e36b959a9b8,headline,PaySim,chronological,0,U,IsolationForest,0.005,0.005,FN,4221.0,1272524,4254,
2e36b959a9b8,headline,PaySim,chronological,0,U,IsolationForest,0.005,0.005,TP,33.0,1272524,4254,
2e36b959a9b8,headline,PaySim,chronological,0,U,IsolationForest,0.005,0.005,n_alerts,857.0,1272524,4254,
2e36b959a9b8,headline,PaySim,chronological,0,U,IsolationForest,0.005,0.005,alert_rate,0.0006734647047914,1272524,4254,
2e36b959a9b8,headline,PaySim,chronological,0,U,IsolationForest,0.005,0.005,prevalence,0.0033429624902948,1272524,4254,
2e36b959a9b8,headline,PaySim,chronological,0,U,IsolationForest,0.005,0.005,lift,11.51865085177572,1272524,4254,
2e36b959a9b8,headline,PaySim,chronological,0,U,IsolationForest,0.005,0.005,tie_ratio,0.5940076572229679,1272524,4254,
2e36b959a9b8,headline,PaySim,chronological,0,U,IsolationForest,0.005,0.005,fit_seconds,7.717656850814819,1272524,4254,
2e36b959a9b8,headline,PaySim,chronological,0,U,IsolationForest,0.005,0.005,score_seconds,31.763181447982788,1272524,4254,
43766f62c0f8,headline,PaySim,chronological,0,U,LOF,0.005,0.005,PR_AUC,0.0030799352569791,1272524,4254,
43766f62c0f8,headline,PaySim,chronological,0,U,LOF,0.005,0.005,ROC_AUC,0.4998612955691239,1272524,4254,
43766f62c0f8,headline,PaySim,chronological,0,U,LOF,0.005,0.005,Precision,0.0,1272524,4254,
43766f62c0f8,headline,PaySim,chronological,0,U,LOF,0.005,0.005,Recall,0.0,1272524,4254,
43766f62c0f8,headline,PaySim,chronological,0,U,LOF,0.005,0.005,F1,0.0,1272524,4254,
43766f62c0f8,headline,PaySim,chronological,0,U,LOF,0.005,0.005,TN,910268.0,1272524,4254,
43766f62c0f8,headline,PaySim,chronological,0,U,LOF,0.005,0.005,FP,358002.0,1272524,4254,
43766f62c0f8,headline,PaySim,chronological,0,U,LOF,0.005,0.005,FN,4254.0,1272524,4254,
43766f62c0f8,headline,PaySim,chronological,0,U,LOF,0.005,0.005,TP,0.0,1272524,4254,
43766f62c0f8,headline,PaySim,chronological,0,U,LOF,0.005,0.005,n_alerts,358002.0,1272524,4254,
43766f62c0f8,headline,PaySim,chronological,0,U,LOF,0.005,0.005,alert_rate,0.28133221848861,1272524,4254,
43766f62c0f8,headline,PaySim,chronological,0,U,LOF,0.005,0.005,prevalence,0.0033429624902948,1272524,4254,
43766f62c0f8,headline,PaySim,chronological,0,U,LOF,0.005,0.005,lift,0.0,1272524,4254,
43766f62c0f8,headline,PaySim,chronological,0,U,LOF,0.005,0.005,tie_ratio,0.042048715780606,1272524,4254,
43766f62c0f8,headline,PaySim,chronological,0,U,LOF,0.005,0.005,fit_seconds,1.701563835144043,1272524,4254,
43766f62c0f8,headline,PaySim,chronological,0,U,LOF,0.005,0.005,score_seconds,270.6085846424103,1272524,4254,
c4e50d5d8d19,headline,PaySim,chronological,0,U,OneClassSVM,0.005,0.005,PR_AUC,0.1054356828019987,1272524,4254,
c4e50d5d8d19,headline,PaySim,chronological,0,U,OneClassSVM,0.005,0.005,ROC_AUC,0.8757167375165967,1272524,4254,
c4e50d5d8d19,headline,PaySim,chronological,0,U,OneClassSVM,0.005,0.005,Precision,0.2609289617486339,1272524,4254,
c4e50d5d8d19,headline,PaySim,chronological,0,U,OneClassSVM,0.005,0.005,Recall,0.0897978373295721,1272524,4254,
c4e50d5d8d19,headline,PaySim,chronological,0,U,OneClassSVM,0.005,0.005,F1,0.1336131514515565,1272524,4254,
c4e50d5d8d19,headline,PaySim,chronological,0,U,OneClassSVM,0.005,0.005,TN,1267188.0,1272524,4254,
c4e50d5d8d19,headline,PaySim,chronological,0,U,OneClassSVM,0.005,0.005,FP,1082.0,1272524,4254,
c4e50d5d8d19,headline,PaySim,chronological,0,U,OneClassSVM,0.005,0.005,FN,3872.0,1272524,4254,
c4e50d5d8d19,headline,PaySim,chronological,0,U,OneClassSVM,0.005,0.005,TP,382.0,1272524,4254,
c4e50d5d8d19,headline,PaySim,chronological,0,U,OneClassSVM,0.005,0.005,n_alerts,1464.0,1272524,4254,
c4e50d5d8d19,headline,PaySim,chronological,0,U,OneClassSVM,0.005,0.005,alert_rate,0.0011504694606938,1272524,4254,
c4e50d5d8d19,headline,PaySim,chronological,0,U,OneClassSVM,0.005,0.005,prevalence,0.0033429624902948,1272524,4254,
c4e50d5d8d19,headline,PaySim,chronological,0,U,OneClassSVM,0.005,0.005,lift,78.05321253413695,1272524,4254,
c4e50d5d8d19,headline,PaySim,chronological,0,U,OneClassSVM,0.005,0.005,tie_ratio,0.0041264447664641,1272524,4254,
c4e50d5d8d19,headline,PaySim,chronological,0,U,OneClassSVM,0.005,0.005,fit_seconds,0.3366520404815674,1272524,4254,
c4e50d5d8d19,headline,PaySim,chronological,0,U,OneClassSVM,0.005,0.005,score_seconds,65.24619626998901,1272524,4254,
d2e509d6f50c,headline,PaySim,chronological,0,U,DBSCAN,0.005,0.005,PR_AUC,0.0248001905160756,1272524,4254,
d2e509d6f50c,headline,PaySim,chronological,0,U,DBSCAN,0.005,0.005,ROC_AUC,0.8407100109704875,1272524,4254,
d2e509d6f50c,headline,PaySim,chronological,0,U,DBSCAN,0.005,0.005,Precision,0.1179245283018868,1272524,4254,
d2e509d6f50c,headline,PaySim,chronological,0,U,DBSCAN,0.005,0.005,Recall,0.0293841090738128,1272524,4254,
d2e509d6f50c,headline,PaySim,chronological,0,U,DBSCAN,0.005,0.005,F1,0.0470455400828001,1272524,4254,
d2e509d6f50c,headline,PaySim,chronological,0,U,DBSCAN,0.005,0.005,TN,1267335.0,1272524,4254,
d2e509d6f50c,headline,PaySim,chronological,0,U,DBSCAN,0.005,0.005,FP,935.0,1272524,4254,
d2e509d6f50c,headline,PaySim,chronological,0,U,DBSCAN,0.005,0.005,FN,4129.0,1272524,4254,
d2e509d6f50c,headline,PaySim,chronological,0,U,DBSCAN,0.005,0.005,TP,125.0,1272524,4254,
d2e509d6f50c,headline,PaySim,chronological,0,U,DBSCAN,0.005,0.005,n_alerts,1060.0,1272524,4254,
d2e509d6f50c,headline,PaySim,chronological,0,U,DBSCAN,0.005,0.005,alert_rate,0.0008329901832892,1272524,4254,
d2e509d6f50c,headline,PaySim,chronological,0,U,DBSCAN,0.005,0.005,prevalence,0.0033429624902948,1272524,4254,
d2e509d6f50c,headline,PaySim,chronological,0,U,DBSCAN,0.005,0.005,lift,35.27545661796666,1272524,4254,
d2e509d6f50c,headline,PaySim,chronological,0,U,DBSCAN,0.005,0.005,tie_ratio,0.1043273054182082,1272524,4254,
d2e509d6f50c,headline,PaySim,chronological,0,U,DBSCAN,0.005,0.005,fit_seconds,0.9540576934814452,1272524,4254,
d2e509d6f50c,headline,PaySim,chronological,0,U,DBSCAN,0.005,0.005,score_seconds,0.14546799659729,1272524,4254,
51bf135b9818,headline,PaySim,chronological,0,U,KMeans,0.005,0.005,PR_AUC,0.0419499370614173,1272524,4254,
51bf135b9818,headline,PaySim,chronological,0,U,KMeans,0.005,0.005,ROC_AUC,0.8688532131340587,1272524,4254,
51bf135b9818,headline,PaySim,chronological,0,U,KMeans,0.005,0.005,Precision,0.1213826366559485,1272524,4254,
51bf135b9818,headline,PaySim,chronological,0,U,KMeans,0.005,0.005,Recall,0.0354960037611659,1272524,4254,
51bf135b9818,headline,PaySim,chronological,0,U,KMeans,0.005,0.005,F1,0.0549290651145871,1272524,4254,
51bf135b9818,headline,PaySim,chronological,0,U,KMeans,0.005,0.005,TN,1267177.0,1272524,4254,
51bf135b9818,headline,PaySim,chronological,0,U,KMeans,0.005,0.005,FP,1093.0,1272524,4254,
51bf135b9818,headline,PaySim,chronological,0,U,KMeans,0.005,0.005,FN,4103.0,1272524,4254,
51bf135b9818,headline,PaySim,chronological,0,U,KMeans,0.005,0.005,TP,151.0,1272524,4254,
51bf135b9818,headline,PaySim,chronological,0,U,KMeans,0.005,0.005,n_alerts,1244.0,1272524,4254,
51bf135b9818,headline,PaySim,chronological,0,U,KMeans,0.005,0.005,alert_rate,0.0009775847056715,1272524,4254,
51bf135b9818,headline,PaySim,chronological,0,U,KMeans,0.005,0.005,prevalence,0.0033429624902948,1272524,4254,
51bf135b9818,headline,PaySim,chronological,0,U,KMeans,0.005,0.005,lift,36.30990087634562,1272524,4254,
51bf135b9818,headline,PaySim,chronological,0,U,KMeans,0.005,0.005,tie_ratio,0.1503885191949228,1272524,4254,
51bf135b9818,headline,PaySim,chronological,0,U,KMeans,0.005,0.005,fit_seconds,80.7890989780426,1272524,4254,
51bf135b9818,headline,PaySim,chronological,0,U,KMeans,0.005,0.005,score_seconds,1.1173946857452393,1272524,4254,
d390226ce1ca,headline,PaySim,chronological,0,U,Ensemble,0.005,0.005,PR_AUC,0.1501849397422583,1272524,4254,
d390226ce1ca,headline,PaySim,chronological,0,U,Ensemble,0.005,0.005,ROC_AUC,0.917784141644863,1272524,4254,
d390226ce1ca,headline,PaySim,chronological,0,U,Ensemble,0.005,0.005,Precision,0.2455958549222797,1272524,4254,
d390226ce1ca,headline,PaySim,chronological,0,U,Ensemble,0.005,0.005,Recall,0.0557122708039492,1272524,4254,
d390226ce1ca,headline,PaySim,chronological,0,U,Ensemble,0.005,0.005,F1,0.0908219965510634,1272524,4254,
d390226ce1ca,headline,PaySim,chronological,0,U,Ensemble,0.005,0.005,TN,1267542.0,1272524,4254,
d390226ce1ca,headline,PaySim,chronological,0,U,Ensemble,0.005,0.005,FP,728.0,1272524,4254,
d390226ce1ca,headline,PaySim,chronological,0,U,Ensemble,0.005,0.005,FN,4017.0,1272524,4254,
d390226ce1ca,headline,PaySim,chronological,0,U,Ensemble,0.005,0.005,TP,237.0,1272524,4254,
d390226ce1ca,headline,PaySim,chronological,0,U,Ensemble,0.005,0.005,n_alerts,965.0,1272524,4254,
d390226ce1ca,headline,PaySim,chronological,0,U,Ensemble,0.005,0.005,alert_rate,0.0007583354027114,1272524,4254,
d390226ce1ca,headline,PaySim,chronological,0,U,Ensemble,0.005,0.005,prevalence,0.0033429624902948,1272524,4254,
d390226ce1ca,headline,PaySim,chronological,0,U,Ensemble,0.005,0.005,lift,73.4665302513209,1272524,4254,
d390226ce1ca,headline,PaySim,chronological,0,U,Ensemble,0.005,0.005,tie_ratio,0.1008758970361266,1272524,4254,
d390226ce1ca,headline,PaySim,chronological,0,U,Ensemble,0.005,0.005,fit_seconds,0.0,1272524,4254,
d390226ce1ca,headline,PaySim,chronological,0,U,Ensemble,0.005,0.005,score_seconds,0.0,1272524,4254,
3e2f3df124d4,headline,PaySim,chronological,0,U,Ensemble,0.005,0.005,single_point_invariant,1.0,1272524,4254,invariance
38e6dc3bf4ff,headline,PaySim,chronological,0,N,IsolationForest,0.005,0.005,PR_AUC,0.0164758600576137,1272524,4254,
38e6dc3bf4ff,headline,PaySim,chronological,0,N,IsolationForest,0.005,0.005,ROC_AUC,0.8133172071344671,1272524,4254,
38e6dc3bf4ff,headline,PaySim,chronological,0,N,IsolationForest,0.005,0.005,Precision,0.0309072781655034,1272524,4254,
38e6dc3bf4ff,headline,PaySim,chronological,0,N,IsolationForest,0.005,0.005,Recall,0.0072872590503055,1272524,4254,
38e6dc3bf4ff,headline,PaySim,chronological,0,N,IsolationForest,0.005,0.005,F1,0.0117937987445311,1272524,4254,
38e6dc3bf4ff,headline,PaySim,chronological,0,N,IsolationForest,0.005,0.005,TN,1267298.0,1272524,4254,
38e6dc3bf4ff,headline,PaySim,chronological,0,N,IsolationForest,0.005,0.005,FP,972.0,1272524,4254,
38e6dc3bf4ff,headline,PaySim,chronological,0,N,IsolationForest,0.005,0.005,FN,4223.0,1272524,4254,
38e6dc3bf4ff,headline,PaySim,chronological,0,N,IsolationForest,0.005,0.005,TP,31.0,1272524,4254,
38e6dc3bf4ff,headline,PaySim,chronological,0,N,IsolationForest,0.005,0.005,n_alerts,1003.0,1272524,4254,
38e6dc3bf4ff,headline,PaySim,chronological,0,N,IsolationForest,0.005,0.005,alert_rate,0.0007881973149425,1272524,4254,
38e6dc3bf4ff,headline,PaySim,chronological,0,N,IsolationForest,0.005,0.005,prevalence,0.0033429624902948,1272524,4254,
38e6dc3bf4ff,headline,PaySim,chronological,0,N,IsolationForest,0.005,0.005,lift,9.245475608904364,1272524,4254,
38e6dc3bf4ff,headline,PaySim,chronological,0,N,IsolationForest,0.005,0.005,tie_ratio,0.5972382446224983,1272524,4254,
38e6dc3bf4ff,headline,PaySim,chronological,0,N,IsolationForest,0.005,0.005,fit_seconds,8.925249099731445,1272524,4254,
38e6dc3bf4ff,headline,PaySim,chronological,0,N,IsolationForest,0.005,0.005,score_seconds,31.64149808883667,1272524,4254,
49047e61b157,headline,PaySim,chronological,0,N,LOF,0.005,0.005,PR_AUC,0.0030319200122619,1272524,4254,
49047e61b157,headline,PaySim,chronological,0,N,LOF,0.005,0.005,ROC_AUC,0.4930260335157603,1272524,4254,
49047e61b157,headline,PaySim,chronological,0,N,LOF,0.005,0.005,Precision,9.353861942342797e-05,1272524,4254,
49047e61b157,headline,PaySim,chronological,0,N,LOF,0.005,0.005,Recall,0.0082275505406676,1272524,4254,
49047e61b157,headline,PaySim,chronological,0,N,LOF,0.005,0.005,F1,0.0001849742753632,1272524,4254,
49047e61b157,headline,PaySim,chronological,0,N,LOF,0.005,0.005,TN,894128.0,1272524,4254,
49047e61b157,headline,PaySim,chronological,0,N,LOF,0.005,0.005,FP,374142.0,1272524,4254,
49047e61b157,headline,PaySim,chronological,0,N,LOF,0.005,0.005,FN,4219.0,1272524,4254,
49047e61b157,headline,PaySim,chronological,0,N,LOF,0.005,0.005,TP,35.0,1272524,4254,
49047e61b157,headline,PaySim,chronological,0,N,LOF,0.005,0.005,n_alerts,374177.0,1272524,4254,
49047e61b157,headline,PaySim,chronological,0,N,LOF,0.005,0.005,alert_rate,0.294043177181727,1272524,4254,
49047e61b157,headline,PaySim,chronological,0,N,LOF,0.005,0.005,prevalence,0.0033429624902948,1272524,4254,
49047e61b157,headline,PaySim,chronological,0,N,LOF,0.005,0.005,lift,0.0279807564981613,1272524,4254,
49047e61b157,headline,PaySim,chronological,0,N,LOF,0.005,0.005,tie_ratio,0.0376865190754751,1272524,4254,
49047e61b157,headline,PaySim,chronological,0,N,LOF,0.005,0.005,fit_seconds,1.9630224704742432,1272524,4254,
49047e61b157,headline,PaySim,chronological,0,N,LOF,0.005,0.005,score_seconds,241.26435112953183,1272524,4254,
7b4958678c64,headline,PaySim,chronological,0,N,OneClassSVM,0.005,0.005,PR_AUC,0.1017694721507266,1272524,4254,
7b4958678c64,headline,PaySim,chronological,0,N,OneClassSVM,0.005,0.005,ROC_AUC,0.8708153097421645,1272524,4254,
7b4958678c64,headline,PaySim,chronological,0,N,OneClassSVM,0.005,0.005,Precision,0.2674982674982675,1272524,4254,
7b4958678c64,headline,PaySim,chronological,0,N,OneClassSVM,0.005,0.005,Recall,0.0907381288199341,1272524,4254,
7b4958678c64,headline,PaySim,chronological,0,N,OneClassSVM,0.005,0.005,F1,0.1355099175004388,1272524,4254,
7b4958678c64,headline,PaySim,chronological,0,N,OneClassSVM,0.005,0.005,TN,1267213.0,1272524,4254,
7b4958678c64,headline,PaySim,chronological,0,N,OneClassSVM,0.005,0.005,FP,1057.0,1272524,4254,
7b4958678c64,headline,PaySim,chronological,0,N,OneClassSVM,0.005,0.005,FN,3868.0,1272524,4254,
7b4958678c64,headline,PaySim,chronological,0,N,OneClassSVM,0.005,0.005,TP,386.0,1272524,4254,
7b4958678c64,headline,PaySim,chronological,0,N,OneClassSVM,0.005,0.005,n_alerts,1443.0,1272524,4254,
7b4958678c64,headline,PaySim,chronological,0,N,OneClassSVM,0.005,0.005,alert_rate,0.0011339668249871,1272524,4254,
7b4958678c64,headline,PaySim,chronological,0,N,OneClassSVM,0.005,0.005,prevalence,0.0033429624902948,1272524,4254,
7b4958678c64,headline,PaySim,chronological,0,N,OneClassSVM,0.005,0.005,lift,80.01832753877888,1272524,4254,
7b4958678c64,headline,PaySim,chronological,0,N,OneClassSVM,0.005,0.005,tie_ratio,0.0044376373255042,1272524,4254,
7b4958678c64,headline,PaySim,chronological,0,N,OneClassSVM,0.005,0.005,fit_seconds,0.3312206268310547,1272524,4254,
7b4958678c64,headline,PaySim,chronological,0,N,OneClassSVM,0.005,0.005,score_seconds,63.84828877449036,1272524,4254,
65cfb60c9d14,headline,PaySim,chronological,0,N,DBSCAN,0.005,0.005,PR_AUC,0.0248049647828882,1272524,4254,
65cfb60c9d14,headline,PaySim,chronological,0,N,DBSCAN,0.005,0.005,ROC_AUC,0.8406674069663339,1272524,4254,
65cfb60c9d14,headline,PaySim,chronological,0,N,DBSCAN,0.005,0.005,Precision,0.1179245283018868,1272524,4254,
65cfb60c9d14,headline,PaySim,chronological,0,N,DBSCAN,0.005,0.005,Recall,0.0293841090738128,1272524,4254,
65cfb60c9d14,headline,PaySim,chronological,0,N,DBSCAN,0.005,0.005,F1,0.0470455400828001,1272524,4254,
65cfb60c9d14,headline,PaySim,chronological,0,N,DBSCAN,0.005,0.005,TN,1267335.0,1272524,4254,
65cfb60c9d14,headline,PaySim,chronological,0,N,DBSCAN,0.005,0.005,FP,935.0,1272524,4254,
65cfb60c9d14,headline,PaySim,chronological,0,N,DBSCAN,0.005,0.005,FN,4129.0,1272524,4254,
65cfb60c9d14,headline,PaySim,chronological,0,N,DBSCAN,0.005,0.005,TP,125.0,1272524,4254,
65cfb60c9d14,headline,PaySim,chronological,0,N,DBSCAN,0.005,0.005,n_alerts,1060.0,1272524,4254,
65cfb60c9d14,headline,PaySim,chronological,0,N,DBSCAN,0.005,0.005,alert_rate,0.0008329901832892,1272524,4254,
65cfb60c9d14,headline,PaySim,chronological,0,N,DBSCAN,0.005,0.005,prevalence,0.0033429624902948,1272524,4254,
65cfb60c9d14,headline,PaySim,chronological,0,N,DBSCAN,0.005,0.005,lift,35.27545661796666,1272524,4254,
65cfb60c9d14,headline,PaySim,chronological,0,N,DBSCAN,0.005,0.005,tie_ratio,0.0998142274723306,1272524,4254,
65cfb60c9d14,headline,PaySim,chronological,0,N,DBSCAN,0.005,0.005,fit_seconds,1.0276176929473877,1272524,4254,
65cfb60c9d14,headline,PaySim,chronological,0,N,DBSCAN,0.005,0.005,score_seconds,0.1482806205749511,1272524,4254,
4225f5f9c010,headline,PaySim,chronological,0,N,KMeans,0.005,0.005,PR_AUC,0.0458005370264335,1272524,4254,
4225f5f9c010,headline,PaySim,chronological,0,N,KMeans,0.005,0.005,ROC_AUC,0.8627522777761942,1272524,4254,
4225f5f9c010,headline,PaySim,chronological,0,N,KMeans,0.005,0.005,Precision,0.1257918552036199,1272524,4254,
4225f5f9c010,headline,PaySim,chronological,0,N,KMeans,0.005,0.005,Recall,0.0326751292900799,1272524,4254,
4225f5f9c010,headline,PaySim,chronological,0,N,KMeans,0.005,0.005,F1,0.0518753498787087,1272524,4254,
4225f5f9c010,headline,PaySim,chronological,0,N,KMeans,0.005,0.005,TN,1267304.0,1272524,4254,
4225f5f9c010,headline,PaySim,chronological,0,N,KMeans,0.005,0.005,FP,966.0,1272524,4254,
4225f5f9c010,headline,PaySim,chronological,0,N,KMeans,0.005,0.005,FN,4115.0,1272524,4254,
4225f5f9c010,headline,PaySim,chronological,0,N,KMeans,0.005,0.005,TP,139.0,1272524,4254,
4225f5f9c010,headline,PaySim,chronological,0,N,KMeans,0.005,0.005,n_alerts,1105.0,1272524,4254,
4225f5f9c010,headline,PaySim,chronological,0,N,KMeans,0.005,0.005,alert_rate,0.0008683529740892,1272524,4254,
4225f5f9c010,headline,PaySim,chronological,0,N,KMeans,0.005,0.005,prevalence,0.0033429624902948,1272524,4254,
4225f5f9c010,headline,PaySim,chronological,0,N,KMeans,0.005,0.005,lift,37.62885631197255,1272524,4254,
4225f5f9c010,headline,PaySim,chronological,0,N,KMeans,0.005,0.005,tie_ratio,0.1525833697439105,1272524,4254,
4225f5f9c010,headline,PaySim,chronological,0,N,KMeans,0.005,0.005,fit_seconds,69.29305005073547,1272524,4254,
4225f5f9c010,headline,PaySim,chronological,0,N,KMeans,0.005,0.005,score_seconds,1.0791733264923096,1272524,4254,
7597ea608bba,headline,PaySim,chronological,0,N,Ensemble,0.005,0.005,PR_AUC,0.1705869784584987,1272524,4254,
7597ea608bba,headline,PaySim,chronological,0,N,Ensemble,0.005,0.005,ROC_AUC,0.9162555537256644,1272524,4254,
7597ea608bba,headline,PaySim,chronological,0,N,Ensemble,0.005,0.005,Precision,0.3146747352496218,1272524,4254,
7597ea608bba,headline,PaySim,chronological,0,N,Ensemble,0.005,0.005,Recall,0.0977903149976492,1272524,4254,
7597ea608bba,headline,PaySim,chronological,0,N,Ensemble,0.005,0.005,F1,0.1492109038737446,1272524,4254,
7597ea608bba,headline,PaySim,chronological,0,N,Ensemble,0.005,0.005,TN,1267364.0,1272524,4254,
7597ea608bba,headline,PaySim,chronological,0,N,Ensemble,0.005,0.005,FP,906.0,1272524,4254,
7597ea608bba,headline,PaySim,chronological,0,N,Ensemble,0.005,0.005,FN,3838.0,1272524,4254,
7597ea608bba,headline,PaySim,chronological,0,N,Ensemble,0.005,0.005,TP,416.0,1272524,4254,
7597ea608bba,headline,PaySim,chronological,0,N,Ensemble,0.005,0.005,n_alerts,1322.0,1272524,4254,
7597ea608bba,headline,PaySim,chronological,0,N,Ensemble,0.005,0.005,alert_rate,0.0010388802097249,1272524,4254,
7597ea608bba,headline,PaySim,chronological,0,N,Ensemble,0.005,0.005,prevalence,0.0033429624902948,1272524,4254,
7597ea608bba,headline,PaySim,chronological,0,N,Ensemble,0.005,0.005,lift,94.13050136313817,1272524,4254,
7597ea608bba,headline,PaySim,chronological,0,N,Ensemble,0.005,0.005,tie_ratio,0.1020004337835671,1272524,4254,
7597ea608bba,headline,PaySim,chronological,0,N,Ensemble,0.005,0.005,fit_seconds,0.0,1272524,4254,
7597ea608bba,headline,PaySim,chronological,0,N,Ensemble,0.005,0.005,score_seconds,0.0,1272524,4254,
3aa5d048fe28,headline,PaySim,chronological,0,N,Ensemble,0.005,0.005,single_point_invariant,1.0,1272524,4254,invariance
e1825e474dcc,headline,PaySim,chronological,0,O,IsolationForest,0.005,0.0008358715958729,PR_AUC,0.0160953854190835,1272524,4254,
e1825e474dcc,headline,PaySim,chronological,0,O,IsolationForest,0.005,0.0008358715958729,ROC_AUC,0.813015355620548,1272524,4254,
e1825e474dcc,headline,PaySim,chronological,0,O,IsolationForest,0.005,0.0008358715958729,Precision,0.0,1272524,4254,
e1825e474dcc,headline,PaySim,chronological,0,O,IsolationForest,0.005,0.0008358715958729,Recall,0.0,1272524,4254,
e1825e474dcc,headline,PaySim,chronological,0,O,IsolationForest,0.005,0.0008358715958729,F1,0.0,1272524,4254,
e1825e474dcc,headline,PaySim,chronological,0,O,IsolationForest,0.005,0.0008358715958729,TN,1268227.0,1272524,4254,
e1825e474dcc,headline,PaySim,chronological,0,O,IsolationForest,0.005,0.0008358715958729,FP,43.0,1272524,4254,
e1825e474dcc,headline,PaySim,chronological,0,O,IsolationForest,0.005,0.0008358715958729,FN,4254.0,1272524,4254,
e1825e474dcc,headline,PaySim,chronological,0,O,IsolationForest,0.005,0.0008358715958729,TP,0.0,1272524,4254,
e1825e474dcc,headline,PaySim,chronological,0,O,IsolationForest,0.005,0.0008358715958729,n_alerts,43.0,1272524,4254,
e1825e474dcc,headline,PaySim,chronological,0,O,IsolationForest,0.005,0.0008358715958729,alert_rate,3.379111120890451e-05,1272524,4254,
e1825e474dcc,headline,PaySim,chronological,0,O,IsolationForest,0.005,0.0008358715958729,prevalence,0.0033429624902948,1272524,4254,
e1825e474dcc,headline,PaySim,chronological,0,O,IsolationForest,0.005,0.0008358715958729,lift,0.0,1272524,4254,
e1825e474dcc,headline,PaySim,chronological,0,O,IsolationForest,0.005,0.0008358715958729,tie_ratio,0.5940076572229679,1272524,4254,
e1825e474dcc,headline,PaySim,chronological,0,O,IsolationForest,0.005,0.0008358715958729,fit_seconds,8.532456398010254,1272524,4254,
e1825e474dcc,headline,PaySim,chronological,0,O,IsolationForest,0.005,0.0008358715958729,score_seconds,31.61680102348328,1272524,4254,
21f32d600642,headline,PaySim,chronological,0,O,LOF,0.005,0.0008358715958729,PR_AUC,0.0030799352569791,1272524,4254,
21f32d600642,headline,PaySim,chronological,0,O,LOF,0.005,0.0008358715958729,ROC_AUC,0.4998612955691239,1272524,4254,
21f32d600642,headline,PaySim,chronological,0,O,LOF,0.005,0.0008358715958729,Precision,0.0,1272524,4254,
21f32d600642,headline,PaySim,chronological,0,O,LOF,0.005,0.0008358715958729,Recall,0.0,1272524,4254,
21f32d600642,headline,PaySim,chronological,0,O,LOF,0.005,0.0008358715958729,F1,0.0,1272524,4254,
21f32d600642,headline,PaySim,chronological,0,O,LOF,0.005,0.0008358715958729,TN,924712.0,1272524,4254,
21f32d600642,headline,PaySim,chronological,0,O,LOF,0.005,0.0008358715958729,FP,343558.0,1272524,4254,
21f32d600642,headline,PaySim,chronological,0,O,LOF,0.005,0.0008358715958729,FN,4254.0,1272524,4254,
21f32d600642,headline,PaySim,chronological,0,O,LOF,0.005,0.0008358715958729,TP,0.0,1272524,4254,
21f32d600642,headline,PaySim,chronological,0,O,LOF,0.005,0.0008358715958729,n_alerts,343558.0,1272524,4254,
21f32d600642,headline,PaySim,chronological,0,O,LOF,0.005,0.0008358715958729,alert_rate,0.2699815484816003,1272524,4254,
21f32d600642,headline,PaySim,chronological,0,O,LOF,0.005,0.0008358715958729,prevalence,0.0033429624902948,1272524,4254,
21f32d600642,headline,PaySim,chronological,0,O,LOF,0.005,0.0008358715958729,lift,0.0,1272524,4254,
21f32d600642,headline,PaySim,chronological,0,O,LOF,0.005,0.0008358715958729,tie_ratio,0.042048715780606,1272524,4254,
21f32d600642,headline,PaySim,chronological,0,O,LOF,0.005,0.0008358715958729,fit_seconds,1.957824945449829,1272524,4254,
21f32d600642,headline,PaySim,chronological,0,O,LOF,0.005,0.0008358715958729,score_seconds,262.49296855926514,1272524,4254,
ade425e3e536,headline,PaySim,chronological,0,O,OneClassSVM,0.005,0.0008358715958729,PR_AUC,0.1048041179642748,1272524,4254,
ade425e3e536,headline,PaySim,chronological,0,O,OneClassSVM,0.005,0.0008358715958729,ROC_AUC,0.8738096597896652,1272524,4254,
ade425e3e536,headline,PaySim,chronological,0,O,OneClassSVM,0.005,0.0008358715958729,Precision,0.2849462365591398,1272524,4254,
ade425e3e536,headline,PaySim,chronological,0,O,OneClassSVM,0.005,0.0008358715958729,Recall,0.0622943112364833,1272524,4254,
ade425e3e536,headline,PaySim,chronological,0,O,OneClassSVM,0.005,0.0008358715958729,F1,0.1022376543209876,1272524,4254,
ade425e3e536,headline,PaySim,chronological,0,O,OneClassSVM,0.005,0.0008358715958729,TN,1267605.0,1272524,4254,
ade425e3e536,headline,PaySim,chronological,0,O,OneClassSVM,0.005,0.0008358715958729,FP,665.0,1272524,4254,
ade425e3e536,headline,PaySim,chronological,0,O,OneClassSVM,0.005,0.0008358715958729,FN,3989.0,1272524,4254,
ade425e3e536,headline,PaySim,chronological,0,O,OneClassSVM,0.005,0.0008358715958729,TP,265.0,1272524,4254,
ade425e3e536,headline,PaySim,chronological,0,O,OneClassSVM,0.005,0.0008358715958729,n_alerts,930.0,1272524,4254,
ade425e3e536,headline,PaySim,chronological,0,O,OneClassSVM,0.005,0.0008358715958729,alert_rate,0.000730831009867,1272524,4254,
ade425e3e536,headline,PaySim,chronological,0,O,OneClassSVM,0.005,0.0008358715958729,prevalence,0.0033429624902948,1272524,4254,
ade425e3e536,headline,PaySim,chronological,0,O,OneClassSVM,0.005,0.0008358715958729,lift,85.23764098053192,1272524,4254,
ade425e3e536,headline,PaySim,chronological,0,O,OneClassSVM,0.005,0.0008358715958729,tie_ratio,0.0040863669368907,1272524,4254,
ade425e3e536,headline,PaySim,chronological,0,O,OneClassSVM,0.005,0.0008358715958729,fit_seconds,0.3702616691589355,1272524,4254,
ade425e3e536,headline,PaySim,chronological,0,O,OneClassSVM,0.005,0.0008358715958729,score_seconds,77.28864812850952,1272524,4254,
6550935b9f0e,headline,PaySim,chronological,0,O,DBSCAN,0.005,0.0008358715958729,PR_AUC,0.0248001905160756,1272524,4254,
6550935b9f0e,headline,PaySim,chronological,0,O,DBSCAN,0.005,0.0008358715958729,ROC_AUC,0.8407100109704875,1272524,4254,
6550935b9f0e,headline,PaySim,chronological,0,O,DBSCAN,0.005,0.0008358715958729,Precision,0.0125,1272524,4254,
6550935b9f0e,headline,PaySim,chronological,0,O,DBSCAN,0.005,0.0008358715958729,Recall,0.0002350728725905,1272524,4254,
6550935b9f0e,headline,PaySim,chronological,0,O,DBSCAN,0.005,0.0008358715958729,F1,0.0004614674665436,1272524,4254,
6550935b9f0e,headline,PaySim,chronological,0,O,DBSCAN,0.005,0.0008358715958729,TN,1268191.0,1272524,4254,
6550935b9f0e,headline,PaySim,chronological,0,O,DBSCAN,0.005,0.0008358715958729,FP,79.0,1272524,4254,
6550935b9f0e,headline,PaySim,chronological,0,O,DBSCAN,0.005,0.0008358715958729,FN,4253.0,1272524,4254,
6550935b9f0e,headline,PaySim,chronological,0,O,DBSCAN,0.005,0.0008358715958729,TP,1.0,1272524,4254,
6550935b9f0e,headline,PaySim,chronological,0,O,DBSCAN,0.005,0.0008358715958729,n_alerts,80.0,1272524,4254,
6550935b9f0e,headline,PaySim,chronological,0,O,DBSCAN,0.005,0.0008358715958729,alert_rate,6.286718364447351e-05,1272524,4254,
6550935b9f0e,headline,PaySim,chronological,0,O,DBSCAN,0.005,0.0008358715958729,prevalence,0.0033429624902948,1272524,4254,
6550935b9f0e,headline,PaySim,chronological,0,O,DBSCAN,0.005,0.0008358715958729,lift,3.7391984015044666,1272524,4254,
6550935b9f0e,headline,PaySim,chronological,0,O,DBSCAN,0.005,0.0008358715958729,tie_ratio,0.1043273054182082,1272524,4254,
6550935b9f0e,headline,PaySim,chronological,0,O,DBSCAN,0.005,0.0008358715958729,fit_seconds,0.9700660705566406,1272524,4254,
6550935b9f0e,headline,PaySim,chronological,0,O,DBSCAN,0.005,0.0008358715958729,score_seconds,0.1206965446472168,1272524,4254,
71d37e45fff6,headline,PaySim,chronological,0,O,KMeans,0.005,0.0008358715958729,PR_AUC,0.0419499380114543,1272524,4254,
71d37e45fff6,headline,PaySim,chronological,0,O,KMeans,0.005,0.0008358715958729,ROC_AUC,0.8688532131340588,1272524,4254,
71d37e45fff6,headline,PaySim,chronological,0,O,KMeans,0.005,0.0008358715958729,Precision,0.0068027210884353,1272524,4254,
71d37e45fff6,headline,PaySim,chronological,0,O,KMeans,0.005,0.0008358715958729,Recall,0.0002350728725905,1272524,4254,
71d37e45fff6,headline,PaySim,chronological,0,O,KMeans,0.005,0.0008358715958729,F1,0.0004544421722335,1272524,4254,
71d37e45fff6,headline,PaySim,chronological,0,O,KMeans,0.005,0.0008358715958729,TN,1268124.0,1272524,4254,
71d37e45fff6,headline,PaySim,chronological,0,O,KMeans,0.005,0.0008358715958729,FP,146.0,1272524,4254,
71d37e45fff6,headline,PaySim,chronological,0,O,KMeans,0.005,0.0008358715958729,FN,4253.0,1272524,4254,
71d37e45fff6,headline,PaySim,chronological,0,O,KMeans,0.005,0.0008358715958729,TP,1.0,1272524,4254,
71d37e45fff6,headline,PaySim,chronological,0,O,KMeans,0.005,0.0008358715958729,n_alerts,147.0,1272524,4254,
71d37e45fff6,headline,PaySim,chronological,0,O,KMeans,0.005,0.0008358715958729,alert_rate,0.0001155184499467,1272524,4254,
71d37e45fff6,headline,PaySim,chronological,0,O,KMeans,0.005,0.0008358715958729,prevalence,0.0033429624902948,1272524,4254,
71d37e45fff6,headline,PaySim,chronological,0,O,KMeans,0.005,0.0008358715958729,lift,2.034937905580662,1272524,4254,
71d37e45fff6,headline,PaySim,chronological,0,O,KMeans,0.005,0.0008358715958729,tie_ratio,0.1504089510296072,1272524,4254,
71d37e45fff6,headline,PaySim,chronological,0,O,KMeans,0.005,0.0008358715958729,fit_seconds,68.36190986633301,1272524,4254,
71d37e45fff6,headline,PaySim,chronological,0,O,KMeans,0.005,0.0008358715958729,score_seconds,1.105588436126709,1272524,4254,
5602e67738b4,headline,PaySim,chronological,0,O,Ensemble,0.005,0.0008358715958729,PR_AUC,0.1502136291853222,1272524,4254,
5602e67738b4,headline,PaySim,chronological,0,O,Ensemble,0.005,0.0008358715958729,ROC_AUC,0.9177738948905032,1272524,4254,
5602e67738b4,headline,PaySim,chronological,0,O,Ensemble,0.005,0.0008358715958729,Precision,0.0416666666666666,1272524,4254,
5602e67738b4,headline,PaySim,chronological,0,O,Ensemble,0.005,0.0008358715958729,Recall,0.0007052186177715,1272524,4254,
5602e67738b4,headline,PaySim,chronological,0,O,Ensemble,0.005,0.0008358715958729,F1,0.001386962552011,1272524,4254,
5602e67738b4,headline,PaySim,chronological,0,O,Ensemble,0.005,0.0008358715958729,TN,1268201.0,1272524,4254,
5602e67738b4,headline,PaySim,chronological,0,O,Ensemble,0.005,0.0008358715958729,FP,69.0,1272524,4254,
5602e67738b4,headline,PaySim,chronological,0,O,Ensemble,0.005,0.0008358715958729,FN,4251.0,1272524,4254,
5602e67738b4,headline,PaySim,chronological,0,O,Ensemble,0.005,0.0008358715958729,TP,3.0,1272524,4254,
5602e67738b4,headline,PaySim,chronological,0,O,Ensemble,0.005,0.0008358715958729,n_alerts,72.0,1272524,4254,
5602e67738b4,headline,PaySim,chronological,0,O,Ensemble,0.005,0.0008358715958729,alert_rate,5.658046528002616e-05,1272524,4254,
5602e67738b4,headline,PaySim,chronological,0,O,Ensemble,0.005,0.0008358715958729,prevalence,0.0033429624902948,1272524,4254,
5602e67738b4,headline,PaySim,chronological,0,O,Ensemble,0.005,0.0008358715958729,lift,12.463994671681554,1272524,4254,
5602e67738b4,headline,PaySim,chronological,0,O,Ensemble,0.005,0.0008358715958729,tie_ratio,0.1000766979640462,1272524,4254,
5602e67738b4,headline,PaySim,chronological,0,O,Ensemble,0.005,0.0008358715958729,fit_seconds,0.0,1272524,4254,
5602e67738b4,headline,PaySim,chronological,0,O,Ensemble,0.005,0.0008358715958729,score_seconds,0.0,1272524,4254,
e888464ff9c7,headline,PaySim,chronological,0,O,Ensemble,0.005,0.0008358715958729,single_point_invariant,1.0,1272524,4254,invariance
59cf4f76d615,rolling_origin,ULB,chronological,0,U,IsolationForest,0.005,0.005,PR_AUC,0.3323482999894049,56961,119,
59cf4f76d615,rolling_origin,ULB,chronological,0,U,IsolationForest,0.005,0.005,ROC_AUC,0.96669745622467,56961,119,
59cf4f76d615,rolling_origin,ULB,chronological,0,U,IsolationForest,0.005,0.005,Precision,0.2410423452768729,56961,119,
59cf4f76d615,rolling_origin,ULB,chronological,0,U,IsolationForest,0.005,0.005,Recall,0.6218487394957983,56961,119,
59cf4f76d615,rolling_origin,ULB,chronological,0,U,IsolationForest,0.005,0.005,F1,0.3474178403755869,56961,119,
59cf4f76d615,rolling_origin,ULB,chronological,0,U,IsolationForest,0.005,0.005,TN,56609.0,56961,119,
59cf4f76d615,rolling_origin,ULB,chronological,0,U,IsolationForest,0.005,0.005,FP,233.0,56961,119,
59cf4f76d615,rolling_origin,ULB,chronological,0,U,IsolationForest,0.005,0.005,FN,45.0,56961,119,
59cf4f76d615,rolling_origin,ULB,chronological,0,U,IsolationForest,0.005,0.005,TP,74.0,56961,119,
59cf4f76d615,rolling_origin,ULB,chronological,0,U,IsolationForest,0.005,0.005,n_alerts,307.0,56961,119,
59cf4f76d615,rolling_origin,ULB,chronological,0,U,IsolationForest,0.005,0.005,alert_rate,0.0053896525693018,56961,119,
59cf4f76d615,rolling_origin,ULB,chronological,0,U,IsolationForest,0.005,0.005,prevalence,0.0020891487157879,56961,119,
59cf4f76d615,rolling_origin,ULB,chronological,0,U,IsolationForest,0.005,0.005,lift,115.3782607505543,56961,119,
59cf4f76d615,rolling_origin,ULB,chronological,0,U,IsolationForest,0.005,0.005,tie_ratio,0.0533698495461807,56961,119,
59cf4f76d615,rolling_origin,ULB,chronological,0,U,IsolationForest,0.005,0.005,fit_seconds,1.0498299598693848,56961,119,
59cf4f76d615,rolling_origin,ULB,chronological,0,U,IsolationForest,0.005,0.005,score_seconds,1.5388789176940918,56961,119,
6c2eee0f4095,rolling_origin,ULB,chronological,0,U,LOF,0.005,0.005,PR_AUC,0.001237201230862,56961,119,
6c2eee0f4095,rolling_origin,ULB,chronological,0,U,LOF,0.005,0.005,ROC_AUC,0.2044595678600774,56961,119,
6c2eee0f4095,rolling_origin,ULB,chronological,0,U,LOF,0.005,0.005,Precision,0.0007366821676872,56961,119,
6c2eee0f4095,rolling_origin,ULB,chronological,0,U,LOF,0.005,0.005,Recall,0.134453781512605,56961,119,
6c2eee0f4095,rolling_origin,ULB,chronological,0,U,LOF,0.005,0.005,F1,0.0014653356534481,56961,119,
6c2eee0f4095,rolling_origin,ULB,chronological,0,U,LOF,0.005,0.005,TN,35139.0,56961,119,
6c2eee0f4095,rolling_origin,ULB,chronological,0,U,LOF,0.005,0.005,FP,21703.0,56961,119,
6c2eee0f4095,rolling_origin,ULB,chronological,0,U,LOF,0.005,0.005,FN,103.0,56961,119,
6c2eee0f4095,rolling_origin,ULB,chronological,0,U,LOF,0.005,0.005,TP,16.0,56961,119,
6c2eee0f4095,rolling_origin,ULB,chronological,0,U,LOF,0.005,0.005,n_alerts,21719.0,56961,119,
6c2eee0f4095,rolling_origin,ULB,chronological,0,U,LOF,0.005,0.005,alert_rate,0.381295974438651,56961,119,
6c2eee0f4095,rolling_origin,ULB,chronological,0,U,LOF,0.005,0.005,prevalence,0.0020891487157879,56961,119,
6c2eee0f4095,rolling_origin,ULB,chronological,0,U,LOF,0.005,0.005,lift,0.3526231340641602,56961,119,
6c2eee0f4095,rolling_origin,ULB,chronological,0,U,LOF,0.005,0.005,tie_ratio,0.0081283685328558,56961,119,
6c2eee0f4095,rolling_origin,ULB,chronological,0,U,LOF,0.005,0.005,fit_seconds,0.8032658100128174,56961,119,
6c2eee0f4095,rolling_origin,ULB,chronological,0,U,LOF,0.005,0.005,score_seconds,5.102039098739624,56961,119,
3007aa7147fc,rolling_origin,ULB,chronological,0,U,OneClassSVM,0.005,0.005,PR_AUC,0.1749782226874059,56961,119,
3007aa7147fc,rolling_origin,ULB,chronological,0,U,OneClassSVM,0.005,0.005,ROC_AUC,0.9419201655539946,56961,119,
3007aa7147fc,rolling_origin,ULB,chronological,0,U,OneClassSVM,0.005,0.005,Precision,0.1739130434782608,56961,119,
3007aa7147fc,rolling_origin,ULB,chronological,0,U,OneClassSVM,0.005,0.005,Recall,0.6050420168067226,56961,119,
3007aa7147fc,rolling_origin,ULB,chronological,0,U,OneClassSVM,0.005,0.005,F1,0.2701688555347092,56961,119,
3007aa7147fc,rolling_origin,ULB,chronological,0,U,OneClassSVM,0.005,0.005,TN,56500.0,56961,119,
3007aa7147fc,rolling_origin,ULB,chronological,0,U,OneClassSVM,0.005,0.005,FP,342.0,56961,119,
3007aa7147fc,rolling_origin,ULB,chronological,0,U,OneClassSVM,0.005,0.005,FN,47.0,56961,119,
3007aa7147fc,rolling_origin,ULB,chronological,0,U,OneClassSVM,0.005,0.005,TP,72.0,56961,119,
3007aa7147fc,rolling_origin,ULB,chronological,0,U,OneClassSVM,0.005,0.005,n_alerts,414.0,56961,119,
3007aa7147fc,rolling_origin,ULB,chronological,0,U,OneClassSVM,0.005,0.005,alert_rate,0.0072681308263548,56961,119,
3007aa7147fc,rolling_origin,ULB,chronological,0,U,OneClassSVM,0.005,0.005,prevalence,0.0020891487157879,56961,119,
3007aa7147fc,rolling_origin,ULB,chronological,0,U,OneClassSVM,0.005,0.005,lift,83.24588966021192,56961,119,
3007aa7147fc,rolling_origin,ULB,chronological,0,U,OneClassSVM,0.005,0.005,tie_ratio,0.0038447358719123,56961,119,
3007aa7147fc,rolling_origin,ULB,chronological,0,U,OneClassSVM,0.005,0.005,fit_seconds,0.8064243793487549,56961,119,
3007aa7147fc,rolling_origin,ULB,chronological,0,U,OneClassSVM,0.005,0.005,score_seconds,7.1918785572052,56961,119,
d91e872acd82,rolling_origin,ULB,chronological,0,U,DBSCAN,0.005,0.005,PR_AUC,0.197629730533793,56961,119,
d91e872acd82,rolling_origin,ULB,chronological,0,U,DBSCAN,0.005,0.005,ROC_AUC,0.9657118996220986,56961,119,
d91e872acd82,rolling_origin,ULB,chronological,0,U,DBSCAN,0.005,0.005,Precision,0.2226890756302521,56961,119,
d91e872acd82,rolling_origin,ULB,chronological,0,U,DBSCAN,0.005,0.005,Recall,0.4453781512605042,56961,119,
d91e872acd82,rolling_origin,ULB,chronological,0,U,DBSCAN,0.005,0.005,F1,0.2969187675070028,56961,119,
d91e872acd82,rolling_origin,ULB,chronological,0,U,DBSCAN,0.005,0.005,TN,56657.0,56961,119,
d91e872acd82,rolling_origin,ULB,chronological,0,U,DBSCAN,0.005,0.005,FP,185.0,56961,119,
d91e872acd82,rolling_origin,ULB,chronological,0,U,DBSCAN,0.005,0.005,FN,66.0,56961,119,
d91e872acd82,rolling_origin,ULB,chronological,0,U,DBSCAN,0.005,0.005,TP,53.0,56961,119,
d91e872acd82,rolling_origin,ULB,chronological,0,U,DBSCAN,0.005,0.005,n_alerts,238.0,56961,119,
d91e872acd82,rolling_origin,ULB,chronological,0,U,DBSCAN,0.005,0.005,alert_rate,0.0041782974315759,56961,119,
d91e872acd82,rolling_origin,ULB,chronological,0,U,DBSCAN,0.005,0.005,prevalence,0.0020891487157879,56961,119,
d91e872acd82,rolling_origin,ULB,chronological,0,U,DBSCAN,0.005,0.005,lift,106.59321375609068,56961,119,
d91e872acd82,rolling_origin,ULB,chronological,0,U,DBSCAN,0.005,0.005,tie_ratio,0.0060743315601903,56961,119,
d91e872acd82,rolling_origin,ULB,chronological,0,U,DBSCAN,0.005,0.005,fit_seconds,0.6966216564178467,56961,119,
d91e872acd82,rolling_origin,ULB,chronological,0,U,DBSCAN,0.005,0.005,score_seconds,0.0465636253356933,56961,119,
13478110ecbf,rolling_origin,ULB,chronological,0,U,KMeans,0.005,0.005,PR_AUC,0.1413798543053351,56961,119,
13478110ecbf,rolling_origin,ULB,chronological,0,U,KMeans,0.005,0.005,ROC_AUC,0.9690708344137766,56961,119,
13478110ecbf,rolling_origin,ULB,chronological,0,U,KMeans,0.005,0.005,Precision,0.1884615384615384,56961,119,
13478110ecbf,rolling_origin,ULB,chronological,0,U,KMeans,0.005,0.005,Recall,0.4117647058823529,56961,119,
13478110ecbf,rolling_origin,ULB,chronological,0,U,KMeans,0.005,0.005,F1,0.258575197889182,56961,119,
13478110ecbf,rolling_origin,ULB,chronological,0,U,KMeans,0.005,0.005,TN,56631.0,56961,119,
13478110ecbf,rolling_origin,ULB,chronological,0,U,KMeans,0.005,0.005,FP,211.0,56961,119,
13478110ecbf,rolling_origin,ULB,chronological,0,U,KMeans,0.005,0.005,FN,70.0,56961,119,
13478110ecbf,rolling_origin,ULB,chronological,0,U,KMeans,0.005,0.005,TP,49.0,56961,119,
13478110ecbf,rolling_origin,ULB,chronological,0,U,KMeans,0.005,0.005,n_alerts,260.0,56961,119,
13478110ecbf,rolling_origin,ULB,chronological,0,U,KMeans,0.005,0.005,alert_rate,0.0045645266059233,56961,119,
13478110ecbf,rolling_origin,ULB,chronological,0,U,KMeans,0.005,0.005,prevalence,0.0020891487157879,56961,119,
13478110ecbf,rolling_origin,ULB,chronological,0,U,KMeans,0.005,0.005,lift,90.20972850678731,56961,119,
13478110ecbf,rolling_origin,ULB,chronological,0,U,KMeans,0.005,0.005,tie_ratio,0.0071803514685486,56961,119,
13478110ecbf,rolling_origin,ULB,chronological,0,U,KMeans,0.005,0.005,fit_seconds,2.0329418182373047,56961,119,
13478110ecbf,rolling_origin,ULB,chronological,0,U,KMeans,0.005,0.005,score_seconds,0.1065952777862548,56961,119,
020097ee2d1a,rolling_origin,ULB,chronological,0,U,Ensemble,0.005,0.005,PR_AUC,0.0488047610449318,56961,119,
020097ee2d1a,rolling_origin,ULB,chronological,0,U,Ensemble,0.005,0.005,ROC_AUC,0.6574711443987891,56961,119,
020097ee2d1a,rolling_origin,ULB,chronological,0,U,Ensemble,0.005,0.005,Precision,0.0219573400250941,56961,119,
020097ee2d1a,rolling_origin,ULB,chronological,0,U,Ensemble,0.005,0.005,Recall,0.2941176470588235,56961,119,
020097ee2d1a,rolling_origin,ULB,chronological,0,U,Ensemble,0.005,0.005,F1,0.0408639813193228,56961,119,
020097ee2d1a,rolling_origin,ULB,chronological,0,U,Ensemble,0.005,0.005,TN,55283.0,56961,119,
020097ee2d1a,rolling_origin,ULB,chronological,0,U,Ensemble,0.005,0.005,FP,1559.0,56961,119,
020097ee2d1a,rolling_origin,ULB,chronological,0,U,Ensemble,0.005,0.005,FN,84.0,56961,119,
020097ee2d1a,rolling_origin,ULB,chronological,0,U,Ensemble,0.005,0.005,TP,35.0,56961,119,
020097ee2d1a,rolling_origin,ULB,chronological,0,U,Ensemble,0.005,0.005,n_alerts,1594.0,56961,119,
020097ee2d1a,rolling_origin,ULB,chronological,0,U,Ensemble,0.005,0.005,alert_rate,0.0279840592686223,56961,119,
020097ee2d1a,rolling_origin,ULB,chronological,0,U,Ensemble,0.005,0.005,prevalence,0.0020891487157879,56961,119,
020097ee2d1a,rolling_origin,ULB,chronological,0,U,Ensemble,0.005,0.005,lift,10.510185253524249,56961,119,
020097ee2d1a,rolling_origin,ULB,chronological,0,U,Ensemble,0.005,0.005,tie_ratio,0.0790892013834027,56961,119,
020097ee2d1a,rolling_origin,ULB,chronological,0,U,Ensemble,0.005,0.005,fit_seconds,0.0,56961,119,
020097ee2d1a,rolling_origin,ULB,chronological,0,U,Ensemble,0.005,0.005,score_seconds,0.0,56961,119,
a394d9b2b7c9,rolling_origin,ULB,chronological,0,U,Ensemble,0.005,0.005,single_point_invariant,1.0,56961,119,invariance
f3cc87875b15,rolling_origin,ULB,chronological,0,N,IsolationForest,0.005,0.005,PR_AUC,0.3660920542715222,56961,119,
f3cc87875b15,rolling_origin,ULB,chronological,0,N,IsolationForest,0.005,0.005,ROC_AUC,0.9693050085169004,56961,119,
f3cc87875b15,rolling_origin,ULB,chronological,0,N,IsolationForest,0.005,0.005,Precision,0.2638888888888889,56961,119,
f3cc87875b15,rolling_origin,ULB,chronological,0,N,IsolationForest,0.005,0.005,Recall,0.6386554621848739,56961,119,
f3cc87875b15,rolling_origin,ULB,chronological,0,N,IsolationForest,0.005,0.005,F1,0.3734643734643734,56961,119,
f3cc87875b15,rolling_origin,ULB,chronological,0,N,IsolationForest,0.005,0.005,TN,56630.0,56961,119,
f3cc87875b15,rolling_origin,ULB,chronological,0,N,IsolationForest,0.005,0.005,FP,212.0,56961,119,
f3cc87875b15,rolling_origin,ULB,chronological,0,N,IsolationForest,0.005,0.005,FN,43.0,56961,119,
f3cc87875b15,rolling_origin,ULB,chronological,0,N,IsolationForest,0.005,0.005,TP,76.0,56961,119,
f3cc87875b15,rolling_origin,ULB,chronological,0,N,IsolationForest,0.005,0.005,n_alerts,288.0,56961,119,
f3cc87875b15,rolling_origin,ULB,chronological,0,N,IsolationForest,0.005,0.005,alert_rate,0.0050560910096381,56961,119,
f3cc87875b15,rolling_origin,ULB,chronological,0,N,IsolationForest,0.005,0.005,prevalence,0.0020891487157879,56961,119,
f3cc87875b15,rolling_origin,ULB,chronological,0,N,IsolationForest,0.005,0.005,lift,126.3140756302521,56961,119,
f3cc87875b15,rolling_origin,ULB,chronological,0,N,IsolationForest,0.005,0.005,tie_ratio,0.0479275293621951,56961,119,
f3cc87875b15,rolling_origin,ULB,chronological,0,N,IsolationForest,0.005,0.005,fit_seconds,0.9512758255004884,56961,119,
f3cc87875b15,rolling_origin,ULB,chronological,0,N,IsolationForest,0.005,0.005,score_seconds,1.5490081310272217,56961,119,
3a1efafce9ea,rolling_origin,ULB,chronological,0,N,LOF,0.005,0.005,PR_AUC,0.0024239624421388,56961,119,
3a1efafce9ea,rolling_origin,ULB,chronological,0,N,LOF,0.005,0.005,ROC_AUC,0.4951126504576004,56961,119,
3a1efafce9ea,rolling_origin,ULB,chronological,0,N,LOF,0.005,0.005,Precision,0.0016140602582496,56961,119,
3a1efafce9ea,rolling_origin,ULB,chronological,0,N,LOF,0.005,0.005,Recall,0.3025210084033613,56961,119,
3a1efafce9ea,rolling_origin,ULB,chronological,0,N,LOF,0.005,0.005,F1,0.0032109887169424,56961,119,
3a1efafce9ea,rolling_origin,ULB,chronological,0,N,LOF,0.005,0.005,TN,34574.0,56961,119,
3a1efafce9ea,rolling_origin,ULB,chronological,0,N,LOF,0.005,0.005,FP,22268.0,56961,119,
3a1efafce9ea,rolling_origin,ULB,chronological,0,N,LOF,0.005,0.005,FN,83.0,56961,119,
3a1efafce9ea,rolling_origin,ULB,chronological,0,N,LOF,0.005,0.005,TP,36.0,56961,119,
3a1efafce9ea,rolling_origin,ULB,chronological,0,N,LOF,0.005,0.005,n_alerts,22304.0,56961,119,
3a1efafce9ea,rolling_origin,ULB,chronological,0,N,LOF,0.005,0.005,alert_rate,0.3915661593019785,56961,119,
3a1efafce9ea,rolling_origin,ULB,chronological,0,N,LOF,0.005,0.005,prevalence,0.0020891487157879,56961,119,
3a1efafce9ea,rolling_origin,ULB,chronological,0,N,LOF,0.005,0.005,lift,0.7725923224383011,56961,119,
3a1efafce9ea,rolling_origin,ULB,chronological,0,N,LOF,0.005,0.005,tie_ratio,0.0084268183493969,56961,119,
3a1efafce9ea,rolling_origin,ULB,chronological,0,N,LOF,0.005,0.005,fit_seconds,0.805060625076294,56961,119,
3a1efafce9ea,rolling_origin,ULB,chronological,0,N,LOF,0.005,0.005,score_seconds,5.101471424102783,56961,119,
6fdc8fae63b8,rolling_origin,ULB,chronological,0,N,OneClassSVM,0.005,0.005,PR_AUC,0.3285036976259937,56961,119,
6fdc8fae63b8,rolling_origin,ULB,chronological,0,N,OneClassSVM,0.005,0.005,ROC_AUC,0.9564409557496693,56961,119,
6fdc8fae63b8,rolling_origin,ULB,chronological,0,N,OneClassSVM,0.005,0.005,Precision,0.1608391608391608,56961,119,
6fdc8fae63b8,rolling_origin,ULB,chronological,0,N,OneClassSVM,0.005,0.005,Recall,0.773109243697479,56961,119,
6fdc8fae63b8,rolling_origin,ULB,chronological,0,N,OneClassSVM,0.005,0.005,F1,0.2662807525325615,56961,119,
6fdc8fae63b8,rolling_origin,ULB,chronological,0,N,OneClassSVM,0.005,0.005,TN,56362.0,56961,119,
6fdc8fae63b8,rolling_origin,ULB,chronological,0,N,OneClassSVM,0.005,0.005,FP,480.0,56961,119,
6fdc8fae63b8,rolling_origin,ULB,chronological,0,N,OneClassSVM,0.005,0.005,FN,27.0,56961,119,
6fdc8fae63b8,rolling_origin,ULB,chronological,0,N,OneClassSVM,0.005,0.005,TP,92.0,56961,119,
6fdc8fae63b8,rolling_origin,ULB,chronological,0,N,OneClassSVM,0.005,0.005,n_alerts,572.0,56961,119,
6fdc8fae63b8,rolling_origin,ULB,chronological,0,N,OneClassSVM,0.005,0.005,alert_rate,0.0100419585330313,56961,119,
6fdc8fae63b8,rolling_origin,ULB,chronological,0,N,OneClassSVM,0.005,0.005,prevalence,0.0020891487157879,56961,119,
6fdc8fae63b8,rolling_origin,ULB,chronological,0,N,OneClassSVM,0.005,0.005,lift,76.9878944584827,56961,119,
6fdc8fae63b8,rolling_origin,ULB,chronological,0,N,OneClassSVM,0.005,0.005,tie_ratio,0.0038096241287898,56961,119,
6fdc8fae63b8,rolling_origin,ULB,chronological,0,N,OneClassSVM,0.005,0.005,fit_seconds,0.7775111198425293,56961,119,
6fdc8fae63b8,rolling_origin,ULB,chronological,0,N,OneClassSVM,0.005,0.005,score_seconds,6.916192054748535,56961,119,
e3fb2361e97d,rolling_origin,ULB,chronological,0,N,DBSCAN,0.005,0.005,PR_AUC,0.197428997752698,56961,119,
e3fb2361e97d,rolling_origin,ULB,chronological,0,N,DBSCAN,0.005,0.005,ROC_AUC,0.9702725289827412,56961,119,
e3fb2361e97d,rolling_origin,ULB,chronological,0,N,DBSCAN,0.005,0.005,Precision,0.2231404958677686,56961,119,
e3fb2361e97d,rolling_origin,ULB,chronological,0,N,DBSCAN,0.005,0.005,Recall,0.453781512605042,56961,119,
e3fb2361e97d,rolling_origin,ULB,chronological,0,N,DBSCAN,0.005,0.005,F1,0.299168975069252,56961,119,
e3fb2361e97d,rolling_origin,ULB,chronological,0,N,DBSCAN,0.005,0.005,TN,56654.0,56961,119,
e3fb2361e97d,rolling_origin,ULB,chronological,0,N,DBSCAN,0.005,0.005,FP,188.0,56961,119,
e3fb2361e97d,rolling_origin,ULB,chronological,0,N,DBSCAN,0.005,0.005,FN,65.0,56961,119,
e3fb2361e97d,rolling_origin,ULB,chronological,0,N,DBSCAN,0.005,0.005,TP,54.0,56961,119,
e3fb2361e97d,rolling_origin,ULB,chronological,0,N,DBSCAN,0.005,0.005,n_alerts,242.0,56961,119,
e3fb2361e97d,rolling_origin,ULB,chronological,0,N,DBSCAN,0.005,0.005,alert_rate,0.0042485209178209,56961,119,
e3fb2361e97d,rolling_origin,ULB,chronological,0,N,DBSCAN,0.005,0.005,prevalence,0.0020891487157879,56961,119,
e3fb2361e97d,rolling_origin,ULB,chronological,0,N,DBSCAN,0.005,0.005,lift,106.80929231196612,56961,119,
e3fb2361e97d,rolling_origin,ULB,chronological,0,N,DBSCAN,0.005,0.005,tie_ratio,0.0122188866066256,56961,119,
e3fb2361e97d,rolling_origin,ULB,chronological,0,N,DBSCAN,0.005,0.005,fit_seconds,0.6953270435333252,56961,119,
e3fb2361e97d,rolling_origin,ULB,chronological,0,N,DBSCAN,0.005,0.005,score_seconds,0.0247883796691894,56961,119,
82dbe5d7b301,rolling_origin,ULB,chronological,0,N,KMeans,0.005,0.005,PR_AUC,0.3622984711871846,56961,119,
82dbe5d7b301,rolling_origin,ULB,chronological,0,N,KMeans,0.005,0.005,ROC_AUC,0.9689630611049528,56961,119,
82dbe5d7b301,rolling_origin,ULB,chronological,0,N,KMeans,0.005,0.005,Precision,0.2835249042145594,56961,119,
82dbe5d7b301,rolling_origin,ULB,chronological,0,N,KMeans,0.005,0.005,Recall,0.6218487394957983,56961,119,
82dbe5d7b301,rolling_origin,ULB,chronological,0,N,KMeans,0.005,0.005,F1,0.3894736842105263,56961,119,
82dbe5d7b301,rolling_origin,ULB,chronological,0,N,KMeans,0.005,0.005,TN,56655.0,56961,119,
82dbe5d7b301,rolling_origin,ULB,chronological,0,N,KMeans,0.005,0.005,FP,187.0,56961,119,
82dbe5d7b301,rolling_origin,ULB,chronological,0,N,KMeans,0.005,0.005,FN,45.0,56961,119,
82dbe5d7b301,rolling_origin,ULB,chronological,0,N,KMeans,0.005,0.005,TP,74.0,56961,119,
82dbe5d7b301,rolling_origin,ULB,chronological,0,N,KMeans,0.005,0.005,n_alerts,261.0,56961,119,
82dbe5d7b301,rolling_origin,ULB,chronological,0,N,KMeans,0.005,0.005,alert_rate,0.0045820824774845,56961,119,
82dbe5d7b301,rolling_origin,ULB,chronological,0,N,KMeans,0.005,0.005,prevalence,0.0020891487157879,56961,119,
82dbe5d7b301,rolling_origin,ULB,chronological,0,N,KMeans,0.005,0.005,lift,135.71312662996235,56961,119,
82dbe5d7b301,rolling_origin,ULB,chronological,0,N,KMeans,0.005,0.005,tie_ratio,0.006706342936395,56961,119,
82dbe5d7b301,rolling_origin,ULB,chronological,0,N,KMeans,0.005,0.005,fit_seconds,2.0800716876983643,56961,119,
82dbe5d7b301,rolling_origin,ULB,chronological,0,N,KMeans,0.005,0.005,score_seconds,0.1065068244934082,56961,119,
419b66046264,rolling_origin,ULB,chronological,0,N,Ensemble,0.005,0.005,PR_AUC,0.3920574499937417,56961,119,
419b66046264,rolling_origin,ULB,chronological,0,N,Ensemble,0.005,0.005,ROC_AUC,0.97216255349119,56961,119,
419b66046264,rolling_origin,ULB,chronological,0,N,Ensemble,0.005,0.005,Precision,0.0540682414698162,56961,119,
419b66046264,rolling_origin,ULB,chronological,0,N,Ensemble,0.005,0.005,Recall,0.865546218487395,56961,119,
419b66046264,rolling_origin,ULB,chronological,0,N,Ensemble,0.005,0.005,F1,0.1017786561264822,56961,119,
419b66046264,rolling_origin,ULB,chronological,0,N,Ensemble,0.005,0.005,TN,55040.0,56961,119,
419b66046264,rolling_origin,ULB,chronological,0,N,Ensemble,0.005,0.005,FP,1802.0,56961,119,
419b66046264,rolling_origin,ULB,chronological,0,N,Ensemble,0.005,0.005,FN,16.0,56961,119,
419b66046264,rolling_origin,ULB,chronological,0,N,Ensemble,0.005,0.005,TP,103.0,56961,119,
419b66046264,rolling_origin,ULB,chronological,0,N,Ensemble,0.005,0.005,n_alerts,1905.0,56961,119,
419b66046264,rolling_origin,ULB,chronological,0,N,Ensemble,0.005,0.005,alert_rate,0.0334439353241691,56961,119,
419b66046264,rolling_origin,ULB,chronological,0,N,Ensemble,0.005,0.005,prevalence,0.0020891487157879,56961,119,
419b66046264,rolling_origin,ULB,chronological,0,N,Ensemble,0.005,0.005,lift,25.880513465228614,56961,119,
419b66046264,rolling_origin,ULB,chronological,0,N,Ensemble,0.005,0.005,tie_ratio,0.0787380839521778,56961,119,
419b66046264,rolling_origin,ULB,chronological,0,N,Ensemble,0.005,0.005,fit_seconds,0.0,56961,119,
419b66046264,rolling_origin,ULB,chronological,0,N,Ensemble,0.005,0.005,score_seconds,0.0,56961,119,
e6a73a28e7e6,rolling_origin,ULB,chronological,0,N,Ensemble,0.005,0.005,single_point_invariant,1.0,56961,119,invariance
44c302f290d4,rolling_origin,ULB,chronological,0,O,IsolationForest,0.005,0.0027561750610045,PR_AUC,0.3323482999894049,56961,119,
44c302f290d4,rolling_origin,ULB,chronological,0,O,IsolationForest,0.005,0.0027561750610045,ROC_AUC,0.96669745622467,56961,119,
44c302f290d4,rolling_origin,ULB,chronological,0,O,IsolationForest,0.005,0.0027561750610045,Precision,0.3135135135135135,56961,119,
44c302f290d4,rolling_origin,ULB,chronological,0,O,IsolationForest,0.005,0.0027561750610045,Recall,0.4873949579831932,56961,119,
44c302f290d4,rolling_origin,ULB,chronological,0,O,IsolationForest,0.005,0.0027561750610045,F1,0.3815789473684211,56961,119,
44c302f290d4,rolling_origin,ULB,chronological,0,O,IsolationForest,0.005,0.0027561750610045,TN,56715.0,56961,119,
44c302f290d4,rolling_origin,ULB,chronological,0,O,IsolationForest,0.005,0.0027561750610045,FP,127.0,56961,119,
44c302f290d4,rolling_origin,ULB,chronological,0,O,IsolationForest,0.005,0.0027561750610045,FN,61.0,56961,119,
44c302f290d4,rolling_origin,ULB,chronological,0,O,IsolationForest,0.005,0.0027561750610045,TP,58.0,56961,119,
44c302f290d4,rolling_origin,ULB,chronological,0,O,IsolationForest,0.005,0.0027561750610045,n_alerts,185.0,56961,119,
44c302f290d4,rolling_origin,ULB,chronological,0,O,IsolationForest,0.005,0.0027561750610045,alert_rate,0.00324783623883,56961,119,
44c302f290d4,rolling_origin,ULB,chronological,0,O,IsolationForest,0.005,0.0027561750610045,prevalence,0.0020891487157879,56961,119,
44c302f290d4,rolling_origin,ULB,chronological,0,O,IsolationForest,0.005,0.0027561750610045,lift,150.06759027935502,56961,119,
44c302f290d4,rolling_origin,ULB,chronological,0,O,IsolationForest,0.005,0.0027561750610045,tie_ratio,0.0533698495461807,56961,119,
44c302f290d4,rolling_origin,ULB,chronological,0,O,IsolationForest,0.005,0.0027561750610045,fit_seconds,0.9588170051574708,56961,119,
44c302f290d4,rolling_origin,ULB,chronological,0,O,IsolationForest,0.005,0.0027561750610045,score_seconds,1.538583517074585,56961,119,
9054a2733e37,rolling_origin,ULB,chronological,0,O,LOF,0.005,0.0027561750610045,PR_AUC,0.001237201230862,56961,119,
9054a2733e37,rolling_origin,ULB,chronological,0,O,LOF,0.005,0.0027561750610045,ROC_AUC,0.2044595678600774,56961,119,
9054a2733e37,rolling_origin,ULB,chronological,0,O,LOF,0.005,0.0027561750610045,Precision,0.0006898534061511,56961,119,
9054a2733e37,rolling_origin,ULB,chronological,0,O,LOF,0.005,0.0027561750610045,Recall,0.1008403361344537,56961,119,
9054a2733e37,rolling_origin,ULB,chronological,0,O,LOF,0.005,0.0027561750610045,F1,0.0013703323055841,56961,119,
9054a2733e37,rolling_origin,ULB,chronological,0,O,LOF,0.005,0.0027561750610045,TN,39459.0,56961,119,
9054a2733e37,rolling_origin,ULB,chronological,0,O,LOF,0.005,0.0027561750610045,FP,17383.0,56961,119,
9054a2733e37,rolling_origin,ULB,chronological,0,O,LOF,0.005,0.0027561750610045,FN,107.0,56961,119,
9054a2733e37,rolling_origin,ULB,chronological,0,O,LOF,0.005,0.0027561750610045,TP,12.0,56961,119,
9054a2733e37,rolling_origin,ULB,chronological,0,O,LOF,0.005,0.0027561750610045,n_alerts,17395.0,56961,119,
9054a2733e37,rolling_origin,ULB,chronological,0,O,LOF,0.005,0.0027561750610045,alert_rate,0.3053843858078334,56961,119,
9054a2733e37,rolling_origin,ULB,chronological,0,O,LOF,0.005,0.0027561750610045,prevalence,0.0020891487157879,56961,119,
9054a2733e37,rolling_origin,ULB,chronological,0,O,LOF,0.005,0.0027561750610045,lift,0.3302078980485555,56961,119,
9054a2733e37,rolling_origin,ULB,chronological,0,O,LOF,0.005,0.0027561750610045,tie_ratio,0.0081283685328558,56961,119,
9054a2733e37,rolling_origin,ULB,chronological,0,O,LOF,0.005,0.0027561750610045,fit_seconds,0.8110735416412354,56961,119,
9054a2733e37,rolling_origin,ULB,chronological,0,O,LOF,0.005,0.0027561750610045,score_seconds,5.094535112380981,56961,119,
28ebb9c52a2a,rolling_origin,ULB,chronological,0,O,OneClassSVM,0.005,0.0027561750610045,PR_AUC,0.1749412285740126,56961,119,
28ebb9c52a2a,rolling_origin,ULB,chronological,0,O,OneClassSVM,0.005,0.0027561750610045,ROC_AUC,0.9418759622352864,56961,119,
28ebb9c52a2a,rolling_origin,ULB,chronological,0,O,OneClassSVM,0.005,0.0027561750610045,Precision,0.2434210526315789,56961,119,
28ebb9c52a2a,rolling_origin,ULB,chronological,0,O,OneClassSVM,0.005,0.0027561750610045,Recall,0.3109243697478991,56961,119,
28ebb9c52a2a,rolling_origin,ULB,chronological,0,O,OneClassSVM,0.005,0.0027561750610045,F1,0.2730627306273063,56961,119,
28ebb9c52a2a,rolling_origin,ULB,chronological,0,O,OneClassSVM,0.005,0.0027561750610045,TN,56727.0,56961,119,
28ebb9c52a2a,rolling_origin,ULB,chronological,0,O,OneClassSVM,0.005,0.0027561750610045,FP,115.0,56961,119,
28ebb9c52a2a,rolling_origin,ULB,chronological,0,O,OneClassSVM,0.005,0.0027561750610045,FN,82.0,56961,119,
28ebb9c52a2a,rolling_origin,ULB,chronological,0,O,OneClassSVM,0.005,0.0027561750610045,TP,37.0,56961,119,
28ebb9c52a2a,rolling_origin,ULB,chronological,0,O,OneClassSVM,0.005,0.0027561750610045,n_alerts,152.0,56961,119,
28ebb9c52a2a,rolling_origin,ULB,chronological,0,O,OneClassSVM,0.005,0.0027561750610045,alert_rate,0.002668492477309,56961,119,
28ebb9c52a2a,rolling_origin,ULB,chronological,0,O,OneClassSVM,0.005,0.0027561750610045,prevalence,0.0020891487157879,56961,119,
28ebb9c52a2a,rolling_origin,ULB,chronological,0,O,OneClassSVM,0.005,0.0027561750610045,lift,116.5168620079611,56961,119,
28ebb9c52a2a,rolling_origin,ULB,chronological,0,O,OneClassSVM,0.005,0.0027561750610045,tie_ratio,0.0038447358719123,56961,119,
28ebb9c52a2a,rolling_origin,ULB,chronological,0,O,OneClassSVM,0.005,0.0027561750610045,fit_seconds,0.7999064922332764,56961,119,
28ebb9c52a2a,rolling_origin,ULB,chronological,0,O,OneClassSVM,0.005,0.0027561750610045,score_seconds,7.274287700653076,56961,119,
7c2708afedc3,rolling_origin,ULB,chronological,0,O,DBSCAN,0.005,0.0027561750610045,PR_AUC,0.197629730533793,56961,119,
7c2708afedc3,rolling_origin,ULB,chronological,0,O,DBSCAN,0.005,0.0027561750610045,ROC_AUC,0.9657118996220986,56961,119,
7c2708afedc3,rolling_origin,ULB,chronological,0,O,DBSCAN,0.005,0.0027561750610045,Precision,0.2714285714285714,56961,119,
7c2708afedc3,rolling_origin,ULB,chronological,0,O,DBSCAN,0.005,0.0027561750610045,Recall,0.3193277310924369,56961,119,
7c2708afedc3,rolling_origin,ULB,chronological,0,O,DBSCAN,0.005,0.0027561750610045,F1,0.2934362934362934,56961,119,
7c2708afedc3,rolling_origin,ULB,chronological,0,O,DBSCAN,0.005,0.0027561750610045,TN,56740.0,56961,119,
7c2708afedc3,rolling_origin,ULB,chronological,0,O,DBSCAN,0.005,0.0027561750610045,FP,102.0,56961,119,
7c2708afedc3,rolling_origin,ULB,chronological,0,O,DBSCAN,0.005,0.0027561750610045,FN,81.0,56961,119,
7c2708afedc3,rolling_origin,ULB,chronological,0,O,DBSCAN,0.005,0.0027561750610045,TP,38.0,56961,119,
7c2708afedc3,rolling_origin,ULB,chronological,0,O,DBSCAN,0.005,0.0027561750610045,n_alerts,140.0,56961,119,
7c2708afedc3,rolling_origin,ULB,chronological,0,O,DBSCAN,0.005,0.0027561750610045,alert_rate,0.0024578220185741,56961,119,
7c2708afedc3,rolling_origin,ULB,chronological,0,O,DBSCAN,0.005,0.0027561750610045,prevalence,0.0020891487157879,56961,119,
7c2708afedc3,rolling_origin,ULB,chronological,0,O,DBSCAN,0.005,0.0027561750610045,lift,129.92304921968787,56961,119,
7c2708afedc3,rolling_origin,ULB,chronological,0,O,DBSCAN,0.005,0.0027561750610045,tie_ratio,0.0060743315601903,56961,119,
7c2708afedc3,rolling_origin,ULB,chronological,0,O,DBSCAN,0.005,0.0027561750610045,fit_seconds,0.7053320407867432,56961,119,
7c2708afedc3,rolling_origin,ULB,chronological,0,O,DBSCAN,0.005,0.0027561750610045,score_seconds,0.0488567352294921,56961,119,
f6a504b3a0af,rolling_origin,ULB,chronological,0,O,KMeans,0.005,0.0027561750610045,PR_AUC,0.1413798543053351,56961,119,
f6a504b3a0af,rolling_origin,ULB,chronological,0,O,KMeans,0.005,0.0027561750610045,ROC_AUC,0.9690708344137768,56961,119,
f6a504b3a0af,rolling_origin,ULB,chronological,0,O,KMeans,0.005,0.0027561750610045,Precision,0.1438848920863309,56961,119,
f6a504b3a0af,rolling_origin,ULB,chronological,0,O,KMeans,0.005,0.0027561750610045,Recall,0.1680672268907563,56961,119,
f6a504b3a0af,rolling_origin,ULB,chronological,0,O,KMeans,0.005,0.0027561750610045,F1,0.1550387596899224,56961,119,
f6a504b3a0af,rolling_origin,ULB,chronological,0,O,KMeans,0.005,0.0027561750610045,TN,56723.0,56961,119,
f6a504b3a0af,rolling_origin,ULB,chronological,0,O,KMeans,0.005,0.0027561750610045,FP,119.0,56961,119,
f6a504b3a0af,rolling_origin,ULB,chronological,0,O,KMeans,0.005,0.0027561750610045,FN,99.0,56961,119,
f6a504b3a0af,rolling_origin,ULB,chronological,0,O,KMeans,0.005,0.0027561750610045,TP,20.0,56961,119,
f6a504b3a0af,rolling_origin,ULB,chronological,0,O,KMeans,0.005,0.0027561750610045,n_alerts,139.0,56961,119,
f6a504b3a0af,rolling_origin,ULB,chronological,0,O,KMeans,0.005,0.0027561750610045,alert_rate,0.0024402661470128,56961,119,
f6a504b3a0af,rolling_origin,ULB,chronological,0,O,KMeans,0.005,0.0027561750610045,prevalence,0.0020891487157879,56961,119,
f6a504b3a0af,rolling_origin,ULB,chronological,0,O,KMeans,0.005,0.0027561750610045,lift,68.87249863974367,56961,119,
f6a504b3a0af,rolling_origin,ULB,chronological,0,O,KMeans,0.005,0.0027561750610045,tie_ratio,0.0070047927529361,56961,119,
f6a504b3a0af,rolling_origin,ULB,chronological,0,O,KMeans,0.005,0.0027561750610045,fit_seconds,2.0323994159698486,56961,119,
f6a504b3a0af,rolling_origin,ULB,chronological,0,O,KMeans,0.005,0.0027561750610045,score_seconds,0.1055376529693603,56961,119,
d6a41632a9df,rolling_origin,ULB,chronological,0,O,Ensemble,0.005,0.0027561750610045,PR_AUC,0.0488046523011541,56961,119,
d6a41632a9df,rolling_origin,ULB,chronological,0,O,Ensemble,0.005,0.0027561750610045,ROC_AUC,0.6574652309113365,56961,119,
d6a41632a9df,rolling_origin,ULB,chronological,0,O,Ensemble,0.005,0.0027561750610045,Precision,0.1635220125786163,56961,119,
d6a41632a9df,rolling_origin,ULB,chronological,0,O,Ensemble,0.005,0.0027561750610045,Recall,0.2184873949579832,56961,119,
d6a41632a9df,rolling_origin,ULB,chronological,0,O,Ensemble,0.005,0.0027561750610045,F1,0.1870503597122302,56961,119,
d6a41632a9df,rolling_origin,ULB,chronological,0,O,Ensemble,0.005,0.0027561750610045,TN,56709.0,56961,119,
d6a41632a9df,rolling_origin,ULB,chronological,0,O,Ensemble,0.005,0.0027561750610045,FP,133.0,56961,119,
d6a41632a9df,rolling_origin,ULB,chronological,0,O,Ensemble,0.005,0.0027561750610045,FN,93.0,56961,119,
d6a41632a9df,rolling_origin,ULB,chronological,0,O,Ensemble,0.005,0.0027561750610045,TP,26.0,56961,119,
d6a41632a9df,rolling_origin,ULB,chronological,0,O,Ensemble,0.005,0.0027561750610045,n_alerts,159.0,56961,119,
d6a41632a9df,rolling_origin,ULB,chronological,0,O,Ensemble,0.005,0.0027561750610045,alert_rate,0.0027913835782377,56961,119,
d6a41632a9df,rolling_origin,ULB,chronological,0,O,Ensemble,0.005,0.0027561750610045,prevalence,0.0020891487157879,56961,119,
d6a41632a9df,rolling_origin,ULB,chronological,0,O,Ensemble,0.005,0.0027561750610045,lift,78.27207864277787,56961,119,
d6a41632a9df,rolling_origin,ULB,chronological,0,O,Ensemble,0.005,0.0027561750610045,tie_ratio,0.0772985024841558,56961,119,
d6a41632a9df,rolling_origin,ULB,chronological,0,O,Ensemble,0.005,0.0027561750610045,fit_seconds,0.0,56961,119,
d6a41632a9df,rolling_origin,ULB,chronological,0,O,Ensemble,0.005,0.0027561750610045,score_seconds,0.0,56961,119,
59dc33fda45c,rolling_origin,ULB,chronological,0,O,Ensemble,0.005,0.0027561750610045,single_point_invariant,1.0,56961,119,invariance
b974a3e99ac1,rolling_origin,ULB,chronological,1,U,IsolationForest,0.005,0.005,PR_AUC,0.0254741416794936,56961,57,
b974a3e99ac1,rolling_origin,ULB,chronological,1,U,IsolationForest,0.005,0.005,ROC_AUC,0.9376339590717268,56961,57,
b974a3e99ac1,rolling_origin,ULB,chronological,1,U,IsolationForest,0.005,0.005,Precision,0.0421052631578947,56961,57,
b974a3e99ac1,rolling_origin,ULB,chronological,1,U,IsolationForest,0.005,0.005,Recall,0.2105263157894736,56961,57,
b974a3e99ac1,rolling_origin,ULB,chronological,1,U,IsolationForest,0.005,0.005,F1,0.0701754385964912,56961,57,
b974a3e99ac1,rolling_origin,ULB,chronological,1,U,IsolationForest,0.005,0.005,TN,56631.0,56961,57,
b974a3e99ac1,rolling_origin,ULB,chronological,1,U,IsolationForest,0.005,0.005,FP,273.0,56961,57,
b974a3e99ac1,rolling_origin,ULB,chronological,1,U,IsolationForest,0.005,0.005,FN,45.0,56961,57,
b974a3e99ac1,rolling_origin,ULB,chronological,1,U,IsolationForest,0.005,0.005,TP,12.0,56961,57,
b974a3e99ac1,rolling_origin,ULB,chronological,1,U,IsolationForest,0.005,0.005,n_alerts,285.0,56961,57,
b974a3e99ac1,rolling_origin,ULB,chronological,1,U,IsolationForest,0.005,0.005,alert_rate,0.0050034233949544,56961,57,
b974a3e99ac1,rolling_origin,ULB,chronological,1,U,IsolationForest,0.005,0.005,prevalence,0.0010006846789908,56961,57,
b974a3e99ac1,rolling_origin,ULB,chronological,1,U,IsolationForest,0.005,0.005,lift,42.076454293628814,56961,57,
b974a3e99ac1,rolling_origin,ULB,chronological,1,U,IsolationForest,0.005,0.005,tie_ratio,0.043380558627833,56961,57,
b974a3e99ac1,rolling_origin,ULB,chronological,1,U,IsolationForest,0.005,0.005,fit_seconds,1.1489810943603516,56961,57,
b974a3e99ac1,rolling_origin,ULB,chronological,1,U,IsolationForest,0.005,0.005,score_seconds,1.5752520561218262,56961,57,
4e48eb1cabc4,rolling_origin,ULB,chronological,1,U,LOF,0.005,0.005,PR_AUC,0.0013313080737317,56961,57,
4e48eb1cabc4,rolling_origin,ULB,chronological,1,U,LOF,0.005,0.005,ROC_AUC,0.4418395648195421,56961,57,
4e48eb1cabc4,rolling_origin,ULB,chronological,1,U,LOF,0.005,0.005,Precision,0.003700962250185,56961,57,
4e48eb1cabc4,rolling_origin,ULB,chronological,1,U,LOF,0.005,0.005,Recall,0.087719298245614,56961,57,
4e48eb1cabc4,rolling_origin,ULB,chronological,1,U,LOF,0.005,0.005,F1,0.0071022727272727,56961,57,
4e48eb1cabc4,rolling_origin,ULB,chronological,1,U,LOF,0.005,0.005,TN,55558.0,56961,57,
4e48eb1cabc4,rolling_origin,ULB,chronological,1,U,LOF,0.005,0.005,FP,1346.0,56961,57,
4e48eb1cabc4,rolling_origin,ULB,chronological,1,U,LOF,0.005,0.005,FN,52.0,56961,57,
4e48eb1cabc4,rolling_origin,ULB,chronological,1,U,LOF,0.005,0.005,TP,5.0,56961,57,
4e48eb1cabc4,rolling_origin,ULB,chronological,1,U,LOF,0.005,0.005,n_alerts,1351.0,56961,57,
4e48eb1cabc4,rolling_origin,ULB,chronological,1,U,LOF,0.005,0.005,alert_rate,0.0237179824792401,56961,57,
4e48eb1cabc4,rolling_origin,ULB,chronological,1,U,LOF,0.005,0.005,prevalence,0.0010006846789908,56961,57,
4e48eb1cabc4,rolling_origin,ULB,chronological,1,U,LOF,0.005,0.005,lift,3.698430012855974,56961,57,
4e48eb1cabc4,rolling_origin,ULB,chronological,1,U,LOF,0.005,0.005,tie_ratio,0.00705746036762,56961,57,
4e48eb1cabc4,rolling_origin,ULB,chronological,1,U,LOF,0.005,0.005,fit_seconds,0.8018989562988281,56961,57,
4e48eb1cabc4,rolling_origin,ULB,chronological,1,U,LOF,0.005,0.005,score_seconds,5.094581842422485,56961,57,
ef0ca07279be,rolling_origin,ULB,chronological,1,U,OneClassSVM,0.005,0.005,PR_AUC,0.0313481650511483,56961,57,
ef0ca07279be,rolling_origin,ULB,chronological,1,U,OneClassSVM,0.005,0.005,ROC_AUC,0.9441413793868898,56961,57,
ef0ca07279be,rolling_origin,ULB,chronological,1,U,OneClassSVM,0.005,0.005,Precision,0.045045045045045,56961,57,
ef0ca07279be,rolling_origin,ULB,chronological,1,U,OneClassSVM,0.005,0.005,Recall,0.5263157894736842,56961,57,
ef0ca07279be,rolling_origin,ULB,chronological,1,U,OneClassSVM,0.005,0.005,F1,0.0829875518672199,56961,57,
ef0ca07279be,rolling_origin,ULB,chronological,1,U,OneClassSVM,0.005,0.005,TN,56268.0,56961,57,
ef0ca07279be,rolling_origin,ULB,chronological,1,U,OneClassSVM,0.005,0.005,FP,636.0,56961,57,
ef0ca07279be,rolling_origin,ULB,chronological,1,U,OneClassSVM,0.005,0.005,FN,27.0,56961,57,
ef0ca07279be,rolling_origin,ULB,chronological,1,U,OneClassSVM,0.005,0.005,TP,30.0,56961,57,
ef0ca07279be,rolling_origin,ULB,chronological,1,U,OneClassSVM,0.005,0.005,n_alerts,666.0,56961,57,
ef0ca07279be,rolling_origin,ULB,chronological,1,U,OneClassSVM,0.005,0.005,alert_rate,0.0116922104597882,56961,57,
ef0ca07279be,rolling_origin,ULB,chronological,1,U,OneClassSVM,0.005,0.005,prevalence,0.0010006846789908,56961,57,
ef0ca07279be,rolling_origin,ULB,chronological,1,U,OneClassSVM,0.005,0.005,lift,45.014224751066855,56961,57,
ef0ca07279be,rolling_origin,ULB,chronological,1,U,OneClassSVM,0.005,0.005,tie_ratio,0.00338828321132,56961,57,
ef0ca07279be,rolling_origin,ULB,chronological,1,U,OneClassSVM,0.005,0.005,fit_seconds,1.013329267501831,56961,57,
ef0ca07279be,rolling_origin,ULB,chronological,1,U,OneClassSVM,0.005,0.005,score_seconds,8.081071376800537,56961,57,
a7e64b9e5ae2,rolling_origin,ULB,chronological,1,U,DBSCAN,0.005,0.005,PR_AUC,0.0142588316815956,56961,57,
a7e64b9e5ae2,rolling_origin,ULB,chronological,1,U,DBSCAN,0.005,0.005,ROC_AUC,0.9288540132843004,56961,57,
a7e64b9e5ae2,rolling_origin,ULB,chronological,1,U,DBSCAN,0.005,0.005,Precision,0.0045662100456621,56961,57,
a7e64b9e5ae2,rolling_origin,ULB,chronological,1,U,DBSCAN,0.005,0.005,Recall,0.0350877192982456,56961,57,
a7e64b9e5ae2,rolling_origin,ULB,chronological,1,U,DBSCAN,0.005,0.005,F1,0.008080808080808,56961,57,
a7e64b9e5ae2,rolling_origin,ULB,chronological,1,U,DBSCAN,0.005,0.005,TN,56468.0,56961,57,
a7e64b9e5ae2,rolling_origin,ULB,chronological,1,U,DBSCAN,0.005,0.005,FP,436.0,56961,57,
a7e64b9e5ae2,rolling_origin,ULB,chronological,1,U,DBSCAN,0.005,0.005,FN,55.0,56961,57,
a7e64b9e5ae2,rolling_origin,ULB,chronological,1,U,DBSCAN,0.005,0.005,TP,2.0,56961,57,
a7e64b9e5ae2,rolling_origin,ULB,chronological,1,U,DBSCAN,0.005,0.005,n_alerts,438.0,56961,57,
a7e64b9e5ae2,rolling_origin,ULB,chronological,1,U,DBSCAN,0.005,0.005,alert_rate,0.0076894717438247,56961,57,
a7e64b9e5ae2,rolling_origin,ULB,chronological,1,U,DBSCAN,0.005,0.005,prevalence,0.0010006846789908,56961,57,
a7e64b9e5ae2,rolling_origin,ULB,chronological,1,U,DBSCAN,0.005,0.005,lift,4.56308579668349,56961,57,
a7e64b9e5ae2,rolling_origin,ULB,chronological,1,U,DBSCAN,0.005,0.005,tie_ratio,0.0050034233949544,56961,57,
a7e64b9e5ae2,rolling_origin,ULB,chronological,1,U,DBSCAN,0.005,0.005,fit_seconds,0.7024519443511963,56961,57,
a7e64b9e5ae2,rolling_origin,ULB,chronological,1,U,DBSCAN,0.005,0.005,score_seconds,0.0539820194244384,56961,57,
9183e12dbf83,rolling_origin,ULB,chronological,1,U,KMeans,0.005,0.005,PR_AUC,0.0268188113406501,56961,57,
9183e12dbf83,rolling_origin,ULB,chronological,1,U,KMeans,0.005,0.005,ROC_AUC,0.9532663198837809,56961,57,
9183e12dbf83,rolling_origin,ULB,chronological,1,U,KMeans,0.005,0.005,Precision,0.0182767624020887,56961,57,
9183e12dbf83,rolling_origin,ULB,chronological,1,U,KMeans,0.005,0.005,Recall,0.1228070175438596,56961,57,
9183e12dbf83,rolling_origin,ULB,chronological,1,U,KMeans,0.005,0.005,F1,0.0318181818181818,56961,57,
9183e12dbf83,rolling_origin,ULB,chronological,1,U,KMeans,0.005,0.005,TN,56528.0,56961,57,
9183e12dbf83,rolling_origin,ULB,chronological,1,U,KMeans,0.005,0.005,FP,376.0,56961,57,
9183e12dbf83,rolling_origin,ULB,chronological,1,U,KMeans,0.005,0.005,FN,50.0,56961,57,
9183e12dbf83,rolling_origin,ULB,chronological,1,U,KMeans,0.005,0.005,TP,7.0,56961,57,
9183e12dbf83,rolling_origin,ULB,chronological,1,U,KMeans,0.005,0.005,n_alerts,383.0,56961,57,
9183e12dbf83,rolling_origin,ULB,chronological,1,U,KMeans,0.005,0.005,alert_rate,0.0067238988079563,56961,57,
9183e12dbf83,rolling_origin,ULB,chronological,1,U,KMeans,0.005,0.005,prevalence,0.0010006846789908,56961,57,
9183e12dbf83,rolling_origin,ULB,chronological,1,U,KMeans,0.005,0.005,lift,18.264257248866294,56961,57,
9183e12dbf83,rolling_origin,ULB,chronological,1,U,KMeans,0.005,0.005,tie_ratio,0.0056529906427205,56961,57,
9183e12dbf83,rolling_origin,ULB,chronological,1,U,KMeans,0.005,0.005,fit_seconds,4.281689405441284,56961,57,
9183e12dbf83,rolling_origin,ULB,chronological,1,U,KMeans,0.005,0.005,score_seconds,0.1145117282867431,56961,57,
3e655ee48b08,rolling_origin,ULB,chronological,1,U,Ensemble,0.005,0.005,PR_AUC,0.0536583040166893,56961,57,
3e655ee48b08,rolling_origin,ULB,chronological,1,U,Ensemble,0.005,0.005,ROC_AUC,0.911128561245656,56961,57,
3e655ee48b08,rolling_origin,ULB,chronological,1,U,Ensemble,0.005,0.005,Precision,0.0349344978165938,56961,57,
3e655ee48b08,rolling_origin,ULB,chronological,1,U,Ensemble,0.005,0.005,Recall,0.4210526315789473,56961,57,
3e655ee48b08,rolling_origin,ULB,chronological,1,U,Ensemble,0.005,0.005,F1,0.064516129032258,56961,57,
3e655ee48b08,rolling_origin,ULB,chronological,1,U,Ensemble,0.005,0.005,TN,56241.0,56961,57,
3e655ee48b08,rolling_origin,ULB,chronological,1,U,Ensemble,0.005,0.005,FP,663.0,56961,57,
3e655ee48b08,rolling_origin,ULB,chronological,1,U,Ensemble,0.005,0.005,FN,33.0,56961,57,
3e655ee48b08,rolling_origin,ULB,chronological,1,U,Ensemble,0.005,0.005,TP,24.0,56961,57,
3e655ee48b08,rolling_origin,ULB,chronological,1,U,Ensemble,0.005,0.005,n_alerts,687.0,56961,57,
3e655ee48b08,rolling_origin,ULB,chronological,1,U,Ensemble,0.005,0.005,alert_rate,0.0120608837625743,56961,57,
3e655ee48b08,rolling_origin,ULB,chronological,1,U,Ensemble,0.005,0.005,prevalence,0.0010006846789908,56961,57,
3e655ee48b08,rolling_origin,ULB,chronological,1,U,Ensemble,0.005,0.005,lift,34.910595265456216,56961,57,
3e655ee48b08,rolling_origin,ULB,chronological,1,U,Ensemble,0.005,0.005,tie_ratio,0.0722775232176401,56961,57,
3e655ee48b08,rolling_origin,ULB,chronological,1,U,Ensemble,0.005,0.005,fit_seconds,0.0,56961,57,
3e655ee48b08,rolling_origin,ULB,chronological,1,U,Ensemble,0.005,0.005,score_seconds,0.0,56961,57,
2f31fd161a5d,rolling_origin,ULB,chronological,1,U,Ensemble,0.005,0.005,single_point_invariant,1.0,56961,57,invariance
1a7dc84ef52c,rolling_origin,ULB,chronological,1,N,IsolationForest,0.005,0.005,PR_AUC,0.0210180794640137,56961,57,
1a7dc84ef52c,rolling_origin,ULB,chronological,1,N,IsolationForest,0.005,0.005,ROC_AUC,0.9392766148465498,56961,57,
1a7dc84ef52c,rolling_origin,ULB,chronological,1,N,IsolationForest,0.005,0.005,Precision,0.0061538461538461,56961,57,
1a7dc84ef52c,rolling_origin,ULB,chronological,1,N,IsolationForest,0.005,0.005,Recall,0.0350877192982456,56961,57,
1a7dc84ef52c,rolling_origin,ULB,chronological,1,N,IsolationForest,0.005,0.005,F1,0.0104712041884816,56961,57,
1a7dc84ef52c,rolling_origin,ULB,chronological,1,N,IsolationForest,0.005,0.005,TN,56581.0,56961,57,
1a7dc84ef52c,rolling_origin,ULB,chronological,1,N,IsolationForest,0.005,0.005,FP,323.0,56961,57,
1a7dc84ef52c,rolling_origin,ULB,chronological,1,N,IsolationForest,0.005,0.005,FN,55.0,56961,57,
1a7dc84ef52c,rolling_origin,ULB,chronological,1,N,IsolationForest,0.005,0.005,TP,2.0,56961,57,
1a7dc84ef52c,rolling_origin,ULB,chronological,1,N,IsolationForest,0.005,0.005,n_alerts,325.0,56961,57,
1a7dc84ef52c,rolling_origin,ULB,chronological,1,N,IsolationForest,0.005,0.005,alert_rate,0.0057056582574041,56961,57,
1a7dc84ef52c,rolling_origin,ULB,chronological,1,N,IsolationForest,0.005,0.005,prevalence,0.0010006846789908,56961,57,
1a7dc84ef52c,rolling_origin,ULB,chronological,1,N,IsolationForest,0.005,0.005,lift,6.1496356275303645,56961,57,
1a7dc84ef52c,rolling_origin,ULB,chronological,1,N,IsolationForest,0.005,0.005,tie_ratio,0.0421340917469847,56961,57,
1a7dc84ef52c,rolling_origin,ULB,chronological,1,N,IsolationForest,0.005,0.005,fit_seconds,1.162416696548462,56961,57,
1a7dc84ef52c,rolling_origin,ULB,chronological,1,N,IsolationForest,0.005,0.005,score_seconds,1.5656027793884275,56961,57,
b2445bf463ee,rolling_origin,ULB,chronological,1,N,LOF,0.005,0.005,PR_AUC,0.1505961214663301,56961,57,
b2445bf463ee,rolling_origin,ULB,chronological,1,N,LOF,0.005,0.005,ROC_AUC,0.866651066369706,56961,57,
b2445bf463ee,rolling_origin,ULB,chronological,1,N,LOF,0.005,0.005,Precision,0.0301455301455301,56961,57,
b2445bf463ee,rolling_origin,ULB,chronological,1,N,LOF,0.005,0.005,Recall,0.5087719298245614,56961,57,
b2445bf463ee,rolling_origin,ULB,chronological,1,N,LOF,0.005,0.005,F1,0.056918547595682,56961,57,
b2445bf463ee,rolling_origin,ULB,chronological,1,N,LOF,0.005,0.005,TN,55971.0,56961,57,
b2445bf463ee,rolling_origin,ULB,chronological,1,N,LOF,0.005,0.005,FP,933.0,56961,57,
b2445bf463ee,rolling_origin,ULB,chronological,1,N,LOF,0.005,0.005,FN,28.0,56961,57,
b2445bf463ee,rolling_origin,ULB,chronological,1,N,LOF,0.005,0.005,TP,29.0,56961,57,
b2445bf463ee,rolling_origin,ULB,chronological,1,N,LOF,0.005,0.005,n_alerts,962.0,56961,57,
b2445bf463ee,rolling_origin,ULB,chronological,1,N,LOF,0.005,0.005,alert_rate,0.0168887484419163,56961,57,
b2445bf463ee,rolling_origin,ULB,chronological,1,N,LOF,0.005,0.005,prevalence,0.0010006846789908,56961,57,
b2445bf463ee,rolling_origin,ULB,chronological,1,N,LOF,0.005,0.005,lift,30.12490425648321,56961,57,
b2445bf463ee,rolling_origin,ULB,chronological,1,N,LOF,0.005,0.005,tie_ratio,0.0072681308263549,56961,57,
b2445bf463ee,rolling_origin,ULB,chronological,1,N,LOF,0.005,0.005,fit_seconds,0.8067827224731445,56961,57,
b2445bf463ee,rolling_origin,ULB,chronological,1,N,LOF,0.005,0.005,score_seconds,5.104099750518799,56961,57,
f4a4364d685c,rolling_origin,ULB,chronological,1,N,OneClassSVM,0.005,0.005,PR_AUC,0.0992602980558168,56961,57,
f4a4364d685c,rolling_origin,ULB,chronological,1,N,OneClassSVM,0.005,0.005,ROC_AUC,0.9552854176070008,56961,57,
f4a4364d685c,rolling_origin,ULB,chronological,1,N,OneClassSVM,0.005,0.005,Precision,0.0810313075506445,56961,57,
f4a4364d685c,rolling_origin,ULB,chronological,1,N,OneClassSVM,0.005,0.005,Recall,0.7719298245614035,56961,57,
f4a4364d685c,rolling_origin,ULB,chronological,1,N,OneClassSVM,0.005,0.005,F1,0.1466666666666666,56961,57,
f4a4364d685c,rolling_origin,ULB,chronological,1,N,OneClassSVM,0.005,0.005,TN,56405.0,56961,57,
f4a4364d685c,rolling_origin,ULB,chronological,1,N,OneClassSVM,0.005,0.005,FP,499.0,56961,57,
f4a4364d685c,rolling_origin,ULB,chronological,1,N,OneClassSVM,0.005,0.005,FN,13.0,56961,57,
f4a4364d685c,rolling_origin,ULB,chronological,1,N,OneClassSVM,0.005,0.005,TP,44.0,56961,57,
f4a4364d685c,rolling_origin,ULB,chronological,1,N,OneClassSVM,0.005,0.005,n_alerts,543.0,56961,57,
f4a4364d685c,rolling_origin,ULB,chronological,1,N,OneClassSVM,0.005,0.005,alert_rate,0.0095328382577553,56961,57,
f4a4364d685c,rolling_origin,ULB,chronological,1,N,OneClassSVM,0.005,0.005,prevalence,0.0010006846789908,56961,57,
f4a4364d685c,rolling_origin,ULB,chronological,1,N,OneClassSVM,0.005,0.005,lift,80.97586507705729,56961,57,
f4a4364d685c,rolling_origin,ULB,chronological,1,N,OneClassSVM,0.005,0.005,tie_ratio,0.0033531714681975,56961,57,
f4a4364d685c,rolling_origin,ULB,chronological,1,N,OneClassSVM,0.005,0.005,fit_seconds,0.8469786643981934,56961,57,
f4a4364d685c,rolling_origin,ULB,chronological,1,N,OneClassSVM,0.005,0.005,score_seconds,8.193190097808838,56961,57,
8885efa316ed,rolling_origin,ULB,chronological,1,N,DBSCAN,0.005,0.005,PR_AUC,0.0140293523496893,56961,57,
8885efa316ed,rolling_origin,ULB,chronological,1,N,DBSCAN,0.005,0.005,ROC_AUC,0.9259836819660568,56961,57,
8885efa316ed,rolling_origin,ULB,chronological,1,N,DBSCAN,0.005,0.005,Precision,0.0045766590389016,56961,57,
8885efa316ed,rolling_origin,ULB,chronological,1,N,DBSCAN,0.005,0.005,Recall,0.0350877192982456,56961,57,
8885efa316ed,rolling_origin,ULB,chronological,1,N,DBSCAN,0.005,0.005,F1,0.0080971659919028,56961,57,
8885efa316ed,rolling_origin,ULB,chronological,1,N,DBSCAN,0.005,0.005,TN,56469.0,56961,57,
8885efa316ed,rolling_origin,ULB,chronological,1,N,DBSCAN,0.005,0.005,FP,435.0,56961,57,
8885efa316ed,rolling_origin,ULB,chronological,1,N,DBSCAN,0.005,0.005,FN,55.0,56961,57,
8885efa316ed,rolling_origin,ULB,chronological,1,N,DBSCAN,0.005,0.005,TP,2.0,56961,57,
8885efa316ed,rolling_origin,ULB,chronological,1,N,DBSCAN,0.005,0.005,n_alerts,437.0,56961,57,
8885efa316ed,rolling_origin,ULB,chronological,1,N,DBSCAN,0.005,0.005,alert_rate,0.0076719158722634,56961,57,
8885efa316ed,rolling_origin,ULB,chronological,1,N,DBSCAN,0.005,0.005,prevalence,0.0010006846789908,56961,57,
8885efa316ed,rolling_origin,ULB,chronological,1,N,DBSCAN,0.005,0.005,lift,4.573527640611827,56961,57,
8885efa316ed,rolling_origin,ULB,chronological,1,N,DBSCAN,0.005,0.005,tie_ratio,0.0052667614683731,56961,57,
8885efa316ed,rolling_origin,ULB,chronological,1,N,DBSCAN,0.005,0.005,fit_seconds,0.6996493339538574,56961,57,
8885efa316ed,rolling_origin,ULB,chronological,1,N,DBSCAN,0.005,0.005,score_seconds,0.0376191139221191,56961,57,
2f031a7d016a,rolling_origin,ULB,chronological,1,N,KMeans,0.005,0.005,PR_AUC,0.0304421304414591,56961,57,
2f031a7d016a,rolling_origin,ULB,chronological,1,N,KMeans,0.005,0.005,ROC_AUC,0.9563913121761244,56961,57,
2f031a7d016a,rolling_origin,ULB,chronological,1,N,KMeans,0.005,0.005,Precision,0.0257731958762886,56961,57,
2f031a7d016a,rolling_origin,ULB,chronological,1,N,KMeans,0.005,0.005,Recall,0.175438596491228,56961,57,
2f031a7d016a,rolling_origin,ULB,chronological,1,N,KMeans,0.005,0.005,F1,0.0449438202247191,56961,57,
2f031a7d016a,rolling_origin,ULB,chronological,1,N,KMeans,0.005,0.005,TN,56526.0,56961,57,
2f031a7d016a,rolling_origin,ULB,chronological,1,N,KMeans,0.005,0.005,FP,378.0,56961,57,
2f031a7d016a,rolling_origin,ULB,chronological,1,N,KMeans,0.005,0.005,FN,47.0,56961,57,
2f031a7d016a,rolling_origin,ULB,chronological,1,N,KMeans,0.005,0.005,TP,10.0,56961,57,
2f031a7d016a,rolling_origin,ULB,chronological,1,N,KMeans,0.005,0.005,n_alerts,388.0,56961,57,
2f031a7d016a,rolling_origin,ULB,chronological,1,N,KMeans,0.005,0.005,alert_rate,0.0068116781657625,56961,57,
2f031a7d016a,rolling_origin,ULB,chronological,1,N,KMeans,0.005,0.005,prevalence,0.0010006846789908,56961,57,
2f031a7d016a,rolling_origin,ULB,chronological,1,N,KMeans,0.005,0.005,lift,25.755561584373304,56961,57,
2f031a7d016a,rolling_origin,ULB,chronological,1,N,KMeans,0.005,0.005,tie_ratio,0.0058461052298941,56961,57,
2f031a7d016a,rolling_origin,ULB,chronological,1,N,KMeans,0.005,0.005,fit_seconds,4.1200337409973145,56961,57,
2f031a7d016a,rolling_origin,ULB,chronological,1,N,KMeans,0.005,0.005,score_seconds,0.1120457649230957,56961,57,
0420ae0769d2,rolling_origin,ULB,chronological,1,N,Ensemble,0.005,0.005,PR_AUC,0.3252193077968053,56961,57,
0420ae0769d2,rolling_origin,ULB,chronological,1,N,Ensemble,0.005,0.005,ROC_AUC,0.9639879785221523,56961,57,
0420ae0769d2,rolling_origin,ULB,chronological,1,N,Ensemble,0.005,0.005,Precision,0.0950323974082073,56961,57,
0420ae0769d2,rolling_origin,ULB,chronological,1,N,Ensemble,0.005,0.005,Recall,0.7719298245614035,56961,57,
0420ae0769d2,rolling_origin,ULB,chronological,1,N,Ensemble,0.005,0.005,F1,0.1692307692307692,56961,57,
0420ae0769d2,rolling_origin,ULB,chronological,1,N,Ensemble,0.005,0.005,TN,56485.0,56961,57,
0420ae0769d2,rolling_origin,ULB,chronological,1,N,Ensemble,0.005,0.005,FP,419.0,56961,57,
0420ae0769d2,rolling_origin,ULB,chronological,1,N,Ensemble,0.005,0.005,FN,13.0,56961,57,
0420ae0769d2,rolling_origin,ULB,chronological,1,N,Ensemble,0.005,0.005,TP,44.0,56961,57,
0420ae0769d2,rolling_origin,ULB,chronological,1,N,Ensemble,0.005,0.005,n_alerts,463.0,56961,57,
0420ae0769d2,rolling_origin,ULB,chronological,1,N,Ensemble,0.005,0.005,alert_rate,0.0081283685328558,56961,57,
0420ae0769d2,rolling_origin,ULB,chronological,1,N,Ensemble,0.005,0.005,prevalence,0.0010006846789908,56961,57,
0420ae0769d2,rolling_origin,ULB,chronological,1,N,Ensemble,0.005,0.005,lift,94.96737524155964,56961,57,
0420ae0769d2,rolling_origin,ULB,chronological,1,N,Ensemble,0.005,0.005,tie_ratio,0.070539491933077,56961,57,
0420ae0769d2,rolling_origin,ULB,chronological,1,N,Ensemble,0.005,0.005,fit_seconds,0.0,56961,57,
0420ae0769d2,rolling_origin,ULB,chronological,1,N,Ensemble,0.005,0.005,score_seconds,0.0,56961,57,
a6815f71467b,rolling_origin,ULB,chronological,1,N,Ensemble,0.005,0.005,single_point_invariant,1.0,56961,57,invariance
042fb429903b,rolling_origin,ULB,chronological,1,O,IsolationForest,0.005,0.0021154453846423,PR_AUC,0.0254741416794936,56961,57,
042fb429903b,rolling_origin,ULB,chronological,1,O,IsolationForest,0.005,0.0021154453846423,ROC_AUC,0.9376339590717268,56961,57,
042fb429903b,rolling_origin,ULB,chronological,1,O,IsolationForest,0.005,0.0021154453846423,Precision,0.0087719298245614,56961,57,
042fb429903b,rolling_origin,ULB,chronological,1,O,IsolationForest,0.005,0.0021154453846423,Recall,0.0175438596491228,56961,57,
042fb429903b,rolling_origin,ULB,chronological,1,O,IsolationForest,0.005,0.0021154453846423,F1,0.0116959064327485,56961,57,
042fb429903b,rolling_origin,ULB,chronological,1,O,IsolationForest,0.005,0.0021154453846423,TN,56791.0,56961,57,
042fb429903b,rolling_origin,ULB,chronological,1,O,IsolationForest,0.005,0.0021154453846423,FP,113.0,56961,57,
042fb429903b,rolling_origin,ULB,chronological,1,O,IsolationForest,0.005,0.0021154453846423,FN,56.0,56961,57,
042fb429903b,rolling_origin,ULB,chronological,1,O,IsolationForest,0.005,0.0021154453846423,TP,1.0,56961,57,
042fb429903b,rolling_origin,ULB,chronological,1,O,IsolationForest,0.005,0.0021154453846423,n_alerts,114.0,56961,57,
042fb429903b,rolling_origin,ULB,chronological,1,O,IsolationForest,0.005,0.0021154453846423,alert_rate,0.0020013693579817,56961,57,
042fb429903b,rolling_origin,ULB,chronological,1,O,IsolationForest,0.005,0.0021154453846423,prevalence,0.0010006846789908,56961,57,
042fb429903b,rolling_origin,ULB,chronological,1,O,IsolationForest,0.005,0.0021154453846423,lift,8.765927977839336,56961,57,
042fb429903b,rolling_origin,ULB,chronological,1,O,IsolationForest,0.005,0.0021154453846423,tie_ratio,0.043380558627833,56961,57,
042fb429903b,rolling_origin,ULB,chronological,1,O,IsolationForest,0.005,0.0021154453846423,fit_seconds,1.1508491039276123,56961,57,
042fb429903b,rolling_origin,ULB,chronological,1,O,IsolationForest,0.005,0.0021154453846423,score_seconds,1.5778968334197998,56961,57,
eddca9fff1ef,rolling_origin,ULB,chronological,1,O,LOF,0.005,0.0021154453846423,PR_AUC,0.0013313080737317,56961,57,
eddca9fff1ef,rolling_origin,ULB,chronological,1,O,LOF,0.005,0.0021154453846423,ROC_AUC,0.4418395648195421,56961,57,
eddca9fff1ef,rolling_origin,ULB,chronological,1,O,LOF,0.005,0.0021154453846423,Precision,0.0,56961,57,
eddca9fff1ef,rolling_origin,ULB,chronological,1,O,LOF,0.005,0.0021154453846423,Recall,0.0,56961,57,
eddca9fff1ef,rolling_origin,ULB,chronological,1,O,LOF,0.005,0.0021154453846423,F1,0.0,56961,57,
eddca9fff1ef,rolling_origin,ULB,chronological,1,O,LOF,0.005,0.0021154453846423,TN,56423.0,56961,57,
eddca9fff1ef,rolling_origin,ULB,chronological,1,O,LOF,0.005,0.0021154453846423,FP,481.0,56961,57,
eddca9fff1ef,rolling_origin,ULB,chronological,1,O,LOF,0.005,0.0021154453846423,FN,57.0,56961,57,
eddca9fff1ef,rolling_origin,ULB,chronological,1,O,LOF,0.005,0.0021154453846423,TP,0.0,56961,57,
eddca9fff1ef,rolling_origin,ULB,chronological,1,O,LOF,0.005,0.0021154453846423,n_alerts,481.0,56961,57,
eddca9fff1ef,rolling_origin,ULB,chronological,1,O,LOF,0.005,0.0021154453846423,alert_rate,0.0084443742209581,56961,57,
eddca9fff1ef,rolling_origin,ULB,chronological,1,O,LOF,0.005,0.0021154453846423,prevalence,0.0010006846789908,56961,57,
eddca9fff1ef,rolling_origin,ULB,chronological,1,O,LOF,0.005,0.0021154453846423,lift,0.0,56961,57,
eddca9fff1ef,rolling_origin,ULB,chronological,1,O,LOF,0.005,0.0021154453846423,tie_ratio,0.00705746036762,56961,57,
eddca9fff1ef,rolling_origin,ULB,chronological,1,O,LOF,0.005,0.0021154453846423,fit_seconds,0.8059313297271729,56961,57,
eddca9fff1ef,rolling_origin,ULB,chronological,1,O,LOF,0.005,0.0021154453846423,score_seconds,5.085484504699707,56961,57,
e98703aaabc7,rolling_origin,ULB,chronological,1,O,OneClassSVM,0.005,0.0021154453846423,PR_AUC,0.0313650750872489,56961,57,
e98703aaabc7,rolling_origin,ULB,chronological,1,O,OneClassSVM,0.005,0.0021154453846423,ROC_AUC,0.9441765263009908,56961,57,
e98703aaabc7,rolling_origin,ULB,chronological,1,O,OneClassSVM,0.005,0.0021154453846423,Precision,0.0303030303030303,56961,57,
e98703aaabc7,rolling_origin,ULB,chronological,1,O,OneClassSVM,0.005,0.0021154453846423,Recall,0.1228070175438596,56961,57,
e98703aaabc7,rolling_origin,ULB,chronological,1,O,OneClassSVM,0.005,0.0021154453846423,F1,0.0486111111111111,56961,57,
e98703aaabc7,rolling_origin,ULB,chronological,1,O,OneClassSVM,0.005,0.0021154453846423,TN,56680.0,56961,57,
e98703aaabc7,rolling_origin,ULB,chronological,1,O,OneClassSVM,0.005,0.0021154453846423,FP,224.0,56961,57,
e98703aaabc7,rolling_origin,ULB,chronological,1,O,OneClassSVM,0.005,0.0021154453846423,FN,50.0,56961,57,
e98703aaabc7,rolling_origin,ULB,chronological,1,O,OneClassSVM,0.005,0.0021154453846423,TP,7.0,56961,57,
e98703aaabc7,rolling_origin,ULB,chronological,1,O,OneClassSVM,0.005,0.0021154453846423,n_alerts,231.0,56961,57,
e98703aaabc7,rolling_origin,ULB,chronological,1,O,OneClassSVM,0.005,0.0021154453846423,alert_rate,0.0040554063306472,56961,57,
e98703aaabc7,rolling_origin,ULB,chronological,1,O,OneClassSVM,0.005,0.0021154453846423,prevalence,0.0010006846789908,56961,57,
e98703aaabc7,rolling_origin,ULB,chronological,1,O,OneClassSVM,0.005,0.0021154453846423,lift,30.282296650717708,56961,57,
e98703aaabc7,rolling_origin,ULB,chronological,1,O,OneClassSVM,0.005,0.0021154453846423,tie_ratio,0.00338828321132,56961,57,
e98703aaabc7,rolling_origin,ULB,chronological,1,O,OneClassSVM,0.005,0.0021154453846423,fit_seconds,0.7989308834075928,56961,57,
e98703aaabc7,rolling_origin,ULB,chronological,1,O,OneClassSVM,0.005,0.0021154453846423,score_seconds,8.064696788787842,56961,57,
026a64f59be5,rolling_origin,ULB,chronological,1,O,DBSCAN,0.005,0.0021154453846423,PR_AUC,0.0142588316815956,56961,57,
026a64f59be5,rolling_origin,ULB,chronological,1,O,DBSCAN,0.005,0.0021154453846423,ROC_AUC,0.9288540132843004,56961,57,
026a64f59be5,rolling_origin,ULB,chronological,1,O,DBSCAN,0.005,0.0021154453846423,Precision,0.0,56961,57,
026a64f59be5,rolling_origin,ULB,chronological,1,O,DBSCAN,0.005,0.0021154453846423,Recall,0.0,56961,57,
026a64f59be5,rolling_origin,ULB,chronological,1,O,DBSCAN,0.005,0.0021154453846423,F1,0.0,56961,57,
026a64f59be5,rolling_origin,ULB,chronological,1,O,DBSCAN,0.005,0.0021154453846423,TN,56740.0,56961,57,
026a64f59be5,rolling_origin,ULB,chronological,1,O,DBSCAN,0.005,0.0021154453846423,FP,164.0,56961,57,
026a64f59be5,rolling_origin,ULB,chronological,1,O,DBSCAN,0.005,0.0021154453846423,FN,57.0,56961,57,
026a64f59be5,rolling_origin,ULB,chronological,1,O,DBSCAN,0.005,0.0021154453846423,TP,0.0,56961,57,
026a64f59be5,rolling_origin,ULB,chronological,1,O,DBSCAN,0.005,0.0021154453846423,n_alerts,164.0,56961,57,
026a64f59be5,rolling_origin,ULB,chronological,1,O,DBSCAN,0.005,0.0021154453846423,alert_rate,0.0028791629360439,56961,57,
026a64f59be5,rolling_origin,ULB,chronological,1,O,DBSCAN,0.005,0.0021154453846423,prevalence,0.0010006846789908,56961,57,
026a64f59be5,rolling_origin,ULB,chronological,1,O,DBSCAN,0.005,0.0021154453846423,lift,0.0,56961,57,
026a64f59be5,rolling_origin,ULB,chronological,1,O,DBSCAN,0.005,0.0021154453846423,tie_ratio,0.0050034233949544,56961,57,
026a64f59be5,rolling_origin,ULB,chronological,1,O,DBSCAN,0.005,0.0021154453846423,fit_seconds,0.6919722557067871,56961,57,
026a64f59be5,rolling_origin,ULB,chronological,1,O,DBSCAN,0.005,0.0021154453846423,score_seconds,0.0514185428619384,56961,57,
095bc9784099,rolling_origin,ULB,chronological,1,O,KMeans,0.005,0.0021154453846423,PR_AUC,0.0268188113406501,56961,57,
095bc9784099,rolling_origin,ULB,chronological,1,O,KMeans,0.005,0.0021154453846423,ROC_AUC,0.9532663198837809,56961,57,
095bc9784099,rolling_origin,ULB,chronological,1,O,KMeans,0.005,0.0021154453846423,Precision,0.0,56961,57,
095bc9784099,rolling_origin,ULB,chronological,1,O,KMeans,0.005,0.0021154453846423,Recall,0.0,56961,57,
095bc9784099,rolling_origin,ULB,chronological,1,O,KMeans,0.005,0.0021154453846423,F1,0.0,56961,57,
095bc9784099,rolling_origin,ULB,chronological,1,O,KMeans,0.005,0.0021154453846423,TN,56720.0,56961,57,
095bc9784099,rolling_origin,ULB,chronological,1,O,KMeans,0.005,0.0021154453846423,FP,184.0,56961,57,
095bc9784099,rolling_origin,ULB,chronological,1,O,KMeans,0.005,0.0021154453846423,FN,57.0,56961,57,
095bc9784099,rolling_origin,ULB,chronological,1,O,KMeans,0.005,0.0021154453846423,TP,0.0,56961,57,
095bc9784099,rolling_origin,ULB,chronological,1,O,KMeans,0.005,0.0021154453846423,n_alerts,184.0,56961,57,
095bc9784099,rolling_origin,ULB,chronological,1,O,KMeans,0.005,0.0021154453846423,alert_rate,0.0032302803672688,56961,57,
095bc9784099,rolling_origin,ULB,chronological,1,O,KMeans,0.005,0.0021154453846423,prevalence,0.0010006846789908,56961,57,
095bc9784099,rolling_origin,ULB,chronological,1,O,KMeans,0.005,0.0021154453846423,lift,0.0,56961,57,
095bc9784099,rolling_origin,ULB,chronological,1,O,KMeans,0.005,0.0021154453846423,tie_ratio,0.0056003230280367,56961,57,
095bc9784099,rolling_origin,ULB,chronological,1,O,KMeans,0.005,0.0021154453846423,fit_seconds,4.330315113067627,56961,57,
095bc9784099,rolling_origin,ULB,chronological,1,O,KMeans,0.005,0.0021154453846423,score_seconds,0.1072640419006347,56961,57,
b2ef41e3ad66,rolling_origin,ULB,chronological,1,O,Ensemble,0.005,0.0021154453846423,PR_AUC,0.0536588899512782,56961,57,
b2ef41e3ad66,rolling_origin,ULB,chronological,1,O,Ensemble,0.005,0.0021154453846423,ROC_AUC,0.911129332011316,56961,57,
b2ef41e3ad66,rolling_origin,ULB,chronological,1,O,Ensemble,0.005,0.0021154453846423,Precision,0.0681818181818181,56961,57,
b2ef41e3ad66,rolling_origin,ULB,chronological,1,O,Ensemble,0.005,0.0021154453846423,Recall,0.3684210526315789,56961,57,
b2ef41e3ad66,rolling_origin,ULB,chronological,1,O,Ensemble,0.005,0.0021154453846423,F1,0.1150684931506849,56961,57,
b2ef41e3ad66,rolling_origin,ULB,chronological,1,O,Ensemble,0.005,0.0021154453846423,TN,56617.0,56961,57,
b2ef41e3ad66,rolling_origin,ULB,chronological,1,O,Ensemble,0.005,0.0021154453846423,FP,287.0,56961,57,
b2ef41e3ad66,rolling_origin,ULB,chronological,1,O,Ensemble,0.005,0.0021154453846423,FN,36.0,56961,57,
b2ef41e3ad66,rolling_origin,ULB,chronological,1,O,Ensemble,0.005,0.0021154453846423,TP,21.0,56961,57,
b2ef41e3ad66,rolling_origin,ULB,chronological,1,O,Ensemble,0.005,0.0021154453846423,n_alerts,308.0,56961,57,
b2ef41e3ad66,rolling_origin,ULB,chronological,1,O,Ensemble,0.005,0.0021154453846423,alert_rate,0.005407208440863,56961,57,
b2ef41e3ad66,rolling_origin,ULB,chronological,1,O,Ensemble,0.005,0.0021154453846423,prevalence,0.0010006846789908,56961,57,
b2ef41e3ad66,rolling_origin,ULB,chronological,1,O,Ensemble,0.005,0.0021154453846423,lift,68.13516746411483,56961,57,
b2ef41e3ad66,rolling_origin,ULB,chronological,1,O,Ensemble,0.005,0.0021154453846423,tie_ratio,0.0715577324836291,56961,57,
b2ef41e3ad66,rolling_origin,ULB,chronological,1,O,Ensemble,0.005,0.0021154453846423,fit_seconds,0.0,56961,57,
b2ef41e3ad66,rolling_origin,ULB,chronological,1,O,Ensemble,0.005,0.0021154453846423,score_seconds,0.0,56961,57,
9942254397e3,rolling_origin,ULB,chronological,1,O,Ensemble,0.005,0.0021154453846423,single_point_invariant,1.0,56961,57,invariance
091d2f28b667,rolling_origin,ULB,chronological,2,U,IsolationForest,0.005,0.005,PR_AUC,0.054562789355073,56961,75,
091d2f28b667,rolling_origin,ULB,chronological,2,U,IsolationForest,0.005,0.005,ROC_AUC,0.948434881458824,56961,75,
091d2f28b667,rolling_origin,ULB,chronological,2,U,IsolationForest,0.005,0.005,Precision,0.0654761904761904,56961,75,
091d2f28b667,rolling_origin,ULB,chronological,2,U,IsolationForest,0.005,0.005,Recall,0.1466666666666666,56961,75,
091d2f28b667,rolling_origin,ULB,chronological,2,U,IsolationForest,0.005,0.005,F1,0.0905349794238683,56961,75,
091d2f28b667,rolling_origin,ULB,chronological,2,U,IsolationForest,0.005,0.005,TN,56729.0,56961,75,
091d2f28b667,rolling_origin,ULB,chronological,2,U,IsolationForest,0.005,0.005,FP,157.0,56961,75,
091d2f28b667,rolling_origin,ULB,chronological,2,U,IsolationForest,0.005,0.005,FN,64.0,56961,75,
091d2f28b667,rolling_origin,ULB,chronological,2,U,IsolationForest,0.005,0.005,TP,11.0,56961,75,
091d2f28b667,rolling_origin,ULB,chronological,2,U,IsolationForest,0.005,0.005,n_alerts,168.0,56961,75,
091d2f28b667,rolling_origin,ULB,chronological,2,U,IsolationForest,0.005,0.005,alert_rate,0.0029493864222889,56961,75,
091d2f28b667,rolling_origin,ULB,chronological,2,U,IsolationForest,0.005,0.005,prevalence,0.0013166903670932,56961,75,
091d2f28b667,rolling_origin,ULB,chronological,2,U,IsolationForest,0.005,0.005,lift,49.72785714285715,56961,75,
091d2f28b667,rolling_origin,ULB,chronological,2,U,IsolationForest,0.005,0.005,tie_ratio,0.0196274644054703,56961,75,
091d2f28b667,rolling_origin,ULB,chronological,2,U,IsolationForest,0.005,0.005,fit_seconds,1.2552707195281982,56961,75,
091d2f28b667,rolling_origin,ULB,chronological,2,U,IsolationForest,0.005,0.005,score_seconds,1.5999350547790527,56961,75,
1f90d98c99aa,rolling_origin,ULB,chronological,2,U,LOF,0.005,0.005,PR_AUC,0.0631113560331412,56961,75,
1f90d98c99aa,rolling_origin,ULB,chronological,2,U,LOF,0.005,0.005,ROC_AUC,0.7364204432256325,56961,75,
1f90d98c99aa,rolling_origin,ULB,chronological,2,U,LOF,0.005,0.005,Precision,0.0464716006884681,56961,75,
1f90d98c99aa,rolling_origin,ULB,chronological,2,U,LOF,0.005,0.005,Recall,0.36,56961,75,
1f90d98c99aa,rolling_origin,ULB,chronological,2,U,LOF,0.005,0.005,F1,0.0823170731707317,56961,75,
1f90d98c99aa,rolling_origin,ULB,chronological,2,U,LOF,0.005,0.005,TN,56332.0,56961,75,
1f90d98c99aa,rolling_origin,ULB,chronological,2,U,LOF,0.005,0.005,FP,554.0,56961,75,
1f90d98c99aa,rolling_origin,ULB,chronological,2,U,LOF,0.005,0.005,FN,48.0,56961,75,
1f90d98c99aa,rolling_origin,ULB,chronological,2,U,LOF,0.005,0.005,TP,27.0,56961,75,
1f90d98c99aa,rolling_origin,ULB,chronological,2,U,LOF,0.005,0.005,n_alerts,581.0,56961,75,
1f90d98c99aa,rolling_origin,ULB,chronological,2,U,LOF,0.005,0.005,alert_rate,0.0101999613770825,56961,75,
1f90d98c99aa,rolling_origin,ULB,chronological,2,U,LOF,0.005,0.005,prevalence,0.0013166903670932,56961,75,
1f90d98c99aa,rolling_origin,ULB,chronological,2,U,LOF,0.005,0.005,lift,35.2942512908778,56961,75,
1f90d98c99aa,rolling_origin,ULB,chronological,2,U,LOF,0.005,0.005,tie_ratio,0.0207159284422675,56961,75,
1f90d98c99aa,rolling_origin,ULB,chronological,2,U,LOF,0.005,0.005,fit_seconds,0.8028373718261719,56961,75,
1f90d98c99aa,rolling_origin,ULB,chronological,2,U,LOF,0.005,0.005,score_seconds,5.138697862625122,56961,75,
06d4a12cd5c2,rolling_origin,ULB,chronological,2,U,OneClassSVM,0.005,0.005,PR_AUC,0.0772734953327926,56961,75,
06d4a12cd5c2,rolling_origin,ULB,chronological,2,U,OneClassSVM,0.005,0.005,ROC_AUC,0.9465656459117066,56961,75,
06d4a12cd5c2,rolling_origin,ULB,chronological,2,U,OneClassSVM,0.005,0.005,Precision,0.1176470588235294,56961,75,
06d4a12cd5c2,rolling_origin,ULB,chronological,2,U,OneClassSVM,0.005,0.005,Recall,0.32,56961,75,
06d4a12cd5c2,rolling_origin,ULB,chronological,2,U,OneClassSVM,0.005,0.005,F1,0.1720430107526881,56961,75,
06d4a12cd5c2,rolling_origin,ULB,chronological,2,U,OneClassSVM,0.005,0.005,TN,56706.0,56961,75,
06d4a12cd5c2,rolling_origin,ULB,chronological,2,U,OneClassSVM,0.005,0.005,FP,180.0,56961,75,
06d4a12cd5c2,rolling_origin,ULB,chronological,2,U,OneClassSVM,0.005,0.005,FN,51.0,56961,75,
06d4a12cd5c2,rolling_origin,ULB,chronological,2,U,OneClassSVM,0.005,0.005,TP,24.0,56961,75,
06d4a12cd5c2,rolling_origin,ULB,chronological,2,U,OneClassSVM,0.005,0.005,n_alerts,204.0,56961,75,
06d4a12cd5c2,rolling_origin,ULB,chronological,2,U,OneClassSVM,0.005,0.005,alert_rate,0.0035813977984937,56961,75,
06d4a12cd5c2,rolling_origin,ULB,chronological,2,U,OneClassSVM,0.005,0.005,prevalence,0.0013166903670932,56961,75,
06d4a12cd5c2,rolling_origin,ULB,chronological,2,U,OneClassSVM,0.005,0.005,lift,89.35058823529411,56961,75,
06d4a12cd5c2,rolling_origin,ULB,chronological,2,U,OneClassSVM,0.005,0.005,tie_ratio,0.0036165095416161,56961,75,
06d4a12cd5c2,rolling_origin,ULB,chronological,2,U,OneClassSVM,0.005,0.005,fit_seconds,0.7579717636108398,56961,75,
06d4a12cd5c2,rolling_origin,ULB,chronological,2,U,OneClassSVM,0.005,0.005,score_seconds,6.688175916671753,56961,75,
89aabb054a67,rolling_origin,ULB,chronological,2,U,DBSCAN,0.005,0.005,PR_AUC,0.0288282143465701,56961,75,
89aabb054a67,rolling_origin,ULB,chronological,2,U,DBSCAN,0.005,0.005,ROC_AUC,0.9498581959240118,56961,75,
89aabb054a67,rolling_origin,ULB,chronological,2,U,DBSCAN,0.005,0.005,Precision,0.0,56961,75,
89aabb054a67,rolling_origin,ULB,chronological,2,U,DBSCAN,0.005,0.005,Recall,0.0,56961,75,
89aabb054a67,rolling_origin,ULB,chronological,2,U,DBSCAN,0.005,0.005,F1,0.0,56961,75,
89aabb054a67,rolling_origin,ULB,chronological,2,U,DBSCAN,0.005,0.005,TN,56706.0,56961,75,
89aabb054a67,rolling_origin,ULB,chronological,2,U,DBSCAN,0.005,0.005,FP,180.0,56961,75,
89aabb054a67,rolling_origin,ULB,chronological,2,U,DBSCAN,0.005,0.005,FN,75.0,56961,75,
89aabb054a67,rolling_origin,ULB,chronological,2,U,DBSCAN,0.005,0.005,TP,0.0,56961,75,
89aabb054a67,rolling_origin,ULB,chronological,2,U,DBSCAN,0.005,0.005,n_alerts,180.0,56961,75,
89aabb054a67,rolling_origin,ULB,chronological,2,U,DBSCAN,0.005,0.005,alert_rate,0.0031600568810238,56961,75,
89aabb054a67,rolling_origin,ULB,chronological,2,U,DBSCAN,0.005,0.005,prevalence,0.0013166903670932,56961,75,
89aabb054a67,rolling_origin,ULB,chronological,2,U,DBSCAN,0.005,0.005,lift,0.0,56961,75,
89aabb054a67,rolling_origin,ULB,chronological,2,U,DBSCAN,0.005,0.005,tie_ratio,0.0114990958726145,56961,75,
89aabb054a67,rolling_origin,ULB,chronological,2,U,DBSCAN,0.005,0.005,fit_seconds,0.6945497989654541,56961,75,
89aabb054a67,rolling_origin,ULB,chronological,2,U,DBSCAN,0.005,0.005,score_seconds,0.0265393257141113,56961,75,
a58c602c3a4a,rolling_origin,ULB,chronological,2,U,KMeans,0.005,0.005,PR_AUC,0.0505245859290303,56961,75,
a58c602c3a4a,rolling_origin,ULB,chronological,2,U,KMeans,0.005,0.005,ROC_AUC,0.964730630852348,56961,75,
a58c602c3a4a,rolling_origin,ULB,chronological,2,U,KMeans,0.005,0.005,Precision,0.0646766169154228,56961,75,
a58c602c3a4a,rolling_origin,ULB,chronological,2,U,KMeans,0.005,0.005,Recall,0.1733333333333333,56961,75,
a58c602c3a4a,rolling_origin,ULB,chronological,2,U,KMeans,0.005,0.005,F1,0.0942028985507246,56961,75,
a58c602c3a4a,rolling_origin,ULB,chronological,2,U,KMeans,0.005,0.005,TN,56698.0,56961,75,
a58c602c3a4a,rolling_origin,ULB,chronological,2,U,KMeans,0.005,0.005,FP,188.0,56961,75,
a58c602c3a4a,rolling_origin,ULB,chronological,2,U,KMeans,0.005,0.005,FN,62.0,56961,75,
a58c602c3a4a,rolling_origin,ULB,chronological,2,U,KMeans,0.005,0.005,TP,13.0,56961,75,
a58c602c3a4a,rolling_origin,ULB,chronological,2,U,KMeans,0.005,0.005,n_alerts,201.0,56961,75,
a58c602c3a4a,rolling_origin,ULB,chronological,2,U,KMeans,0.005,0.005,alert_rate,0.0035287301838099,56961,75,
a58c602c3a4a,rolling_origin,ULB,chronological,2,U,KMeans,0.005,0.005,prevalence,0.0013166903670932,56961,75,
a58c602c3a4a,rolling_origin,ULB,chronological,2,U,KMeans,0.005,0.005,lift,49.12059701492537,56961,75,
a58c602c3a4a,rolling_origin,ULB,chronological,2,U,KMeans,0.005,0.005,tie_ratio,0.0067238988079563,56961,75,
a58c602c3a4a,rolling_origin,ULB,chronological,2,U,KMeans,0.005,0.005,fit_seconds,5.972917795181274,56961,75,
a58c602c3a4a,rolling_origin,ULB,chronological,2,U,KMeans,0.005,0.005,score_seconds,0.1087477207183837,56961,75,
bf232f2e63e2,rolling_origin,ULB,chronological,2,U,Ensemble,0.005,0.005,PR_AUC,0.0504853538733346,56961,75,
bf232f2e63e2,rolling_origin,ULB,chronological,2,U,Ensemble,0.005,0.005,ROC_AUC,0.9520054143374468,56961,75,
bf232f2e63e2,rolling_origin,ULB,chronological,2,U,Ensemble,0.005,0.005,Precision,0.0795454545454545,56961,75,
bf232f2e63e2,rolling_origin,ULB,chronological,2,U,Ensemble,0.005,0.005,Recall,0.1866666666666666,56961,75,
bf232f2e63e2,rolling_origin,ULB,chronological,2,U,Ensemble,0.005,0.005,F1,0.1115537848605577,56961,75,
bf232f2e63e2,rolling_origin,ULB,chronological,2,U,Ensemble,0.005,0.005,TN,56724.0,56961,75,
bf232f2e63e2,rolling_origin,ULB,chronological,2,U,Ensemble,0.005,0.005,FP,162.0,56961,75,
bf232f2e63e2,rolling_origin,ULB,chronological,2,U,Ensemble,0.005,0.005,FN,61.0,56961,75,
bf232f2e63e2,rolling_origin,ULB,chronological,2,U,Ensemble,0.005,0.005,TP,14.0,56961,75,
bf232f2e63e2,rolling_origin,ULB,chronological,2,U,Ensemble,0.005,0.005,n_alerts,176.0,56961,75,
bf232f2e63e2,rolling_origin,ULB,chronological,2,U,Ensemble,0.005,0.005,alert_rate,0.0030898333947788,56961,75,
bf232f2e63e2,rolling_origin,ULB,chronological,2,U,Ensemble,0.005,0.005,prevalence,0.0013166903670932,56961,75,
bf232f2e63e2,rolling_origin,ULB,chronological,2,U,Ensemble,0.005,0.005,lift,60.41318181818182,56961,75,
bf232f2e63e2,rolling_origin,ULB,chronological,2,U,Ensemble,0.005,0.005,tie_ratio,0.075876476887695,56961,75,
bf232f2e63e2,rolling_origin,ULB,chronological,2,U,Ensemble,0.005,0.005,fit_seconds,0.0,56961,75,
bf232f2e63e2,rolling_origin,ULB,chronological,2,U,Ensemble,0.005,0.005,score_seconds,0.0,56961,75,
97cd16a966b6,rolling_origin,ULB,chronological,2,U,Ensemble,0.005,0.005,single_point_invariant,1.0,56961,75,invariance
b3f6dfae5e71,rolling_origin,ULB,chronological,2,N,IsolationForest,0.005,0.005,PR_AUC,0.0368963757988218,56961,75,
b3f6dfae5e71,rolling_origin,ULB,chronological,2,N,IsolationForest,0.005,0.005,ROC_AUC,0.9442227144347172,56961,75,
b3f6dfae5e71,rolling_origin,ULB,chronological,2,N,IsolationForest,0.005,0.005,Precision,0.0271739130434782,56961,75,
b3f6dfae5e71,rolling_origin,ULB,chronological,2,N,IsolationForest,0.005,0.005,Recall,0.0666666666666666,56961,75,
b3f6dfae5e71,rolling_origin,ULB,chronological,2,N,IsolationForest,0.005,0.005,F1,0.0386100386100386,56961,75,
b3f6dfae5e71,rolling_origin,ULB,chronological,2,N,IsolationForest,0.005,0.005,TN,56707.0,56961,75,
b3f6dfae5e71,rolling_origin,ULB,chronological,2,N,IsolationForest,0.005,0.005,FP,179.0,56961,75,
b3f6dfae5e71,rolling_origin,ULB,chronological,2,N,IsolationForest,0.005,0.005,FN,70.0,56961,75,
b3f6dfae5e71,rolling_origin,ULB,chronological,2,N,IsolationForest,0.005,0.005,TP,5.0,56961,75,
b3f6dfae5e71,rolling_origin,ULB,chronological,2,N,IsolationForest,0.005,0.005,n_alerts,184.0,56961,75,
b3f6dfae5e71,rolling_origin,ULB,chronological,2,N,IsolationForest,0.005,0.005,alert_rate,0.0032302803672688,56961,75,
b3f6dfae5e71,rolling_origin,ULB,chronological,2,N,IsolationForest,0.005,0.005,prevalence,0.0013166903670932,56961,75,
b3f6dfae5e71,rolling_origin,ULB,chronological,2,N,IsolationForest,0.005,0.005,lift,20.63804347826087,56961,75,
b3f6dfae5e71,rolling_origin,ULB,chronological,2,N,IsolationForest,0.005,0.005,tie_ratio,0.0182405505521321,56961,75,
b3f6dfae5e71,rolling_origin,ULB,chronological,2,N,IsolationForest,0.005,0.005,fit_seconds,1.3872079849243164,56961,75,
b3f6dfae5e71,rolling_origin,ULB,chronological,2,N,IsolationForest,0.005,0.005,score_seconds,1.602366924285889,56961,75,
969a155159aa,rolling_origin,ULB,chronological,2,N,LOF,0.005,0.005,PR_AUC,0.5529689702490008,56961,75,
969a155159aa,rolling_origin,ULB,chronological,2,N,LOF,0.005,0.005,ROC_AUC,0.9343547914542536,56961,75,
969a155159aa,rolling_origin,ULB,chronological,2,N,LOF,0.005,0.005,Precision,0.0888208269525268,56961,75,
969a155159aa,rolling_origin,ULB,chronological,2,N,LOF,0.005,0.005,Recall,0.7733333333333333,56961,75,
969a155159aa,rolling_origin,ULB,chronological,2,N,LOF,0.005,0.005,F1,0.1593406593406593,56961,75,
969a155159aa,rolling_origin,ULB,chronological,2,N,LOF,0.005,0.005,TN,56291.0,56961,75,
969a155159aa,rolling_origin,ULB,chronological,2,N,LOF,0.005,0.005,FP,595.0,56961,75,
969a155159aa,rolling_origin,ULB,chronological,2,N,LOF,0.005,0.005,FN,17.0,56961,75,
969a155159aa,rolling_origin,ULB,chronological,2,N,LOF,0.005,0.005,TP,58.0,56961,75,
969a155159aa,rolling_origin,ULB,chronological,2,N,LOF,0.005,0.005,n_alerts,653.0,56961,75,
969a155159aa,rolling_origin,ULB,chronological,2,N,LOF,0.005,0.005,alert_rate,0.0114639841294921,56961,75,
969a155159aa,rolling_origin,ULB,chronological,2,N,LOF,0.005,0.005,prevalence,0.0013166903670932,56961,75,
969a155159aa,rolling_origin,ULB,chronological,2,N,LOF,0.005,0.005,lift,67.45764165390506,56961,75,
969a155159aa,rolling_origin,ULB,chronological,2,N,LOF,0.005,0.005,tie_ratio,0.0196274644054703,56961,75,
969a155159aa,rolling_origin,ULB,chronological,2,N,LOF,0.005,0.005,fit_seconds,0.8777365684509277,56961,75,
969a155159aa,rolling_origin,ULB,chronological,2,N,LOF,0.005,0.005,score_seconds,6.241126537322998,56961,75,
c1d46fdd6ef5,rolling_origin,ULB,chronological,2,N,OneClassSVM,0.005,0.005,PR_AUC,0.1123486975756342,56961,75,
c1d46fdd6ef5,rolling_origin,ULB,chronological,2,N,OneClassSVM,0.005,0.005,ROC_AUC,0.9551341279049328,56961,75,
c1d46fdd6ef5,rolling_origin,ULB,chronological,2,N,OneClassSVM,0.005,0.005,Precision,0.171875,56961,75,
c1d46fdd6ef5,rolling_origin,ULB,chronological,2,N,OneClassSVM,0.005,0.005,Recall,0.44,56961,75,
c1d46fdd6ef5,rolling_origin,ULB,chronological,2,N,OneClassSVM,0.005,0.005,F1,0.247191011235955,56961,75,
c1d46fdd6ef5,rolling_origin,ULB,chronological,2,N,OneClassSVM,0.005,0.005,TN,56727.0,56961,75,
c1d46fdd6ef5,rolling_origin,ULB,chronological,2,N,OneClassSVM,0.005,0.005,FP,159.0,56961,75,
c1d46fdd6ef5,rolling_origin,ULB,chronological,2,N,OneClassSVM,0.005,0.005,FN,42.0,56961,75,
c1d46fdd6ef5,rolling_origin,ULB,chronological,2,N,OneClassSVM,0.005,0.005,TP,33.0,56961,75,
c1d46fdd6ef5,rolling_origin,ULB,chronological,2,N,OneClassSVM,0.005,0.005,n_alerts,192.0,56961,75,
c1d46fdd6ef5,rolling_origin,ULB,chronological,2,N,OneClassSVM,0.005,0.005,alert_rate,0.0033707273397587,56961,75,
c1d46fdd6ef5,rolling_origin,ULB,chronological,2,N,OneClassSVM,0.005,0.005,prevalence,0.0013166903670932,56961,75,
c1d46fdd6ef5,rolling_origin,ULB,chronological,2,N,OneClassSVM,0.005,0.005,lift,130.535625,56961,75,
c1d46fdd6ef5,rolling_origin,ULB,chronological,2,N,OneClassSVM,0.005,0.005,tie_ratio,0.0036867330278611,56961,75,
c1d46fdd6ef5,rolling_origin,ULB,chronological,2,N,OneClassSVM,0.005,0.005,fit_seconds,0.6905708312988281,56961,75,
c1d46fdd6ef5,rolling_origin,ULB,chronological,2,N,OneClassSVM,0.005,0.005,score_seconds,7.822980403900146,56961,75,
1fa0a0e0b82a,rolling_origin,ULB,chronological,2,N,DBSCAN,0.005,0.005,PR_AUC,0.0247037982779343,56961,75,
1fa0a0e0b82a,rolling_origin,ULB,chronological,2,N,DBSCAN,0.005,0.005,ROC_AUC,0.9392933234890836,56961,75,
1fa0a0e0b82a,rolling_origin,ULB,chronological,2,N,DBSCAN,0.005,0.005,Precision,0.0,56961,75,
1fa0a0e0b82a,rolling_origin,ULB,chronological,2,N,DBSCAN,0.005,0.005,Recall,0.0,56961,75,
1fa0a0e0b82a,rolling_origin,ULB,chronological,2,N,DBSCAN,0.005,0.005,F1,0.0,56961,75,
1fa0a0e0b82a,rolling_origin,ULB,chronological,2,N,DBSCAN,0.005,0.005,TN,56706.0,56961,75,
1fa0a0e0b82a,rolling_origin,ULB,chronological,2,N,DBSCAN,0.005,0.005,FP,180.0,56961,75,
1fa0a0e0b82a,rolling_origin,ULB,chronological,2,N,DBSCAN,0.005,0.005,FN,75.0,56961,75,
1fa0a0e0b82a,rolling_origin,ULB,chronological,2,N,DBSCAN,0.005,0.005,TP,0.0,56961,75,
1fa0a0e0b82a,rolling_origin,ULB,chronological,2,N,DBSCAN,0.005,0.005,n_alerts,180.0,56961,75,
1fa0a0e0b82a,rolling_origin,ULB,chronological,2,N,DBSCAN,0.005,0.005,alert_rate,0.0031600568810238,56961,75,
1fa0a0e0b82a,rolling_origin,ULB,chronological,2,N,DBSCAN,0.005,0.005,prevalence,0.0013166903670932,56961,75,
1fa0a0e0b82a,rolling_origin,ULB,chronological,2,N,DBSCAN,0.005,0.005,lift,0.0,56961,75,
1fa0a0e0b82a,rolling_origin,ULB,chronological,2,N,DBSCAN,0.005,0.005,tie_ratio,0.0063903372482927,56961,75,
1fa0a0e0b82a,rolling_origin,ULB,chronological,2,N,DBSCAN,0.005,0.005,fit_seconds,0.7743799686431885,56961,75,
1fa0a0e0b82a,rolling_origin,ULB,chronological,2,N,DBSCAN,0.005,0.005,score_seconds,0.034360647201538,56961,75,
94399279f836,rolling_origin,ULB,chronological,2,N,KMeans,0.005,0.005,PR_AUC,0.0674096743523561,56961,75,
94399279f836,rolling_origin,ULB,chronological,2,N,KMeans,0.005,0.005,ROC_AUC,0.967143878400075,56961,75,
94399279f836,rolling_origin,ULB,chronological,2,N,KMeans,0.005,0.005,Precision,0.0883977900552486,56961,75,
94399279f836,rolling_origin,ULB,chronological,2,N,KMeans,0.005,0.005,Recall,0.2133333333333333,56961,75,
94399279f836,rolling_origin,ULB,chronological,2,N,KMeans,0.005,0.005,F1,0.125,56961,75,
94399279f836,rolling_origin,ULB,chronological,2,N,KMeans,0.005,0.005,TN,56721.0,56961,75,
94399279f836,rolling_origin,ULB,chronological,2,N,KMeans,0.005,0.005,FP,165.0,56961,75,
94399279f836,rolling_origin,ULB,chronological,2,N,KMeans,0.005,0.005,FN,59.0,56961,75,
94399279f836,rolling_origin,ULB,chronological,2,N,KMeans,0.005,0.005,TP,16.0,56961,75,
94399279f836,rolling_origin,ULB,chronological,2,N,KMeans,0.005,0.005,n_alerts,181.0,56961,75,
94399279f836,rolling_origin,ULB,chronological,2,N,KMeans,0.005,0.005,alert_rate,0.0031776127525851,56961,75,
94399279f836,rolling_origin,ULB,chronological,2,N,KMeans,0.005,0.005,prevalence,0.0013166903670932,56961,75,
94399279f836,rolling_origin,ULB,chronological,2,N,KMeans,0.005,0.005,lift,67.13635359116022,56961,75,
94399279f836,rolling_origin,ULB,chronological,2,N,KMeans,0.005,0.005,tie_ratio,0.0065834518354663,56961,75,
94399279f836,rolling_origin,ULB,chronological,2,N,KMeans,0.005,0.005,fit_seconds,6.163554191589356,56961,75,
94399279f836,rolling_origin,ULB,chronological,2,N,KMeans,0.005,0.005,score_seconds,0.1108098030090332,56961,75,
d1a2bdd855de,rolling_origin,ULB,chronological,2,N,Ensemble,0.005,0.005,PR_AUC,0.1424514452251262,56961,75,
d1a2bdd855de,rolling_origin,ULB,chronological,2,N,Ensemble,0.005,0.005,ROC_AUC,0.9644549918550552,56961,75,
d1a2bdd855de,rolling_origin,ULB,chronological,2,N,Ensemble,0.005,0.005,Precision,0.207070707070707,56961,75,
d1a2bdd855de,rolling_origin,ULB,chronological,2,N,Ensemble,0.005,0.005,Recall,0.5466666666666666,56961,75,
d1a2bdd855de,rolling_origin,ULB,chronological,2,N,Ensemble,0.005,0.005,F1,0.3003663003663003,56961,75,
d1a2bdd855de,rolling_origin,ULB,chronological,2,N,Ensemble,0.005,0.005,TN,56729.0,56961,75,
d1a2bdd855de,rolling_origin,ULB,chronological,2,N,Ensemble,0.005,0.005,FP,157.0,56961,75,
d1a2bdd855de,rolling_origin,ULB,chronological,2,N,Ensemble,0.005,0.005,FN,34.0,56961,75,
d1a2bdd855de,rolling_origin,ULB,chronological,2,N,Ensemble,0.005,0.005,TP,41.0,56961,75,
d1a2bdd855de,rolling_origin,ULB,chronological,2,N,Ensemble,0.005,0.005,n_alerts,198.0,56961,75,
d1a2bdd855de,rolling_origin,ULB,chronological,2,N,Ensemble,0.005,0.005,alert_rate,0.0034760625691262,56961,75,
d1a2bdd855de,rolling_origin,ULB,chronological,2,N,Ensemble,0.005,0.005,prevalence,0.0013166903670932,56961,75,
d1a2bdd855de,rolling_origin,ULB,chronological,2,N,Ensemble,0.005,0.005,lift,157.26606060606062,56961,75,
d1a2bdd855de,rolling_origin,ULB,chronological,2,N,Ensemble,0.005,0.005,tie_ratio,0.0721195203735889,56961,75,
d1a2bdd855de,rolling_origin,ULB,chronological,2,N,Ensemble,0.005,0.005,fit_seconds,0.0,56961,75,
d1a2bdd855de,rolling_origin,ULB,chronological,2,N,Ensemble,0.005,0.005,score_seconds,0.0,56961,75,
99e97f1e51eb,rolling_origin,ULB,chronological,2,N,Ensemble,0.005,0.005,single_point_invariant,1.0,56961,75,invariance
891c68607102,rolling_origin,ULB,chronological,2,O,IsolationForest,0.005,0.0021066799309477,PR_AUC,0.054562789355073,56961,75,
891c68607102,rolling_origin,ULB,chronological,2,O,IsolationForest,0.005,0.0021066799309477,ROC_AUC,0.948434881458824,56961,75,
891c68607102,rolling_origin,ULB,chronological,2,O,IsolationForest,0.005,0.0021066799309477,Precision,0.0,56961,75,
891c68607102,rolling_origin,ULB,chronological,2,O,IsolationForest,0.005,0.0021066799309477,Recall,0.0,56961,75,
891c68607102,rolling_origin,ULB,chronological,2,O,IsolationForest,0.005,0.0021066799309477,F1,0.0,56961,75,
891c68607102,rolling_origin,ULB,chronological,2,O,IsolationForest,0.005,0.0021066799309477,TN,56803.0,56961,75,
891c68607102,rolling_origin,ULB,chronological,2,O,IsolationForest,0.005,0.0021066799309477,FP,83.0,56961,75,
891c68607102,rolling_origin,ULB,chronological,2,O,IsolationForest,0.005,0.0021066799309477,FN,75.0,56961,75,
891c68607102,rolling_origin,ULB,chronological,2,O,IsolationForest,0.005,0.0021066799309477,TP,0.0,56961,75,
891c68607102,rolling_origin,ULB,chronological,2,O,IsolationForest,0.005,0.0021066799309477,n_alerts,83.0,56961,75,
891c68607102,rolling_origin,ULB,chronological,2,O,IsolationForest,0.005,0.0021066799309477,alert_rate,0.0014571373395832,56961,75,
891c68607102,rolling_origin,ULB,chronological,2,O,IsolationForest,0.005,0.0021066799309477,prevalence,0.0013166903670932,56961,75,
891c68607102,rolling_origin,ULB,chronological,2,O,IsolationForest,0.005,0.0021066799309477,lift,0.0,56961,75,
891c68607102,rolling_origin,ULB,chronological,2,O,IsolationForest,0.005,0.0021066799309477,tie_ratio,0.0196274644054703,56961,75,
891c68607102,rolling_origin,ULB,chronological,2,O,IsolationForest,0.005,0.0021066799309477,fit_seconds,1.3790102005004885,56961,75,
891c68607102,rolling_origin,ULB,chronological,2,O,IsolationForest,0.005,0.0021066799309477,score_seconds,1.602757453918457,56961,75,
174731970899,rolling_origin,ULB,chronological,2,O,LOF,0.005,0.0021066799309477,PR_AUC,0.0631113560331412,56961,75,
174731970899,rolling_origin,ULB,chronological,2,O,LOF,0.005,0.0021066799309477,ROC_AUC,0.7364204432256325,56961,75,
174731970899,rolling_origin,ULB,chronological,2,O,LOF,0.005,0.0021066799309477,Precision,0.0950226244343891,56961,75,
174731970899,rolling_origin,ULB,chronological,2,O,LOF,0.005,0.0021066799309477,Recall,0.28,56961,75,
174731970899,rolling_origin,ULB,chronological,2,O,LOF,0.005,0.0021066799309477,F1,0.1418918918918918,56961,75,
174731970899,rolling_origin,ULB,chronological,2,O,LOF,0.005,0.0021066799309477,TN,56686.0,56961,75,
174731970899,rolling_origin,ULB,chronological,2,O,LOF,0.005,0.0021066799309477,FP,200.0,56961,75,
174731970899,rolling_origin,ULB,chronological,2,O,LOF,0.005,0.0021066799309477,FN,54.0,56961,75,
174731970899,rolling_origin,ULB,chronological,2,O,LOF,0.005,0.0021066799309477,TP,21.0,56961,75,
174731970899,rolling_origin,ULB,chronological,2,O,LOF,0.005,0.0021066799309477,n_alerts,221.0,56961,75,
174731970899,rolling_origin,ULB,chronological,2,O,LOF,0.005,0.0021066799309477,alert_rate,0.0038798476150348,56961,75,
174731970899,rolling_origin,ULB,chronological,2,O,LOF,0.005,0.0021066799309477,prevalence,0.0013166903670932,56961,75,
174731970899,rolling_origin,ULB,chronological,2,O,LOF,0.005,0.0021066799309477,lift,72.16778280542987,56961,75,
174731970899,rolling_origin,ULB,chronological,2,O,LOF,0.005,0.0021066799309477,tie_ratio,0.0207159284422675,56961,75,
174731970899,rolling_origin,ULB,chronological,2,O,LOF,0.005,0.0021066799309477,fit_seconds,0.8105027675628662,56961,75,
174731970899,rolling_origin,ULB,chronological,2,O,LOF,0.005,0.0021066799309477,score_seconds,5.143671035766602,56961,75,
02b4b911251a,rolling_origin,ULB,chronological,2,O,OneClassSVM,0.005,0.0021066799309477,PR_AUC,0.0772708444313825,56961,75,
02b4b911251a,rolling_origin,ULB,chronological,2,O,OneClassSVM,0.005,0.0021066799309477,ROC_AUC,0.946562364495072,56961,75,
02b4b911251a,rolling_origin,ULB,chronological,2,O,OneClassSVM,0.005,0.0021066799309477,Precision,0.0126582278481012,56961,75,
02b4b911251a,rolling_origin,ULB,chronological,2,O,OneClassSVM,0.005,0.0021066799309477,Recall,0.0133333333333333,56961,75,
02b4b911251a,rolling_origin,ULB,chronological,2,O,OneClassSVM,0.005,0.0021066799309477,F1,0.0129870129870129,56961,75,
02b4b911251a,rolling_origin,ULB,chronological,2,O,OneClassSVM,0.005,0.0021066799309477,TN,56808.0,56961,75,
02b4b911251a,rolling_origin,ULB,chronological,2,O,OneClassSVM,0.005,0.0021066799309477,FP,78.0,56961,75,
02b4b911251a,rolling_origin,ULB,chronological,2,O,OneClassSVM,0.005,0.0021066799309477,FN,74.0,56961,75,
02b4b911251a,rolling_origin,ULB,chronological,2,O,OneClassSVM,0.005,0.0021066799309477,TP,1.0,56961,75,
02b4b911251a,rolling_origin,ULB,chronological,2,O,OneClassSVM,0.005,0.0021066799309477,n_alerts,79.0,56961,75,
02b4b911251a,rolling_origin,ULB,chronological,2,O,OneClassSVM,0.005,0.0021066799309477,alert_rate,0.0013869138533382,56961,75,
02b4b911251a,rolling_origin,ULB,chronological,2,O,OneClassSVM,0.005,0.0021066799309477,prevalence,0.0013166903670932,56961,75,
02b4b911251a,rolling_origin,ULB,chronological,2,O,OneClassSVM,0.005,0.0021066799309477,lift,9.61367088607595,56961,75,
02b4b911251a,rolling_origin,ULB,chronological,2,O,OneClassSVM,0.005,0.0021066799309477,tie_ratio,0.0036165095416161,56961,75,
02b4b911251a,rolling_origin,ULB,chronological,2,O,OneClassSVM,0.005,0.0021066799309477,fit_seconds,0.6688945293426514,56961,75,
02b4b911251a,rolling_origin,ULB,chronological,2,O,OneClassSVM,0.005,0.0021066799309477,score_seconds,6.660660266876221,56961,75,
1d1cbb0391c9,rolling_origin,ULB,chronological,2,O,DBSCAN,0.005,0.0021066799309477,PR_AUC,0.0288282143465701,56961,75,
1d1cbb0391c9,rolling_origin,ULB,chronological,2,O,DBSCAN,0.005,0.0021066799309477,ROC_AUC,0.9498581959240118,56961,75,
1d1cbb0391c9,rolling_origin,ULB,chronological,2,O,DBSCAN,0.005,0.0021066799309477,Precision,0.0,56961,75,
1d1cbb0391c9,rolling_origin,ULB,chronological,2,O,DBSCAN,0.005,0.0021066799309477,Recall,0.0,56961,75,
1d1cbb0391c9,rolling_origin,ULB,chronological,2,O,DBSCAN,0.005,0.0021066799309477,F1,0.0,56961,75,
1d1cbb0391c9,rolling_origin,ULB,chronological,2,O,DBSCAN,0.005,0.0021066799309477,TN,56810.0,56961,75,
1d1cbb0391c9,rolling_origin,ULB,chronological,2,O,DBSCAN,0.005,0.0021066799309477,FP,76.0,56961,75,
1d1cbb0391c9,rolling_origin,ULB,chronological,2,O,DBSCAN,0.005,0.0021066799309477,FN,75.0,56961,75,
1d1cbb0391c9,rolling_origin,ULB,chronological,2,O,DBSCAN,0.005,0.0021066799309477,TP,0.0,56961,75,
1d1cbb0391c9,rolling_origin,ULB,chronological,2,O,DBSCAN,0.005,0.0021066799309477,n_alerts,76.0,56961,75,
1d1cbb0391c9,rolling_origin,ULB,chronological,2,O,DBSCAN,0.005,0.0021066799309477,alert_rate,0.0013342462386545,56961,75,
1d1cbb0391c9,rolling_origin,ULB,chronological,2,O,DBSCAN,0.005,0.0021066799309477,prevalence,0.0013166903670932,56961,75,
1d1cbb0391c9,rolling_origin,ULB,chronological,2,O,DBSCAN,0.005,0.0021066799309477,lift,0.0,56961,75,
1d1cbb0391c9,rolling_origin,ULB,chronological,2,O,DBSCAN,0.005,0.0021066799309477,tie_ratio,0.0114990958726145,56961,75,
1d1cbb0391c9,rolling_origin,ULB,chronological,2,O,DBSCAN,0.005,0.0021066799309477,fit_seconds,0.7013354301452637,56961,75,
1d1cbb0391c9,rolling_origin,ULB,chronological,2,O,DBSCAN,0.005,0.0021066799309477,score_seconds,0.0274398326873779,56961,75,
ef50e2ccd39d,rolling_origin,ULB,chronological,2,O,KMeans,0.005,0.0021066799309477,PR_AUC,0.0505245859290303,56961,75,
ef50e2ccd39d,rolling_origin,ULB,chronological,2,O,KMeans,0.005,0.0021066799309477,ROC_AUC,0.964730630852348,56961,75,
ef50e2ccd39d,rolling_origin,ULB,chronological,2,O,KMeans,0.005,0.0021066799309477,Precision,0.0,56961,75,
ef50e2ccd39d,rolling_origin,ULB,chronological,2,O,KMeans,0.005,0.0021066799309477,Recall,0.0,56961,75,
ef50e2ccd39d,rolling_origin,ULB,chronological,2,O,KMeans,0.005,0.0021066799309477,F1,0.0,56961,75,
ef50e2ccd39d,rolling_origin,ULB,chronological,2,O,KMeans,0.005,0.0021066799309477,TN,56824.0,56961,75,
ef50e2ccd39d,rolling_origin,ULB,chronological,2,O,KMeans,0.005,0.0021066799309477,FP,62.0,56961,75,
ef50e2ccd39d,rolling_origin,ULB,chronological,2,O,KMeans,0.005,0.0021066799309477,FN,75.0,56961,75,
ef50e2ccd39d,rolling_origin,ULB,chronological,2,O,KMeans,0.005,0.0021066799309477,TP,0.0,56961,75,
ef50e2ccd39d,rolling_origin,ULB,chronological,2,O,KMeans,0.005,0.0021066799309477,n_alerts,62.0,56961,75,
ef50e2ccd39d,rolling_origin,ULB,chronological,2,O,KMeans,0.005,0.0021066799309477,alert_rate,0.0010884640367971,56961,75,
ef50e2ccd39d,rolling_origin,ULB,chronological,2,O,KMeans,0.005,0.0021066799309477,prevalence,0.0013166903670932,56961,75,
ef50e2ccd39d,rolling_origin,ULB,chronological,2,O,KMeans,0.005,0.0021066799309477,lift,0.0,56961,75,
ef50e2ccd39d,rolling_origin,ULB,chronological,2,O,KMeans,0.005,0.0021066799309477,tie_ratio,0.0067590105510788,56961,75,
ef50e2ccd39d,rolling_origin,ULB,chronological,2,O,KMeans,0.005,0.0021066799309477,fit_seconds,5.950121164321899,56961,75,
ef50e2ccd39d,rolling_origin,ULB,chronological,2,O,KMeans,0.005,0.0021066799309477,score_seconds,0.1097633838653564,56961,75,
79f42f5be46e,rolling_origin,ULB,chronological,2,O,Ensemble,0.005,0.0021066799309477,PR_AUC,0.0504711148621722,56961,75,
79f42f5be46e,rolling_origin,ULB,chronological,2,O,Ensemble,0.005,0.0021066799309477,ROC_AUC,0.9520028360815196,56961,75,
79f42f5be46e,rolling_origin,ULB,chronological,2,O,Ensemble,0.005,0.0021066799309477,Precision,0.0,56961,75,
79f42f5be46e,rolling_origin,ULB,chronological,2,O,Ensemble,0.005,0.0021066799309477,Recall,0.0,56961,75,
79f42f5be46e,rolling_origin,ULB,chronological,2,O,Ensemble,0.005,0.0021066799309477,F1,0.0,56961,75,
79f42f5be46e,rolling_origin,ULB,chronological,2,O,Ensemble,0.005,0.0021066799309477,TN,56809.0,56961,75,
79f42f5be46e,rolling_origin,ULB,chronological,2,O,Ensemble,0.005,0.0021066799309477,FP,77.0,56961,75,
79f42f5be46e,rolling_origin,ULB,chronological,2,O,Ensemble,0.005,0.0021066799309477,FN,75.0,56961,75,
79f42f5be46e,rolling_origin,ULB,chronological,2,O,Ensemble,0.005,0.0021066799309477,TP,0.0,56961,75,
79f42f5be46e,rolling_origin,ULB,chronological,2,O,Ensemble,0.005,0.0021066799309477,n_alerts,77.0,56961,75,
79f42f5be46e,rolling_origin,ULB,chronological,2,O,Ensemble,0.005,0.0021066799309477,alert_rate,0.0013518021102157,56961,75,
79f42f5be46e,rolling_origin,ULB,chronological,2,O,Ensemble,0.005,0.0021066799309477,prevalence,0.0013166903670932,56961,75,
79f42f5be46e,rolling_origin,ULB,chronological,2,O,Ensemble,0.005,0.0021066799309477,lift,0.0,56961,75,
79f42f5be46e,rolling_origin,ULB,chronological,2,O,Ensemble,0.005,0.0021066799309477,tie_ratio,0.0743315601903056,56961,75,
79f42f5be46e,rolling_origin,ULB,chronological,2,O,Ensemble,0.005,0.0021066799309477,fit_seconds,0.0,56961,75,
79f42f5be46e,rolling_origin,ULB,chronological,2,O,Ensemble,0.005,0.0021066799309477,score_seconds,0.0,56961,75,
053f466b0a18,rolling_origin,ULB,chronological,2,O,Ensemble,0.005,0.0021066799309477,single_point_invariant,1.0,56961,75,invariance
e41d9184b859,rolling_origin,PaySim,chronological,0,U,IsolationForest,0.005,0.005,PR_AUC,0.0015914535179253,509009,282,
e41d9184b859,rolling_origin,PaySim,chronological,0,U,IsolationForest,0.005,0.005,ROC_AUC,0.7834878923970243,509009,282,
e41d9184b859,rolling_origin,PaySim,chronological,0,U,IsolationForest,0.005,0.005,Precision,0.0010932944606413,509009,282,
e41d9184b859,rolling_origin,PaySim,chronological,0,U,IsolationForest,0.005,0.005,Recall,0.0425531914893617,509009,282,
e41d9184b859,rolling_origin,PaySim,chronological,0,U,IsolationForest,0.005,0.005,F1,0.0021318173743116,509009,282,
e41d9184b859,rolling_origin,PaySim,chronological,0,U,IsolationForest,0.005,0.005,TN,497763.0,509009,282,
e41d9184b859,rolling_origin,PaySim,chronological,0,U,IsolationForest,0.005,0.005,FP,10964.0,509009,282,
e41d9184b859,rolling_origin,PaySim,chronological,0,U,IsolationForest,0.005,0.005,FN,270.0,509009,282,
e41d9184b859,rolling_origin,PaySim,chronological,0,U,IsolationForest,0.005,0.005,TP,12.0,509009,282,
e41d9184b859,rolling_origin,PaySim,chronological,0,U,IsolationForest,0.005,0.005,n_alerts,10976.0,509009,282,
e41d9184b859,rolling_origin,PaySim,chronological,0,U,IsolationForest,0.005,0.005,alert_rate,0.0215634694082029,509009,282,
e41d9184b859,rolling_origin,PaySim,chronological,0,U,IsolationForest,0.005,0.005,prevalence,0.0005540177089206,509009,282,
e41d9184b859,rolling_origin,PaySim,chronological,0,U,IsolationForest,0.005,0.005,lift,1.9733926245270144,509009,282,
e41d9184b859,rolling_origin,PaySim,chronological,0,U,IsolationForest,0.005,0.005,tie_ratio,0.5248433721211216,509009,282,
e41d9184b859,rolling_origin,PaySim,chronological,0,U,IsolationForest,0.005,0.005,fit_seconds,7.478614330291748,509009,282,
e41d9184b859,rolling_origin,PaySim,chronological,0,U,IsolationForest,0.005,0.005,score_seconds,12.544418096542358,509009,282,
43901b1aeb10,rolling_origin,PaySim,chronological,0,U,LOF,0.005,0.005,PR_AUC,0.0005602015687239,509009,282,
43901b1aeb10,rolling_origin,PaySim,chronological,0,U,LOF,0.005,0.005,ROC_AUC,0.5399104247234723,509009,282,
43901b1aeb10,rolling_origin,PaySim,chronological,0,U,LOF,0.005,0.005,Precision,0.0,509009,282,
43901b1aeb10,rolling_origin,PaySim,chronological,0,U,LOF,0.005,0.005,Recall,0.0,509009,282,
43901b1aeb10,rolling_origin,PaySim,chronological,0,U,LOF,0.005,0.005,F1,0.0,509009,282,
43901b1aeb10,rolling_origin,PaySim,chronological,0,U,LOF,0.005,0.005,TN,399277.0,509009,282,
43901b1aeb10,rolling_origin,PaySim,chronological,0,U,LOF,0.005,0.005,FP,109450.0,509009,282,
43901b1aeb10,rolling_origin,PaySim,chronological,0,U,LOF,0.005,0.005,FN,282.0,509009,282,
43901b1aeb10,rolling_origin,PaySim,chronological,0,U,LOF,0.005,0.005,TP,0.0,509009,282,
43901b1aeb10,rolling_origin,PaySim,chronological,0,U,LOF,0.005,0.005,n_alerts,109450.0,509009,282,
43901b1aeb10,rolling_origin,PaySim,chronological,0,U,LOF,0.005,0.005,alert_rate,0.2150256675225781,509009,282,
43901b1aeb10,rolling_origin,PaySim,chronological,0,U,LOF,0.005,0.005,prevalence,0.0005540177089206,509009,282,
43901b1aeb10,rolling_origin,PaySim,chronological,0,U,LOF,0.005,0.005,lift,0.0,509009,282,
43901b1aeb10,rolling_origin,PaySim,chronological,0,U,LOF,0.005,0.005,tie_ratio,0.0329345846537094,509009,282,
43901b1aeb10,rolling_origin,PaySim,chronological,0,U,LOF,0.005,0.005,fit_seconds,1.8740036487579343,509009,282,
43901b1aeb10,rolling_origin,PaySim,chronological,0,U,LOF,0.005,0.005,score_seconds,95.8746485710144,509009,282,
d4df72aca7ad,rolling_origin,PaySim,chronological,0,U,OneClassSVM,0.005,0.005,PR_AUC,0.0047480850812454,509009,282,
d4df72aca7ad,rolling_origin,PaySim,chronological,0,U,OneClassSVM,0.005,0.005,ROC_AUC,0.7948713578728783,509009,282,
d4df72aca7ad,rolling_origin,PaySim,chronological,0,U,OneClassSVM,0.005,0.005,Precision,0.0053053231262239,509009,282,
d4df72aca7ad,rolling_origin,PaySim,chronological,0,U,OneClassSVM,0.005,0.005,Recall,0.5283687943262412,509009,282,
d4df72aca7ad,rolling_origin,PaySim,chronological,0,U,OneClassSVM,0.005,0.005,F1,0.0105051644516515,509009,282,
d4df72aca7ad,rolling_origin,PaySim,chronological,0,U,OneClassSVM,0.005,0.005,TN,480791.0,509009,282,
d4df72aca7ad,rolling_origin,PaySim,chronological,0,U,OneClassSVM,0.005,0.005,FP,27936.0,509009,282,
d4df72aca7ad,rolling_origin,PaySim,chronological,0,U,OneClassSVM,0.005,0.005,FN,133.0,509009,282,
d4df72aca7ad,rolling_origin,PaySim,chronological,0,U,OneClassSVM,0.005,0.005,TP,149.0,509009,282,
d4df72aca7ad,rolling_origin,PaySim,chronological,0,U,OneClassSVM,0.005,0.005,n_alerts,28085.0,509009,282,
d4df72aca7ad,rolling_origin,PaySim,chronological,0,U,OneClassSVM,0.005,0.005,alert_rate,0.0551758416845281,509009,282,
d4df72aca7ad,rolling_origin,PaySim,chronological,0,U,OneClassSVM,0.005,0.005,prevalence,0.0005540177089206,509009,282,
d4df72aca7ad,rolling_origin,PaySim,chronological,0,U,OneClassSVM,0.005,0.005,lift,9.576089429631676,509009,282,
d4df72aca7ad,rolling_origin,PaySim,chronological,0,U,OneClassSVM,0.005,0.005,tie_ratio,0.0004950796547801,509009,282,
d4df72aca7ad,rolling_origin,PaySim,chronological,0,U,OneClassSVM,0.005,0.005,fit_seconds,0.3464829921722412,509009,282,
d4df72aca7ad,rolling_origin,PaySim,chronological,0,U,OneClassSVM,0.005,0.005,score_seconds,26.64932107925415,509009,282,
4c308ee165fd,rolling_origin,PaySim,chronological,0,U,DBSCAN,0.005,0.005,PR_AUC,0.0015967347607206,509009,282,
4c308ee165fd,rolling_origin,PaySim,chronological,0,U,DBSCAN,0.005,0.005,ROC_AUC,0.7601026784879689,509009,282,
4c308ee165fd,rolling_origin,PaySim,chronological,0,U,DBSCAN,0.005,0.005,Precision,0.0033082975679542,509009,282,
4c308ee165fd,rolling_origin,PaySim,chronological,0,U,DBSCAN,0.005,0.005,Recall,0.1312056737588652,509009,282,
4c308ee165fd,rolling_origin,PaySim,chronological,0,U,DBSCAN,0.005,0.005,F1,0.0064538635967207,509009,282,
4c308ee165fd,rolling_origin,PaySim,chronological,0,U,DBSCAN,0.005,0.005,TN,497580.0,509009,282,
4c308ee165fd,rolling_origin,PaySim,chronological,0,U,DBSCAN,0.005,0.005,FP,11147.0,509009,282,
4c308ee165fd,rolling_origin,PaySim,chronological,0,U,DBSCAN,0.005,0.005,FN,245.0,509009,282,
4c308ee165fd,rolling_origin,PaySim,chronological,0,U,DBSCAN,0.005,0.005,TP,37.0,509009,282,
4c308ee165fd,rolling_origin,PaySim,chronological,0,U,DBSCAN,0.005,0.005,n_alerts,11184.0,509009,282,
4c308ee165fd,rolling_origin,PaySim,chronological,0,U,DBSCAN,0.005,0.005,alert_rate,0.0219721065835771,509009,282,
4c308ee165fd,rolling_origin,PaySim,chronological,0,U,DBSCAN,0.005,0.005,prevalence,0.0005540177089206,509009,282,
4c308ee165fd,rolling_origin,PaySim,chronological,0,U,DBSCAN,0.005,0.005,lift,5.971465378605708,509009,282,
4c308ee165fd,rolling_origin,PaySim,chronological,0,U,DBSCAN,0.005,0.005,tie_ratio,0.2084933665220064,509009,282,
4c308ee165fd,rolling_origin,PaySim,chronological,0,U,DBSCAN,0.005,0.005,fit_seconds,1.042144775390625,509009,282,
4c308ee165fd,rolling_origin,PaySim,chronological,0,U,DBSCAN,0.005,0.005,score_seconds,0.0659968852996826,509009,282,
59697b2eab05,rolling_origin,PaySim,chronological,0,U,KMeans,0.005,0.005,PR_AUC,0.0026414560069848,509009,282,
59697b2eab05,rolling_origin,PaySim,chronological,0,U,KMeans,0.005,0.005,ROC_AUC,0.801221793957207,509009,282,
59697b2eab05,rolling_origin,PaySim,chronological,0,U,KMeans,0.005,0.005,Precision,0.0058528428093645,509009,282,
59697b2eab05,rolling_origin,PaySim,chronological,0,U,KMeans,0.005,0.005,Recall,0.2234042553191489,509009,282,
59697b2eab05,rolling_origin,PaySim,chronological,0,U,KMeans,0.005,0.005,F1,0.0114068441064638,509009,282,
59697b2eab05,rolling_origin,PaySim,chronological,0,U,KMeans,0.005,0.005,TN,498026.0,509009,282,
59697b2eab05,rolling_origin,PaySim,chronological,0,U,KMeans,0.005,0.005,FP,10701.0,509009,282,
59697b2eab05,rolling_origin,PaySim,chronological,0,U,KMeans,0.005,0.005,FN,219.0,509009,282,
59697b2eab05,rolling_origin,PaySim,chronological,0,U,KMeans,0.005,0.005,TP,63.0,509009,282,
59697b2eab05,rolling_origin,PaySim,chronological,0,U,KMeans,0.005,0.005,n_alerts,10764.0,509009,282,
59697b2eab05,rolling_origin,PaySim,chronological,0,U,KMeans,0.005,0.005,alert_rate,0.0211469738256101,509009,282,
59697b2eab05,rolling_origin,PaySim,chronological,0,U,KMeans,0.005,0.005,prevalence,0.0005540177089206,509009,282,
59697b2eab05,rolling_origin,PaySim,chronological,0,U,KMeans,0.005,0.005,lift,10.564360516141273,509009,282,
59697b2eab05,rolling_origin,PaySim,chronological,0,U,KMeans,0.005,0.005,tie_ratio,0.1072436833140475,509009,282,
59697b2eab05,rolling_origin,PaySim,chronological,0,U,KMeans,0.005,0.005,fit_seconds,63.53770279884338,509009,282,
59697b2eab05,rolling_origin,PaySim,chronological,0,U,KMeans,0.005,0.005,score_seconds,0.4459357261657715,509009,282,
f49bf9f438c3,rolling_origin,PaySim,chronological,0,U,Ensemble,0.005,0.005,PR_AUC,0.0063608104056323,509009,282,
f49bf9f438c3,rolling_origin,PaySim,chronological,0,U,Ensemble,0.005,0.005,ROC_AUC,0.8623172982731044,509009,282,
f49bf9f438c3,rolling_origin,PaySim,chronological,0,U,Ensemble,0.005,0.005,Precision,0.0093862815884476,509009,282,
f49bf9f438c3,rolling_origin,PaySim,chronological,0,U,Ensemble,0.005,0.005,Recall,0.4609929078014184,509009,282,
f49bf9f438c3,rolling_origin,PaySim,chronological,0,U,Ensemble,0.005,0.005,F1,0.0183979620718935,509009,282,
f49bf9f438c3,rolling_origin,PaySim,chronological,0,U,Ensemble,0.005,0.005,TN,495007.0,509009,282,
f49bf9f438c3,rolling_origin,PaySim,chronological,0,U,Ensemble,0.005,0.005,FP,13720.0,509009,282,
f49bf9f438c3,rolling_origin,PaySim,chronological,0,U,Ensemble,0.005,0.005,FN,152.0,509009,282,
f49bf9f438c3,rolling_origin,PaySim,chronological,0,U,Ensemble,0.005,0.005,TP,130.0,509009,282,
f49bf9f438c3,rolling_origin,PaySim,chronological,0,U,Ensemble,0.005,0.005,n_alerts,13850.0,509009,282,
f49bf9f438c3,rolling_origin,PaySim,chronological,0,U,Ensemble,0.005,0.005,alert_rate,0.0272097349948625,509009,282,
f49bf9f438c3,rolling_origin,PaySim,chronological,0,U,Ensemble,0.005,0.005,prevalence,0.0005540177089206,509009,282,
f49bf9f438c3,rolling_origin,PaySim,chronological,0,U,Ensemble,0.005,0.005,lift,16.94220498246153,509009,282,
f49bf9f438c3,rolling_origin,PaySim,chronological,0,U,Ensemble,0.005,0.005,tie_ratio,0.1099607276099243,509009,282,
f49bf9f438c3,rolling_origin,PaySim,chronological,0,U,Ensemble,0.005,0.005,fit_seconds,0.0,509009,282,
f49bf9f438c3,rolling_origin,PaySim,chronological,0,U,Ensemble,0.005,0.005,score_seconds,0.0,509009,282,
9636a2e5b770,rolling_origin,PaySim,chronological,0,U,Ensemble,0.005,0.005,single_point_invariant,1.0,509009,282,invariance
f213029d06e6,rolling_origin,PaySim,chronological,0,N,IsolationForest,0.005,0.005,PR_AUC,0.0018531740662793,509009,282,
f213029d06e6,rolling_origin,PaySim,chronological,0,N,IsolationForest,0.005,0.005,ROC_AUC,0.793101856229735,509009,282,
f213029d06e6,rolling_origin,PaySim,chronological,0,N,IsolationForest,0.005,0.005,Precision,0.0022253129346314,509009,282,
f213029d06e6,rolling_origin,PaySim,chronological,0,N,IsolationForest,0.005,0.005,Recall,0.0851063829787234,509009,282,
f213029d06e6,rolling_origin,PaySim,chronological,0,N,IsolationForest,0.005,0.005,F1,0.0043372187584711,509009,282,
f213029d06e6,rolling_origin,PaySim,chronological,0,N,IsolationForest,0.005,0.005,TN,497966.0,509009,282,
f213029d06e6,rolling_origin,PaySim,chronological,0,N,IsolationForest,0.005,0.005,FP,10761.0,509009,282,
f213029d06e6,rolling_origin,PaySim,chronological,0,N,IsolationForest,0.005,0.005,FN,258.0,509009,282,
f213029d06e6,rolling_origin,PaySim,chronological,0,N,IsolationForest,0.005,0.005,TP,24.0,509009,282,
f213029d06e6,rolling_origin,PaySim,chronological,0,N,IsolationForest,0.005,0.005,n_alerts,10785.0,509009,282,
f213029d06e6,rolling_origin,PaySim,chronological,0,N,IsolationForest,0.005,0.005,alert_rate,0.0211882304635085,509009,282,
f213029d06e6,rolling_origin,PaySim,chronological,0,N,IsolationForest,0.005,0.005,prevalence,0.0005540177089206,509009,282,
f213029d06e6,rolling_origin,PaySim,chronological,0,N,IsolationForest,0.005,0.005,lift,4.0166819558291165,509009,282,
f213029d06e6,rolling_origin,PaySim,chronological,0,N,IsolationForest,0.005,0.005,tie_ratio,0.5166333011793505,509009,282,
f213029d06e6,rolling_origin,PaySim,chronological,0,N,IsolationForest,0.005,0.005,fit_seconds,7.616214752197266,509009,282,
f213029d06e6,rolling_origin,PaySim,chronological,0,N,IsolationForest,0.005,0.005,score_seconds,12.662840604782104,509009,282,
cf7aed1e7591,rolling_origin,PaySim,chronological,0,N,LOF,0.005,0.005,PR_AUC,0.0005540913246972,509009,282,
cf7aed1e7591,rolling_origin,PaySim,chronological,0,N,LOF,0.005,0.005,ROC_AUC,0.5383961736113199,509009,282,
cf7aed1e7591,rolling_origin,PaySim,chronological,0,N,LOF,0.005,0.005,Precision,0.0,509009,282,
cf7aed1e7591,rolling_origin,PaySim,chronological,0,N,LOF,0.005,0.005,Recall,0.0,509009,282,
cf7aed1e7591,rolling_origin,PaySim,chronological,0,N,LOF,0.005,0.005,F1,0.0,509009,282,
cf7aed1e7591,rolling_origin,PaySim,chronological,0,N,LOF,0.005,0.005,TN,378019.0,509009,282,
cf7aed1e7591,rolling_origin,PaySim,chronological,0,N,LOF,0.005,0.005,FP,130708.0,509009,282,
cf7aed1e7591,rolling_origin,PaySim,chronological,0,N,LOF,0.005,0.005,FN,282.0,509009,282,
cf7aed1e7591,rolling_origin,PaySim,chronological,0,N,LOF,0.005,0.005,TP,0.0,509009,282,
cf7aed1e7591,rolling_origin,PaySim,chronological,0,N,LOF,0.005,0.005,n_alerts,130708.0,509009,282,
cf7aed1e7591,rolling_origin,PaySim,chronological,0,N,LOF,0.005,0.005,alert_rate,0.256789172686534,509009,282,
cf7aed1e7591,rolling_origin,PaySim,chronological,0,N,LOF,0.005,0.005,prevalence,0.0005540177089206,509009,282,
cf7aed1e7591,rolling_origin,PaySim,chronological,0,N,LOF,0.005,0.005,lift,0.0,509009,282,
cf7aed1e7591,rolling_origin,PaySim,chronological,0,N,LOF,0.005,0.005,tie_ratio,0.0327990271291863,509009,282,
cf7aed1e7591,rolling_origin,PaySim,chronological,0,N,LOF,0.005,0.005,fit_seconds,1.737473487854004,509009,282,
cf7aed1e7591,rolling_origin,PaySim,chronological,0,N,LOF,0.005,0.005,score_seconds,96.18709588050842,509009,282,
049a99bbc289,rolling_origin,PaySim,chronological,0,N,OneClassSVM,0.005,0.005,PR_AUC,0.005233986292704,509009,282,
049a99bbc289,rolling_origin,PaySim,chronological,0,N,OneClassSVM,0.005,0.005,ROC_AUC,0.7614466917123562,509009,282,
049a99bbc289,rolling_origin,PaySim,chronological,0,N,OneClassSVM,0.005,0.005,Precision,0.004808006803166,509009,282,
049a99bbc289,rolling_origin,PaySim,chronological,0,N,OneClassSVM,0.005,0.005,Recall,0.5212765957446809,509009,282,
049a99bbc289,rolling_origin,PaySim,chronological,0,N,OneClassSVM,0.005,0.005,F1,0.0095281306715063,509009,282,
049a99bbc289,rolling_origin,PaySim,chronological,0,N,OneClassSVM,0.005,0.005,TN,478300.0,509009,282,
049a99bbc289,rolling_origin,PaySim,chronological,0,N,OneClassSVM,0.005,0.005,FP,30427.0,509009,282,
049a99bbc289,rolling_origin,PaySim,chronological,0,N,OneClassSVM,0.005,0.005,FN,135.0,509009,282,
049a99bbc289,rolling_origin,PaySim,chronological,0,N,OneClassSVM,0.005,0.005,TP,147.0,509009,282,
049a99bbc289,rolling_origin,PaySim,chronological,0,N,OneClassSVM,0.005,0.005,n_alerts,30574.0,509009,282,
049a99bbc289,rolling_origin,PaySim,chronological,0,N,OneClassSVM,0.005,0.005,alert_rate,0.0600657355763847,509009,282,
049a99bbc289,rolling_origin,PaySim,chronological,0,N,OneClassSVM,0.005,0.005,prevalence,0.0005540177089206,509009,282,
049a99bbc289,rolling_origin,PaySim,chronological,0,N,OneClassSVM,0.005,0.005,lift,8.678435230045274,509009,282,
049a99bbc289,rolling_origin,PaySim,chronological,0,N,OneClassSVM,0.005,0.005,tie_ratio,0.0005933097450143,509009,282,
049a99bbc289,rolling_origin,PaySim,chronological,0,N,OneClassSVM,0.005,0.005,fit_seconds,0.3403725624084472,509009,282,
049a99bbc289,rolling_origin,PaySim,chronological,0,N,OneClassSVM,0.005,0.005,score_seconds,26.81681776046753,509009,282,
9f6c76bb50c8,rolling_origin,PaySim,chronological,0,N,DBSCAN,0.005,0.005,PR_AUC,0.0015986977527228,509009,282,
9f6c76bb50c8,rolling_origin,PaySim,chronological,0,N,DBSCAN,0.005,0.005,ROC_AUC,0.7605284352723172,509009,282,
9f6c76bb50c8,rolling_origin,PaySim,chronological,0,N,DBSCAN,0.005,0.005,Precision,0.0033121475248411,509009,282,
9f6c76bb50c8,rolling_origin,PaySim,chronological,0,N,DBSCAN,0.005,0.005,Recall,0.1312056737588652,509009,282,
9f6c76bb50c8,rolling_origin,PaySim,chronological,0,N,DBSCAN,0.005,0.005,F1,0.0064611892080677,509009,282,
9f6c76bb50c8,rolling_origin,PaySim,chronological,0,N,DBSCAN,0.005,0.005,TN,497593.0,509009,282,
9f6c76bb50c8,rolling_origin,PaySim,chronological,0,N,DBSCAN,0.005,0.005,FP,11134.0,509009,282,
9f6c76bb50c8,rolling_origin,PaySim,chronological,0,N,DBSCAN,0.005,0.005,FN,245.0,509009,282,
9f6c76bb50c8,rolling_origin,PaySim,chronological,0,N,DBSCAN,0.005,0.005,TP,37.0,509009,282,
9f6c76bb50c8,rolling_origin,PaySim,chronological,0,N,DBSCAN,0.005,0.005,n_alerts,11171.0,509009,282,
9f6c76bb50c8,rolling_origin,PaySim,chronological,0,N,DBSCAN,0.005,0.005,alert_rate,0.0219465667601162,509009,282,
9f6c76bb50c8,rolling_origin,PaySim,chronological,0,N,DBSCAN,0.005,0.005,prevalence,0.0005540177089206,509009,282,
9f6c76bb50c8,rolling_origin,PaySim,chronological,0,N,DBSCAN,0.005,0.005,lift,5.978414537134208,509009,282,
9f6c76bb50c8,rolling_origin,PaySim,chronological,0,N,DBSCAN,0.005,0.005,tie_ratio,0.2049099328302642,509009,282,
9f6c76bb50c8,rolling_origin,PaySim,chronological,0,N,DBSCAN,0.005,0.005,fit_seconds,0.980088233947754,509009,282,
9f6c76bb50c8,rolling_origin,PaySim,chronological,0,N,DBSCAN,0.005,0.005,score_seconds,0.054964542388916,509009,282,
8d84935b6cf2,rolling_origin,PaySim,chronological,0,N,KMeans,0.005,0.005,PR_AUC,0.0026425279111767,509009,282,
8d84935b6cf2,rolling_origin,PaySim,chronological,0,N,KMeans,0.005,0.005,ROC_AUC,0.8011593519058773,509009,282,
8d84935b6cf2,rolling_origin,PaySim,chronological,0,N,KMeans,0.005,0.005,Precision,0.0058371166496803,509009,282,
8d84935b6cf2,rolling_origin,PaySim,chronological,0,N,KMeans,0.005,0.005,Recall,0.2234042553191489,509009,282,
8d84935b6cf2,rolling_origin,PaySim,chronological,0,N,KMeans,0.005,0.005,F1,0.0113769751693002,509009,282,
8d84935b6cf2,rolling_origin,PaySim,chronological,0,N,KMeans,0.005,0.005,TN,497997.0,509009,282,
8d84935b6cf2,rolling_origin,PaySim,chronological,0,N,KMeans,0.005,0.005,FP,10730.0,509009,282,
8d84935b6cf2,rolling_origin,PaySim,chronological,0,N,KMeans,0.005,0.005,FN,219.0,509009,282,
8d84935b6cf2,rolling_origin,PaySim,chronological,0,N,KMeans,0.005,0.005,TP,63.0,509009,282,
8d84935b6cf2,rolling_origin,PaySim,chronological,0,N,KMeans,0.005,0.005,n_alerts,10793.0,509009,282,
8d84935b6cf2,rolling_origin,PaySim,chronological,0,N,KMeans,0.005,0.005,alert_rate,0.0212039472779459,509009,282,
8d84935b6cf2,rolling_origin,PaySim,chronological,0,N,KMeans,0.005,0.005,prevalence,0.0005540177089206,509009,282,
8d84935b6cf2,rolling_origin,PaySim,chronological,0,N,KMeans,0.005,0.005,lift,10.535974853677816,509009,282,
8d84935b6cf2,rolling_origin,PaySim,chronological,0,N,KMeans,0.005,0.005,tie_ratio,0.1072947629609692,509009,282,
8d84935b6cf2,rolling_origin,PaySim,chronological,0,N,KMeans,0.005,0.005,fit_seconds,63.522584438323975,509009,282,
8d84935b6cf2,rolling_origin,PaySim,chronological,0,N,KMeans,0.005,0.005,score_seconds,0.4445476531982422,509009,282,
545a44390ee6,rolling_origin,PaySim,chronological,0,N,Ensemble,0.005,0.005,PR_AUC,0.0064385300859082,509009,282,
545a44390ee6,rolling_origin,PaySim,chronological,0,N,Ensemble,0.005,0.005,ROC_AUC,0.8434065578262259,509009,282,
545a44390ee6,rolling_origin,PaySim,chronological,0,N,Ensemble,0.005,0.005,Precision,0.0083744407479637,509009,282,
545a44390ee6,rolling_origin,PaySim,chronological,0,N,Ensemble,0.005,0.005,Recall,0.5177304964539007,509009,282,
545a44390ee6,rolling_origin,PaySim,chronological,0,N,Ensemble,0.005,0.005,F1,0.016482275908783,509009,282,
545a44390ee6,rolling_origin,PaySim,chronological,0,N,Ensemble,0.005,0.005,TN,491439.0,509009,282,
545a44390ee6,rolling_origin,PaySim,chronological,0,N,Ensemble,0.005,0.005,FP,17288.0,509009,282,
545a44390ee6,rolling_origin,PaySim,chronological,0,N,Ensemble,0.005,0.005,FN,136.0,509009,282,
545a44390ee6,rolling_origin,PaySim,chronological,0,N,Ensemble,0.005,0.005,TP,146.0,509009,282,
545a44390ee6,rolling_origin,PaySim,chronological,0,N,Ensemble,0.005,0.005,n_alerts,17434.0,509009,282,
545a44390ee6,rolling_origin,PaySim,chronological,0,N,Ensemble,0.005,0.005,alert_rate,0.0342508678628472,509009,282,
545a44390ee6,rolling_origin,PaySim,chronological,0,N,Ensemble,0.005,0.005,prevalence,0.0005540177089206,509009,282,
545a44390ee6,rolling_origin,PaySim,chronological,0,N,Ensemble,0.005,0.005,lift,15.115835853476169,509009,282,
545a44390ee6,rolling_origin,PaySim,chronological,0,N,Ensemble,0.005,0.005,tie_ratio,0.1043144620232647,509009,282,
545a44390ee6,rolling_origin,PaySim,chronological,0,N,Ensemble,0.005,0.005,fit_seconds,0.0,509009,282,
545a44390ee6,rolling_origin,PaySim,chronological,0,N,Ensemble,0.005,0.005,score_seconds,0.0,509009,282,
32d5f70d85e3,rolling_origin,PaySim,chronological,0,N,Ensemble,0.005,0.005,single_point_invariant,1.0,509009,282,invariance
83733bfbcccf,rolling_origin,PaySim,chronological,0,O,IsolationForest,0.005,0.0008623071143208,PR_AUC,0.0015914535179253,509009,282,
83733bfbcccf,rolling_origin,PaySim,chronological,0,O,IsolationForest,0.005,0.0008623071143208,ROC_AUC,0.7834878923970243,509009,282,
83733bfbcccf,rolling_origin,PaySim,chronological,0,O,IsolationForest,0.005,0.0008623071143208,Precision,0.0001756234632946,509009,282,
83733bfbcccf,rolling_origin,PaySim,chronological,0,O,IsolationForest,0.005,0.0008623071143208,Recall,0.0035460992907801,509009,282,
83733bfbcccf,rolling_origin,PaySim,chronological,0,O,IsolationForest,0.005,0.0008623071143208,F1,0.000334672021419,509009,282,
83733bfbcccf,rolling_origin,PaySim,chronological,0,O,IsolationForest,0.005,0.0008623071143208,TN,503034.0,509009,282,
83733bfbcccf,rolling_origin,PaySim,chronological,0,O,IsolationForest,0.005,0.0008623071143208,FP,5693.0,509009,282,
83733bfbcccf,rolling_origin,PaySim,chronological,0,O,IsolationForest,0.005,0.0008623071143208,FN,281.0,509009,282,
83733bfbcccf,rolling_origin,PaySim,chronological,0,O,IsolationForest,0.005,0.0008623071143208,TP,1.0,509009,282,
83733bfbcccf,rolling_origin,PaySim,chronological,0,O,IsolationForest,0.005,0.0008623071143208,n_alerts,5694.0,509009,282,
83733bfbcccf,rolling_origin,PaySim,chronological,0,O,IsolationForest,0.005,0.0008623071143208,alert_rate,0.0111864426758662,509009,282,
83733bfbcccf,rolling_origin,PaySim,chronological,0,O,IsolationForest,0.005,0.0008623071143208,prevalence,0.0005540177089206,509009,282,
83733bfbcccf,rolling_origin,PaySim,chronological,0,O,IsolationForest,0.005,0.0008623071143208,lift,0.3169997284686879,509009,282,
83733bfbcccf,rolling_origin,PaySim,chronological,0,O,IsolationForest,0.005,0.0008623071143208,tie_ratio,0.5248433721211216,509009,282,
83733bfbcccf,rolling_origin,PaySim,chronological,0,O,IsolationForest,0.005,0.0008623071143208,fit_seconds,7.64569091796875,509009,282,
83733bfbcccf,rolling_origin,PaySim,chronological,0,O,IsolationForest,0.005,0.0008623071143208,score_seconds,12.59050178527832,509009,282,
d1674590e834,rolling_origin,PaySim,chronological,0,O,LOF,0.005,0.0008623071143208,PR_AUC,0.0005602015687239,509009,282,
d1674590e834,rolling_origin,PaySim,chronological,0,O,LOF,0.005,0.0008623071143208,ROC_AUC,0.5399104247234723,509009,282,
d1674590e834,rolling_origin,PaySim,chronological,0,O,LOF,0.005,0.0008623071143208,Precision,0.0,509009,282,
d1674590e834,rolling_origin,PaySim,chronological,0,O,LOF,0.005,0.0008623071143208,Recall,0.0,509009,282,
d1674590e834,rolling_origin,PaySim,chronological,0,O,LOF,0.005,0.0008623071143208,F1,0.0,509009,282,
d1674590e834,rolling_origin,PaySim,chronological,0,O,LOF,0.005,0.0008623071143208,TN,412481.0,509009,282,
d1674590e834,rolling_origin,PaySim,chronological,0,O,LOF,0.005,0.0008623071143208,FP,96246.0,509009,282,
d1674590e834,rolling_origin,PaySim,chronological,0,O,LOF,0.005,0.0008623071143208,FN,282.0,509009,282,
d1674590e834,rolling_origin,PaySim,chronological,0,O,LOF,0.005,0.0008623071143208,TP,0.0,509009,282,
d1674590e834,rolling_origin,PaySim,chronological,0,O,LOF,0.005,0.0008623071143208,n_alerts,96246.0,509009,282,
d1674590e834,rolling_origin,PaySim,chronological,0,O,LOF,0.005,0.0008623071143208,alert_rate,0.1890850652935409,509009,282,
d1674590e834,rolling_origin,PaySim,chronological,0,O,LOF,0.005,0.0008623071143208,prevalence,0.0005540177089206,509009,282,
d1674590e834,rolling_origin,PaySim,chronological,0,O,LOF,0.005,0.0008623071143208,lift,0.0,509009,282,
d1674590e834,rolling_origin,PaySim,chronological,0,O,LOF,0.005,0.0008623071143208,tie_ratio,0.0329345846537094,509009,282,
d1674590e834,rolling_origin,PaySim,chronological,0,O,LOF,0.005,0.0008623071143208,fit_seconds,2.2780892848968506,509009,282,
d1674590e834,rolling_origin,PaySim,chronological,0,O,LOF,0.005,0.0008623071143208,score_seconds,101.41658878326416,509009,282,
8af78813a0b1,rolling_origin,PaySim,chronological,0,O,OneClassSVM,0.005,0.0008623071143208,PR_AUC,0.0037713608432625,509009,282,
8af78813a0b1,rolling_origin,PaySim,chronological,0,O,OneClassSVM,0.005,0.0008623071143208,ROC_AUC,0.7693015818220831,509009,282,
8af78813a0b1,rolling_origin,PaySim,chronological,0,O,OneClassSVM,0.005,0.0008623071143208,Precision,0.0059504132231404,509009,282,
8af78813a0b1,rolling_origin,PaySim,chronological,0,O,OneClassSVM,0.005,0.0008623071143208,Recall,0.1276595744680851,509009,282,
8af78813a0b1,rolling_origin,PaySim,chronological,0,O,OneClassSVM,0.005,0.0008623071143208,F1,0.0113708149084017,509009,282,
8af78813a0b1,rolling_origin,PaySim,chronological,0,O,OneClassSVM,0.005,0.0008623071143208,TN,502713.0,509009,282,
8af78813a0b1,rolling_origin,PaySim,chronological,0,O,OneClassSVM,0.005,0.0008623071143208,FP,6014.0,509009,282,
8af78813a0b1,rolling_origin,PaySim,chronological,0,O,OneClassSVM,0.005,0.0008623071143208,FN,246.0,509009,282,
8af78813a0b1,rolling_origin,PaySim,chronological,0,O,OneClassSVM,0.005,0.0008623071143208,TP,36.0,509009,282,
8af78813a0b1,rolling_origin,PaySim,chronological,0,O,OneClassSVM,0.005,0.0008623071143208,n_alerts,6050.0,509009,282,
8af78813a0b1,rolling_origin,PaySim,chronological,0,O,OneClassSVM,0.005,0.0008623071143208,alert_rate,0.0118858409183334,509009,282,
8af78813a0b1,rolling_origin,PaySim,chronological,0,O,OneClassSVM,0.005,0.0008623071143208,prevalence,0.0005540177089206,509009,282,
8af78813a0b1,rolling_origin,PaySim,chronological,0,O,OneClassSVM,0.005,0.0008623071143208,lift,10.740474767012484,509009,282,
8af78813a0b1,rolling_origin,PaySim,chronological,0,O,OneClassSVM,0.005,0.0008623071143208,tie_ratio,0.0004950796547801,509009,282,
8af78813a0b1,rolling_origin,PaySim,chronological,0,O,OneClassSVM,0.005,0.0008623071143208,fit_seconds,0.242527961730957,509009,282,
8af78813a0b1,rolling_origin,PaySim,chronological,0,O,OneClassSVM,0.005,0.0008623071143208,score_seconds,26.15460443496704,509009,282,
35d738fbb61a,rolling_origin,PaySim,chronological,0,O,DBSCAN,0.005,0.0008623071143208,PR_AUC,0.0015967347607206,509009,282,
35d738fbb61a,rolling_origin,PaySim,chronological,0,O,DBSCAN,0.005,0.0008623071143208,ROC_AUC,0.7601026784879689,509009,282,
35d738fbb61a,rolling_origin,PaySim,chronological,0,O,DBSCAN,0.005,0.0008623071143208,Precision,0.0033072760072158,509009,282,
35d738fbb61a,rolling_origin,PaySim,chronological,0,O,DBSCAN,0.005,0.0008623071143208,Recall,0.0780141843971631,509009,282,
35d738fbb61a,rolling_origin,PaySim,chronological,0,O,DBSCAN,0.005,0.0008623071143208,F1,0.0063455436977213,509009,282,
35d738fbb61a,rolling_origin,PaySim,chronological,0,O,DBSCAN,0.005,0.0008623071143208,TN,502097.0,509009,282,
35d738fbb61a,rolling_origin,PaySim,chronological,0,O,DBSCAN,0.005,0.0008623071143208,FP,6630.0,509009,282,
35d738fbb61a,rolling_origin,PaySim,chronological,0,O,DBSCAN,0.005,0.0008623071143208,FN,260.0,509009,282,
35d738fbb61a,rolling_origin,PaySim,chronological,0,O,DBSCAN,0.005,0.0008623071143208,TP,22.0,509009,282,
35d738fbb61a,rolling_origin,PaySim,chronological,0,O,DBSCAN,0.005,0.0008623071143208,n_alerts,6652.0,509009,282,
35d738fbb61a,rolling_origin,PaySim,chronological,0,O,DBSCAN,0.005,0.0008623071143208,alert_rate,0.0130685312047527,509009,282,
35d738fbb61a,rolling_origin,PaySim,chronological,0,O,DBSCAN,0.005,0.0008623071143208,prevalence,0.0005540177089206,509009,282,
35d738fbb61a,rolling_origin,PaySim,chronological,0,O,DBSCAN,0.005,0.0008623071143208,lift,5.969621465095551,509009,282,
35d738fbb61a,rolling_origin,PaySim,chronological,0,O,DBSCAN,0.005,0.0008623071143208,tie_ratio,0.2084933665220064,509009,282,
35d738fbb61a,rolling_origin,PaySim,chronological,0,O,DBSCAN,0.005,0.0008623071143208,fit_seconds,0.8334145545959473,509009,282,
35d738fbb61a,rolling_origin,PaySim,chronological,0,O,DBSCAN,0.005,0.0008623071143208,score_seconds,0.0550112724304199,509009,282,
b745ca863983,rolling_origin,PaySim,chronological,0,O,KMeans,0.005,0.0008623071143208,PR_AUC,0.0026414562511308,509009,282,
b745ca863983,rolling_origin,PaySim,chronological,0,O,KMeans,0.005,0.0008623071143208,ROC_AUC,0.801221800927742,509009,282,
b745ca863983,rolling_origin,PaySim,chronological,0,O,KMeans,0.005,0.0008623071143208,Precision,0.0042911877394636,509009,282,
b745ca863983,rolling_origin,PaySim,chronological,0,O,KMeans,0.005,0.0008623071143208,Recall,0.0992907801418439,509009,282,
b745ca863983,rolling_origin,PaySim,chronological,0,O,KMeans,0.005,0.0008623071143208,F1,0.0082268253268694,509009,282,
b745ca863983,rolling_origin,PaySim,chronological,0,O,KMeans,0.005,0.0008623071143208,TN,502230.0,509009,282,
b745ca863983,rolling_origin,PaySim,chronological,0,O,KMeans,0.005,0.0008623071143208,FP,6497.0,509009,282,
b745ca863983,rolling_origin,PaySim,chronological,0,O,KMeans,0.005,0.0008623071143208,FN,254.0,509009,282,
b745ca863983,rolling_origin,PaySim,chronological,0,O,KMeans,0.005,0.0008623071143208,TP,28.0,509009,282,
b745ca863983,rolling_origin,PaySim,chronological,0,O,KMeans,0.005,0.0008623071143208,n_alerts,6525.0,509009,282,
b745ca863983,rolling_origin,PaySim,chronological,0,O,KMeans,0.005,0.0008623071143208,alert_rate,0.0128190267755579,509009,282,
b745ca863983,rolling_origin,PaySim,chronological,0,O,KMeans,0.005,0.0008623071143208,prevalence,0.0005540177089206,509009,282,
b745ca863983,rolling_origin,PaySim,chronological,0,O,KMeans,0.005,0.0008623071143208,lift,7.745578652754,509009,282,
b745ca863983,rolling_origin,PaySim,chronological,0,O,KMeans,0.005,0.0008623071143208,tie_ratio,0.1074892585396328,509009,282,
b745ca863983,rolling_origin,PaySim,chronological,0,O,KMeans,0.005,0.0008623071143208,fit_seconds,65.7948067188263,509009,282,
b745ca863983,rolling_origin,PaySim,chronological,0,O,KMeans,0.005,0.0008623071143208,score_seconds,0.4455702304840088,509009,282,
32f8b32939ce,rolling_origin,PaySim,chronological,0,O,Ensemble,0.005,0.0008623071143208,PR_AUC,0.0061999397041164,509009,282,
32f8b32939ce,rolling_origin,PaySim,chronological,0,O,Ensemble,0.005,0.0008623071143208,ROC_AUC,0.860919259918238,509009,282,
32f8b32939ce,rolling_origin,PaySim,chronological,0,O,Ensemble,0.005,0.0008623071143208,Precision,0.0118664180369554,509009,282,
32f8b32939ce,rolling_origin,PaySim,chronological,0,O,Ensemble,0.005,0.0008623071143208,Recall,0.2482269503546099,509009,282,
32f8b32939ce,rolling_origin,PaySim,chronological,0,O,Ensemble,0.005,0.0008623071143208,F1,0.0226500566251415,509009,282,
32f8b32939ce,rolling_origin,PaySim,chronological,0,O,Ensemble,0.005,0.0008623071143208,TN,502898.0,509009,282,
32f8b32939ce,rolling_origin,PaySim,chronological,0,O,Ensemble,0.005,0.0008623071143208,FP,5829.0,509009,282,
32f8b32939ce,rolling_origin,PaySim,chronological,0,O,Ensemble,0.005,0.0008623071143208,FN,212.0,509009,282,
32f8b32939ce,rolling_origin,PaySim,chronological,0,O,Ensemble,0.005,0.0008623071143208,TP,70.0,509009,282,
32f8b32939ce,rolling_origin,PaySim,chronological,0,O,Ensemble,0.005,0.0008623071143208,n_alerts,5899.0,509009,282,
32f8b32939ce,rolling_origin,PaySim,chronological,0,O,Ensemble,0.005,0.0008623071143208,alert_rate,0.0115891860458263,509009,282,
32f8b32939ce,rolling_origin,PaySim,chronological,0,O,Ensemble,0.005,0.0008623071143208,prevalence,0.0005540177089206,509009,282,
32f8b32939ce,rolling_origin,PaySim,chronological,0,O,Ensemble,0.005,0.0008623071143208,lift,21.41884247720794,509009,282,
32f8b32939ce,rolling_origin,PaySim,chronological,0,O,Ensemble,0.005,0.0008623071143208,tie_ratio,0.1100078780532367,509009,282,
32f8b32939ce,rolling_origin,PaySim,chronological,0,O,Ensemble,0.005,0.0008623071143208,fit_seconds,0.0,509009,282,
32f8b32939ce,rolling_origin,PaySim,chronological,0,O,Ensemble,0.005,0.0008623071143208,score_seconds,0.0,509009,282,
aadd6c1b6e5f,rolling_origin,PaySim,chronological,0,O,Ensemble,0.005,0.0008623071143208,single_point_invariant,1.0,509009,282,invariance
28933b6d10d8,rolling_origin,PaySim,chronological,1,U,IsolationForest,0.005,0.005,PR_AUC,0.0022742875087041,509009,388,
28933b6d10d8,rolling_origin,PaySim,chronological,1,U,IsolationForest,0.005,0.005,ROC_AUC,0.7780486556970286,509009,388,
28933b6d10d8,rolling_origin,PaySim,chronological,1,U,IsolationForest,0.005,0.005,Precision,0.0,509009,388,
28933b6d10d8,rolling_origin,PaySim,chronological,1,U,IsolationForest,0.005,0.005,Recall,0.0,509009,388,
28933b6d10d8,rolling_origin,PaySim,chronological,1,U,IsolationForest,0.005,0.005,F1,0.0,509009,388,
28933b6d10d8,rolling_origin,PaySim,chronological,1,U,IsolationForest,0.005,0.005,TN,507765.0,509009,388,
28933b6d10d8,rolling_origin,PaySim,chronological,1,U,IsolationForest,0.005,0.005,FP,856.0,509009,388,
28933b6d10d8,rolling_origin,PaySim,chronological,1,U,IsolationForest,0.005,0.005,FN,388.0,509009,388,
28933b6d10d8,rolling_origin,PaySim,chronological,1,U,IsolationForest,0.005,0.005,TP,0.0,509009,388,
28933b6d10d8,rolling_origin,PaySim,chronological,1,U,IsolationForest,0.005,0.005,n_alerts,856.0,509009,388,
28933b6d10d8,rolling_origin,PaySim,chronological,1,U,IsolationForest,0.005,0.005,alert_rate,0.0016816991448088,509009,388,
28933b6d10d8,rolling_origin,PaySim,chronological,1,U,IsolationForest,0.005,0.005,prevalence,0.000762265500217,509009,388,
28933b6d10d8,rolling_origin,PaySim,chronological,1,U,IsolationForest,0.005,0.005,lift,0.0,509009,388,
28933b6d10d8,rolling_origin,PaySim,chronological,1,U,IsolationForest,0.005,0.005,tie_ratio,0.5101068939841928,509009,388,
28933b6d10d8,rolling_origin,PaySim,chronological,1,U,IsolationForest,0.005,0.005,fit_seconds,8.56434154510498,509009,388,
28933b6d10d8,rolling_origin,PaySim,chronological,1,U,IsolationForest,0.005,0.005,score_seconds,12.81454300880432,509009,388,
f6e65bcbe25c,rolling_origin,PaySim,chronological,1,U,LOF,0.005,0.005,PR_AUC,0.0007605786167979,509009,388,
f6e65bcbe25c,rolling_origin,PaySim,chronological,1,U,LOF,0.005,0.005,ROC_AUC,0.5343434811414579,509009,388,
f6e65bcbe25c,rolling_origin,PaySim,chronological,1,U,LOF,0.005,0.005,Precision,0.0,509009,388,
f6e65bcbe25c,rolling_origin,PaySim,chronological,1,U,LOF,0.005,0.005,Recall,0.0,509009,388,
f6e65bcbe25c,rolling_origin,PaySim,chronological,1,U,LOF,0.005,0.005,F1,0.0,509009,388,
f6e65bcbe25c,rolling_origin,PaySim,chronological,1,U,LOF,0.005,0.005,TN,363914.0,509009,388,
f6e65bcbe25c,rolling_origin,PaySim,chronological,1,U,LOF,0.005,0.005,FP,144707.0,509009,388,
f6e65bcbe25c,rolling_origin,PaySim,chronological,1,U,LOF,0.005,0.005,FN,388.0,509009,388,
f6e65bcbe25c,rolling_origin,PaySim,chronological,1,U,LOF,0.005,0.005,TP,0.0,509009,388,
f6e65bcbe25c,rolling_origin,PaySim,chronological,1,U,LOF,0.005,0.005,n_alerts,144707.0,509009,388,
f6e65bcbe25c,rolling_origin,PaySim,chronological,1,U,LOF,0.005,0.005,alert_rate,0.2842916333502944,509009,388,
f6e65bcbe25c,rolling_origin,PaySim,chronological,1,U,LOF,0.005,0.005,prevalence,0.000762265500217,509009,388,
f6e65bcbe25c,rolling_origin,PaySim,chronological,1,U,LOF,0.005,0.005,lift,0.0,509009,388,
f6e65bcbe25c,rolling_origin,PaySim,chronological,1,U,LOF,0.005,0.005,tie_ratio,0.0251999473486715,509009,388,
f6e65bcbe25c,rolling_origin,PaySim,chronological,1,U,LOF,0.005,0.005,fit_seconds,1.6675002574920654,509009,388,
f6e65bcbe25c,rolling_origin,PaySim,chronological,1,U,LOF,0.005,0.005,score_seconds,99.3071837425232,509009,388,
b2a1b3336de2,rolling_origin,PaySim,chronological,1,U,OneClassSVM,0.005,0.005,PR_AUC,0.0038036458873024,509009,388,
b2a1b3336de2,rolling_origin,PaySim,chronological,1,U,OneClassSVM,0.005,0.005,ROC_AUC,0.6682381425847294,509009,388,
b2a1b3336de2,rolling_origin,PaySim,chronological,1,U,OneClassSVM,0.005,0.005,Precision,0.0072771376591873,509009,388,
b2a1b3336de2,rolling_origin,PaySim,chronological,1,U,OneClassSVM,0.005,0.005,Recall,0.0309278350515463,509009,388,
b2a1b3336de2,rolling_origin,PaySim,chronological,1,U,OneClassSVM,0.005,0.005,F1,0.0117820324005891,509009,388,
b2a1b3336de2,rolling_origin,PaySim,chronological,1,U,OneClassSVM,0.005,0.005,TN,506984.0,509009,388,
b2a1b3336de2,rolling_origin,PaySim,chronological,1,U,OneClassSVM,0.005,0.005,FP,1637.0,509009,388,
b2a1b3336de2,rolling_origin,PaySim,chronological,1,U,OneClassSVM,0.005,0.005,FN,376.0,509009,388,
b2a1b3336de2,rolling_origin,PaySim,chronological,1,U,OneClassSVM,0.005,0.005,TP,12.0,509009,388,
b2a1b3336de2,rolling_origin,PaySim,chronological,1,U,OneClassSVM,0.005,0.005,n_alerts,1649.0,509009,388,
b2a1b3336de2,rolling_origin,PaySim,chronological,1,U,OneClassSVM,0.005,0.005,alert_rate,0.0032396283759226,509009,388,
b2a1b3336de2,rolling_origin,PaySim,chronological,1,U,OneClassSVM,0.005,0.005,prevalence,0.000762265500217,509009,388,
b2a1b3336de2,rolling_origin,PaySim,chronological,1,U,OneClassSVM,0.005,0.005,lift,9.5467230999106,509009,388,
b2a1b3336de2,rolling_origin,PaySim,chronological,1,U,OneClassSVM,0.005,0.005,tie_ratio,0.0074556638487728,509009,388,
b2a1b3336de2,rolling_origin,PaySim,chronological,1,U,OneClassSVM,0.005,0.005,fit_seconds,0.3331985473632812,509009,388,
b2a1b3336de2,rolling_origin,PaySim,chronological,1,U,OneClassSVM,0.005,0.005,score_seconds,25.62204480171204,509009,388,
1707c3207e3b,rolling_origin,PaySim,chronological,1,U,DBSCAN,0.005,0.005,PR_AUC,0.0020923067368328,509009,388,
1707c3207e3b,rolling_origin,PaySim,chronological,1,U,DBSCAN,0.005,0.005,ROC_AUC,0.751151278521708,509009,388,
1707c3207e3b,rolling_origin,PaySim,chronological,1,U,DBSCAN,0.005,0.005,Precision,0.0,509009,388,
1707c3207e3b,rolling_origin,PaySim,chronological,1,U,DBSCAN,0.005,0.005,Recall,0.0,509009,388,
1707c3207e3b,rolling_origin,PaySim,chronological,1,U,DBSCAN,0.005,0.005,F1,0.0,509009,388,
1707c3207e3b,rolling_origin,PaySim,chronological,1,U,DBSCAN,0.005,0.005,TN,507811.0,509009,388,
1707c3207e3b,rolling_origin,PaySim,chronological,1,U,DBSCAN,0.005,0.005,FP,810.0,509009,388,
1707c3207e3b,rolling_origin,PaySim,chronological,1,U,DBSCAN,0.005,0.005,FN,388.0,509009,388,
1707c3207e3b,rolling_origin,PaySim,chronological,1,U,DBSCAN,0.005,0.005,TP,0.0,509009,388,
1707c3207e3b,rolling_origin,PaySim,chronological,1,U,DBSCAN,0.005,0.005,n_alerts,810.0,509009,388,
1707c3207e3b,rolling_origin,PaySim,chronological,1,U,DBSCAN,0.005,0.005,alert_rate,0.0015913274617934,509009,388,
1707c3207e3b,rolling_origin,PaySim,chronological,1,U,DBSCAN,0.005,0.005,prevalence,0.000762265500217,509009,388,
1707c3207e3b,rolling_origin,PaySim,chronological,1,U,DBSCAN,0.005,0.005,lift,0.0,509009,388,
1707c3207e3b,rolling_origin,PaySim,chronological,1,U,DBSCAN,0.005,0.005,tie_ratio,0.0733110809435589,509009,388,
1707c3207e3b,rolling_origin,PaySim,chronological,1,U,DBSCAN,0.005,0.005,fit_seconds,0.8833425045013428,509009,388,
1707c3207e3b,rolling_origin,PaySim,chronological,1,U,DBSCAN,0.005,0.005,score_seconds,0.0755772590637207,509009,388,
2c54f5e46a2b,rolling_origin,PaySim,chronological,1,U,KMeans,0.005,0.005,PR_AUC,0.003452892232125,509009,388,
2c54f5e46a2b,rolling_origin,PaySim,chronological,1,U,KMeans,0.005,0.005,ROC_AUC,0.79327252400705,509009,388,
2c54f5e46a2b,rolling_origin,PaySim,chronological,1,U,KMeans,0.005,0.005,Precision,0.0,509009,388,
2c54f5e46a2b,rolling_origin,PaySim,chronological,1,U,KMeans,0.005,0.005,Recall,0.0,509009,388,
2c54f5e46a2b,rolling_origin,PaySim,chronological,1,U,KMeans,0.005,0.005,F1,0.0,509009,388,
2c54f5e46a2b,rolling_origin,PaySim,chronological,1,U,KMeans,0.005,0.005,TN,507818.0,509009,388,
2c54f5e46a2b,rolling_origin,PaySim,chronological,1,U,KMeans,0.005,0.005,FP,803.0,509009,388,
2c54f5e46a2b,rolling_origin,PaySim,chronological,1,U,KMeans,0.005,0.005,FN,388.0,509009,388,
2c54f5e46a2b,rolling_origin,PaySim,chronological,1,U,KMeans,0.005,0.005,TP,0.0,509009,388,
2c54f5e46a2b,rolling_origin,PaySim,chronological,1,U,KMeans,0.005,0.005,n_alerts,803.0,509009,388,
2c54f5e46a2b,rolling_origin,PaySim,chronological,1,U,KMeans,0.005,0.005,alert_rate,0.0015775752491606,509009,388,
2c54f5e46a2b,rolling_origin,PaySim,chronological,1,U,KMeans,0.005,0.005,prevalence,0.000762265500217,509009,388,
2c54f5e46a2b,rolling_origin,PaySim,chronological,1,U,KMeans,0.005,0.005,lift,0.0,509009,388,
2c54f5e46a2b,rolling_origin,PaySim,chronological,1,U,KMeans,0.005,0.005,tie_ratio,0.0987408867033785,509009,388,
2c54f5e46a2b,rolling_origin,PaySim,chronological,1,U,KMeans,0.005,0.005,fit_seconds,70.89396905899048,509009,388,
2c54f5e46a2b,rolling_origin,PaySim,chronological,1,U,KMeans,0.005,0.005,score_seconds,0.4371755123138428,509009,388,
2253d381bd62,rolling_origin,PaySim,chronological,1,U,Ensemble,0.005,0.005,PR_AUC,0.0083789053935669,509009,388,
2253d381bd62,rolling_origin,PaySim,chronological,1,U,Ensemble,0.005,0.005,ROC_AUC,0.8314089803808913,509009,388,
2253d381bd62,rolling_origin,PaySim,chronological,1,U,Ensemble,0.005,0.005,Precision,0.0112107623318385,509009,388,
2253d381bd62,rolling_origin,PaySim,chronological,1,U,Ensemble,0.005,0.005,Recall,0.0257731958762886,509009,388,
2253d381bd62,rolling_origin,PaySim,chronological,1,U,Ensemble,0.005,0.005,F1,0.015625,509009,388,
2253d381bd62,rolling_origin,PaySim,chronological,1,U,Ensemble,0.005,0.005,TN,507739.0,509009,388,
2253d381bd62,rolling_origin,PaySim,chronological,1,U,Ensemble,0.005,0.005,FP,882.0,509009,388,
2253d381bd62,rolling_origin,PaySim,chronological,1,U,Ensemble,0.005,0.005,FN,378.0,509009,388,
2253d381bd62,rolling_origin,PaySim,chronological,1,U,Ensemble,0.005,0.005,TP,10.0,509009,388,
2253d381bd62,rolling_origin,PaySim,chronological,1,U,Ensemble,0.005,0.005,n_alerts,892.0,509009,388,
2253d381bd62,rolling_origin,PaySim,chronological,1,U,Ensemble,0.005,0.005,alert_rate,0.0017524248097774,509009,388,
2253d381bd62,rolling_origin,PaySim,chronological,1,U,Ensemble,0.005,0.005,prevalence,0.000762265500217,509009,388,
2253d381bd62,rolling_origin,PaySim,chronological,1,U,Ensemble,0.005,0.005,lift,14.707162174656744,509009,388,
2253d381bd62,rolling_origin,PaySim,chronological,1,U,Ensemble,0.005,0.005,tie_ratio,0.1172179666764241,509009,388,
2253d381bd62,rolling_origin,PaySim,chronological,1,U,Ensemble,0.005,0.005,fit_seconds,0.0,509009,388,
2253d381bd62,rolling_origin,PaySim,chronological,1,U,Ensemble,0.005,0.005,score_seconds,0.0,509009,388,
24e554d93840,rolling_origin,PaySim,chronological,1,U,Ensemble,0.005,0.005,single_point_invariant,1.0,509009,388,invariance
623654e7e67e,rolling_origin,PaySim,chronological,1,N,IsolationForest,0.005,0.005,PR_AUC,0.0022532587749229,509009,388,
623654e7e67e,rolling_origin,PaySim,chronological,1,N,IsolationForest,0.005,0.005,ROC_AUC,0.7772414624974336,509009,388,
623654e7e67e,rolling_origin,PaySim,chronological,1,N,IsolationForest,0.005,0.005,Precision,0.0,509009,388,
623654e7e67e,rolling_origin,PaySim,chronological,1,N,IsolationForest,0.005,0.005,Recall,0.0,509009,388,
623654e7e67e,rolling_origin,PaySim,chronological,1,N,IsolationForest,0.005,0.005,F1,0.0,509009,388,
623654e7e67e,rolling_origin,PaySim,chronological,1,N,IsolationForest,0.005,0.005,TN,507829.0,509009,388,
623654e7e67e,rolling_origin,PaySim,chronological,1,N,IsolationForest,0.005,0.005,FP,792.0,509009,388,
623654e7e67e,rolling_origin,PaySim,chronological,1,N,IsolationForest,0.005,0.005,FN,388.0,509009,388,
623654e7e67e,rolling_origin,PaySim,chronological,1,N,IsolationForest,0.005,0.005,TP,0.0,509009,388,
623654e7e67e,rolling_origin,PaySim,chronological,1,N,IsolationForest,0.005,0.005,n_alerts,792.0,509009,388,
623654e7e67e,rolling_origin,PaySim,chronological,1,N,IsolationForest,0.005,0.005,alert_rate,0.0015559646293091,509009,388,
623654e7e67e,rolling_origin,PaySim,chronological,1,N,IsolationForest,0.005,0.005,prevalence,0.000762265500217,509009,388,
623654e7e67e,rolling_origin,PaySim,chronological,1,N,IsolationForest,0.005,0.005,lift,0.0,509009,388,
623654e7e67e,rolling_origin,PaySim,chronological,1,N,IsolationForest,0.005,0.005,tie_ratio,0.5148455135370887,509009,388,
623654e7e67e,rolling_origin,PaySim,chronological,1,N,IsolationForest,0.005,0.005,fit_seconds,8.06447982788086,509009,388,
623654e7e67e,rolling_origin,PaySim,chronological,1,N,IsolationForest,0.005,0.005,score_seconds,12.599079370498655,509009,388,
0cf6f251a433,rolling_origin,PaySim,chronological,1,N,LOF,0.005,0.005,PR_AUC,0.0007566818270956,509009,388,
0cf6f251a433,rolling_origin,PaySim,chronological,1,N,LOF,0.005,0.005,ROC_AUC,0.5332207820187016,509009,388,
0cf6f251a433,rolling_origin,PaySim,chronological,1,N,LOF,0.005,0.005,Precision,0.0,509009,388,
0cf6f251a433,rolling_origin,PaySim,chronological,1,N,LOF,0.005,0.005,Recall,0.0,509009,388,
0cf6f251a433,rolling_origin,PaySim,chronological,1,N,LOF,0.005,0.005,F1,0.0,509009,388,
0cf6f251a433,rolling_origin,PaySim,chronological,1,N,LOF,0.005,0.005,TN,367301.0,509009,388,
0cf6f251a433,rolling_origin,PaySim,chronological,1,N,LOF,0.005,0.005,FP,141320.0,509009,388,
0cf6f251a433,rolling_origin,PaySim,chronological,1,N,LOF,0.005,0.005,FN,388.0,509009,388,
0cf6f251a433,rolling_origin,PaySim,chronological,1,N,LOF,0.005,0.005,TP,0.0,509009,388,
0cf6f251a433,rolling_origin,PaySim,chronological,1,N,LOF,0.005,0.005,n_alerts,141320.0,509009,388,
0cf6f251a433,rolling_origin,PaySim,chronological,1,N,LOF,0.005,0.005,alert_rate,0.2776375270378323,509009,388,
0cf6f251a433,rolling_origin,PaySim,chronological,1,N,LOF,0.005,0.005,prevalence,0.000762265500217,509009,388,
0cf6f251a433,rolling_origin,PaySim,chronological,1,N,LOF,0.005,0.005,lift,0.0,509009,388,
0cf6f251a433,rolling_origin,PaySim,chronological,1,N,LOF,0.005,0.005,tie_ratio,0.0236793455518468,509009,388,
0cf6f251a433,rolling_origin,PaySim,chronological,1,N,LOF,0.005,0.005,fit_seconds,1.823516607284546,509009,388,
0cf6f251a433,rolling_origin,PaySim,chronological,1,N,LOF,0.005,0.005,score_seconds,85.40495324134827,509009,388,
2d764a4c9170,rolling_origin,PaySim,chronological,1,N,OneClassSVM,0.005,0.005,PR_AUC,0.0090830451203151,509009,388,
2d764a4c9170,rolling_origin,PaySim,chronological,1,N,OneClassSVM,0.005,0.005,ROC_AUC,0.8060539381023323,509009,388,
2d764a4c9170,rolling_origin,PaySim,chronological,1,N,OneClassSVM,0.005,0.005,Precision,0.0103694102397926,509009,388,
2d764a4c9170,rolling_origin,PaySim,chronological,1,N,OneClassSVM,0.005,0.005,Recall,0.0412371134020618,509009,388,
2d764a4c9170,rolling_origin,PaySim,chronological,1,N,OneClassSVM,0.005,0.005,F1,0.0165717244950802,509009,388,
2d764a4c9170,rolling_origin,PaySim,chronological,1,N,OneClassSVM,0.005,0.005,TN,507094.0,509009,388,
2d764a4c9170,rolling_origin,PaySim,chronological,1,N,OneClassSVM,0.005,0.005,FP,1527.0,509009,388,
2d764a4c9170,rolling_origin,PaySim,chronological,1,N,OneClassSVM,0.005,0.005,FN,372.0,509009,388,
2d764a4c9170,rolling_origin,PaySim,chronological,1,N,OneClassSVM,0.005,0.005,TP,16.0,509009,388,
2d764a4c9170,rolling_origin,PaySim,chronological,1,N,OneClassSVM,0.005,0.005,n_alerts,1543.0,509009,388,
2d764a4c9170,rolling_origin,PaySim,chronological,1,N,OneClassSVM,0.005,0.005,alert_rate,0.0030313805846262,509009,388,
2d764a4c9170,rolling_origin,PaySim,chronological,1,N,OneClassSVM,0.005,0.005,prevalence,0.000762265500217,509009,388,
2d764a4c9170,rolling_origin,PaySim,chronological,1,N,OneClassSVM,0.005,0.005,lift,13.603410146254118,509009,388,
2d764a4c9170,rolling_origin,PaySim,chronological,1,N,OneClassSVM,0.005,0.005,tie_ratio,0.0077758939429362,509009,388,
2d764a4c9170,rolling_origin,PaySim,chronological,1,N,OneClassSVM,0.005,0.005,fit_seconds,0.3374567031860351,509009,388,
2d764a4c9170,rolling_origin,PaySim,chronological,1,N,OneClassSVM,0.005,0.005,score_seconds,25.86546206474304,509009,388,
72709f415d29,rolling_origin,PaySim,chronological,1,N,DBSCAN,0.005,0.005,PR_AUC,0.002091904643852,509009,388,
72709f415d29,rolling_origin,PaySim,chronological,1,N,DBSCAN,0.005,0.005,ROC_AUC,0.751034652784727,509009,388,
72709f415d29,rolling_origin,PaySim,chronological,1,N,DBSCAN,0.005,0.005,Precision,0.0,509009,388,
72709f415d29,rolling_origin,PaySim,chronological,1,N,DBSCAN,0.005,0.005,Recall,0.0,509009,388,
72709f415d29,rolling_origin,PaySim,chronological,1,N,DBSCAN,0.005,0.005,F1,0.0,509009,388,
72709f415d29,rolling_origin,PaySim,chronological,1,N,DBSCAN,0.005,0.005,TN,507811.0,509009,388,
72709f415d29,rolling_origin,PaySim,chronological,1,N,DBSCAN,0.005,0.005,FP,810.0,509009,388,
72709f415d29,rolling_origin,PaySim,chronological,1,N,DBSCAN,0.005,0.005,FN,388.0,509009,388,
72709f415d29,rolling_origin,PaySim,chronological,1,N,DBSCAN,0.005,0.005,TP,0.0,509009,388,
72709f415d29,rolling_origin,PaySim,chronological,1,N,DBSCAN,0.005,0.005,n_alerts,810.0,509009,388,
72709f415d29,rolling_origin,PaySim,chronological,1,N,DBSCAN,0.005,0.005,alert_rate,0.0015913274617934,509009,388,
72709f415d29,rolling_origin,PaySim,chronological,1,N,DBSCAN,0.005,0.005,prevalence,0.000762265500217,509009,388,
72709f415d29,rolling_origin,PaySim,chronological,1,N,DBSCAN,0.005,0.005,lift,0.0,509009,388,
72709f415d29,rolling_origin,PaySim,chronological,1,N,DBSCAN,0.005,0.005,tie_ratio,0.060894797537961,509009,388,
72709f415d29,rolling_origin,PaySim,chronological,1,N,DBSCAN,0.005,0.005,fit_seconds,0.8582553863525391,509009,388,
72709f415d29,rolling_origin,PaySim,chronological,1,N,DBSCAN,0.005,0.005,score_seconds,0.0543985366821289,509009,388,
1cbe41e33ee3,rolling_origin,PaySim,chronological,1,N,KMeans,0.005,0.005,PR_AUC,0.003507958548337,509009,388,
1cbe41e33ee3,rolling_origin,PaySim,chronological,1,N,KMeans,0.005,0.005,ROC_AUC,0.8071428486732783,509009,388,
1cbe41e33ee3,rolling_origin,PaySim,chronological,1,N,KMeans,0.005,0.005,Precision,0.0010752688172043,509009,388,
1cbe41e33ee3,rolling_origin,PaySim,chronological,1,N,KMeans,0.005,0.005,Recall,0.0025773195876288,509009,388,
1cbe41e33ee3,rolling_origin,PaySim,chronological,1,N,KMeans,0.005,0.005,F1,0.0015174506828528,509009,388,
1cbe41e33ee3,rolling_origin,PaySim,chronological,1,N,KMeans,0.005,0.005,TN,507692.0,509009,388,
1cbe41e33ee3,rolling_origin,PaySim,chronological,1,N,KMeans,0.005,0.005,FP,929.0,509009,388,
1cbe41e33ee3,rolling_origin,PaySim,chronological,1,N,KMeans,0.005,0.005,FN,387.0,509009,388,
1cbe41e33ee3,rolling_origin,PaySim,chronological,1,N,KMeans,0.005,0.005,TP,1.0,509009,388,
1cbe41e33ee3,rolling_origin,PaySim,chronological,1,N,KMeans,0.005,0.005,n_alerts,930.0,509009,388,
1cbe41e33ee3,rolling_origin,PaySim,chronological,1,N,KMeans,0.005,0.005,alert_rate,0.0018270796783553,509009,388,
1cbe41e33ee3,rolling_origin,PaySim,chronological,1,N,KMeans,0.005,0.005,prevalence,0.000762265500217,509009,388,
1cbe41e33ee3,rolling_origin,PaySim,chronological,1,N,KMeans,0.005,0.005,lift,1.4106224365369693,509009,388,
1cbe41e33ee3,rolling_origin,PaySim,chronological,1,N,KMeans,0.005,0.005,tie_ratio,0.097813594651568,509009,388,
1cbe41e33ee3,rolling_origin,PaySim,chronological,1,N,KMeans,0.005,0.005,fit_seconds,74.60719513893127,509009,388,
1cbe41e33ee3,rolling_origin,PaySim,chronological,1,N,KMeans,0.005,0.005,score_seconds,0.4397523403167724,509009,388,
7800d23e8eef,rolling_origin,PaySim,chronological,1,N,Ensemble,0.005,0.005,PR_AUC,0.0110148625416443,509009,388,
7800d23e8eef,rolling_origin,PaySim,chronological,1,N,Ensemble,0.005,0.005,ROC_AUC,0.8489924074468833,509009,388,
7800d23e8eef,rolling_origin,PaySim,chronological,1,N,Ensemble,0.005,0.005,Precision,0.0146137787056367,509009,388,
7800d23e8eef,rolling_origin,PaySim,chronological,1,N,Ensemble,0.005,0.005,Recall,0.0360824742268041,509009,388,
7800d23e8eef,rolling_origin,PaySim,chronological,1,N,Ensemble,0.005,0.005,F1,0.0208023774145616,509009,388,
7800d23e8eef,rolling_origin,PaySim,chronological,1,N,Ensemble,0.005,0.005,TN,507677.0,509009,388,
7800d23e8eef,rolling_origin,PaySim,chronological,1,N,Ensemble,0.005,0.005,FP,944.0,509009,388,
7800d23e8eef,rolling_origin,PaySim,chronological,1,N,Ensemble,0.005,0.005,FN,374.0,509009,388,
7800d23e8eef,rolling_origin,PaySim,chronological,1,N,Ensemble,0.005,0.005,TP,14.0,509009,388,
7800d23e8eef,rolling_origin,PaySim,chronological,1,N,Ensemble,0.005,0.005,n_alerts,958.0,509009,388,
7800d23e8eef,rolling_origin,PaySim,chronological,1,N,Ensemble,0.005,0.005,alert_rate,0.0018820885288865,509009,388,
7800d23e8eef,rolling_origin,PaySim,chronological,1,N,Ensemble,0.005,0.005,prevalence,0.000762265500217,509009,388,
7800d23e8eef,rolling_origin,PaySim,chronological,1,N,Ensemble,0.005,0.005,lift,19.171507436024363,509009,388,
7800d23e8eef,rolling_origin,PaySim,chronological,1,N,Ensemble,0.005,0.005,tie_ratio,0.1193200906074352,509009,388,
7800d23e8eef,rolling_origin,PaySim,chronological,1,N,Ensemble,0.005,0.005,fit_seconds,0.0,509009,388,
7800d23e8eef,rolling_origin,PaySim,chronological,1,N,Ensemble,0.005,0.005,score_seconds,0.0,509009,388,
bd33af2caebd,rolling_origin,PaySim,chronological,1,N,Ensemble,0.005,0.005,single_point_invariant,1.0,509009,388,invariance
bd07c91ef051,rolling_origin,PaySim,chronological,1,O,IsolationForest,0.005,0.0008358709390123,PR_AUC,0.0022742875087041,509009,388,
bd07c91ef051,rolling_origin,PaySim,chronological,1,O,IsolationForest,0.005,0.0008358709390123,ROC_AUC,0.7780486556970286,509009,388,
bd07c91ef051,rolling_origin,PaySim,chronological,1,O,IsolationForest,0.005,0.0008358709390123,Precision,0.0,509009,388,
bd07c91ef051,rolling_origin,PaySim,chronological,1,O,IsolationForest,0.005,0.0008358709390123,Recall,0.0,509009,388,
bd07c91ef051,rolling_origin,PaySim,chronological,1,O,IsolationForest,0.005,0.0008358709390123,F1,0.0,509009,388,
bd07c91ef051,rolling_origin,PaySim,chronological,1,O,IsolationForest,0.005,0.0008358709390123,TN,508571.0,509009,388,
bd07c91ef051,rolling_origin,PaySim,chronological,1,O,IsolationForest,0.005,0.0008358709390123,FP,50.0,509009,388,
bd07c91ef051,rolling_origin,PaySim,chronological,1,O,IsolationForest,0.005,0.0008358709390123,FN,388.0,509009,388,
bd07c91ef051,rolling_origin,PaySim,chronological,1,O,IsolationForest,0.005,0.0008358709390123,TP,0.0,509009,388,
bd07c91ef051,rolling_origin,PaySim,chronological,1,O,IsolationForest,0.005,0.0008358709390123,n_alerts,50.0,509009,388,
bd07c91ef051,rolling_origin,PaySim,chronological,1,O,IsolationForest,0.005,0.0008358709390123,alert_rate,9.82300902341609e-05,509009,388,
bd07c91ef051,rolling_origin,PaySim,chronological,1,O,IsolationForest,0.005,0.0008358709390123,prevalence,0.000762265500217,509009,388,
bd07c91ef051,rolling_origin,PaySim,chronological,1,O,IsolationForest,0.005,0.0008358709390123,lift,0.0,509009,388,
bd07c91ef051,rolling_origin,PaySim,chronological,1,O,IsolationForest,0.005,0.0008358709390123,tie_ratio,0.5101068939841928,509009,388,
bd07c91ef051,rolling_origin,PaySim,chronological,1,O,IsolationForest,0.005,0.0008358709390123,fit_seconds,9.02824854850769,509009,388,
bd07c91ef051,rolling_origin,PaySim,chronological,1,O,IsolationForest,0.005,0.0008358709390123,score_seconds,12.943006038665771,509009,388,
7508ecfd9367,rolling_origin,PaySim,chronological,1,O,LOF,0.005,0.0008358709390123,PR_AUC,0.0007605786167979,509009,388,
7508ecfd9367,rolling_origin,PaySim,chronological,1,O,LOF,0.005,0.0008358709390123,ROC_AUC,0.5343434811414579,509009,388,
7508ecfd9367,rolling_origin,PaySim,chronological,1,O,LOF,0.005,0.0008358709390123,Precision,0.0,509009,388,
7508ecfd9367,rolling_origin,PaySim,chronological,1,O,LOF,0.005,0.0008358709390123,Recall,0.0,509009,388,
7508ecfd9367,rolling_origin,PaySim,chronological,1,O,LOF,0.005,0.0008358709390123,F1,0.0,509009,388,
7508ecfd9367,rolling_origin,PaySim,chronological,1,O,LOF,0.005,0.0008358709390123,TN,455059.0,509009,388,
7508ecfd9367,rolling_origin,PaySim,chronological,1,O,LOF,0.005,0.0008358709390123,FP,53562.0,509009,388,
7508ecfd9367,rolling_origin,PaySim,chronological,1,O,LOF,0.005,0.0008358709390123,FN,388.0,509009,388,
7508ecfd9367,rolling_origin,PaySim,chronological,1,O,LOF,0.005,0.0008358709390123,TP,0.0,509009,388,
7508ecfd9367,rolling_origin,PaySim,chronological,1,O,LOF,0.005,0.0008358709390123,n_alerts,53562.0,509009,388,
7508ecfd9367,rolling_origin,PaySim,chronological,1,O,LOF,0.005,0.0008358709390123,alert_rate,0.1052280018624425,509009,388,
7508ecfd9367,rolling_origin,PaySim,chronological,1,O,LOF,0.005,0.0008358709390123,prevalence,0.000762265500217,509009,388,
7508ecfd9367,rolling_origin,PaySim,chronological,1,O,LOF,0.005,0.0008358709390123,lift,0.0,509009,388,
7508ecfd9367,rolling_origin,PaySim,chronological,1,O,LOF,0.005,0.0008358709390123,tie_ratio,0.0251999473486715,509009,388,
7508ecfd9367,rolling_origin,PaySim,chronological,1,O,LOF,0.005,0.0008358709390123,fit_seconds,1.5847296714782717,509009,388,
7508ecfd9367,rolling_origin,PaySim,chronological,1,O,LOF,0.005,0.0008358709390123,score_seconds,85.49372386932373,509009,388,
0bdf60856a7d,rolling_origin,PaySim,chronological,1,O,OneClassSVM,0.005,0.0008358709390123,PR_AUC,0.0039001633922544,509009,388,
0bdf60856a7d,rolling_origin,PaySim,chronological,1,O,OneClassSVM,0.005,0.0008358709390123,ROC_AUC,0.6634814614053359,509009,388,
0bdf60856a7d,rolling_origin,PaySim,chronological,1,O,OneClassSVM,0.005,0.0008358709390123,Precision,0.0073260073260073,509009,388,
0bdf60856a7d,rolling_origin,PaySim,chronological,1,O,OneClassSVM,0.005,0.0008358709390123,Recall,0.0309278350515463,509009,388,
0bdf60856a7d,rolling_origin,PaySim,chronological,1,O,OneClassSVM,0.005,0.0008358709390123,F1,0.0118460019743336,509009,388,
0bdf60856a7d,rolling_origin,PaySim,chronological,1,O,OneClassSVM,0.005,0.0008358709390123,TN,506995.0,509009,388,
0bdf60856a7d,rolling_origin,PaySim,chronological,1,O,OneClassSVM,0.005,0.0008358709390123,FP,1626.0,509009,388,
0bdf60856a7d,rolling_origin,PaySim,chronological,1,O,OneClassSVM,0.005,0.0008358709390123,FN,376.0,509009,388,
0bdf60856a7d,rolling_origin,PaySim,chronological,1,O,OneClassSVM,0.005,0.0008358709390123,TP,12.0,509009,388,
0bdf60856a7d,rolling_origin,PaySim,chronological,1,O,OneClassSVM,0.005,0.0008358709390123,n_alerts,1638.0,509009,388,
0bdf60856a7d,rolling_origin,PaySim,chronological,1,O,OneClassSVM,0.005,0.0008358709390123,alert_rate,0.0032180177560711,509009,388,
0bdf60856a7d,rolling_origin,PaySim,chronological,1,O,OneClassSVM,0.005,0.0008358709390123,prevalence,0.000762265500217,509009,388,
0bdf60856a7d,rolling_origin,PaySim,chronological,1,O,OneClassSVM,0.005,0.0008358709390123,lift,9.610834182999133,509009,388,
0bdf60856a7d,rolling_origin,PaySim,chronological,1,O,OneClassSVM,0.005,0.0008358709390123,tie_ratio,0.0074203010162885,509009,388,
0bdf60856a7d,rolling_origin,PaySim,chronological,1,O,OneClassSVM,0.005,0.0008358709390123,fit_seconds,0.2407777309417724,509009,388,
0bdf60856a7d,rolling_origin,PaySim,chronological,1,O,OneClassSVM,0.005,0.0008358709390123,score_seconds,23.895132303237915,509009,388,
32ca287ddd0a,rolling_origin,PaySim,chronological,1,O,DBSCAN,0.005,0.0008358709390123,PR_AUC,0.0020923067368328,509009,388,
32ca287ddd0a,rolling_origin,PaySim,chronological,1,O,DBSCAN,0.005,0.0008358709390123,ROC_AUC,0.751151278521708,509009,388,
32ca287ddd0a,rolling_origin,PaySim,chronological,1,O,DBSCAN,0.005,0.0008358709390123,Precision,0.0,509009,388,
32ca287ddd0a,rolling_origin,PaySim,chronological,1,O,DBSCAN,0.005,0.0008358709390123,Recall,0.0,509009,388,
32ca287ddd0a,rolling_origin,PaySim,chronological,1,O,DBSCAN,0.005,0.0008358709390123,F1,0.0,509009,388,
32ca287ddd0a,rolling_origin,PaySim,chronological,1,O,DBSCAN,0.005,0.0008358709390123,TN,508597.0,509009,388,
32ca287ddd0a,rolling_origin,PaySim,chronological,1,O,DBSCAN,0.005,0.0008358709390123,FP,24.0,509009,388,
32ca287ddd0a,rolling_origin,PaySim,chronological,1,O,DBSCAN,0.005,0.0008358709390123,FN,388.0,509009,388,
32ca287ddd0a,rolling_origin,PaySim,chronological,1,O,DBSCAN,0.005,0.0008358709390123,TP,0.0,509009,388,
32ca287ddd0a,rolling_origin,PaySim,chronological,1,O,DBSCAN,0.005,0.0008358709390123,n_alerts,24.0,509009,388,
32ca287ddd0a,rolling_origin,PaySim,chronological,1,O,DBSCAN,0.005,0.0008358709390123,alert_rate,4.715044331239723e-05,509009,388,
32ca287ddd0a,rolling_origin,PaySim,chronological,1,O,DBSCAN,0.005,0.0008358709390123,prevalence,0.000762265500217,509009,388,
32ca287ddd0a,rolling_origin,PaySim,chronological,1,O,DBSCAN,0.005,0.0008358709390123,lift,0.0,509009,388,
32ca287ddd0a,rolling_origin,PaySim,chronological,1,O,DBSCAN,0.005,0.0008358709390123,tie_ratio,0.0733110809435589,509009,388,
32ca287ddd0a,rolling_origin,PaySim,chronological,1,O,DBSCAN,0.005,0.0008358709390123,fit_seconds,0.7099499702453613,509009,388,
32ca287ddd0a,rolling_origin,PaySim,chronological,1,O,DBSCAN,0.005,0.0008358709390123,score_seconds,0.0894899368286132,509009,388,
2d61db748bd4,rolling_origin,PaySim,chronological,1,O,KMeans,0.005,0.0008358709390123,PR_AUC,0.0034528923189755,509009,388,
2d61db748bd4,rolling_origin,PaySim,chronological,1,O,KMeans,0.005,0.0008358709390123,ROC_AUC,0.7932725417424926,509009,388,
2d61db748bd4,rolling_origin,PaySim,chronological,1,O,KMeans,0.005,0.0008358709390123,Precision,0.0,509009,388,
2d61db748bd4,rolling_origin,PaySim,chronological,1,O,KMeans,0.005,0.0008358709390123,Recall,0.0,509009,388,
2d61db748bd4,rolling_origin,PaySim,chronological,1,O,KMeans,0.005,0.0008358709390123,F1,0.0,509009,388,
2d61db748bd4,rolling_origin,PaySim,chronological,1,O,KMeans,0.005,0.0008358709390123,TN,508598.0,509009,388,
2d61db748bd4,rolling_origin,PaySim,chronological,1,O,KMeans,0.005,0.0008358709390123,FP,23.0,509009,388,
2d61db748bd4,rolling_origin,PaySim,chronological,1,O,KMeans,0.005,0.0008358709390123,FN,388.0,509009,388,
2d61db748bd4,rolling_origin,PaySim,chronological,1,O,KMeans,0.005,0.0008358709390123,TP,0.0,509009,388,
2d61db748bd4,rolling_origin,PaySim,chronological,1,O,KMeans,0.005,0.0008358709390123,n_alerts,23.0,509009,388,
2d61db748bd4,rolling_origin,PaySim,chronological,1,O,KMeans,0.005,0.0008358709390123,alert_rate,4.518584150771401e-05,509009,388,
2d61db748bd4,rolling_origin,PaySim,chronological,1,O,KMeans,0.005,0.0008358709390123,prevalence,0.000762265500217,509009,388,
2d61db748bd4,rolling_origin,PaySim,chronological,1,O,KMeans,0.005,0.0008358709390123,lift,0.0,509009,388,
2d61db748bd4,rolling_origin,PaySim,chronological,1,O,KMeans,0.005,0.0008358709390123,tie_ratio,0.0986092583824647,509009,388,
2d61db748bd4,rolling_origin,PaySim,chronological,1,O,KMeans,0.005,0.0008358709390123,fit_seconds,75.06400203704834,509009,388,
2d61db748bd4,rolling_origin,PaySim,chronological,1,O,KMeans,0.005,0.0008358709390123,score_seconds,0.4519836902618408,509009,388,
afed5d3a97c9,rolling_origin,PaySim,chronological,1,O,Ensemble,0.005,0.0008358709390123,PR_AUC,0.0082773427540231,509009,388,
afed5d3a97c9,rolling_origin,PaySim,chronological,1,O,Ensemble,0.005,0.0008358709390123,ROC_AUC,0.8313683206118863,509009,388,
afed5d3a97c9,rolling_origin,PaySim,chronological,1,O,Ensemble,0.005,0.0008358709390123,Precision,0.0,509009,388,
afed5d3a97c9,rolling_origin,PaySim,chronological,1,O,Ensemble,0.005,0.0008358709390123,Recall,0.0,509009,388,
afed5d3a97c9,rolling_origin,PaySim,chronological,1,O,Ensemble,0.005,0.0008358709390123,F1,0.0,509009,388,
afed5d3a97c9,rolling_origin,PaySim,chronological,1,O,Ensemble,0.005,0.0008358709390123,TN,508602.0,509009,388,
afed5d3a97c9,rolling_origin,PaySim,chronological,1,O,Ensemble,0.005,0.0008358709390123,FP,19.0,509009,388,
afed5d3a97c9,rolling_origin,PaySim,chronological,1,O,Ensemble,0.005,0.0008358709390123,FN,388.0,509009,388,
afed5d3a97c9,rolling_origin,PaySim,chronological,1,O,Ensemble,0.005,0.0008358709390123,TP,0.0,509009,388,
afed5d3a97c9,rolling_origin,PaySim,chronological,1,O,Ensemble,0.005,0.0008358709390123,n_alerts,19.0,509009,388,
afed5d3a97c9,rolling_origin,PaySim,chronological,1,O,Ensemble,0.005,0.0008358709390123,alert_rate,3.732743428898114e-05,509009,388,
afed5d3a97c9,rolling_origin,PaySim,chronological,1,O,Ensemble,0.005,0.0008358709390123,prevalence,0.000762265500217,509009,388,
afed5d3a97c9,rolling_origin,PaySim,chronological,1,O,Ensemble,0.005,0.0008358709390123,lift,0.0,509009,388,
afed5d3a97c9,rolling_origin,PaySim,chronological,1,O,Ensemble,0.005,0.0008358709390123,tie_ratio,0.118551931301804,509009,388,
afed5d3a97c9,rolling_origin,PaySim,chronological,1,O,Ensemble,0.005,0.0008358709390123,fit_seconds,0.0,509009,388,
afed5d3a97c9,rolling_origin,PaySim,chronological,1,O,Ensemble,0.005,0.0008358709390123,score_seconds,0.0,509009,388,
32008cc4545d,rolling_origin,PaySim,chronological,1,O,Ensemble,0.005,0.0008358709390123,single_point_invariant,1.0,509009,388,invariance
6cbd41fca719,rolling_origin,PaySim,chronological,2,U,IsolationForest,0.005,0.005,PR_AUC,0.0026894004904472,509009,320,
6cbd41fca719,rolling_origin,PaySim,chronological,2,U,IsolationForest,0.005,0.005,ROC_AUC,0.8018184735663638,509009,320,
6cbd41fca719,rolling_origin,PaySim,chronological,2,U,IsolationForest,0.005,0.005,Precision,0.0012150668286755,509009,320,
6cbd41fca719,rolling_origin,PaySim,chronological,2,U,IsolationForest,0.005,0.005,Recall,0.003125,509009,320,
6cbd41fca719,rolling_origin,PaySim,chronological,2,U,IsolationForest,0.005,0.005,F1,0.0017497812773403,509009,320,
6cbd41fca719,rolling_origin,PaySim,chronological,2,U,IsolationForest,0.005,0.005,TN,507867.0,509009,320,
6cbd41fca719,rolling_origin,PaySim,chronological,2,U,IsolationForest,0.005,0.005,FP,822.0,509009,320,
6cbd41fca719,rolling_origin,PaySim,chronological,2,U,IsolationForest,0.005,0.005,FN,319.0,509009,320,
6cbd41fca719,rolling_origin,PaySim,chronological,2,U,IsolationForest,0.005,0.005,TP,1.0,509009,320,
6cbd41fca719,rolling_origin,PaySim,chronological,2,U,IsolationForest,0.005,0.005,n_alerts,823.0,509009,320,
6cbd41fca719,rolling_origin,PaySim,chronological,2,U,IsolationForest,0.005,0.005,alert_rate,0.0016168672852542,509009,320,
6cbd41fca719,rolling_origin,PaySim,chronological,2,U,IsolationForest,0.005,0.005,prevalence,0.0006286725774986,509009,320,
6cbd41fca719,rolling_origin,PaySim,chronological,2,U,IsolationForest,0.005,0.005,lift,1.9327498481166463,509009,320,
6cbd41fca719,rolling_origin,PaySim,chronological,2,U,IsolationForest,0.005,0.005,tie_ratio,0.5171087348160839,509009,320,
6cbd41fca719,rolling_origin,PaySim,chronological,2,U,IsolationForest,0.005,0.005,fit_seconds,9.633568525314333,509009,320,
6cbd41fca719,rolling_origin,PaySim,chronological,2,U,IsolationForest,0.005,0.005,score_seconds,12.69368052482605,509009,320,
af629fa17cbf,rolling_origin,PaySim,chronological,2,U,LOF,0.005,0.005,PR_AUC,0.0005782112196526,509009,320,
af629fa17cbf,rolling_origin,PaySim,chronological,2,U,LOF,0.005,0.005,ROC_AUC,0.5014001433095663,509009,320,
af629fa17cbf,rolling_origin,PaySim,chronological,2,U,LOF,0.005,0.005,Precision,0.0,509009,320,
af629fa17cbf,rolling_origin,PaySim,chronological,2,U,LOF,0.005,0.005,Recall,0.0,509009,320,
af629fa17cbf,rolling_origin,PaySim,chronological,2,U,LOF,0.005,0.005,F1,0.0,509009,320,
af629fa17cbf,rolling_origin,PaySim,chronological,2,U,LOF,0.005,0.005,TN,367765.0,509009,320,
af629fa17cbf,rolling_origin,PaySim,chronological,2,U,LOF,0.005,0.005,FP,140924.0,509009,320,
af629fa17cbf,rolling_origin,PaySim,chronological,2,U,LOF,0.005,0.005,FN,320.0,509009,320,
af629fa17cbf,rolling_origin,PaySim,chronological,2,U,LOF,0.005,0.005,TP,0.0,509009,320,
af629fa17cbf,rolling_origin,PaySim,chronological,2,U,LOF,0.005,0.005,n_alerts,140924.0,509009,320,
af629fa17cbf,rolling_origin,PaySim,chronological,2,U,LOF,0.005,0.005,alert_rate,0.2768595447231778,509009,320,
af629fa17cbf,rolling_origin,PaySim,chronological,2,U,LOF,0.005,0.005,prevalence,0.0006286725774986,509009,320,
af629fa17cbf,rolling_origin,PaySim,chronological,2,U,LOF,0.005,0.005,lift,0.0,509009,320,
af629fa17cbf,rolling_origin,PaySim,chronological,2,U,LOF,0.005,0.005,tie_ratio,0.0248993632725551,509009,320,
af629fa17cbf,rolling_origin,PaySim,chronological,2,U,LOF,0.005,0.005,fit_seconds,1.9045045375823968,509009,320,
af629fa17cbf,rolling_origin,PaySim,chronological,2,U,LOF,0.005,0.005,score_seconds,98.7699134349823,509009,320,
121035dbb119,rolling_origin,PaySim,chronological,2,U,OneClassSVM,0.005,0.005,PR_AUC,0.0208377590495683,509009,320,
121035dbb119,rolling_origin,PaySim,chronological,2,U,OneClassSVM,0.005,0.005,ROC_AUC,0.7994532483255977,509009,320,
121035dbb119,rolling_origin,PaySim,chronological,2,U,OneClassSVM,0.005,0.005,Precision,0.0435034802784222,509009,320,
121035dbb119,rolling_origin,PaySim,chronological,2,U,OneClassSVM,0.005,0.005,Recall,0.234375,509009,320,
121035dbb119,rolling_origin,PaySim,chronological,2,U,OneClassSVM,0.005,0.005,F1,0.073385518590998,509009,320,
121035dbb119,rolling_origin,PaySim,chronological,2,U,OneClassSVM,0.005,0.005,TN,507040.0,509009,320,
121035dbb119,rolling_origin,PaySim,chronological,2,U,OneClassSVM,0.005,0.005,FP,1649.0,509009,320,
121035dbb119,rolling_origin,PaySim,chronological,2,U,OneClassSVM,0.005,0.005,FN,245.0,509009,320,
121035dbb119,rolling_origin,PaySim,chronological,2,U,OneClassSVM,0.005,0.005,TP,75.0,509009,320,
121035dbb119,rolling_origin,PaySim,chronological,2,U,OneClassSVM,0.005,0.005,n_alerts,1724.0,509009,320,
121035dbb119,rolling_origin,PaySim,chronological,2,U,OneClassSVM,0.005,0.005,alert_rate,0.0033869735112738,509009,320,
121035dbb119,rolling_origin,PaySim,chronological,2,U,OneClassSVM,0.005,0.005,prevalence,0.0006286725774986,509009,320,
121035dbb119,rolling_origin,PaySim,chronological,2,U,OneClassSVM,0.005,0.005,lift,69.19894685324826,509009,320,
121035dbb119,rolling_origin,PaySim,chronological,2,U,OneClassSVM,0.005,0.005,tie_ratio,0.0004243539898115,509009,320,
121035dbb119,rolling_origin,PaySim,chronological,2,U,OneClassSVM,0.005,0.005,fit_seconds,0.2673976421356201,509009,320,
121035dbb119,rolling_origin,PaySim,chronological,2,U,OneClassSVM,0.005,0.005,score_seconds,22.418896675109863,509009,320,
0fa66b42191f,rolling_origin,PaySim,chronological,2,U,DBSCAN,0.005,0.005,PR_AUC,0.0026278323324362,509009,320,
0fa66b42191f,rolling_origin,PaySim,chronological,2,U,DBSCAN,0.005,0.005,ROC_AUC,0.780116098687017,509009,320,
0fa66b42191f,rolling_origin,PaySim,chronological,2,U,DBSCAN,0.005,0.005,Precision,0.0072689511941848,509009,320,
0fa66b42191f,rolling_origin,PaySim,chronological,2,U,DBSCAN,0.005,0.005,Recall,0.021875,509009,320,
0fa66b42191f,rolling_origin,PaySim,chronological,2,U,DBSCAN,0.005,0.005,F1,0.0109119251753702,509009,320,
0fa66b42191f,rolling_origin,PaySim,chronological,2,U,DBSCAN,0.005,0.005,TN,507733.0,509009,320,
0fa66b42191f,rolling_origin,PaySim,chronological,2,U,DBSCAN,0.005,0.005,FP,956.0,509009,320,
0fa66b42191f,rolling_origin,PaySim,chronological,2,U,DBSCAN,0.005,0.005,FN,313.0,509009,320,
0fa66b42191f,rolling_origin,PaySim,chronological,2,U,DBSCAN,0.005,0.005,TP,7.0,509009,320,
0fa66b42191f,rolling_origin,PaySim,chronological,2,U,DBSCAN,0.005,0.005,n_alerts,963.0,509009,320,
0fa66b42191f,rolling_origin,PaySim,chronological,2,U,DBSCAN,0.005,0.005,alert_rate,0.0018919115379099,509009,320,
0fa66b42191f,rolling_origin,PaySim,chronological,2,U,DBSCAN,0.005,0.005,prevalence,0.0006286725774986,509009,320,
0fa66b42191f,rolling_origin,PaySim,chronological,2,U,DBSCAN,0.005,0.005,lift,11.562379932502596,509009,320,
0fa66b42191f,rolling_origin,PaySim,chronological,2,U,DBSCAN,0.005,0.005,tie_ratio,0.1452214008003788,509009,320,
0fa66b42191f,rolling_origin,PaySim,chronological,2,U,DBSCAN,0.005,0.005,fit_seconds,0.7414669990539551,509009,320,
0fa66b42191f,rolling_origin,PaySim,chronological,2,U,DBSCAN,0.005,0.005,score_seconds,0.0774192810058593,509009,320,
b08b90b4d930,rolling_origin,PaySim,chronological,2,U,KMeans,0.005,0.005,PR_AUC,0.0050671193747436,509009,320,
b08b90b4d930,rolling_origin,PaySim,chronological,2,U,KMeans,0.005,0.005,ROC_AUC,0.8154039231239518,509009,320,
b08b90b4d930,rolling_origin,PaySim,chronological,2,U,KMeans,0.005,0.005,Precision,0.012539184952978,509009,320,
b08b90b4d930,rolling_origin,PaySim,chronological,2,U,KMeans,0.005,0.005,Recall,0.0375,509009,320,
b08b90b4d930,rolling_origin,PaySim,chronological,2,U,KMeans,0.005,0.005,F1,0.018794048551292,509009,320,
b08b90b4d930,rolling_origin,PaySim,chronological,2,U,KMeans,0.005,0.005,TN,507744.0,509009,320,
b08b90b4d930,rolling_origin,PaySim,chronological,2,U,KMeans,0.005,0.005,FP,945.0,509009,320,
b08b90b4d930,rolling_origin,PaySim,chronological,2,U,KMeans,0.005,0.005,FN,308.0,509009,320,
b08b90b4d930,rolling_origin,PaySim,chronological,2,U,KMeans,0.005,0.005,TP,12.0,509009,320,
b08b90b4d930,rolling_origin,PaySim,chronological,2,U,KMeans,0.005,0.005,n_alerts,957.0,509009,320,
b08b90b4d930,rolling_origin,PaySim,chronological,2,U,KMeans,0.005,0.005,alert_rate,0.0018801239270818,509009,320,
b08b90b4d930,rolling_origin,PaySim,chronological,2,U,KMeans,0.005,0.005,prevalence,0.0006286725774986,509009,320,
b08b90b4d930,rolling_origin,PaySim,chronological,2,U,KMeans,0.005,0.005,lift,19.945493730407524,509009,320,
b08b90b4d930,rolling_origin,PaySim,chronological,2,U,KMeans,0.005,0.005,tie_ratio,0.1430446220007898,509009,320,
b08b90b4d930,rolling_origin,PaySim,chronological,2,U,KMeans,0.005,0.005,fit_seconds,83.18384647369385,509009,320,
b08b90b4d930,rolling_origin,PaySim,chronological,2,U,KMeans,0.005,0.005,score_seconds,0.4411334991455078,509009,320,
2dfa7de6803a,rolling_origin,PaySim,chronological,2,U,Ensemble,0.005,0.005,PR_AUC,0.0385875759586876,509009,320,
2dfa7de6803a,rolling_origin,PaySim,chronological,2,U,Ensemble,0.005,0.005,ROC_AUC,0.8888966846639106,509009,320,
2dfa7de6803a,rolling_origin,PaySim,chronological,2,U,Ensemble,0.005,0.005,Precision,0.0634057971014492,509009,320,
2dfa7de6803a,rolling_origin,PaySim,chronological,2,U,Ensemble,0.005,0.005,Recall,0.328125,509009,320,
2dfa7de6803a,rolling_origin,PaySim,chronological,2,U,Ensemble,0.005,0.005,F1,0.1062753036437247,509009,320,
2dfa7de6803a,rolling_origin,PaySim,chronological,2,U,Ensemble,0.005,0.005,TN,507138.0,509009,320,
2dfa7de6803a,rolling_origin,PaySim,chronological,2,U,Ensemble,0.005,0.005,FP,1551.0,509009,320,
2dfa7de6803a,rolling_origin,PaySim,chronological,2,U,Ensemble,0.005,0.005,FN,215.0,509009,320,
2dfa7de6803a,rolling_origin,PaySim,chronological,2,U,Ensemble,0.005,0.005,TP,105.0,509009,320,
2dfa7de6803a,rolling_origin,PaySim,chronological,2,U,Ensemble,0.005,0.005,n_alerts,1656.0,509009,320,
2dfa7de6803a,rolling_origin,PaySim,chronological,2,U,Ensemble,0.005,0.005,alert_rate,0.0032533805885554,509009,320,
2dfa7de6803a,rolling_origin,PaySim,chronological,2,U,Ensemble,0.005,0.005,prevalence,0.0006286725774986,509009,320,
2dfa7de6803a,rolling_origin,PaySim,chronological,2,U,Ensemble,0.005,0.005,lift,100.85662930253623,509009,320,
2dfa7de6803a,rolling_origin,PaySim,chronological,2,U,Ensemble,0.005,0.005,tie_ratio,0.1277403739423075,509009,320,
2dfa7de6803a,rolling_origin,PaySim,chronological,2,U,Ensemble,0.005,0.005,fit_seconds,0.0,509009,320,
2dfa7de6803a,rolling_origin,PaySim,chronological,2,U,Ensemble,0.005,0.005,score_seconds,0.0,509009,320,
f1349dccb43c,rolling_origin,PaySim,chronological,2,U,Ensemble,0.005,0.005,single_point_invariant,1.0,509009,320,invariance
706e8ec77399,rolling_origin,PaySim,chronological,2,N,IsolationForest,0.005,0.005,PR_AUC,0.0026558758870176,509009,320,
706e8ec77399,rolling_origin,PaySim,chronological,2,N,IsolationForest,0.005,0.005,ROC_AUC,0.7885356985063566,509009,320,
706e8ec77399,rolling_origin,PaySim,chronological,2,N,IsolationForest,0.005,0.005,Precision,0.0026595744680851,509009,320,
706e8ec77399,rolling_origin,PaySim,chronological,2,N,IsolationForest,0.005,0.005,Recall,0.00625,509009,320,
706e8ec77399,rolling_origin,PaySim,chronological,2,N,IsolationForest,0.005,0.005,F1,0.003731343283582,509009,320,
706e8ec77399,rolling_origin,PaySim,chronological,2,N,IsolationForest,0.005,0.005,TN,507939.0,509009,320,
706e8ec77399,rolling_origin,PaySim,chronological,2,N,IsolationForest,0.005,0.005,FP,750.0,509009,320,
706e8ec77399,rolling_origin,PaySim,chronological,2,N,IsolationForest,0.005,0.005,FN,318.0,509009,320,
706e8ec77399,rolling_origin,PaySim,chronological,2,N,IsolationForest,0.005,0.005,TP,2.0,509009,320,
706e8ec77399,rolling_origin,PaySim,chronological,2,N,IsolationForest,0.005,0.005,n_alerts,752.0,509009,320,
706e8ec77399,rolling_origin,PaySim,chronological,2,N,IsolationForest,0.005,0.005,alert_rate,0.0014773805571217,509009,320,
706e8ec77399,rolling_origin,PaySim,chronological,2,N,IsolationForest,0.005,0.005,prevalence,0.0006286725774986,509009,320,
706e8ec77399,rolling_origin,PaySim,chronological,2,N,IsolationForest,0.005,0.005,lift,4.230460438829788,509009,320,
706e8ec77399,rolling_origin,PaySim,chronological,2,N,IsolationForest,0.005,0.005,tie_ratio,0.5211302747102704,509009,320,
706e8ec77399,rolling_origin,PaySim,chronological,2,N,IsolationForest,0.005,0.005,fit_seconds,9.953604221343994,509009,320,
706e8ec77399,rolling_origin,PaySim,chronological,2,N,IsolationForest,0.005,0.005,score_seconds,12.821635484695436,509009,320,
701e5053b9e2,rolling_origin,PaySim,chronological,2,N,LOF,0.005,0.005,PR_AUC,0.0005959066945912,509009,320,
701e5053b9e2,rolling_origin,PaySim,chronological,2,N,LOF,0.005,0.005,ROC_AUC,0.5157807772774721,509009,320,
701e5053b9e2,rolling_origin,PaySim,chronological,2,N,LOF,0.005,0.005,Precision,0.0,509009,320,
701e5053b9e2,rolling_origin,PaySim,chronological,2,N,LOF,0.005,0.005,Recall,0.0,509009,320,
701e5053b9e2,rolling_origin,PaySim,chronological,2,N,LOF,0.005,0.005,F1,0.0,509009,320,
701e5053b9e2,rolling_origin,PaySim,chronological,2,N,LOF,0.005,0.005,TN,372877.0,509009,320,
701e5053b9e2,rolling_origin,PaySim,chronological,2,N,LOF,0.005,0.005,FP,135812.0,509009,320,
701e5053b9e2,rolling_origin,PaySim,chronological,2,N,LOF,0.005,0.005,FN,320.0,509009,320,
701e5053b9e2,rolling_origin,PaySim,chronological,2,N,LOF,0.005,0.005,TP,0.0,509009,320,
701e5053b9e2,rolling_origin,PaySim,chronological,2,N,LOF,0.005,0.005,n_alerts,135812.0,509009,320,
701e5053b9e2,rolling_origin,PaySim,chronological,2,N,LOF,0.005,0.005,alert_rate,0.2668165002976371,509009,320,
701e5053b9e2,rolling_origin,PaySim,chronological,2,N,LOF,0.005,0.005,prevalence,0.0006286725774986,509009,320,
701e5053b9e2,rolling_origin,PaySim,chronological,2,N,LOF,0.005,0.005,lift,0.0,509009,320,
701e5053b9e2,rolling_origin,PaySim,chronological,2,N,LOF,0.005,0.005,tie_ratio,0.0208208499260327,509009,320,
701e5053b9e2,rolling_origin,PaySim,chronological,2,N,LOF,0.005,0.005,fit_seconds,2.2006607055664062,509009,320,
701e5053b9e2,rolling_origin,PaySim,chronological,2,N,LOF,0.005,0.005,score_seconds,103.38284707069396,509009,320,
39be487c4739,rolling_origin,PaySim,chronological,2,N,OneClassSVM,0.005,0.005,PR_AUC,0.0268911332337631,509009,320,
39be487c4739,rolling_origin,PaySim,chronological,2,N,OneClassSVM,0.005,0.005,ROC_AUC,0.8649053897617208,509009,320,
39be487c4739,rolling_origin,PaySim,chronological,2,N,OneClassSVM,0.005,0.005,Precision,0.0565912117177097,509009,320,
39be487c4739,rolling_origin,PaySim,chronological,2,N,OneClassSVM,0.005,0.005,Recall,0.265625,509009,320,
39be487c4739,rolling_origin,PaySim,chronological,2,N,OneClassSVM,0.005,0.005,F1,0.093304061470911,509009,320,
39be487c4739,rolling_origin,PaySim,chronological,2,N,OneClassSVM,0.005,0.005,TN,507272.0,509009,320,
39be487c4739,rolling_origin,PaySim,chronological,2,N,OneClassSVM,0.005,0.005,FP,1417.0,509009,320,
39be487c4739,rolling_origin,PaySim,chronological,2,N,OneClassSVM,0.005,0.005,FN,235.0,509009,320,
39be487c4739,rolling_origin,PaySim,chronological,2,N,OneClassSVM,0.005,0.005,TP,85.0,509009,320,
39be487c4739,rolling_origin,PaySim,chronological,2,N,OneClassSVM,0.005,0.005,n_alerts,1502.0,509009,320,
39be487c4739,rolling_origin,PaySim,chronological,2,N,OneClassSVM,0.005,0.005,alert_rate,0.0029508319106341,509009,320,
39be487c4739,rolling_origin,PaySim,chronological,2,N,OneClassSVM,0.005,0.005,prevalence,0.0006286725774986,509009,320,
39be487c4739,rolling_origin,PaySim,chronological,2,N,OneClassSVM,0.005,0.005,lift,90.01698776631159,509009,320,
39be487c4739,rolling_origin,PaySim,chronological,2,N,OneClassSVM,0.005,0.005,tie_ratio,0.0006365309847173,509009,320,
39be487c4739,rolling_origin,PaySim,chronological,2,N,OneClassSVM,0.005,0.005,fit_seconds,0.3072631359100342,509009,320,
39be487c4739,rolling_origin,PaySim,chronological,2,N,OneClassSVM,0.005,0.005,score_seconds,22.45335412025452,509009,320,
855184fafb52,rolling_origin,PaySim,chronological,2,N,DBSCAN,0.005,0.005,PR_AUC,0.0026207992106351,509009,320,
855184fafb52,rolling_origin,PaySim,chronological,2,N,DBSCAN,0.005,0.005,ROC_AUC,0.7781950391103405,509009,320,
855184fafb52,rolling_origin,PaySim,chronological,2,N,DBSCAN,0.005,0.005,Precision,0.0072689511941848,509009,320,
855184fafb52,rolling_origin,PaySim,chronological,2,N,DBSCAN,0.005,0.005,Recall,0.021875,509009,320,
855184fafb52,rolling_origin,PaySim,chronological,2,N,DBSCAN,0.005,0.005,F1,0.0109119251753702,509009,320,
855184fafb52,rolling_origin,PaySim,chronological,2,N,DBSCAN,0.005,0.005,TN,507733.0,509009,320,
855184fafb52,rolling_origin,PaySim,chronological,2,N,DBSCAN,0.005,0.005,FP,956.0,509009,320,
855184fafb52,rolling_origin,PaySim,chronological,2,N,DBSCAN,0.005,0.005,FN,313.0,509009,320,
855184fafb52,rolling_origin,PaySim,chronological,2,N,DBSCAN,0.005,0.005,TP,7.0,509009,320,
855184fafb52,rolling_origin,PaySim,chronological,2,N,DBSCAN,0.005,0.005,n_alerts,963.0,509009,320,
855184fafb52,rolling_origin,PaySim,chronological,2,N,DBSCAN,0.005,0.005,alert_rate,0.0018919115379099,509009,320,
855184fafb52,rolling_origin,PaySim,chronological,2,N,DBSCAN,0.005,0.005,prevalence,0.0006286725774986,509009,320,
855184fafb52,rolling_origin,PaySim,chronological,2,N,DBSCAN,0.005,0.005,lift,11.562379932502596,509009,320,
855184fafb52,rolling_origin,PaySim,chronological,2,N,DBSCAN,0.005,0.005,tie_ratio,0.0998194530941496,509009,320,
855184fafb52,rolling_origin,PaySim,chronological,2,N,DBSCAN,0.005,0.005,fit_seconds,1.052868366241455,509009,320,
855184fafb52,rolling_origin,PaySim,chronological,2,N,DBSCAN,0.005,0.005,score_seconds,0.058368444442749,509009,320,
05a83f1d1511,rolling_origin,PaySim,chronological,2,N,KMeans,0.005,0.005,PR_AUC,0.0050816712786914,509009,320,
05a83f1d1511,rolling_origin,PaySim,chronological,2,N,KMeans,0.005,0.005,ROC_AUC,0.8157623874803662,509009,320,
05a83f1d1511,rolling_origin,PaySim,chronological,2,N,KMeans,0.005,0.005,Precision,0.0125260960334029,509009,320,
05a83f1d1511,rolling_origin,PaySim,chronological,2,N,KMeans,0.005,0.005,Recall,0.0375,509009,320,
05a83f1d1511,rolling_origin,PaySim,chronological,2,N,KMeans,0.005,0.005,F1,0.0187793427230046,509009,320,
05a83f1d1511,rolling_origin,PaySim,chronological,2,N,KMeans,0.005,0.005,TN,507743.0,509009,320,
05a83f1d1511,rolling_origin,PaySim,chronological,2,N,KMeans,0.005,0.005,FP,946.0,509009,320,
05a83f1d1511,rolling_origin,PaySim,chronological,2,N,KMeans,0.005,0.005,FN,308.0,509009,320,
05a83f1d1511,rolling_origin,PaySim,chronological,2,N,KMeans,0.005,0.005,TP,12.0,509009,320,
05a83f1d1511,rolling_origin,PaySim,chronological,2,N,KMeans,0.005,0.005,n_alerts,958.0,509009,320,
05a83f1d1511,rolling_origin,PaySim,chronological,2,N,KMeans,0.005,0.005,alert_rate,0.0018820885288865,509009,320,
05a83f1d1511,rolling_origin,PaySim,chronological,2,N,KMeans,0.005,0.005,prevalence,0.0006286725774986,509009,320,
05a83f1d1511,rolling_origin,PaySim,chronological,2,N,KMeans,0.005,0.005,lift,19.924673799582465,509009,320,
05a83f1d1511,rolling_origin,PaySim,chronological,2,N,KMeans,0.005,0.005,tie_ratio,0.1435436308591793,509009,320,
05a83f1d1511,rolling_origin,PaySim,chronological,2,N,KMeans,0.005,0.005,fit_seconds,82.27677917480469,509009,320,
05a83f1d1511,rolling_origin,PaySim,chronological,2,N,KMeans,0.005,0.005,score_seconds,0.4392609596252441,509009,320,
64f2d4834a35,rolling_origin,PaySim,chronological,2,N,Ensemble,0.005,0.005,PR_AUC,0.0461319931211055,509009,320,
64f2d4834a35,rolling_origin,PaySim,chronological,2,N,Ensemble,0.005,0.005,ROC_AUC,0.8928735589181208,509009,320,
64f2d4834a35,rolling_origin,PaySim,chronological,2,N,Ensemble,0.005,0.005,Precision,0.0566132264529058,509009,320,
64f2d4834a35,rolling_origin,PaySim,chronological,2,N,Ensemble,0.005,0.005,Recall,0.353125,509009,320,
64f2d4834a35,rolling_origin,PaySim,chronological,2,N,Ensemble,0.005,0.005,F1,0.0975820379965457,509009,320,
64f2d4834a35,rolling_origin,PaySim,chronological,2,N,Ensemble,0.005,0.005,TN,506806.0,509009,320,
64f2d4834a35,rolling_origin,PaySim,chronological,2,N,Ensemble,0.005,0.005,FP,1883.0,509009,320,
64f2d4834a35,rolling_origin,PaySim,chronological,2,N,Ensemble,0.005,0.005,FN,207.0,509009,320,
64f2d4834a35,rolling_origin,PaySim,chronological,2,N,Ensemble,0.005,0.005,TP,113.0,509009,320,
64f2d4834a35,rolling_origin,PaySim,chronological,2,N,Ensemble,0.005,0.005,n_alerts,1996.0,509009,320,
64f2d4834a35,rolling_origin,PaySim,chronological,2,N,Ensemble,0.005,0.005,alert_rate,0.0039213452021477,509009,320,
64f2d4834a35,rolling_origin,PaySim,chronological,2,N,Ensemble,0.005,0.005,prevalence,0.0006286725774986,509009,320,
64f2d4834a35,rolling_origin,PaySim,chronological,2,N,Ensemble,0.005,0.005,lift,90.05200557364729,509009,320,
64f2d4834a35,rolling_origin,PaySim,chronological,2,N,Ensemble,0.005,0.005,tie_ratio,0.1332609050134673,509009,320,
64f2d4834a35,rolling_origin,PaySim,chronological,2,N,Ensemble,0.005,0.005,fit_seconds,0.0,509009,320,
64f2d4834a35,rolling_origin,PaySim,chronological,2,N,Ensemble,0.005,0.005,score_seconds,0.0,509009,320,
4dce9baaabc3,rolling_origin,PaySim,chronological,2,N,Ensemble,0.005,0.005,single_point_invariant,1.0,509009,320,invariance
7a18a0a209ac,rolling_origin,PaySim,chronological,2,O,IsolationForest,0.005,0.0008027117929525,PR_AUC,0.0026894004904472,509009,320,
7a18a0a209ac,rolling_origin,PaySim,chronological,2,O,IsolationForest,0.005,0.0008027117929525,ROC_AUC,0.8018184735663638,509009,320,
7a18a0a209ac,rolling_origin,PaySim,chronological,2,O,IsolationForest,0.005,0.0008027117929525,Precision,0.0,509009,320,
7a18a0a209ac,rolling_origin,PaySim,chronological,2,O,IsolationForest,0.005,0.0008027117929525,Recall,0.0,509009,320,
7a18a0a209ac,rolling_origin,PaySim,chronological,2,O,IsolationForest,0.005,0.0008027117929525,F1,0.0,509009,320,
7a18a0a209ac,rolling_origin,PaySim,chronological,2,O,IsolationForest,0.005,0.0008027117929525,TN,508647.0,509009,320,
7a18a0a209ac,rolling_origin,PaySim,chronological,2,O,IsolationForest,0.005,0.0008027117929525,FP,42.0,509009,320,
7a18a0a209ac,rolling_origin,PaySim,chronological,2,O,IsolationForest,0.005,0.0008027117929525,FN,320.0,509009,320,
7a18a0a209ac,rolling_origin,PaySim,chronological,2,O,IsolationForest,0.005,0.0008027117929525,TP,0.0,509009,320,
7a18a0a209ac,rolling_origin,PaySim,chronological,2,O,IsolationForest,0.005,0.0008027117929525,n_alerts,42.0,509009,320,
7a18a0a209ac,rolling_origin,PaySim,chronological,2,O,IsolationForest,0.005,0.0008027117929525,alert_rate,8.251327579669515e-05,509009,320,
7a18a0a209ac,rolling_origin,PaySim,chronological,2,O,IsolationForest,0.005,0.0008027117929525,prevalence,0.0006286725774986,509009,320,
7a18a0a209ac,rolling_origin,PaySim,chronological,2,O,IsolationForest,0.005,0.0008027117929525,lift,0.0,509009,320,
7a18a0a209ac,rolling_origin,PaySim,chronological,2,O,IsolationForest,0.005,0.0008027117929525,tie_ratio,0.5171087348160839,509009,320,
7a18a0a209ac,rolling_origin,PaySim,chronological,2,O,IsolationForest,0.005,0.0008027117929525,fit_seconds,9.411558866500854,509009,320,
7a18a0a209ac,rolling_origin,PaySim,chronological,2,O,IsolationForest,0.005,0.0008027117929525,score_seconds,20.71877861022949,509009,320,
d5f9586d49c4,rolling_origin,PaySim,chronological,2,O,LOF,0.005,0.0008027117929525,PR_AUC,0.0005782112196526,509009,320,
d5f9586d49c4,rolling_origin,PaySim,chronological,2,O,LOF,0.005,0.0008027117929525,ROC_AUC,0.5014001433095663,509009,320,
d5f9586d49c4,rolling_origin,PaySim,chronological,2,O,LOF,0.005,0.0008027117929525,Precision,0.0,509009,320,
d5f9586d49c4,rolling_origin,PaySim,chronological,2,O,LOF,0.005,0.0008027117929525,Recall,0.0,509009,320,
d5f9586d49c4,rolling_origin,PaySim,chronological,2,O,LOF,0.005,0.0008027117929525,F1,0.0,509009,320,
d5f9586d49c4,rolling_origin,PaySim,chronological,2,O,LOF,0.005,0.0008027117929525,TN,373121.0,509009,320,
d5f9586d49c4,rolling_origin,PaySim,chronological,2,O,LOF,0.005,0.0008027117929525,FP,135568.0,509009,320,
d5f9586d49c4,rolling_origin,PaySim,chronological,2,O,LOF,0.005,0.0008027117929525,FN,320.0,509009,320,
d5f9586d49c4,rolling_origin,PaySim,chronological,2,O,LOF,0.005,0.0008027117929525,TP,0.0,509009,320,
d5f9586d49c4,rolling_origin,PaySim,chronological,2,O,LOF,0.005,0.0008027117929525,n_alerts,135568.0,509009,320,
d5f9586d49c4,rolling_origin,PaySim,chronological,2,O,LOF,0.005,0.0008027117929525,alert_rate,0.2663371374572945,509009,320,
d5f9586d49c4,rolling_origin,PaySim,chronological,2,O,LOF,0.005,0.0008027117929525,prevalence,0.0006286725774986,509009,320,
d5f9586d49c4,rolling_origin,PaySim,chronological,2,O,LOF,0.005,0.0008027117929525,lift,0.0,509009,320,
d5f9586d49c4,rolling_origin,PaySim,chronological,2,O,LOF,0.005,0.0008027117929525,tie_ratio,0.0248993632725551,509009,320,
d5f9586d49c4,rolling_origin,PaySim,chronological,2,O,LOF,0.005,0.0008027117929525,fit_seconds,1.8191611766815183,509009,320,
d5f9586d49c4,rolling_origin,PaySim,chronological,2,O,LOF,0.005,0.0008027117929525,score_seconds,111.3591411113739,509009,320,
0a8d118e54ff,rolling_origin,PaySim,chronological,2,O,OneClassSVM,0.005,0.0008027117929525,PR_AUC,0.0215500552513984,509009,320,
0a8d118e54ff,rolling_origin,PaySim,chronological,2,O,OneClassSVM,0.005,0.0008027117929525,ROC_AUC,0.8023625437153152,509009,320,
0a8d118e54ff,rolling_origin,PaySim,chronological,2,O,OneClassSVM,0.005,0.0008027117929525,Precision,0.0766666666666666,509009,320,
0a8d118e54ff,rolling_origin,PaySim,chronological,2,O,OneClassSVM,0.005,0.0008027117929525,Recall,0.071875,509009,320,
0a8d118e54ff,rolling_origin,PaySim,chronological,2,O,OneClassSVM,0.005,0.0008027117929525,F1,0.0741935483870967,509009,320,
0a8d118e54ff,rolling_origin,PaySim,chronological,2,O,OneClassSVM,0.005,0.0008027117929525,TN,508412.0,509009,320,
0a8d118e54ff,rolling_origin,PaySim,chronological,2,O,OneClassSVM,0.005,0.0008027117929525,FP,277.0,509009,320,
0a8d118e54ff,rolling_origin,PaySim,chronological,2,O,OneClassSVM,0.005,0.0008027117929525,FN,297.0,509009,320,
0a8d118e54ff,rolling_origin,PaySim,chronological,2,O,OneClassSVM,0.005,0.0008027117929525,TP,23.0,509009,320,
0a8d118e54ff,rolling_origin,PaySim,chronological,2,O,OneClassSVM,0.005,0.0008027117929525,n_alerts,300.0,509009,320,
0a8d118e54ff,rolling_origin,PaySim,chronological,2,O,OneClassSVM,0.005,0.0008027117929525,alert_rate,0.0005893805414049,509009,320,
0a8d118e54ff,rolling_origin,PaySim,chronological,2,O,OneClassSVM,0.005,0.0008027117929525,prevalence,0.0006286725774986,509009,320,
0a8d118e54ff,rolling_origin,PaySim,chronological,2,O,OneClassSVM,0.005,0.0008027117929525,lift,121.95007291666666,509009,320,
0a8d118e54ff,rolling_origin,PaySim,chronological,2,O,OneClassSVM,0.005,0.0008027117929525,tie_ratio,0.0004164955825928,509009,320,
0a8d118e54ff,rolling_origin,PaySim,chronological,2,O,OneClassSVM,0.005,0.0008027117929525,fit_seconds,0.1888995170593261,509009,320,
0a8d118e54ff,rolling_origin,PaySim,chronological,2,O,OneClassSVM,0.005,0.0008027117929525,score_seconds,21.96281242370605,509009,320,
c319521f91eb,rolling_origin,PaySim,chronological,2,O,DBSCAN,0.005,0.0008027117929525,PR_AUC,0.0026278323324362,509009,320,
c319521f91eb,rolling_origin,PaySim,chronological,2,O,DBSCAN,0.005,0.0008027117929525,ROC_AUC,0.780116098687017,509009,320,
c319521f91eb,rolling_origin,PaySim,chronological,2,O,DBSCAN,0.005,0.0008027117929525,Precision,0.0,509009,320,
c319521f91eb,rolling_origin,PaySim,chronological,2,O,DBSCAN,0.005,0.0008027117929525,Recall,0.0,509009,320,
c319521f91eb,rolling_origin,PaySim,chronological,2,O,DBSCAN,0.005,0.0008027117929525,F1,0.0,509009,320,
c319521f91eb,rolling_origin,PaySim,chronological,2,O,DBSCAN,0.005,0.0008027117929525,TN,508476.0,509009,320,
c319521f91eb,rolling_origin,PaySim,chronological,2,O,DBSCAN,0.005,0.0008027117929525,FP,213.0,509009,320,
c319521f91eb,rolling_origin,PaySim,chronological,2,O,DBSCAN,0.005,0.0008027117929525,FN,320.0,509009,320,
c319521f91eb,rolling_origin,PaySim,chronological,2,O,DBSCAN,0.005,0.0008027117929525,TP,0.0,509009,320,
c319521f91eb,rolling_origin,PaySim,chronological,2,O,DBSCAN,0.005,0.0008027117929525,n_alerts,213.0,509009,320,
c319521f91eb,rolling_origin,PaySim,chronological,2,O,DBSCAN,0.005,0.0008027117929525,alert_rate,0.0004184601843975,509009,320,
c319521f91eb,rolling_origin,PaySim,chronological,2,O,DBSCAN,0.005,0.0008027117929525,prevalence,0.0006286725774986,509009,320,
c319521f91eb,rolling_origin,PaySim,chronological,2,O,DBSCAN,0.005,0.0008027117929525,lift,0.0,509009,320,
c319521f91eb,rolling_origin,PaySim,chronological,2,O,DBSCAN,0.005,0.0008027117929525,tie_ratio,0.1452214008003788,509009,320,
c319521f91eb,rolling_origin,PaySim,chronological,2,O,DBSCAN,0.005,0.0008027117929525,fit_seconds,0.9413745403289796,509009,320,
c319521f91eb,rolling_origin,PaySim,chronological,2,O,DBSCAN,0.005,0.0008027117929525,score_seconds,0.0812385082244873,509009,320,
a1d487022acb,rolling_origin,PaySim,chronological,2,O,KMeans,0.005,0.0008027117929525,PR_AUC,0.00506711965846,509009,320,
a1d487022acb,rolling_origin,PaySim,chronological,2,O,KMeans,0.005,0.0008027117929525,ROC_AUC,0.8154039354104374,509009,320,
a1d487022acb,rolling_origin,PaySim,chronological,2,O,KMeans,0.005,0.0008027117929525,Precision,0.0,509009,320,
a1d487022acb,rolling_origin,PaySim,chronological,2,O,KMeans,0.005,0.0008027117929525,Recall,0.0,509009,320,
a1d487022acb,rolling_origin,PaySim,chronological,2,O,KMeans,0.005,0.0008027117929525,F1,0.0,509009,320,
a1d487022acb,rolling_origin,PaySim,chronological,2,O,KMeans,0.005,0.0008027117929525,TN,508384.0,509009,320,
a1d487022acb,rolling_origin,PaySim,chronological,2,O,KMeans,0.005,0.0008027117929525,FP,305.0,509009,320,
a1d487022acb,rolling_origin,PaySim,chronological,2,O,KMeans,0.005,0.0008027117929525,FN,320.0,509009,320,
a1d487022acb,rolling_origin,PaySim,chronological,2,O,KMeans,0.005,0.0008027117929525,TP,0.0,509009,320,
a1d487022acb,rolling_origin,PaySim,chronological,2,O,KMeans,0.005,0.0008027117929525,n_alerts,305.0,509009,320,
a1d487022acb,rolling_origin,PaySim,chronological,2,O,KMeans,0.005,0.0008027117929525,alert_rate,0.0005992035504283,509009,320,
a1d487022acb,rolling_origin,PaySim,chronological,2,O,KMeans,0.005,0.0008027117929525,prevalence,0.0006286725774986,509009,320,
a1d487022acb,rolling_origin,PaySim,chronological,2,O,KMeans,0.005,0.0008027117929525,lift,0.0,509009,320,
a1d487022acb,rolling_origin,PaySim,chronological,2,O,KMeans,0.005,0.0008027117929525,tie_ratio,0.1430858786386881,509009,320,
a1d487022acb,rolling_origin,PaySim,chronological,2,O,KMeans,0.005,0.0008027117929525,fit_seconds,105.62087297439577,509009,320,
a1d487022acb,rolling_origin,PaySim,chronological,2,O,KMeans,0.005,0.0008027117929525,score_seconds,0.4578402042388916,509009,320,
399fc5cf751b,rolling_origin,PaySim,chronological,2,O,Ensemble,0.005,0.0008027117929525,PR_AUC,0.0387244662557413,509009,320,
399fc5cf751b,rolling_origin,PaySim,chronological,2,O,Ensemble,0.005,0.0008027117929525,ROC_AUC,0.8889016883351125,509009,320,
399fc5cf751b,rolling_origin,PaySim,chronological,2,O,Ensemble,0.005,0.0008027117929525,Precision,0.0952380952380952,509009,320,
399fc5cf751b,rolling_origin,PaySim,chronological,2,O,Ensemble,0.005,0.0008027117929525,Recall,0.1125,509009,320,
399fc5cf751b,rolling_origin,PaySim,chronological,2,O,Ensemble,0.005,0.0008027117929525,F1,0.1031518624641833,509009,320,
399fc5cf751b,rolling_origin,PaySim,chronological,2,O,Ensemble,0.005,0.0008027117929525,TN,508347.0,509009,320,
399fc5cf751b,rolling_origin,PaySim,chronological,2,O,Ensemble,0.005,0.0008027117929525,FP,342.0,509009,320,
399fc5cf751b,rolling_origin,PaySim,chronological,2,O,Ensemble,0.005,0.0008027117929525,FN,284.0,509009,320,
399fc5cf751b,rolling_origin,PaySim,chronological,2,O,Ensemble,0.005,0.0008027117929525,TP,36.0,509009,320,
399fc5cf751b,rolling_origin,PaySim,chronological,2,O,Ensemble,0.005,0.0008027117929525,n_alerts,378.0,509009,320,
399fc5cf751b,rolling_origin,PaySim,chronological,2,O,Ensemble,0.005,0.0008027117929525,alert_rate,0.0007426194821702,509009,320,
399fc5cf751b,rolling_origin,PaySim,chronological,2,O,Ensemble,0.005,0.0008027117929525,prevalence,0.0006286725774986,509009,320,
399fc5cf751b,rolling_origin,PaySim,chronological,2,O,Ensemble,0.005,0.0008027117929525,lift,151.4907738095238,509009,320,
399fc5cf751b,rolling_origin,PaySim,chronological,2,O,Ensemble,0.005,0.0008027117929525,tie_ratio,0.1281352589050488,509009,320,
399fc5cf751b,rolling_origin,PaySim,chronological,2,O,Ensemble,0.005,0.0008027117929525,fit_seconds,0.0,509009,320,
399fc5cf751b,rolling_origin,PaySim,chronological,2,O,Ensemble,0.005,0.0008027117929525,score_seconds,0.0,509009,320,
5c5d938314bd,rolling_origin,PaySim,chronological,2,O,Ensemble,0.005,0.0008027117929525,single_point_invariant,1.0,509009,320,invariance
3b9b268d1975,rolling_origin,PaySim,chronological,3,U,IsolationForest,0.005,0.005,PR_AUC,0.003192577978374,509009,320,
3b9b268d1975,rolling_origin,PaySim,chronological,3,U,IsolationForest,0.005,0.005,ROC_AUC,0.7955804989640036,509009,320,
3b9b268d1975,rolling_origin,PaySim,chronological,3,U,IsolationForest,0.005,0.005,Precision,0.0059139784946236,509009,320,
3b9b268d1975,rolling_origin,PaySim,chronological,3,U,IsolationForest,0.005,0.005,Recall,0.034375,509009,320,
3b9b268d1975,rolling_origin,PaySim,chronological,3,U,IsolationForest,0.005,0.005,F1,0.010091743119266,509009,320,
3b9b268d1975,rolling_origin,PaySim,chronological,3,U,IsolationForest,0.005,0.005,TN,506840.0,509009,320,
3b9b268d1975,rolling_origin,PaySim,chronological,3,U,IsolationForest,0.005,0.005,FP,1849.0,509009,320,
3b9b268d1975,rolling_origin,PaySim,chronological,3,U,IsolationForest,0.005,0.005,FN,309.0,509009,320,
3b9b268d1975,rolling_origin,PaySim,chronological,3,U,IsolationForest,0.005,0.005,TP,11.0,509009,320,
3b9b268d1975,rolling_origin,PaySim,chronological,3,U,IsolationForest,0.005,0.005,n_alerts,1860.0,509009,320,
3b9b268d1975,rolling_origin,PaySim,chronological,3,U,IsolationForest,0.005,0.005,alert_rate,0.0036541593567107,509009,320,
3b9b268d1975,rolling_origin,PaySim,chronological,3,U,IsolationForest,0.005,0.005,prevalence,0.0006286725774986,509009,320,
3b9b268d1975,rolling_origin,PaySim,chronological,3,U,IsolationForest,0.005,0.005,lift,9.407088373655911,509009,320,
3b9b268d1975,rolling_origin,PaySim,chronological,3,U,IsolationForest,0.005,0.005,tie_ratio,0.5199672304418979,509009,320,
3b9b268d1975,rolling_origin,PaySim,chronological,3,U,IsolationForest,0.005,0.005,fit_seconds,14.696969747543337,509009,320,
3b9b268d1975,rolling_origin,PaySim,chronological,3,U,IsolationForest,0.005,0.005,score_seconds,13.7470965385437,509009,320,
feb5fe97792a,rolling_origin,PaySim,chronological,3,U,LOF,0.005,0.005,PR_AUC,0.0006772468584827,509009,320,
feb5fe97792a,rolling_origin,PaySim,chronological,3,U,LOF,0.005,0.005,ROC_AUC,0.5729146178952169,509009,320,
feb5fe97792a,rolling_origin,PaySim,chronological,3,U,LOF,0.005,0.005,Precision,0.0002559384640925,509009,320,
feb5fe97792a,rolling_origin,PaySim,chronological,3,U,LOF,0.005,0.005,Recall,0.115625,509009,320,
feb5fe97792a,rolling_origin,PaySim,chronological,3,U,LOF,0.005,0.005,F1,0.0005107463799124,509009,320,
feb5fe97792a,rolling_origin,PaySim,chronological,3,U,LOF,0.005,0.005,TN,364160.0,509009,320,
feb5fe97792a,rolling_origin,PaySim,chronological,3,U,LOF,0.005,0.005,FP,144529.0,509009,320,
feb5fe97792a,rolling_origin,PaySim,chronological,3,U,LOF,0.005,0.005,FN,283.0,509009,320,
feb5fe97792a,rolling_origin,PaySim,chronological,3,U,LOF,0.005,0.005,TP,37.0,509009,320,
feb5fe97792a,rolling_origin,PaySim,chronological,3,U,LOF,0.005,0.005,n_alerts,144566.0,509009,320,
feb5fe97792a,rolling_origin,PaySim,chronological,3,U,LOF,0.005,0.005,alert_rate,0.2840146244958341,509009,320,
feb5fe97792a,rolling_origin,PaySim,chronological,3,U,LOF,0.005,0.005,prevalence,0.0006286725774986,509009,320,
feb5fe97792a,rolling_origin,PaySim,chronological,3,U,LOF,0.005,0.005,lift,0.4071093177164755,509009,320,
feb5fe97792a,rolling_origin,PaySim,chronological,3,U,LOF,0.005,0.005,tie_ratio,0.0346202130021277,509009,320,
feb5fe97792a,rolling_origin,PaySim,chronological,3,U,LOF,0.005,0.005,fit_seconds,2.50358510017395,509009,320,
feb5fe97792a,rolling_origin,PaySim,chronological,3,U,LOF,0.005,0.005,score_seconds,118.05648970603944,509009,320,
6b7cb6181a73,rolling_origin,PaySim,chronological,3,U,OneClassSVM,0.005,0.005,PR_AUC,0.0291321016453864,509009,320,
6b7cb6181a73,rolling_origin,PaySim,chronological,3,U,OneClassSVM,0.005,0.005,ROC_AUC,0.5891298852294821,509009,320,
6b7cb6181a73,rolling_origin,PaySim,chronological,3,U,OneClassSVM,0.005,0.005,Precision,0.0190664036817883,509009,320,
6b7cb6181a73,rolling_origin,PaySim,chronological,3,U,OneClassSVM,0.005,0.005,Recall,0.271875,509009,320,
6b7cb6181a73,rolling_origin,PaySim,chronological,3,U,OneClassSVM,0.005,0.005,F1,0.0356338316608642,509009,320,
6b7cb6181a73,rolling_origin,PaySim,chronological,3,U,OneClassSVM,0.005,0.005,TN,504213.0,509009,320,
6b7cb6181a73,rolling_origin,PaySim,chronological,3,U,OneClassSVM,0.005,0.005,FP,4476.0,509009,320,
6b7cb6181a73,rolling_origin,PaySim,chronological,3,U,OneClassSVM,0.005,0.005,FN,233.0,509009,320,
6b7cb6181a73,rolling_origin,PaySim,chronological,3,U,OneClassSVM,0.005,0.005,TP,87.0,509009,320,
6b7cb6181a73,rolling_origin,PaySim,chronological,3,U,OneClassSVM,0.005,0.005,n_alerts,4563.0,509009,320,
6b7cb6181a73,rolling_origin,PaySim,chronological,3,U,OneClassSVM,0.005,0.005,alert_rate,0.0089644780347695,509009,320,
6b7cb6181a73,rolling_origin,PaySim,chronological,3,U,OneClassSVM,0.005,0.005,prevalence,0.0006286725774986,509009,320,
6b7cb6181a73,rolling_origin,PaySim,chronological,3,U,OneClassSVM,0.005,0.005,lift,30.32803459894806,509009,320,
6b7cb6181a73,rolling_origin,PaySim,chronological,3,U,OneClassSVM,0.005,0.005,tie_ratio,0.0001493097371558,509009,320,
6b7cb6181a73,rolling_origin,PaySim,chronological,3,U,OneClassSVM,0.005,0.005,fit_seconds,0.275336742401123,509009,320,
6b7cb6181a73,rolling_origin,PaySim,chronological,3,U,OneClassSVM,0.005,0.005,score_seconds,20.287365436553955,509009,320,
6a1fac93a5a4,rolling_origin,PaySim,chronological,3,U,DBSCAN,0.005,0.005,PR_AUC,0.0038211849873451,509009,320,
6a1fac93a5a4,rolling_origin,PaySim,chronological,3,U,DBSCAN,0.005,0.005,ROC_AUC,0.7860488708474136,509009,320,
6a1fac93a5a4,rolling_origin,PaySim,chronological,3,U,DBSCAN,0.005,0.005,Precision,0.0143979057591623,509009,320,
6a1fac93a5a4,rolling_origin,PaySim,chronological,3,U,DBSCAN,0.005,0.005,Recall,0.103125,509009,320,
6a1fac93a5a4,rolling_origin,PaySim,chronological,3,U,DBSCAN,0.005,0.005,F1,0.0252679938744257,509009,320,
6a1fac93a5a4,rolling_origin,PaySim,chronological,3,U,DBSCAN,0.005,0.005,TN,506430.0,509009,320,
6a1fac93a5a4,rolling_origin,PaySim,chronological,3,U,DBSCAN,0.005,0.005,FP,2259.0,509009,320,
6a1fac93a5a4,rolling_origin,PaySim,chronological,3,U,DBSCAN,0.005,0.005,FN,287.0,509009,320,
6a1fac93a5a4,rolling_origin,PaySim,chronological,3,U,DBSCAN,0.005,0.005,TP,33.0,509009,320,
6a1fac93a5a4,rolling_origin,PaySim,chronological,3,U,DBSCAN,0.005,0.005,n_alerts,2292.0,509009,320,
6a1fac93a5a4,rolling_origin,PaySim,chronological,3,U,DBSCAN,0.005,0.005,alert_rate,0.0045028673363339,509009,320,
6a1fac93a5a4,rolling_origin,PaySim,chronological,3,U,DBSCAN,0.005,0.005,prevalence,0.0006286725774986,509009,320,
6a1fac93a5a4,rolling_origin,PaySim,chronological,3,U,DBSCAN,0.005,0.005,lift,22.90207378926701,509009,320,
6a1fac93a5a4,rolling_origin,PaySim,chronological,3,U,DBSCAN,0.005,0.005,tie_ratio,0.090340249386553,509009,320,
6a1fac93a5a4,rolling_origin,PaySim,chronological,3,U,DBSCAN,0.005,0.005,fit_seconds,1.6534802913665771,509009,320,
6a1fac93a5a4,rolling_origin,PaySim,chronological,3,U,DBSCAN,0.005,0.005,score_seconds,0.0588240623474121,509009,320,
4deeed0a86b1,rolling_origin,PaySim,chronological,3,U,KMeans,0.005,0.005,PR_AUC,0.0080801468134521,509009,320,
4deeed0a86b1,rolling_origin,PaySim,chronological,3,U,KMeans,0.005,0.005,ROC_AUC,0.8102224726207956,509009,320,
4deeed0a86b1,rolling_origin,PaySim,chronological,3,U,KMeans,0.005,0.005,Precision,0.0249266862170087,509009,320,
4deeed0a86b1,rolling_origin,PaySim,chronological,3,U,KMeans,0.005,0.005,Recall,0.159375,509009,320,
4deeed0a86b1,rolling_origin,PaySim,chronological,3,U,KMeans,0.005,0.005,F1,0.0431107354184277,509009,320,
4deeed0a86b1,rolling_origin,PaySim,chronological,3,U,KMeans,0.005,0.005,TN,506694.0,509009,320,
4deeed0a86b1,rolling_origin,PaySim,chronological,3,U,KMeans,0.005,0.005,FP,1995.0,509009,320,
4deeed0a86b1,rolling_origin,PaySim,chronological,3,U,KMeans,0.005,0.005,FN,269.0,509009,320,
4deeed0a86b1,rolling_origin,PaySim,chronological,3,U,KMeans,0.005,0.005,TP,51.0,509009,320,
4deeed0a86b1,rolling_origin,PaySim,chronological,3,U,KMeans,0.005,0.005,n_alerts,2046.0,509009,320,
4deeed0a86b1,rolling_origin,PaySim,chronological,3,U,KMeans,0.005,0.005,alert_rate,0.0040195752923818,509009,320,
4deeed0a86b1,rolling_origin,PaySim,chronological,3,U,KMeans,0.005,0.005,prevalence,0.0006286725774986,509009,320,
4deeed0a86b1,rolling_origin,PaySim,chronological,3,U,KMeans,0.005,0.005,lift,39.64971132697947,509009,320,
4deeed0a86b1,rolling_origin,PaySim,chronological,3,U,KMeans,0.005,0.005,tie_ratio,0.1536082859045714,509009,320,
4deeed0a86b1,rolling_origin,PaySim,chronological,3,U,KMeans,0.005,0.005,fit_seconds,99.4359860420227,509009,320,
4deeed0a86b1,rolling_origin,PaySim,chronological,3,U,KMeans,0.005,0.005,score_seconds,0.4542200565338135,509009,320,
22ea9e143f6e,rolling_origin,PaySim,chronological,3,U,Ensemble,0.005,0.005,PR_AUC,0.077387075739565,509009,320,
22ea9e143f6e,rolling_origin,PaySim,chronological,3,U,Ensemble,0.005,0.005,ROC_AUC,0.8229664300043839,509009,320,
22ea9e143f6e,rolling_origin,PaySim,chronological,3,U,Ensemble,0.005,0.005,Precision,0.0365425158116654,509009,320,
22ea9e143f6e,rolling_origin,PaySim,chronological,3,U,Ensemble,0.005,0.005,Recall,0.325,509009,320,
22ea9e143f6e,rolling_origin,PaySim,chronological,3,U,Ensemble,0.005,0.005,F1,0.065698041692988,509009,320,
22ea9e143f6e,rolling_origin,PaySim,chronological,3,U,Ensemble,0.005,0.005,TN,505947.0,509009,320,
22ea9e143f6e,rolling_origin,PaySim,chronological,3,U,Ensemble,0.005,0.005,FP,2742.0,509009,320,
22ea9e143f6e,rolling_origin,PaySim,chronological,3,U,Ensemble,0.005,0.005,FN,216.0,509009,320,
22ea9e143f6e,rolling_origin,PaySim,chronological,3,U,Ensemble,0.005,0.005,TP,104.0,509009,320,
22ea9e143f6e,rolling_origin,PaySim,chronological,3,U,Ensemble,0.005,0.005,n_alerts,2846.0,509009,320,
22ea9e143f6e,rolling_origin,PaySim,chronological,3,U,Ensemble,0.005,0.005,alert_rate,0.0055912567361284,509009,320,
22ea9e143f6e,rolling_origin,PaySim,chronological,3,U,Ensemble,0.005,0.005,prevalence,0.0006286725774986,509009,320,
22ea9e143f6e,rolling_origin,PaySim,chronological,3,U,Ensemble,0.005,0.005,lift,58.12646697118763,509009,320,
22ea9e143f6e,rolling_origin,PaySim,chronological,3,U,Ensemble,0.005,0.005,tie_ratio,0.1100019842478227,509009,320,
22ea9e143f6e,rolling_origin,PaySim,chronological,3,U,Ensemble,0.005,0.005,fit_seconds,0.0,509009,320,
22ea9e143f6e,rolling_origin,PaySim,chronological,3,U,Ensemble,0.005,0.005,score_seconds,0.0,509009,320,
41a2ce8bd44b,rolling_origin,PaySim,chronological,3,U,Ensemble,0.005,0.005,single_point_invariant,1.0,509009,320,invariance
5613a71acf33,rolling_origin,PaySim,chronological,3,N,IsolationForest,0.005,0.005,PR_AUC,0.0044922253657726,509009,320,
5613a71acf33,rolling_origin,PaySim,chronological,3,N,IsolationForest,0.005,0.005,ROC_AUC,0.8100423926750924,509009,320,
5613a71acf33,rolling_origin,PaySim,chronological,3,N,IsolationForest,0.005,0.005,Precision,0.0076726342710997,509009,320,
5613a71acf33,rolling_origin,PaySim,chronological,3,N,IsolationForest,0.005,0.005,Recall,0.046875,509009,320,
5613a71acf33,rolling_origin,PaySim,chronological,3,N,IsolationForest,0.005,0.005,F1,0.0131868131868131,509009,320,
5613a71acf33,rolling_origin,PaySim,chronological,3,N,IsolationForest,0.005,0.005,TN,506749.0,509009,320,
5613a71acf33,rolling_origin,PaySim,chronological,3,N,IsolationForest,0.005,0.005,FP,1940.0,509009,320,
5613a71acf33,rolling_origin,PaySim,chronological,3,N,IsolationForest,0.005,0.005,FN,305.0,509009,320,
5613a71acf33,rolling_origin,PaySim,chronological,3,N,IsolationForest,0.005,0.005,TP,15.0,509009,320,
5613a71acf33,rolling_origin,PaySim,chronological,3,N,IsolationForest,0.005,0.005,n_alerts,1955.0,509009,320,
5613a71acf33,rolling_origin,PaySim,chronological,3,N,IsolationForest,0.005,0.005,alert_rate,0.0038407965281556,509009,320,
5613a71acf33,rolling_origin,PaySim,chronological,3,N,IsolationForest,0.005,0.005,prevalence,0.0006286725774986,509009,320,
5613a71acf33,rolling_origin,PaySim,chronological,3,N,IsolationForest,0.005,0.005,lift,12.204499680306906,509009,320,
5613a71acf33,rolling_origin,PaySim,chronological,3,N,IsolationForest,0.005,0.005,tie_ratio,0.5115705223286818,509009,320,
5613a71acf33,rolling_origin,PaySim,chronological,3,N,IsolationForest,0.005,0.005,fit_seconds,11.140023231506348,509009,320,
5613a71acf33,rolling_origin,PaySim,chronological,3,N,IsolationForest,0.005,0.005,score_seconds,13.02605414390564,509009,320,
8aa1810db256,rolling_origin,PaySim,chronological,3,N,LOF,0.005,0.005,PR_AUC,0.0006636841286641,509009,320,
8aa1810db256,rolling_origin,PaySim,chronological,3,N,LOF,0.005,0.005,ROC_AUC,0.5641451511876608,509009,320,
8aa1810db256,rolling_origin,PaySim,chronological,3,N,LOF,0.005,0.005,Precision,0.0002321951471214,509009,320,
8aa1810db256,rolling_origin,PaySim,chronological,3,N,LOF,0.005,0.005,Recall,0.1125,509009,320,
8aa1810db256,rolling_origin,PaySim,chronological,3,N,LOF,0.005,0.005,F1,0.0004634337868976,509009,320,
8aa1810db256,rolling_origin,PaySim,chronological,3,N,LOF,0.005,0.005,TN,353683.0,509009,320,
8aa1810db256,rolling_origin,PaySim,chronological,3,N,LOF,0.005,0.005,FP,155006.0,509009,320,
8aa1810db256,rolling_origin,PaySim,chronological,3,N,LOF,0.005,0.005,FN,284.0,509009,320,
8aa1810db256,rolling_origin,PaySim,chronological,3,N,LOF,0.005,0.005,TP,36.0,509009,320,
8aa1810db256,rolling_origin,PaySim,chronological,3,N,LOF,0.005,0.005,n_alerts,155042.0,509009,320,
8aa1810db256,rolling_origin,PaySim,chronological,3,N,LOF,0.005,0.005,alert_rate,0.3045957930016954,509009,320,
8aa1810db256,rolling_origin,PaySim,chronological,3,N,LOF,0.005,0.005,prevalence,0.0006286725774986,509009,320,
8aa1810db256,rolling_origin,PaySim,chronological,3,N,LOF,0.005,0.005,lift,0.3693419363785297,509009,320,
8aa1810db256,rolling_origin,PaySim,chronological,3,N,LOF,0.005,0.005,tie_ratio,0.0306733279765191,509009,320,
8aa1810db256,rolling_origin,PaySim,chronological,3,N,LOF,0.005,0.005,fit_seconds,2.250875949859619,509009,320,
8aa1810db256,rolling_origin,PaySim,chronological,3,N,LOF,0.005,0.005,score_seconds,96.3587896823883,509009,320,
9f750792dba1,rolling_origin,PaySim,chronological,3,N,OneClassSVM,0.005,0.005,PR_AUC,0.0619520719769727,509009,320,
9f750792dba1,rolling_origin,PaySim,chronological,3,N,OneClassSVM,0.005,0.005,ROC_AUC,0.8271614938105601,509009,320,
9f750792dba1,rolling_origin,PaySim,chronological,3,N,OneClassSVM,0.005,0.005,Precision,0.0375690607734806,509009,320,
9f750792dba1,rolling_origin,PaySim,chronological,3,N,OneClassSVM,0.005,0.005,Recall,0.425,509009,320,
9f750792dba1,rolling_origin,PaySim,chronological,3,N,OneClassSVM,0.005,0.005,F1,0.0690355329949238,509009,320,
9f750792dba1,rolling_origin,PaySim,chronological,3,N,OneClassSVM,0.005,0.005,TN,505205.0,509009,320,
9f750792dba1,rolling_origin,PaySim,chronological,3,N,OneClassSVM,0.005,0.005,FP,3484.0,509009,320,
9f750792dba1,rolling_origin,PaySim,chronological,3,N,OneClassSVM,0.005,0.005,FN,184.0,509009,320,
9f750792dba1,rolling_origin,PaySim,chronological,3,N,OneClassSVM,0.005,0.005,TP,136.0,509009,320,
9f750792dba1,rolling_origin,PaySim,chronological,3,N,OneClassSVM,0.005,0.005,n_alerts,3620.0,509009,320,
9f750792dba1,rolling_origin,PaySim,chronological,3,N,OneClassSVM,0.005,0.005,alert_rate,0.0071118585329532,509009,320,
9f750792dba1,rolling_origin,PaySim,chronological,3,N,OneClassSVM,0.005,0.005,prevalence,0.0006286725774986,509009,320,
9f750792dba1,rolling_origin,PaySim,chronological,3,N,OneClassSVM,0.005,0.005,lift,59.75934392265194,509009,320,
9f750792dba1,rolling_origin,PaySim,chronological,3,N,OneClassSVM,0.005,0.005,tie_ratio,0.0003143362887493,509009,320,
9f750792dba1,rolling_origin,PaySim,chronological,3,N,OneClassSVM,0.005,0.005,fit_seconds,0.2922646999359131,509009,320,
9f750792dba1,rolling_origin,PaySim,chronological,3,N,OneClassSVM,0.005,0.005,score_seconds,22.86782693862915,509009,320,
b97358242881,rolling_origin,PaySim,chronological,3,N,DBSCAN,0.005,0.005,PR_AUC,0.0038183295048954,509009,320,
b97358242881,rolling_origin,PaySim,chronological,3,N,DBSCAN,0.005,0.005,ROC_AUC,0.7858826162694691,509009,320,
b97358242881,rolling_origin,PaySim,chronological,3,N,DBSCAN,0.005,0.005,Precision,0.0143104943625325,509009,320,
b97358242881,rolling_origin,PaySim,chronological,3,N,DBSCAN,0.005,0.005,Recall,0.103125,509009,320,
b97358242881,rolling_origin,PaySim,chronological,3,N,DBSCAN,0.005,0.005,F1,0.0251332825590251,509009,320,
b97358242881,rolling_origin,PaySim,chronological,3,N,DBSCAN,0.005,0.005,TN,506416.0,509009,320,
b97358242881,rolling_origin,PaySim,chronological,3,N,DBSCAN,0.005,0.005,FP,2273.0,509009,320,
b97358242881,rolling_origin,PaySim,chronological,3,N,DBSCAN,0.005,0.005,FN,287.0,509009,320,
b97358242881,rolling_origin,PaySim,chronological,3,N,DBSCAN,0.005,0.005,TP,33.0,509009,320,
b97358242881,rolling_origin,PaySim,chronological,3,N,DBSCAN,0.005,0.005,n_alerts,2306.0,509009,320,
b97358242881,rolling_origin,PaySim,chronological,3,N,DBSCAN,0.005,0.005,alert_rate,0.0045303717615995,509009,320,
b97358242881,rolling_origin,PaySim,chronological,3,N,DBSCAN,0.005,0.005,prevalence,0.0006286725774986,509009,320,
b97358242881,rolling_origin,PaySim,chronological,3,N,DBSCAN,0.005,0.005,lift,22.76303257805724,509009,320,
b97358242881,rolling_origin,PaySim,chronological,3,N,DBSCAN,0.005,0.005,tie_ratio,0.1490877371519953,509009,320,
b97358242881,rolling_origin,PaySim,chronological,3,N,DBSCAN,0.005,0.005,fit_seconds,1.159458875656128,509009,320,
b97358242881,rolling_origin,PaySim,chronological,3,N,DBSCAN,0.005,0.005,score_seconds,0.0597555637359619,509009,320,
2a3bbe0d26e3,rolling_origin,PaySim,chronological,3,N,KMeans,0.005,0.005,PR_AUC,0.0080828013654435,509009,320,
2a3bbe0d26e3,rolling_origin,PaySim,chronological,3,N,KMeans,0.005,0.005,ROC_AUC,0.8104253439970198,509009,320,
2a3bbe0d26e3,rolling_origin,PaySim,chronological,3,N,KMeans,0.005,0.005,Precision,0.0244857982370225,509009,320,
2a3bbe0d26e3,rolling_origin,PaySim,chronological,3,N,KMeans,0.005,0.005,Recall,0.15625,509009,320,
2a3bbe0d26e3,rolling_origin,PaySim,chronological,3,N,KMeans,0.005,0.005,F1,0.0423370025402201,509009,320,
2a3bbe0d26e3,rolling_origin,PaySim,chronological,3,N,KMeans,0.005,0.005,TN,506697.0,509009,320,
2a3bbe0d26e3,rolling_origin,PaySim,chronological,3,N,KMeans,0.005,0.005,FP,1992.0,509009,320,
2a3bbe0d26e3,rolling_origin,PaySim,chronological,3,N,KMeans,0.005,0.005,FN,270.0,509009,320,
2a3bbe0d26e3,rolling_origin,PaySim,chronological,3,N,KMeans,0.005,0.005,TP,50.0,509009,320,
2a3bbe0d26e3,rolling_origin,PaySim,chronological,3,N,KMeans,0.005,0.005,n_alerts,2042.0,509009,320,
2a3bbe0d26e3,rolling_origin,PaySim,chronological,3,N,KMeans,0.005,0.005,alert_rate,0.0040117168851631,509009,320,
2a3bbe0d26e3,rolling_origin,PaySim,chronological,3,N,KMeans,0.005,0.005,prevalence,0.0006286725774986,509009,320,
2a3bbe0d26e3,rolling_origin,PaySim,chronological,3,N,KMeans,0.005,0.005,lift,38.94841148383937,509009,320,
2a3bbe0d26e3,rolling_origin,PaySim,chronological,3,N,KMeans,0.005,0.005,tie_ratio,0.1532487637743144,509009,320,
2a3bbe0d26e3,rolling_origin,PaySim,chronological,3,N,KMeans,0.005,0.005,fit_seconds,101.10737109184264,509009,320,
2a3bbe0d26e3,rolling_origin,PaySim,chronological,3,N,KMeans,0.005,0.005,score_seconds,0.4470188617706299,509009,320,
d09f8460fce2,rolling_origin,PaySim,chronological,3,N,Ensemble,0.005,0.005,PR_AUC,0.1371389661399427,509009,320,
d09f8460fce2,rolling_origin,PaySim,chronological,3,N,Ensemble,0.005,0.005,ROC_AUC,0.8839589212416625,509009,320,
d09f8460fce2,rolling_origin,PaySim,chronological,3,N,Ensemble,0.005,0.005,Precision,0.0435729847494553,509009,320,
d09f8460fce2,rolling_origin,PaySim,chronological,3,N,Ensemble,0.005,0.005,Recall,0.4375,509009,320,
d09f8460fce2,rolling_origin,PaySim,chronological,3,N,Ensemble,0.005,0.005,F1,0.0792527596943107,509009,320,
d09f8460fce2,rolling_origin,PaySim,chronological,3,N,Ensemble,0.005,0.005,TN,505616.0,509009,320,
d09f8460fce2,rolling_origin,PaySim,chronological,3,N,Ensemble,0.005,0.005,FP,3073.0,509009,320,
d09f8460fce2,rolling_origin,PaySim,chronological,3,N,Ensemble,0.005,0.005,FN,180.0,509009,320,
d09f8460fce2,rolling_origin,PaySim,chronological,3,N,Ensemble,0.005,0.005,TP,140.0,509009,320,
d09f8460fce2,rolling_origin,PaySim,chronological,3,N,Ensemble,0.005,0.005,n_alerts,3213.0,509009,320,
d09f8460fce2,rolling_origin,PaySim,chronological,3,N,Ensemble,0.005,0.005,alert_rate,0.0063122655984471,509009,320,
d09f8460fce2,rolling_origin,PaySim,chronological,3,N,Ensemble,0.005,0.005,prevalence,0.0006286725774986,509009,320,
d09f8460fce2,rolling_origin,PaySim,chronological,3,N,Ensemble,0.005,0.005,lift,69.30950435729848,509009,320,
d09f8460fce2,rolling_origin,PaySim,chronological,3,N,Ensemble,0.005,0.005,tie_ratio,0.1171492056132602,509009,320,
d09f8460fce2,rolling_origin,PaySim,chronological,3,N,Ensemble,0.005,0.005,fit_seconds,0.0,509009,320,
d09f8460fce2,rolling_origin,PaySim,chronological,3,N,Ensemble,0.005,0.005,score_seconds,0.0,509009,320,
9a265cfcf387,rolling_origin,PaySim,chronological,3,N,Ensemble,0.005,0.005,single_point_invariant,1.0,509009,320,invariance
6fe9e593a516,rolling_origin,PaySim,chronological,3,O,IsolationForest,0.005,0.0007984542950575,PR_AUC,0.003192577978374,509009,320,
6fe9e593a516,rolling_origin,PaySim,chronological,3,O,IsolationForest,0.005,0.0007984542950575,ROC_AUC,0.7955804989640036,509009,320,
6fe9e593a516,rolling_origin,PaySim,chronological,3,O,IsolationForest,0.005,0.0007984542950575,Precision,0.0129310344827586,509009,320,
6fe9e593a516,rolling_origin,PaySim,chronological,3,O,IsolationForest,0.005,0.0007984542950575,Recall,0.009375,509009,320,
6fe9e593a516,rolling_origin,PaySim,chronological,3,O,IsolationForest,0.005,0.0007984542950575,F1,0.0108695652173913,509009,320,
6fe9e593a516,rolling_origin,PaySim,chronological,3,O,IsolationForest,0.005,0.0007984542950575,TN,508460.0,509009,320,
6fe9e593a516,rolling_origin,PaySim,chronological,3,O,IsolationForest,0.005,0.0007984542950575,FP,229.0,509009,320,
6fe9e593a516,rolling_origin,PaySim,chronological,3,O,IsolationForest,0.005,0.0007984542950575,FN,317.0,509009,320,
6fe9e593a516,rolling_origin,PaySim,chronological,3,O,IsolationForest,0.005,0.0007984542950575,TP,3.0,509009,320,
6fe9e593a516,rolling_origin,PaySim,chronological,3,O,IsolationForest,0.005,0.0007984542950575,n_alerts,232.0,509009,320,
6fe9e593a516,rolling_origin,PaySim,chronological,3,O,IsolationForest,0.005,0.0007984542950575,alert_rate,0.0004557876186865,509009,320,
6fe9e593a516,rolling_origin,PaySim,chronological,3,O,IsolationForest,0.005,0.0007984542950575,prevalence,0.0006286725774986,509009,320,
6fe9e593a516,rolling_origin,PaySim,chronological,3,O,IsolationForest,0.005,0.0007984542950575,lift,20.56879040948276,509009,320,
6fe9e593a516,rolling_origin,PaySim,chronological,3,O,IsolationForest,0.005,0.0007984542950575,tie_ratio,0.5199672304418979,509009,320,
6fe9e593a516,rolling_origin,PaySim,chronological,3,O,IsolationForest,0.005,0.0007984542950575,fit_seconds,10.658895492553713,509009,320,
6fe9e593a516,rolling_origin,PaySim,chronological,3,O,IsolationForest,0.005,0.0007984542950575,score_seconds,13.136282444000244,509009,320,
8702a076a70c,rolling_origin,PaySim,chronological,3,O,LOF,0.005,0.0007984542950575,PR_AUC,0.0006772468584827,509009,320,
8702a076a70c,rolling_origin,PaySim,chronological,3,O,LOF,0.005,0.0007984542950575,ROC_AUC,0.5729146178952169,509009,320,
8702a076a70c,rolling_origin,PaySim,chronological,3,O,LOF,0.005,0.0007984542950575,Precision,0.0002516356316054,509009,320,
8702a076a70c,rolling_origin,PaySim,chronological,3,O,LOF,0.005,0.0007984542950575,Recall,0.1125,509009,320,
8702a076a70c,rolling_origin,PaySim,chronological,3,O,LOF,0.005,0.0007984542950575,F1,0.0005021480778887,509009,320,
8702a076a70c,rolling_origin,PaySim,chronological,3,O,LOF,0.005,0.0007984542950575,TN,365661.0,509009,320,
8702a076a70c,rolling_origin,PaySim,chronological,3,O,LOF,0.005,0.0007984542950575,FP,143028.0,509009,320,
8702a076a70c,rolling_origin,PaySim,chronological,3,O,LOF,0.005,0.0007984542950575,FN,284.0,509009,320,
8702a076a70c,rolling_origin,PaySim,chronological,3,O,LOF,0.005,0.0007984542950575,TP,36.0,509009,320,
8702a076a70c,rolling_origin,PaySim,chronological,3,O,LOF,0.005,0.0007984542950575,n_alerts,143064.0,509009,320,
8702a076a70c,rolling_origin,PaySim,chronological,3,O,LOF,0.005,0.0007984542950575,alert_rate,0.2810637925851998,509009,320,
8702a076a70c,rolling_origin,PaySim,chronological,3,O,LOF,0.005,0.0007984542950575,prevalence,0.0006286725774986,509009,320,
8702a076a70c,rolling_origin,PaySim,chronological,3,O,LOF,0.005,0.0007984542950575,lift,0.4002650037745344,509009,320,
8702a076a70c,rolling_origin,PaySim,chronological,3,O,LOF,0.005,0.0007984542950575,tie_ratio,0.0346202130021277,509009,320,
8702a076a70c,rolling_origin,PaySim,chronological,3,O,LOF,0.005,0.0007984542950575,fit_seconds,2.580191135406494,509009,320,
8702a076a70c,rolling_origin,PaySim,chronological,3,O,LOF,0.005,0.0007984542950575,score_seconds,110.83313703536987,509009,320,
4eada84f9991,rolling_origin,PaySim,chronological,3,O,OneClassSVM,0.005,0.0007984542950575,PR_AUC,0.0259729104532614,509009,320,
4eada84f9991,rolling_origin,PaySim,chronological,3,O,OneClassSVM,0.005,0.0007984542950575,ROC_AUC,0.5811686327500694,509009,320,
4eada84f9991,rolling_origin,PaySim,chronological,3,O,OneClassSVM,0.005,0.0007984542950575,Precision,0.0933333333333333,509009,320,
4eada84f9991,rolling_origin,PaySim,chronological,3,O,OneClassSVM,0.005,0.0007984542950575,Recall,0.0875,509009,320,
4eada84f9991,rolling_origin,PaySim,chronological,3,O,OneClassSVM,0.005,0.0007984542950575,F1,0.0903225806451612,509009,320,
4eada84f9991,rolling_origin,PaySim,chronological,3,O,OneClassSVM,0.005,0.0007984542950575,TN,508417.0,509009,320,
4eada84f9991,rolling_origin,PaySim,chronological,3,O,OneClassSVM,0.005,0.0007984542950575,FP,272.0,509009,320,
4eada84f9991,rolling_origin,PaySim,chronological,3,O,OneClassSVM,0.005,0.0007984542950575,FN,292.0,509009,320,
4eada84f9991,rolling_origin,PaySim,chronological,3,O,OneClassSVM,0.005,0.0007984542950575,TP,28.0,509009,320,
4eada84f9991,rolling_origin,PaySim,chronological,3,O,OneClassSVM,0.005,0.0007984542950575,n_alerts,300.0,509009,320,
4eada84f9991,rolling_origin,PaySim,chronological,3,O,OneClassSVM,0.005,0.0007984542950575,alert_rate,0.0005893805414049,509009,320,
4eada84f9991,rolling_origin,PaySim,chronological,3,O,OneClassSVM,0.005,0.0007984542950575,prevalence,0.0006286725774986,509009,320,
4eada84f9991,rolling_origin,PaySim,chronological,3,O,OneClassSVM,0.005,0.0007984542950575,lift,148.46095833333334,509009,320,
4eada84f9991,rolling_origin,PaySim,chronological,3,O,OneClassSVM,0.005,0.0007984542950575,tie_ratio,0.0001473451353511,509009,320,
4eada84f9991,rolling_origin,PaySim,chronological,3,O,OneClassSVM,0.005,0.0007984542950575,fit_seconds,0.1893560886383056,509009,320,
4eada84f9991,rolling_origin,PaySim,chronological,3,O,OneClassSVM,0.005,0.0007984542950575,score_seconds,18.84139513969421,509009,320,
66359d7fc7b9,rolling_origin,PaySim,chronological,3,O,DBSCAN,0.005,0.0007984542950575,PR_AUC,0.0038211849873451,509009,320,
66359d7fc7b9,rolling_origin,PaySim,chronological,3,O,DBSCAN,0.005,0.0007984542950575,ROC_AUC,0.7860488708474136,509009,320,
66359d7fc7b9,rolling_origin,PaySim,chronological,3,O,DBSCAN,0.005,0.0007984542950575,Precision,0.0063492063492063,509009,320,
66359d7fc7b9,rolling_origin,PaySim,chronological,3,O,DBSCAN,0.005,0.0007984542950575,Recall,0.00625,509009,320,
66359d7fc7b9,rolling_origin,PaySim,chronological,3,O,DBSCAN,0.005,0.0007984542950575,F1,0.0062992125984251,509009,320,
66359d7fc7b9,rolling_origin,PaySim,chronological,3,O,DBSCAN,0.005,0.0007984542950575,TN,508376.0,509009,320,
66359d7fc7b9,rolling_origin,PaySim,chronological,3,O,DBSCAN,0.005,0.0007984542950575,FP,313.0,509009,320,
66359d7fc7b9,rolling_origin,PaySim,chronological,3,O,DBSCAN,0.005,0.0007984542950575,FN,318.0,509009,320,
66359d7fc7b9,rolling_origin,PaySim,chronological,3,O,DBSCAN,0.005,0.0007984542950575,TP,2.0,509009,320,
66359d7fc7b9,rolling_origin,PaySim,chronological,3,O,DBSCAN,0.005,0.0007984542950575,n_alerts,315.0,509009,320,
66359d7fc7b9,rolling_origin,PaySim,chronological,3,O,DBSCAN,0.005,0.0007984542950575,alert_rate,0.0006188495684752,509009,320,
66359d7fc7b9,rolling_origin,PaySim,chronological,3,O,DBSCAN,0.005,0.0007984542950575,prevalence,0.0006286725774986,509009,320,
66359d7fc7b9,rolling_origin,PaySim,chronological,3,O,DBSCAN,0.005,0.0007984542950575,lift,10.09938492063492,509009,320,
66359d7fc7b9,rolling_origin,PaySim,chronological,3,O,DBSCAN,0.005,0.0007984542950575,tie_ratio,0.090340249386553,509009,320,
66359d7fc7b9,rolling_origin,PaySim,chronological,3,O,DBSCAN,0.005,0.0007984542950575,fit_seconds,1.5650815963745115,509009,320,
66359d7fc7b9,rolling_origin,PaySim,chronological,3,O,DBSCAN,0.005,0.0007984542950575,score_seconds,0.0596144199371337,509009,320,
d16063b2e0fb,rolling_origin,PaySim,chronological,3,O,KMeans,0.005,0.0007984542950575,PR_AUC,0.0080801469185792,509009,320,
d16063b2e0fb,rolling_origin,PaySim,chronological,3,O,KMeans,0.005,0.0007984542950575,ROC_AUC,0.8102224664775531,509009,320,
d16063b2e0fb,rolling_origin,PaySim,chronological,3,O,KMeans,0.005,0.0007984542950575,Precision,0.039039039039039,509009,320,
d16063b2e0fb,rolling_origin,PaySim,chronological,3,O,KMeans,0.005,0.0007984542950575,Recall,0.040625,509009,320,
d16063b2e0fb,rolling_origin,PaySim,chronological,3,O,KMeans,0.005,0.0007984542950575,F1,0.0398162327718223,509009,320,
d16063b2e0fb,rolling_origin,PaySim,chronological,3,O,KMeans,0.005,0.0007984542950575,TN,508369.0,509009,320,
d16063b2e0fb,rolling_origin,PaySim,chronological,3,O,KMeans,0.005,0.0007984542950575,FP,320.0,509009,320,
d16063b2e0fb,rolling_origin,PaySim,chronological,3,O,KMeans,0.005,0.0007984542950575,FN,307.0,509009,320,
d16063b2e0fb,rolling_origin,PaySim,chronological,3,O,KMeans,0.005,0.0007984542950575,TP,13.0,509009,320,
d16063b2e0fb,rolling_origin,PaySim,chronological,3,O,KMeans,0.005,0.0007984542950575,n_alerts,333.0,509009,320,
d16063b2e0fb,rolling_origin,PaySim,chronological,3,O,KMeans,0.005,0.0007984542950575,alert_rate,0.0006542124009595,509009,320,
d16063b2e0fb,rolling_origin,PaySim,chronological,3,O,KMeans,0.005,0.0007984542950575,prevalence,0.0006286725774986,509009,320,
d16063b2e0fb,rolling_origin,PaySim,chronological,3,O,KMeans,0.005,0.0007984542950575,lift,62.097569444444446,509009,320,
d16063b2e0fb,rolling_origin,PaySim,chronological,3,O,KMeans,0.005,0.0007984542950575,tie_ratio,0.1541131885683749,509009,320,
d16063b2e0fb,rolling_origin,PaySim,chronological,3,O,KMeans,0.005,0.0007984542950575,fit_seconds,96.89583945274352,509009,320,
d16063b2e0fb,rolling_origin,PaySim,chronological,3,O,KMeans,0.005,0.0007984542950575,score_seconds,0.4727888107299804,509009,320,
a2ffea957bda,rolling_origin,PaySim,chronological,3,O,Ensemble,0.005,0.0007984542950575,PR_AUC,0.0790200989930389,509009,320,
a2ffea957bda,rolling_origin,PaySim,chronological,3,O,Ensemble,0.005,0.0007984542950575,ROC_AUC,0.8071247117590512,509009,320,
a2ffea957bda,rolling_origin,PaySim,chronological,3,O,Ensemble,0.005,0.0007984542950575,Precision,0.1458333333333333,509009,320,
a2ffea957bda,rolling_origin,PaySim,chronological,3,O,Ensemble,0.005,0.0007984542950575,Recall,0.153125,509009,320,
a2ffea957bda,rolling_origin,PaySim,chronological,3,O,Ensemble,0.005,0.0007984542950575,F1,0.149390243902439,509009,320,
a2ffea957bda,rolling_origin,PaySim,chronological,3,O,Ensemble,0.005,0.0007984542950575,TN,508402.0,509009,320,
a2ffea957bda,rolling_origin,PaySim,chronological,3,O,Ensemble,0.005,0.0007984542950575,FP,287.0,509009,320,
a2ffea957bda,rolling_origin,PaySim,chronological,3,O,Ensemble,0.005,0.0007984542950575,FN,271.0,509009,320,
a2ffea957bda,rolling_origin,PaySim,chronological,3,O,Ensemble,0.005,0.0007984542950575,TP,49.0,509009,320,
a2ffea957bda,rolling_origin,PaySim,chronological,3,O,Ensemble,0.005,0.0007984542950575,n_alerts,336.0,509009,320,
a2ffea957bda,rolling_origin,PaySim,chronological,3,O,Ensemble,0.005,0.0007984542950575,alert_rate,0.0006601062063735,509009,320,
a2ffea957bda,rolling_origin,PaySim,chronological,3,O,Ensemble,0.005,0.0007984542950575,prevalence,0.0006286725774986,509009,320,
a2ffea957bda,rolling_origin,PaySim,chronological,3,O,Ensemble,0.005,0.0007984542950575,lift,231.97024739583333,509009,320,
a2ffea957bda,rolling_origin,PaySim,chronological,3,O,Ensemble,0.005,0.0007984542950575,tie_ratio,0.1103457895636422,509009,320,
a2ffea957bda,rolling_origin,PaySim,chronological,3,O,Ensemble,0.005,0.0007984542950575,fit_seconds,0.0,509009,320,
a2ffea957bda,rolling_origin,PaySim,chronological,3,O,Ensemble,0.005,0.0007984542950575,score_seconds,0.0,509009,320,
bd88a3e767ce,rolling_origin,PaySim,chronological,3,O,Ensemble,0.005,0.0007984542950575,single_point_invariant,1.0,509009,320,invariance
555431a70690,rolling_origin,PaySim,chronological,4,U,IsolationForest,0.005,0.005,PR_AUC,0.0430165277007947,509009,3712,
555431a70690,rolling_origin,PaySim,chronological,4,U,IsolationForest,0.005,0.005,ROC_AUC,0.8105128290289227,509009,3712,
555431a70690,rolling_origin,PaySim,chronological,4,U,IsolationForest,0.005,0.005,Precision,0.1008916001877053,509009,3712,
555431a70690,rolling_origin,PaySim,chronological,4,U,IsolationForest,0.005,0.005,Recall,0.0579202586206896,509009,3712,
555431a70690,rolling_origin,PaySim,chronological,4,U,IsolationForest,0.005,0.005,F1,0.0735923327058018,509009,3712,
555431a70690,rolling_origin,PaySim,chronological,4,U,IsolationForest,0.005,0.005,TN,503381.0,509009,3712,
555431a70690,rolling_origin,PaySim,chronological,4,U,IsolationForest,0.005,0.005,FP,1916.0,509009,3712,
555431a70690,rolling_origin,PaySim,chronological,4,U,IsolationForest,0.005,0.005,FN,3497.0,509009,3712,
555431a70690,rolling_origin,PaySim,chronological,4,U,IsolationForest,0.005,0.005,TP,215.0,509009,3712,
555431a70690,rolling_origin,PaySim,chronological,4,U,IsolationForest,0.005,0.005,n_alerts,2131.0,509009,3712,
555431a70690,rolling_origin,PaySim,chronological,4,U,IsolationForest,0.005,0.005,alert_rate,0.0041865664457799,509009,3712,
555431a70690,rolling_origin,PaySim,chronological,4,U,IsolationForest,0.005,0.005,prevalence,0.0072926018989841,509009,3712,
555431a70690,rolling_origin,PaySim,chronological,4,U,IsolationForest,0.005,0.005,lift,13.83478785558828,509009,3712,
555431a70690,rolling_origin,PaySim,chronological,4,U,IsolationForest,0.005,0.005,tie_ratio,0.5025981858866936,509009,3712,
555431a70690,rolling_origin,PaySim,chronological,4,U,IsolationForest,0.005,0.005,fit_seconds,10.58292531967163,509009,3712,
555431a70690,rolling_origin,PaySim,chronological,4,U,IsolationForest,0.005,0.005,score_seconds,12.860120058059692,509009,3712,
8c6136998759,rolling_origin,PaySim,chronological,4,U,LOF,0.005,0.005,PR_AUC,0.0061663544385608,509009,3712,
8c6136998759,rolling_origin,PaySim,chronological,4,U,LOF,0.005,0.005,ROC_AUC,0.4614806819528058,509009,3712,
8c6136998759,rolling_origin,PaySim,chronological,4,U,LOF,0.005,0.005,Precision,0.0020500859971139,509009,3712,
8c6136998759,rolling_origin,PaySim,chronological,4,U,LOF,0.005,0.005,Recall,0.1037176724137931,509009,3712,
8c6136998759,rolling_origin,PaySim,chronological,4,U,LOF,0.005,0.005,F1,0.0040206987661154,509009,3712,
8c6136998759,rolling_origin,PaySim,chronological,4,U,LOF,0.005,0.005,TN,317885.0,509009,3712,
8c6136998759,rolling_origin,PaySim,chronological,4,U,LOF,0.005,0.005,FP,187412.0,509009,3712,
8c6136998759,rolling_origin,PaySim,chronological,4,U,LOF,0.005,0.005,FN,3327.0,509009,3712,
8c6136998759,rolling_origin,PaySim,chronological,4,U,LOF,0.005,0.005,TP,385.0,509009,3712,
8c6136998759,rolling_origin,PaySim,chronological,4,U,LOF,0.005,0.005,n_alerts,187797.0,509009,3712,
8c6136998759,rolling_origin,PaySim,chronological,4,U,LOF,0.005,0.005,alert_rate,0.3689463251140942,509009,3712,
8c6136998759,rolling_origin,PaySim,chronological,4,U,LOF,0.005,0.005,prevalence,0.0072926018989841,509009,3712,
8c6136998759,rolling_origin,PaySim,chronological,4,U,LOF,0.005,0.005,lift,0.2811185946403426,509009,3712,
8c6136998759,rolling_origin,PaySim,chronological,4,U,LOF,0.005,0.005,tie_ratio,0.0308226377136749,509009,3712,
8c6136998759,rolling_origin,PaySim,chronological,4,U,LOF,0.005,0.005,fit_seconds,2.147778034210205,509009,3712,
8c6136998759,rolling_origin,PaySim,chronological,4,U,LOF,0.005,0.005,score_seconds,103.63202381134032,509009,3712,
00d69593585e,rolling_origin,PaySim,chronological,4,U,OneClassSVM,0.005,0.005,PR_AUC,0.1747442005976883,509009,3712,
00d69593585e,rolling_origin,PaySim,chronological,4,U,OneClassSVM,0.005,0.005,ROC_AUC,0.7679365025134928,509009,3712,
00d69593585e,rolling_origin,PaySim,chronological,4,U,OneClassSVM,0.005,0.005,Precision,0.0100860028023385,509009,3712,
00d69593585e,rolling_origin,PaySim,chronological,4,U,OneClassSVM,0.005,0.005,Recall,0.8997844827586207,509009,3712,
00d69593585e,rolling_origin,PaySim,chronological,4,U,OneClassSVM,0.005,0.005,F1,0.0199483969611543,509009,3712,
00d69593585e,rolling_origin,PaySim,chronological,4,U,OneClassSVM,0.005,0.005,TN,177485.0,509009,3712,
00d69593585e,rolling_origin,PaySim,chronological,4,U,OneClassSVM,0.005,0.005,FP,327812.0,509009,3712,
00d69593585e,rolling_origin,PaySim,chronological,4,U,OneClassSVM,0.005,0.005,FN,372.0,509009,3712,
00d69593585e,rolling_origin,PaySim,chronological,4,U,OneClassSVM,0.005,0.005,TP,3340.0,509009,3712,
00d69593585e,rolling_origin,PaySim,chronological,4,U,OneClassSVM,0.005,0.005,n_alerts,331152.0,509009,3712,
00d69593585e,rolling_origin,PaySim,chronological,4,U,OneClassSVM,0.005,0.005,alert_rate,0.6505818168244569,509009,3712,
00d69593585e,rolling_origin,PaySim,chronological,4,U,OneClassSVM,0.005,0.005,prevalence,0.0072926018989841,509009,3712,
00d69593585e,rolling_origin,PaySim,chronological,4,U,OneClassSVM,0.005,0.005,lift,1.383045851405043,509009,3712,
00d69593585e,rolling_origin,PaySim,chronological,4,U,OneClassSVM,0.005,0.005,tie_ratio,0.0001650265515933,509009,3712,
00d69593585e,rolling_origin,PaySim,chronological,4,U,OneClassSVM,0.005,0.005,fit_seconds,0.303875207901001,509009,3712,
00d69593585e,rolling_origin,PaySim,chronological,4,U,OneClassSVM,0.005,0.005,score_seconds,21.583422899246216,509009,3712,
98f3470e055a,rolling_origin,PaySim,chronological,4,U,DBSCAN,0.005,0.005,PR_AUC,0.0366298929539634,509009,3712,
98f3470e055a,rolling_origin,PaySim,chronological,4,U,DBSCAN,0.005,0.005,ROC_AUC,0.8040140264810459,509009,3712,
98f3470e055a,rolling_origin,PaySim,chronological,4,U,DBSCAN,0.005,0.005,Precision,0.1387257117035698,509009,3712,
98f3470e055a,rolling_origin,PaySim,chronological,4,U,DBSCAN,0.005,0.005,Recall,0.0827047413793103,509009,3712,
98f3470e055a,rolling_origin,PaySim,chronological,4,U,DBSCAN,0.005,0.005,F1,0.1036286919831223,509009,3712,
98f3470e055a,rolling_origin,PaySim,chronological,4,U,DBSCAN,0.005,0.005,TN,503391.0,509009,3712,
98f3470e055a,rolling_origin,PaySim,chronological,4,U,DBSCAN,0.005,0.005,FP,1906.0,509009,3712,
98f3470e055a,rolling_origin,PaySim,chronological,4,U,DBSCAN,0.005,0.005,FN,3405.0,509009,3712,
98f3470e055a,rolling_origin,PaySim,chronological,4,U,DBSCAN,0.005,0.005,TP,307.0,509009,3712,
98f3470e055a,rolling_origin,PaySim,chronological,4,U,DBSCAN,0.005,0.005,n_alerts,2213.0,509009,3712,
98f3470e055a,rolling_origin,PaySim,chronological,4,U,DBSCAN,0.005,0.005,alert_rate,0.0043476637937639,509009,3712,
98f3470e055a,rolling_origin,PaySim,chronological,4,U,DBSCAN,0.005,0.005,prevalence,0.0072926018989841,509009,3712,
98f3470e055a,rolling_origin,PaySim,chronological,4,U,DBSCAN,0.005,0.005,lift,19.02280058958038,509009,3712,
98f3470e055a,rolling_origin,PaySim,chronological,4,U,DBSCAN,0.005,0.005,tie_ratio,0.0885799661695568,509009,3712,
98f3470e055a,rolling_origin,PaySim,chronological,4,U,DBSCAN,0.005,0.005,fit_seconds,1.422257661819458,509009,3712,
98f3470e055a,rolling_origin,PaySim,chronological,4,U,DBSCAN,0.005,0.005,score_seconds,0.0934772491455078,509009,3712,
b6f36689c595,rolling_origin,PaySim,chronological,4,U,KMeans,0.005,0.005,PR_AUC,0.0476558886446774,509009,3712,
b6f36689c595,rolling_origin,PaySim,chronological,4,U,KMeans,0.005,0.005,ROC_AUC,0.7265531896894644,509009,3712,
b6f36689c595,rolling_origin,PaySim,chronological,4,U,KMeans,0.005,0.005,Precision,0.1454146876141761,509009,3712,
b6f36689c595,rolling_origin,PaySim,chronological,4,U,KMeans,0.005,0.005,Recall,0.1072198275862068,509009,3712,
b6f36689c595,rolling_origin,PaySim,chronological,4,U,KMeans,0.005,0.005,F1,0.1234299891456039,509009,3712,
b6f36689c595,rolling_origin,PaySim,chronological,4,U,KMeans,0.005,0.005,TN,502958.0,509009,3712,
b6f36689c595,rolling_origin,PaySim,chronological,4,U,KMeans,0.005,0.005,FP,2339.0,509009,3712,
b6f36689c595,rolling_origin,PaySim,chronological,4,U,KMeans,0.005,0.005,FN,3314.0,509009,3712,
b6f36689c595,rolling_origin,PaySim,chronological,4,U,KMeans,0.005,0.005,TP,398.0,509009,3712,
b6f36689c595,rolling_origin,PaySim,chronological,4,U,KMeans,0.005,0.005,n_alerts,2737.0,509009,3712,
b6f36689c595,rolling_origin,PaySim,chronological,4,U,KMeans,0.005,0.005,alert_rate,0.0053771151394179,509009,3712,
b6f36689c595,rolling_origin,PaySim,chronological,4,U,KMeans,0.005,0.005,prevalence,0.0072926018989841,509009,3712,
b6f36689c595,rolling_origin,PaySim,chronological,4,U,KMeans,0.005,0.005,lift,19.940028213309315,509009,3712,
b6f36689c595,rolling_origin,PaySim,chronological,4,U,KMeans,0.005,0.005,tie_ratio,0.1296990819415766,509009,3712,
b6f36689c595,rolling_origin,PaySim,chronological,4,U,KMeans,0.005,0.005,fit_seconds,135.40789580345154,509009,3712,
b6f36689c595,rolling_origin,PaySim,chronological,4,U,KMeans,0.005,0.005,score_seconds,0.4434740543365478,509009,3712,
4c0a92872923,rolling_origin,PaySim,chronological,4,U,Ensemble,0.005,0.005,PR_AUC,0.2808805352257998,509009,3712,
4c0a92872923,rolling_origin,PaySim,chronological,4,U,Ensemble,0.005,0.005,ROC_AUC,0.8636765004857505,509009,3712,
4c0a92872923,rolling_origin,PaySim,chronological,4,U,Ensemble,0.005,0.005,Precision,0.0418286137331112,509009,3712,
4c0a92872923,rolling_origin,PaySim,chronological,4,U,Ensemble,0.005,0.005,Recall,0.6088362068965517,509009,3712,
4c0a92872923,rolling_origin,PaySim,chronological,4,U,Ensemble,0.005,0.005,F1,0.0782792421460981,509009,3712,
4c0a92872923,rolling_origin,PaySim,chronological,4,U,Ensemble,0.005,0.005,TN,453527.0,509009,3712,
4c0a92872923,rolling_origin,PaySim,chronological,4,U,Ensemble,0.005,0.005,FP,51770.0,509009,3712,
4c0a92872923,rolling_origin,PaySim,chronological,4,U,Ensemble,0.005,0.005,FN,1452.0,509009,3712,
4c0a92872923,rolling_origin,PaySim,chronological,4,U,Ensemble,0.005,0.005,TP,2260.0,509009,3712,
4c0a92872923,rolling_origin,PaySim,chronological,4,U,Ensemble,0.005,0.005,n_alerts,54030.0,509009,3712,
4c0a92872923,rolling_origin,PaySim,chronological,4,U,Ensemble,0.005,0.005,alert_rate,0.1061474355070342,509009,3712,
4c0a92872923,rolling_origin,PaySim,chronological,4,U,Ensemble,0.005,0.005,prevalence,0.0072926018989841,509009,3712,
4c0a92872923,rolling_origin,PaySim,chronological,4,U,Ensemble,0.005,0.005,lift,5.735759926637181,509009,3712,
4c0a92872923,rolling_origin,PaySim,chronological,4,U,Ensemble,0.005,0.005,tie_ratio,0.120251311862855,509009,3712,
4c0a92872923,rolling_origin,PaySim,chronological,4,U,Ensemble,0.005,0.005,fit_seconds,0.0,509009,3712,
4c0a92872923,rolling_origin,PaySim,chronological,4,U,Ensemble,0.005,0.005,score_seconds,0.0,509009,3712,
c6900f59f5ec,rolling_origin,PaySim,chronological,4,U,Ensemble,0.005,0.005,single_point_invariant,1.0,509009,3712,invariance
7f3130265b71,rolling_origin,PaySim,chronological,4,N,IsolationForest,0.005,0.005,PR_AUC,0.0388641592863273,509009,3712,
7f3130265b71,rolling_origin,PaySim,chronological,4,N,IsolationForest,0.005,0.005,ROC_AUC,0.8023741440080341,509009,3712,
7f3130265b71,rolling_origin,PaySim,chronological,4,N,IsolationForest,0.005,0.005,Precision,0.0701585776069197,509009,3712,
7f3130265b71,rolling_origin,PaySim,chronological,4,N,IsolationForest,0.005,0.005,Recall,0.0393318965517241,509009,3712,
7f3130265b71,rolling_origin,PaySim,chronological,4,N,IsolationForest,0.005,0.005,F1,0.0504056620058691,509009,3712,
7f3130265b71,rolling_origin,PaySim,chronological,4,N,IsolationForest,0.005,0.005,TN,503362.0,509009,3712,
7f3130265b71,rolling_origin,PaySim,chronological,4,N,IsolationForest,0.005,0.005,FP,1935.0,509009,3712,
7f3130265b71,rolling_origin,PaySim,chronological,4,N,IsolationForest,0.005,0.005,FN,3566.0,509009,3712,
7f3130265b71,rolling_origin,PaySim,chronological,4,N,IsolationForest,0.005,0.005,TP,146.0,509009,3712,
7f3130265b71,rolling_origin,PaySim,chronological,4,N,IsolationForest,0.005,0.005,n_alerts,2081.0,509009,3712,
7f3130265b71,rolling_origin,PaySim,chronological,4,N,IsolationForest,0.005,0.005,alert_rate,0.0040883363555457,509009,3712,
7f3130265b71,rolling_origin,PaySim,chronological,4,N,IsolationForest,0.005,0.005,prevalence,0.0072926018989841,509009,3712,
7f3130265b71,rolling_origin,PaySim,chronological,4,N,IsolationForest,0.005,0.005,lift,9.620513854827752,509009,3712,
7f3130265b71,rolling_origin,PaySim,chronological,4,N,IsolationForest,0.005,0.005,tie_ratio,0.528090858904263,509009,3712,
7f3130265b71,rolling_origin,PaySim,chronological,4,N,IsolationForest,0.005,0.005,fit_seconds,14.860289335250854,509009,3712,
7f3130265b71,rolling_origin,PaySim,chronological,4,N,IsolationForest,0.005,0.005,score_seconds,13.079397201538086,509009,3712,
fa82e8ab6a75,rolling_origin,PaySim,chronological,4,N,LOF,0.005,0.005,PR_AUC,0.0062815075476589,509009,3712,
fa82e8ab6a75,rolling_origin,PaySim,chronological,4,N,LOF,0.005,0.005,ROC_AUC,0.4748906365596492,509009,3712,
fa82e8ab6a75,rolling_origin,PaySim,chronological,4,N,LOF,0.005,0.005,Precision,0.003577243559046,509009,3712,
fa82e8ab6a75,rolling_origin,PaySim,chronological,4,N,LOF,0.005,0.005,Recall,0.201239224137931,509009,3712,
fa82e8ab6a75,rolling_origin,PaySim,chronological,4,N,LOF,0.005,0.005,F1,0.007029529670826,509009,3712,
fa82e8ab6a75,rolling_origin,PaySim,chronological,4,N,LOF,0.005,0.005,TN,297224.0,509009,3712,
fa82e8ab6a75,rolling_origin,PaySim,chronological,4,N,LOF,0.005,0.005,FP,208073.0,509009,3712,
fa82e8ab6a75,rolling_origin,PaySim,chronological,4,N,LOF,0.005,0.005,FN,2965.0,509009,3712,
fa82e8ab6a75,rolling_origin,PaySim,chronological,4,N,LOF,0.005,0.005,TP,747.0,509009,3712,
fa82e8ab6a75,rolling_origin,PaySim,chronological,4,N,LOF,0.005,0.005,n_alerts,208820.0,509009,3712,
fa82e8ab6a75,rolling_origin,PaySim,chronological,4,N,LOF,0.005,0.005,alert_rate,0.4102481488539495,509009,3712,
fa82e8ab6a75,rolling_origin,PaySim,chronological,4,N,LOF,0.005,0.005,prevalence,0.0072926018989841,509009,3712,
fa82e8ab6a75,rolling_origin,PaySim,chronological,4,N,LOF,0.005,0.005,lift,0.4905304867312716,509009,3712,
fa82e8ab6a75,rolling_origin,PaySim,chronological,4,N,LOF,0.005,0.005,tie_ratio,0.0329129740338579,509009,3712,
fa82e8ab6a75,rolling_origin,PaySim,chronological,4,N,LOF,0.005,0.005,fit_seconds,2.383392333984375,509009,3712,
fa82e8ab6a75,rolling_origin,PaySim,chronological,4,N,LOF,0.005,0.005,score_seconds,106.10297751426695,509009,3712,
0133a7f59fca,rolling_origin,PaySim,chronological,4,N,OneClassSVM,0.005,0.005,PR_AUC,0.2310091562072515,509009,3712,
0133a7f59fca,rolling_origin,PaySim,chronological,4,N,OneClassSVM,0.005,0.005,ROC_AUC,0.767627421316248,509009,3712,
0133a7f59fca,rolling_origin,PaySim,chronological,4,N,OneClassSVM,0.005,0.005,Precision,0.0100999018476949,509009,3712,
0133a7f59fca,rolling_origin,PaySim,chronological,4,N,OneClassSVM,0.005,0.005,Recall,0.9175646551724138,509009,3712,
0133a7f59fca,rolling_origin,PaySim,chronological,4,N,OneClassSVM,0.005,0.005,F1,0.0199798793346688,509009,3712,
0133a7f59fca,rolling_origin,PaySim,chronological,4,N,OneClassSVM,0.005,0.005,TN,171472.0,509009,3712,
0133a7f59fca,rolling_origin,PaySim,chronological,4,N,OneClassSVM,0.005,0.005,FP,333825.0,509009,3712,
0133a7f59fca,rolling_origin,PaySim,chronological,4,N,OneClassSVM,0.005,0.005,FN,306.0,509009,3712,
0133a7f59fca,rolling_origin,PaySim,chronological,4,N,OneClassSVM,0.005,0.005,TP,3406.0,509009,3712,
0133a7f59fca,rolling_origin,PaySim,chronological,4,N,OneClassSVM,0.005,0.005,n_alerts,337231.0,509009,3712,
0133a7f59fca,rolling_origin,PaySim,chronological,4,N,OneClassSVM,0.005,0.005,alert_rate,0.6625246311951262,509009,3712,
0133a7f59fca,rolling_origin,PaySim,chronological,4,N,OneClassSVM,0.005,0.005,prevalence,0.0072926018989841,509009,3712,
0133a7f59fca,rolling_origin,PaySim,chronological,4,N,OneClassSVM,0.005,0.005,lift,1.3849517617438942,509009,3712,
0133a7f59fca,rolling_origin,PaySim,chronological,4,N,OneClassSVM,0.005,0.005,tie_ratio,0.000123769913695,509009,3712,
0133a7f59fca,rolling_origin,PaySim,chronological,4,N,OneClassSVM,0.005,0.005,fit_seconds,0.2942276000976562,509009,3712,
0133a7f59fca,rolling_origin,PaySim,chronological,4,N,OneClassSVM,0.005,0.005,score_seconds,20.689698696136475,509009,3712,
02989221e7ac,rolling_origin,PaySim,chronological,4,N,DBSCAN,0.005,0.005,PR_AUC,0.2373199779417078,509009,3712,
02989221e7ac,rolling_origin,PaySim,chronological,4,N,DBSCAN,0.005,0.005,ROC_AUC,0.769907772702541,509009,3712,
02989221e7ac,rolling_origin,PaySim,chronological,4,N,DBSCAN,0.005,0.005,Precision,0.0116759698297421,509009,3712,
02989221e7ac,rolling_origin,PaySim,chronological,4,N,DBSCAN,0.005,0.005,Recall,0.7860991379310345,509009,3712,
02989221e7ac,rolling_origin,PaySim,chronological,4,N,DBSCAN,0.005,0.005,F1,0.0230101684757537,509009,3712,
02989221e7ac,rolling_origin,PaySim,chronological,4,N,DBSCAN,0.005,0.005,TN,258300.0,509009,3712,
02989221e7ac,rolling_origin,PaySim,chronological,4,N,DBSCAN,0.005,0.005,FP,246997.0,509009,3712,
02989221e7ac,rolling_origin,PaySim,chronological,4,N,DBSCAN,0.005,0.005,FN,794.0,509009,3712,
02989221e7ac,rolling_origin,PaySim,chronological,4,N,DBSCAN,0.005,0.005,TP,2918.0,509009,3712,
02989221e7ac,rolling_origin,PaySim,chronological,4,N,DBSCAN,0.005,0.005,n_alerts,249915.0,509009,3712,
02989221e7ac,rolling_origin,PaySim,chronological,4,N,DBSCAN,0.005,0.005,alert_rate,0.4909834600174064,509009,3712,
02989221e7ac,rolling_origin,PaySim,chronological,4,N,DBSCAN,0.005,0.005,prevalence,0.0072926018989841,509009,3712,
02989221e7ac,rolling_origin,PaySim,chronological,4,N,DBSCAN,0.005,0.005,lift,1.6010705083693977,509009,3712,
02989221e7ac,rolling_origin,PaySim,chronological,4,N,DBSCAN,0.005,0.005,tie_ratio,7.269026677325652e-05,509009,3712,
02989221e7ac,rolling_origin,PaySim,chronological,4,N,DBSCAN,0.005,0.005,fit_seconds,1.1564884185791016,509009,3712,
02989221e7ac,rolling_origin,PaySim,chronological,4,N,DBSCAN,0.005,0.005,score_seconds,36.013388872146606,509009,3712,
d768338981eb,rolling_origin,PaySim,chronological,4,N,KMeans,0.005,0.005,PR_AUC,0.0714511071018293,509009,3712,
d768338981eb,rolling_origin,PaySim,chronological,4,N,KMeans,0.005,0.005,ROC_AUC,0.7593066470300703,509009,3712,
d768338981eb,rolling_origin,PaySim,chronological,4,N,KMeans,0.005,0.005,Precision,0.1933488012374323,509009,3712,
d768338981eb,rolling_origin,PaySim,chronological,4,N,KMeans,0.005,0.005,Recall,0.1346982758620689,509009,3712,
d768338981eb,rolling_origin,PaySim,chronological,4,N,KMeans,0.005,0.005,F1,0.1587805652588123,509009,3712,
d768338981eb,rolling_origin,PaySim,chronological,4,N,KMeans,0.005,0.005,TN,503211.0,509009,3712,
d768338981eb,rolling_origin,PaySim,chronological,4,N,KMeans,0.005,0.005,FP,2086.0,509009,3712,
d768338981eb,rolling_origin,PaySim,chronological,4,N,KMeans,0.005,0.005,FN,3212.0,509009,3712,
d768338981eb,rolling_origin,PaySim,chronological,4,N,KMeans,0.005,0.005,TP,500.0,509009,3712,
d768338981eb,rolling_origin,PaySim,chronological,4,N,KMeans,0.005,0.005,n_alerts,2586.0,509009,3712,
d768338981eb,rolling_origin,PaySim,chronological,4,N,KMeans,0.005,0.005,alert_rate,0.0050804602669108,509009,3712,
d768338981eb,rolling_origin,PaySim,chronological,4,N,KMeans,0.005,0.005,prevalence,0.0072926018989841,509009,3712,
d768338981eb,rolling_origin,PaySim,chronological,4,N,KMeans,0.005,0.005,lift,26.513006457183245,509009,3712,
d768338981eb,rolling_origin,PaySim,chronological,4,N,KMeans,0.005,0.005,tie_ratio,0.1455062680620578,509009,3712,
d768338981eb,rolling_origin,PaySim,chronological,4,N,KMeans,0.005,0.005,fit_seconds,117.19304537773132,509009,3712,
d768338981eb,rolling_origin,PaySim,chronological,4,N,KMeans,0.005,0.005,score_seconds,0.4746451377868652,509009,3712,
f810f1d1f69f,rolling_origin,PaySim,chronological,4,N,Ensemble,0.005,0.005,PR_AUC,0.3438578069986657,509009,3712,
f810f1d1f69f,rolling_origin,PaySim,chronological,4,N,Ensemble,0.005,0.005,ROC_AUC,0.8655717354058006,509009,3712,
f810f1d1f69f,rolling_origin,PaySim,chronological,4,N,Ensemble,0.005,0.005,Precision,0.0218827724671121,509009,3712,
f810f1d1f69f,rolling_origin,PaySim,chronological,4,N,Ensemble,0.005,0.005,Recall,0.7869073275862069,509009,3712,
f810f1d1f69f,rolling_origin,PaySim,chronological,4,N,Ensemble,0.005,0.005,F1,0.0425814163678241,509009,3712,
f810f1d1f69f,rolling_origin,PaySim,chronological,4,N,Ensemble,0.005,0.005,TN,374734.0,509009,3712,
f810f1d1f69f,rolling_origin,PaySim,chronological,4,N,Ensemble,0.005,0.005,FP,130563.0,509009,3712,
f810f1d1f69f,rolling_origin,PaySim,chronological,4,N,Ensemble,0.005,0.005,FN,791.0,509009,3712,
f810f1d1f69f,rolling_origin,PaySim,chronological,4,N,Ensemble,0.005,0.005,TP,2921.0,509009,3712,
f810f1d1f69f,rolling_origin,PaySim,chronological,4,N,Ensemble,0.005,0.005,n_alerts,133484.0,509009,3712,
f810f1d1f69f,rolling_origin,PaySim,chronological,4,N,Ensemble,0.005,0.005,alert_rate,0.2622429072963346,509009,3712,
f810f1d1f69f,rolling_origin,PaySim,chronological,4,N,Ensemble,0.005,0.005,prevalence,0.0072926018989841,509009,3712,
f810f1d1f69f,rolling_origin,PaySim,chronological,4,N,Ensemble,0.005,0.005,lift,3.0006810696962,509009,3712,
f810f1d1f69f,rolling_origin,PaySim,chronological,4,N,Ensemble,0.005,0.005,tie_ratio,0.1081513293478111,509009,3712,
f810f1d1f69f,rolling_origin,PaySim,chronological,4,N,Ensemble,0.005,0.005,fit_seconds,0.0,509009,3712,
f810f1d1f69f,rolling_origin,PaySim,chronological,4,N,Ensemble,0.005,0.005,score_seconds,0.0,509009,3712,
68e9ffcc9915,rolling_origin,PaySim,chronological,4,N,Ensemble,0.005,0.005,single_point_invariant,1.0,509009,3712,invariance
96013e629f23,rolling_origin,PaySim,chronological,4,O,IsolationForest,0.005,0.0007822846303616,PR_AUC,0.0430165277007947,509009,3712,
96013e629f23,rolling_origin,PaySim,chronological,4,O,IsolationForest,0.005,0.0007822846303616,ROC_AUC,0.8105128290289227,509009,3712,
96013e629f23,rolling_origin,PaySim,chronological,4,O,IsolationForest,0.005,0.0007822846303616,Precision,0.1081871345029239,509009,3712,
96013e629f23,rolling_origin,PaySim,chronological,4,O,IsolationForest,0.005,0.0007822846303616,Recall,0.0099676724137931,509009,3712,
96013e629f23,rolling_origin,PaySim,chronological,4,O,IsolationForest,0.005,0.0007822846303616,F1,0.0182535767143561,509009,3712,
96013e629f23,rolling_origin,PaySim,chronological,4,O,IsolationForest,0.005,0.0007822846303616,TN,504992.0,509009,3712,
96013e629f23,rolling_origin,PaySim,chronological,4,O,IsolationForest,0.005,0.0007822846303616,FP,305.0,509009,3712,
96013e629f23,rolling_origin,PaySim,chronological,4,O,IsolationForest,0.005,0.0007822846303616,FN,3675.0,509009,3712,
96013e629f23,rolling_origin,PaySim,chronological,4,O,IsolationForest,0.005,0.0007822846303616,TP,37.0,509009,3712,
96013e629f23,rolling_origin,PaySim,chronological,4,O,IsolationForest,0.005,0.0007822846303616,n_alerts,342.0,509009,3712,
96013e629f23,rolling_origin,PaySim,chronological,4,O,IsolationForest,0.005,0.0007822846303616,alert_rate,0.0006718938172016,509009,3712,
96013e629f23,rolling_origin,PaySim,chronological,4,O,IsolationForest,0.005,0.0007822846303616,prevalence,0.0072926018989841,509009,3712,
96013e629f23,rolling_origin,PaySim,chronological,4,O,IsolationForest,0.005,0.0007822846303616,lift,14.835189963954424,509009,3712,
96013e629f23,rolling_origin,PaySim,chronological,4,O,IsolationForest,0.005,0.0007822846303616,tie_ratio,0.5025981858866936,509009,3712,
96013e629f23,rolling_origin,PaySim,chronological,4,O,IsolationForest,0.005,0.0007822846303616,fit_seconds,11.54162621498108,509009,3712,
96013e629f23,rolling_origin,PaySim,chronological,4,O,IsolationForest,0.005,0.0007822846303616,score_seconds,12.997408390045166,509009,3712,
479300bc2bbd,rolling_origin,PaySim,chronological,4,O,LOF,0.005,0.0007822846303616,PR_AUC,0.0061663544385608,509009,3712,
479300bc2bbd,rolling_origin,PaySim,chronological,4,O,LOF,0.005,0.0007822846303616,ROC_AUC,0.4614806819528058,509009,3712,
479300bc2bbd,rolling_origin,PaySim,chronological,4,O,LOF,0.005,0.0007822846303616,Precision,0.0020284304816305,509009,3712,
479300bc2bbd,rolling_origin,PaySim,chronological,4,O,LOF,0.005,0.0007822846303616,Recall,0.1010237068965517,509009,3712,
479300bc2bbd,rolling_origin,PaySim,chronological,4,O,LOF,0.005,0.0007822846303616,F1,0.0039770075934331,509009,3712,
479300bc2bbd,rolling_origin,PaySim,chronological,4,O,LOF,0.005,0.0007822846303616,TN,320800.0,509009,3712,
479300bc2bbd,rolling_origin,PaySim,chronological,4,O,LOF,0.005,0.0007822846303616,FP,184497.0,509009,3712,
479300bc2bbd,rolling_origin,PaySim,chronological,4,O,LOF,0.005,0.0007822846303616,FN,3337.0,509009,3712,
479300bc2bbd,rolling_origin,PaySim,chronological,4,O,LOF,0.005,0.0007822846303616,TP,375.0,509009,3712,
479300bc2bbd,rolling_origin,PaySim,chronological,4,O,LOF,0.005,0.0007822846303616,n_alerts,184872.0,509009,3712,
479300bc2bbd,rolling_origin,PaySim,chronological,4,O,LOF,0.005,0.0007822846303616,alert_rate,0.3631998648353958,509009,3712,
479300bc2bbd,rolling_origin,PaySim,chronological,4,O,LOF,0.005,0.0007822846303616,prevalence,0.0072926018989841,509009,3712,
479300bc2bbd,rolling_origin,PaySim,chronological,4,O,LOF,0.005,0.0007822846303616,lift,0.278149076245764,509009,3712,
479300bc2bbd,rolling_origin,PaySim,chronological,4,O,LOF,0.005,0.0007822846303616,tie_ratio,0.0308226377136749,509009,3712,
479300bc2bbd,rolling_origin,PaySim,chronological,4,O,LOF,0.005,0.0007822846303616,fit_seconds,1.98180627822876,509009,3712,
479300bc2bbd,rolling_origin,PaySim,chronological,4,O,LOF,0.005,0.0007822846303616,score_seconds,110.38079237937929,509009,3712,
16a64f0b7a97,rolling_origin,PaySim,chronological,4,O,OneClassSVM,0.005,0.0007822846303616,PR_AUC,0.1551916485069535,509009,3712,
16a64f0b7a97,rolling_origin,PaySim,chronological,4,O,OneClassSVM,0.005,0.0007822846303616,ROC_AUC,0.759464071942957,509009,3712,
16a64f0b7a97,rolling_origin,PaySim,chronological,4,O,OneClassSVM,0.005,0.0007822846303616,Precision,0.44189852700491,509009,3712,
16a64f0b7a97,rolling_origin,PaySim,chronological,4,O,OneClassSVM,0.005,0.0007822846303616,Recall,0.0727370689655172,509009,3712,
16a64f0b7a97,rolling_origin,PaySim,chronological,4,O,OneClassSVM,0.005,0.0007822846303616,F1,0.124913254684247,509009,3712,
16a64f0b7a97,rolling_origin,PaySim,chronological,4,O,OneClassSVM,0.005,0.0007822846303616,TN,504956.0,509009,3712,
16a64f0b7a97,rolling_origin,PaySim,chronological,4,O,OneClassSVM,0.005,0.0007822846303616,FP,341.0,509009,3712,
16a64f0b7a97,rolling_origin,PaySim,chronological,4,O,OneClassSVM,0.005,0.0007822846303616,FN,3442.0,509009,3712,
16a64f0b7a97,rolling_origin,PaySim,chronological,4,O,OneClassSVM,0.005,0.0007822846303616,TP,270.0,509009,3712,
16a64f0b7a97,rolling_origin,PaySim,chronological,4,O,OneClassSVM,0.005,0.0007822846303616,n_alerts,611.0,509009,3712,
16a64f0b7a97,rolling_origin,PaySim,chronological,4,O,OneClassSVM,0.005,0.0007822846303616,alert_rate,0.0012003717026614,509009,3712,
16a64f0b7a97,rolling_origin,PaySim,chronological,4,O,OneClassSVM,0.005,0.0007822846303616,prevalence,0.0072926018989841,509009,3712,
16a64f0b7a97,rolling_origin,PaySim,chronological,4,O,OneClassSVM,0.005,0.0007822846303616,lift,60.59545456148767,509009,3712,
16a64f0b7a97,rolling_origin,PaySim,chronological,4,O,OneClassSVM,0.005,0.0007822846303616,tie_ratio,0.0001552035425699,509009,3712,
16a64f0b7a97,rolling_origin,PaySim,chronological,4,O,OneClassSVM,0.005,0.0007822846303616,fit_seconds,0.1981306076049804,509009,3712,
16a64f0b7a97,rolling_origin,PaySim,chronological,4,O,OneClassSVM,0.005,0.0007822846303616,score_seconds,19.73109030723572,509009,3712,
a9e46e2cc7b3,rolling_origin,PaySim,chronological,4,O,DBSCAN,0.005,0.0007822846303616,PR_AUC,0.0366298929539634,509009,3712,
a9e46e2cc7b3,rolling_origin,PaySim,chronological,4,O,DBSCAN,0.005,0.0007822846303616,ROC_AUC,0.8040140264810459,509009,3712,
a9e46e2cc7b3,rolling_origin,PaySim,chronological,4,O,DBSCAN,0.005,0.0007822846303616,Precision,0.2150776053215077,509009,3712,
a9e46e2cc7b3,rolling_origin,PaySim,chronological,4,O,DBSCAN,0.005,0.0007822846303616,Recall,0.0261314655172413,509009,3712,
a9e46e2cc7b3,rolling_origin,PaySim,chronological,4,O,DBSCAN,0.005,0.0007822846303616,F1,0.0466010088878212,509009,3712,
a9e46e2cc7b3,rolling_origin,PaySim,chronological,4,O,DBSCAN,0.005,0.0007822846303616,TN,504943.0,509009,3712,
a9e46e2cc7b3,rolling_origin,PaySim,chronological,4,O,DBSCAN,0.005,0.0007822846303616,FP,354.0,509009,3712,
a9e46e2cc7b3,rolling_origin,PaySim,chronological,4,O,DBSCAN,0.005,0.0007822846303616,FN,3615.0,509009,3712,
a9e46e2cc7b3,rolling_origin,PaySim,chronological,4,O,DBSCAN,0.005,0.0007822846303616,TP,97.0,509009,3712,
a9e46e2cc7b3,rolling_origin,PaySim,chronological,4,O,DBSCAN,0.005,0.0007822846303616,n_alerts,451.0,509009,3712,
a9e46e2cc7b3,rolling_origin,PaySim,chronological,4,O,DBSCAN,0.005,0.0007822846303616,alert_rate,0.0008860354139121,509009,3712,
a9e46e2cc7b3,rolling_origin,PaySim,chronological,4,O,DBSCAN,0.005,0.0007822846303616,prevalence,0.0072926018989841,509009,3712,
a9e46e2cc7b3,rolling_origin,PaySim,chronological,4,O,DBSCAN,0.005,0.0007822846303616,lift,29.49257457087698,509009,3712,
a9e46e2cc7b3,rolling_origin,PaySim,chronological,4,O,DBSCAN,0.005,0.0007822846303616,tie_ratio,0.0885799661695568,509009,3712,
a9e46e2cc7b3,rolling_origin,PaySim,chronological,4,O,DBSCAN,0.005,0.0007822846303616,fit_seconds,1.1171464920043943,509009,3712,
a9e46e2cc7b3,rolling_origin,PaySim,chronological,4,O,DBSCAN,0.005,0.0007822846303616,score_seconds,0.0580523014068603,509009,3712,
0576464c71de,rolling_origin,PaySim,chronological,4,O,KMeans,0.005,0.0007822846303616,PR_AUC,0.0476558869883169,509009,3712,
0576464c71de,rolling_origin,PaySim,chronological,4,O,KMeans,0.005,0.0007822846303616,ROC_AUC,0.7265531875568844,509009,3712,
0576464c71de,rolling_origin,PaySim,chronological,4,O,KMeans,0.005,0.0007822846303616,Precision,0.2299107142857142,509009,3712,
0576464c71de,rolling_origin,PaySim,chronological,4,O,KMeans,0.005,0.0007822846303616,Recall,0.0277478448275862,509009,3712,
0576464c71de,rolling_origin,PaySim,chronological,4,O,KMeans,0.005,0.0007822846303616,F1,0.0495192307692307,509009,3712,
0576464c71de,rolling_origin,PaySim,chronological,4,O,KMeans,0.005,0.0007822846303616,TN,504952.0,509009,3712,
0576464c71de,rolling_origin,PaySim,chronological,4,O,KMeans,0.005,0.0007822846303616,FP,345.0,509009,3712,
0576464c71de,rolling_origin,PaySim,chronological,4,O,KMeans,0.005,0.0007822846303616,FN,3609.0,509009,3712,
0576464c71de,rolling_origin,PaySim,chronological,4,O,KMeans,0.005,0.0007822846303616,TP,103.0,509009,3712,
0576464c71de,rolling_origin,PaySim,chronological,4,O,KMeans,0.005,0.0007822846303616,n_alerts,448.0,509009,3712,
0576464c71de,rolling_origin,PaySim,chronological,4,O,KMeans,0.005,0.0007822846303616,alert_rate,0.000880141608498,509009,3712,
0576464c71de,rolling_origin,PaySim,chronological,4,O,KMeans,0.005,0.0007822846303616,prevalence,0.0072926018989841,509009,3712,
0576464c71de,rolling_origin,PaySim,chronological,4,O,KMeans,0.005,0.0007822846303616,lift,31.526568633582205,509009,3712,
0576464c71de,rolling_origin,PaySim,chronological,4,O,KMeans,0.005,0.0007822846303616,tie_ratio,0.1294220730871162,509009,3712,
0576464c71de,rolling_origin,PaySim,chronological,4,O,KMeans,0.005,0.0007822846303616,fit_seconds,101.5626790523529,509009,3712,
0576464c71de,rolling_origin,PaySim,chronological,4,O,KMeans,0.005,0.0007822846303616,score_seconds,0.4581384658813476,509009,3712,
ec9d66936724,rolling_origin,PaySim,chronological,4,O,Ensemble,0.005,0.0007822846303616,PR_AUC,0.2808908088343967,509009,3712,
ec9d66936724,rolling_origin,PaySim,chronological,4,O,Ensemble,0.005,0.0007822846303616,ROC_AUC,0.8637856688483584,509009,3712,
ec9d66936724,rolling_origin,PaySim,chronological,4,O,Ensemble,0.005,0.0007822846303616,Precision,0.6876971608832808,509009,3712,
ec9d66936724,rolling_origin,PaySim,chronological,4,O,Ensemble,0.005,0.0007822846303616,Recall,0.2349137931034483,509009,3712,
ec9d66936724,rolling_origin,PaySim,chronological,4,O,Ensemble,0.005,0.0007822846303616,F1,0.3502008032128514,509009,3712,
ec9d66936724,rolling_origin,PaySim,chronological,4,O,Ensemble,0.005,0.0007822846303616,TN,504901.0,509009,3712,
ec9d66936724,rolling_origin,PaySim,chronological,4,O,Ensemble,0.005,0.0007822846303616,FP,396.0,509009,3712,
ec9d66936724,rolling_origin,PaySim,chronological,4,O,Ensemble,0.005,0.0007822846303616,FN,2840.0,509009,3712,
ec9d66936724,rolling_origin,PaySim,chronological,4,O,Ensemble,0.005,0.0007822846303616,TP,872.0,509009,3712,
ec9d66936724,rolling_origin,PaySim,chronological,4,O,Ensemble,0.005,0.0007822846303616,n_alerts,1268.0,509009,3712,
ec9d66936724,rolling_origin,PaySim,chronological,4,O,Ensemble,0.005,0.0007822846303616,alert_rate,0.0024911150883383,509009,3712,
ec9d66936724,rolling_origin,PaySim,chronological,4,O,Ensemble,0.005,0.0007822846303616,prevalence,0.0072926018989841,509009,3712,
ec9d66936724,rolling_origin,PaySim,chronological,4,O,Ensemble,0.005,0.0007822846303616,lift,94.30065844936364,509009,3712,
ec9d66936724,rolling_origin,PaySim,chronological,4,O,Ensemble,0.005,0.0007822846303616,tie_ratio,0.1201412941617928,509009,3712,
ec9d66936724,rolling_origin,PaySim,chronological,4,O,Ensemble,0.005,0.0007822846303616,fit_seconds,0.0,509009,3712,
ec9d66936724,rolling_origin,PaySim,chronological,4,O,Ensemble,0.005,0.0007822846303616,score_seconds,0.0,509009,3712,
dc429cbdfcf3,rolling_origin,PaySim,chronological,4,O,Ensemble,0.005,0.0007822846303616,single_point_invariant,1.0,509009,3712,invariance
263db2c9d3e4,split_comparison,ULB,chronological,0,U,IsolationForest,0.005,0.005,PR_AUC,0.054562789355073,56962,75,
263db2c9d3e4,split_comparison,ULB,chronological,0,U,IsolationForest,0.005,0.005,ROC_AUC,0.9484357879070204,56962,75,
263db2c9d3e4,split_comparison,ULB,chronological,0,U,IsolationForest,0.005,0.005,Precision,0.0654761904761904,56962,75,
263db2c9d3e4,split_comparison,ULB,chronological,0,U,IsolationForest,0.005,0.005,Recall,0.1466666666666666,56962,75,
263db2c9d3e4,split_comparison,ULB,chronological,0,U,IsolationForest,0.005,0.005,F1,0.0905349794238683,56962,75,
263db2c9d3e4,split_comparison,ULB,chronological,0,U,IsolationForest,0.005,0.005,TN,56730.0,56962,75,
263db2c9d3e4,split_comparison,ULB,chronological,0,U,IsolationForest,0.005,0.005,FP,157.0,56962,75,
263db2c9d3e4,split_comparison,ULB,chronological,0,U,IsolationForest,0.005,0.005,FN,64.0,56962,75,
263db2c9d3e4,split_comparison,ULB,chronological,0,U,IsolationForest,0.005,0.005,TP,11.0,56962,75,
263db2c9d3e4,split_comparison,ULB,chronological,0,U,IsolationForest,0.005,0.005,n_alerts,168.0,56962,75,
263db2c9d3e4,split_comparison,ULB,chronological,0,U,IsolationForest,0.005,0.005,alert_rate,0.0029493346441487,56962,75,
263db2c9d3e4,split_comparison,ULB,chronological,0,U,IsolationForest,0.005,0.005,prevalence,0.0013166672518521,56962,75,
263db2c9d3e4,split_comparison,ULB,chronological,0,U,IsolationForest,0.005,0.005,lift,49.72873015873016,56962,75,
263db2c9d3e4,split_comparison,ULB,chronological,0,U,IsolationForest,0.005,0.005,tie_ratio,0.0196274644054703,56962,75,
263db2c9d3e4,split_comparison,ULB,chronological,0,U,IsolationForest,0.005,0.005,fit_seconds,1.447281837463379,56962,75,
263db2c9d3e4,split_comparison,ULB,chronological,0,U,IsolationForest,0.005,0.005,score_seconds,1.6424827575683594,56962,75,
e7e20448b266,split_comparison,ULB,chronological,0,U,LOF,0.005,0.005,PR_AUC,0.0762793993340145,56962,75,
e7e20448b266,split_comparison,ULB,chronological,0,U,LOF,0.005,0.005,ROC_AUC,0.8178164900006446,56962,75,
e7e20448b266,split_comparison,ULB,chronological,0,U,LOF,0.005,0.005,Precision,0.0431309904153354,56962,75,
e7e20448b266,split_comparison,ULB,chronological,0,U,LOF,0.005,0.005,Recall,0.36,56962,75,
e7e20448b266,split_comparison,ULB,chronological,0,U,LOF,0.005,0.005,F1,0.0770328102710413,56962,75,
e7e20448b266,split_comparison,ULB,chronological,0,U,LOF,0.005,0.005,TN,56288.0,56962,75,
e7e20448b266,split_comparison,ULB,chronological,0,U,LOF,0.005,0.005,FP,599.0,56962,75,
e7e20448b266,split_comparison,ULB,chronological,0,U,LOF,0.005,0.005,FN,48.0,56962,75,
e7e20448b266,split_comparison,ULB,chronological,0,U,LOF,0.005,0.005,TP,27.0,56962,75,
e7e20448b266,split_comparison,ULB,chronological,0,U,LOF,0.005,0.005,n_alerts,626.0,56962,75,
e7e20448b266,split_comparison,ULB,chronological,0,U,LOF,0.005,0.005,alert_rate,0.0109897826621256,56962,75,
e7e20448b266,split_comparison,ULB,chronological,0,U,LOF,0.005,0.005,prevalence,0.0013166672518521,56962,75,
e7e20448b266,split_comparison,ULB,chronological,0,U,LOF,0.005,0.005,lift,32.75769968051118,56962,75,
e7e20448b266,split_comparison,ULB,chronological,0,U,LOF,0.005,0.005,tie_ratio,0.0202243640385526,56962,75,
e7e20448b266,split_comparison,ULB,chronological,0,U,LOF,0.005,0.005,fit_seconds,0.8789854049682617,56962,75,
e7e20448b266,split_comparison,ULB,chronological,0,U,LOF,0.005,0.005,score_seconds,5.653696775436401,56962,75,
075bb5a25b9d,split_comparison,ULB,chronological,0,U,OneClassSVM,0.005,0.005,PR_AUC,0.0838610899727195,56962,75,
075bb5a25b9d,split_comparison,ULB,chronological,0,U,OneClassSVM,0.005,0.005,ROC_AUC,0.9473752058173808,56962,75,
075bb5a25b9d,split_comparison,ULB,chronological,0,U,OneClassSVM,0.005,0.005,Precision,0.1313131313131313,56962,75,
075bb5a25b9d,split_comparison,ULB,chronological,0,U,OneClassSVM,0.005,0.005,Recall,0.3466666666666667,56962,75,
075bb5a25b9d,split_comparison,ULB,chronological,0,U,OneClassSVM,0.005,0.005,F1,0.1904761904761904,56962,75,
075bb5a25b9d,split_comparison,ULB,chronological,0,U,OneClassSVM,0.005,0.005,TN,56715.0,56962,75,
075bb5a25b9d,split_comparison,ULB,chronological,0,U,OneClassSVM,0.005,0.005,FP,172.0,56962,75,
075bb5a25b9d,split_comparison,ULB,chronological,0,U,OneClassSVM,0.005,0.005,FN,49.0,56962,75,
075bb5a25b9d,split_comparison,ULB,chronological,0,U,OneClassSVM,0.005,0.005,TP,26.0,56962,75,
075bb5a25b9d,split_comparison,ULB,chronological,0,U,OneClassSVM,0.005,0.005,n_alerts,198.0,56962,75,
075bb5a25b9d,split_comparison,ULB,chronological,0,U,OneClassSVM,0.005,0.005,alert_rate,0.0034760015448895,56962,75,
075bb5a25b9d,split_comparison,ULB,chronological,0,U,OneClassSVM,0.005,0.005,prevalence,0.0013166672518521,56962,75,
075bb5a25b9d,split_comparison,ULB,chronological,0,U,OneClassSVM,0.005,0.005,lift,99.73144781144782,56962,75,
075bb5a25b9d,split_comparison,ULB,chronological,0,U,OneClassSVM,0.005,0.005,tie_ratio,0.0035638419269324,56962,75,
075bb5a25b9d,split_comparison,ULB,chronological,0,U,OneClassSVM,0.005,0.005,fit_seconds,0.7754795551300049,56962,75,
075bb5a25b9d,split_comparison,ULB,chronological,0,U,OneClassSVM,0.005,0.005,score_seconds,6.577329635620117,56962,75,
8248210296f5,split_comparison,ULB,chronological,0,U,DBSCAN,0.005,0.005,PR_AUC,0.0247251001182242,56962,75,
8248210296f5,split_comparison,ULB,chronological,0,U,DBSCAN,0.005,0.005,ROC_AUC,0.9381904477297096,56962,75,
8248210296f5,split_comparison,ULB,chronological,0,U,DBSCAN,0.005,0.005,Precision,0.0,56962,75,
8248210296f5,split_comparison,ULB,chronological,0,U,DBSCAN,0.005,0.005,Recall,0.0,56962,75,
8248210296f5,split_comparison,ULB,chronological,0,U,DBSCAN,0.005,0.005,F1,0.0,56962,75,
8248210296f5,split_comparison,ULB,chronological,0,U,DBSCAN,0.005,0.005,TN,56712.0,56962,75,
8248210296f5,split_comparison,ULB,chronological,0,U,DBSCAN,0.005,0.005,FP,175.0,56962,75,
8248210296f5,split_comparison,ULB,chronological,0,U,DBSCAN,0.005,0.005,FN,75.0,56962,75,
8248210296f5,split_comparison,ULB,chronological,0,U,DBSCAN,0.005,0.005,TP,0.0,56962,75,
8248210296f5,split_comparison,ULB,chronological,0,U,DBSCAN,0.005,0.005,n_alerts,175.0,56962,75,
8248210296f5,split_comparison,ULB,chronological,0,U,DBSCAN,0.005,0.005,alert_rate,0.0030722235876549,56962,75,
8248210296f5,split_comparison,ULB,chronological,0,U,DBSCAN,0.005,0.005,prevalence,0.0013166672518521,56962,75,
8248210296f5,split_comparison,ULB,chronological,0,U,DBSCAN,0.005,0.005,lift,0.0,56962,75,
8248210296f5,split_comparison,ULB,chronological,0,U,DBSCAN,0.005,0.005,tie_ratio,0.0060392198170677,56962,75,
8248210296f5,split_comparison,ULB,chronological,0,U,DBSCAN,0.005,0.005,fit_seconds,0.8135383129119873,56962,75,
8248210296f5,split_comparison,ULB,chronological,0,U,DBSCAN,0.005,0.005,score_seconds,0.0311527252197265,56962,75,
b378cc1841c8,split_comparison,ULB,chronological,0,U,KMeans,0.005,0.005,PR_AUC,0.0678859550353649,56962,75,
b378cc1841c8,split_comparison,ULB,chronological,0,U,KMeans,0.005,0.005,ROC_AUC,0.9667539742530512,56962,75,
b378cc1841c8,split_comparison,ULB,chronological,0,U,KMeans,0.005,0.005,Precision,0.0909090909090909,56962,75,
b378cc1841c8,split_comparison,ULB,chronological,0,U,KMeans,0.005,0.005,Recall,0.24,56962,75,
b378cc1841c8,split_comparison,ULB,chronological,0,U,KMeans,0.005,0.005,F1,0.1318681318681318,56962,75,
b378cc1841c8,split_comparison,ULB,chronological,0,U,KMeans,0.005,0.005,TN,56707.0,56962,75,
b378cc1841c8,split_comparison,ULB,chronological,0,U,KMeans,0.005,0.005,FP,180.0,56962,75,
b378cc1841c8,split_comparison,ULB,chronological,0,U,KMeans,0.005,0.005,FN,57.0,56962,75,
b378cc1841c8,split_comparison,ULB,chronological,0,U,KMeans,0.005,0.005,TP,18.0,56962,75,
b378cc1841c8,split_comparison,ULB,chronological,0,U,KMeans,0.005,0.005,n_alerts,198.0,56962,75,
b378cc1841c8,split_comparison,ULB,chronological,0,U,KMeans,0.005,0.005,alert_rate,0.0034760015448895,56962,75,
b378cc1841c8,split_comparison,ULB,chronological,0,U,KMeans,0.005,0.005,prevalence,0.0013166672518521,56962,75,
b378cc1841c8,split_comparison,ULB,chronological,0,U,KMeans,0.005,0.005,lift,69.04484848484849,56962,75,
b378cc1841c8,split_comparison,ULB,chronological,0,U,KMeans,0.005,0.005,tie_ratio,0.0065483400923438,56962,75,
b378cc1841c8,split_comparison,ULB,chronological,0,U,KMeans,0.005,0.005,fit_seconds,6.384883165359497,56962,75,
b378cc1841c8,split_comparison,ULB,chronological,0,U,KMeans,0.005,0.005,score_seconds,0.1120791435241699,56962,75,
382e5b51ff68,split_comparison,ULB,chronological,0,U,Ensemble,0.005,0.005,PR_AUC,0.0695126568790514,56962,75,
382e5b51ff68,split_comparison,ULB,chronological,0,U,Ensemble,0.005,0.005,ROC_AUC,0.958523505663274,56962,75,
382e5b51ff68,split_comparison,ULB,chronological,0,U,Ensemble,0.005,0.005,Precision,0.1117021276595744,56962,75,
382e5b51ff68,split_comparison,ULB,chronological,0,U,Ensemble,0.005,0.005,Recall,0.28,56962,75,
382e5b51ff68,split_comparison,ULB,chronological,0,U,Ensemble,0.005,0.005,F1,0.1596958174904943,56962,75,
382e5b51ff68,split_comparison,ULB,chronological,0,U,Ensemble,0.005,0.005,TN,56720.0,56962,75,
382e5b51ff68,split_comparison,ULB,chronological,0,U,Ensemble,0.005,0.005,FP,167.0,56962,75,
382e5b51ff68,split_comparison,ULB,chronological,0,U,Ensemble,0.005,0.005,FN,54.0,56962,75,
382e5b51ff68,split_comparison,ULB,chronological,0,U,Ensemble,0.005,0.005,TP,21.0,56962,75,
382e5b51ff68,split_comparison,ULB,chronological,0,U,Ensemble,0.005,0.005,n_alerts,188.0,56962,75,
382e5b51ff68,split_comparison,ULB,chronological,0,U,Ensemble,0.005,0.005,alert_rate,0.0033004459113092,56962,75,
382e5b51ff68,split_comparison,ULB,chronological,0,U,Ensemble,0.005,0.005,prevalence,0.0013166672518521,56962,75,
382e5b51ff68,split_comparison,ULB,chronological,0,U,Ensemble,0.005,0.005,lift,84.83702127659573,56962,75,
382e5b51ff68,split_comparison,ULB,chronological,0,U,Ensemble,0.005,0.005,tie_ratio,0.0709783887221081,56962,75,
382e5b51ff68,split_comparison,ULB,chronological,0,U,Ensemble,0.005,0.005,fit_seconds,0.0,56962,75,
382e5b51ff68,split_comparison,ULB,chronological,0,U,Ensemble,0.005,0.005,score_seconds,0.0,56962,75,
226ef4e5b819,split_comparison,ULB,chronological,0,U,Ensemble,0.005,0.005,single_point_invariant,1.0,56962,75,invariance
f873a1d48f1d,split_comparison,ULB,chronological,0,N,IsolationForest,0.005,0.005,PR_AUC,0.0368963757988218,56962,75,
f873a1d48f1d,split_comparison,ULB,chronological,0,N,IsolationForest,0.005,0.005,ROC_AUC,0.9442236949273708,56962,75,
f873a1d48f1d,split_comparison,ULB,chronological,0,N,IsolationForest,0.005,0.005,Precision,0.0271739130434782,56962,75,
f873a1d48f1d,split_comparison,ULB,chronological,0,N,IsolationForest,0.005,0.005,Recall,0.0666666666666666,56962,75,
f873a1d48f1d,split_comparison,ULB,chronological,0,N,IsolationForest,0.005,0.005,F1,0.0386100386100386,56962,75,
f873a1d48f1d,split_comparison,ULB,chronological,0,N,IsolationForest,0.005,0.005,TN,56708.0,56962,75,
f873a1d48f1d,split_comparison,ULB,chronological,0,N,IsolationForest,0.005,0.005,FP,179.0,56962,75,
f873a1d48f1d,split_comparison,ULB,chronological,0,N,IsolationForest,0.005,0.005,FN,70.0,56962,75,
f873a1d48f1d,split_comparison,ULB,chronological,0,N,IsolationForest,0.005,0.005,TP,5.0,56962,75,
f873a1d48f1d,split_comparison,ULB,chronological,0,N,IsolationForest,0.005,0.005,n_alerts,184.0,56962,75,
f873a1d48f1d,split_comparison,ULB,chronological,0,N,IsolationForest,0.005,0.005,alert_rate,0.0032302236578771,56962,75,
f873a1d48f1d,split_comparison,ULB,chronological,0,N,IsolationForest,0.005,0.005,prevalence,0.0013166672518521,56962,75,
f873a1d48f1d,split_comparison,ULB,chronological,0,N,IsolationForest,0.005,0.005,lift,20.63840579710145,56962,75,
f873a1d48f1d,split_comparison,ULB,chronological,0,N,IsolationForest,0.005,0.005,tie_ratio,0.0182405505521321,56962,75,
f873a1d48f1d,split_comparison,ULB,chronological,0,N,IsolationForest,0.005,0.005,fit_seconds,1.4897119998931885,56962,75,
f873a1d48f1d,split_comparison,ULB,chronological,0,N,IsolationForest,0.005,0.005,score_seconds,1.6000142097473145,56962,75,
d76cfcf74ca6,split_comparison,ULB,chronological,0,N,LOF,0.005,0.005,PR_AUC,0.603157863943587,56962,75,
d76cfcf74ca6,split_comparison,ULB,chronological,0,N,LOF,0.005,0.005,ROC_AUC,0.9266049068035462,56962,75,
d76cfcf74ca6,split_comparison,ULB,chronological,0,N,LOF,0.005,0.005,Precision,0.0932069510268562,56962,75,
d76cfcf74ca6,split_comparison,ULB,chronological,0,N,LOF,0.005,0.005,Recall,0.7866666666666666,56962,75,
d76cfcf74ca6,split_comparison,ULB,chronological,0,N,LOF,0.005,0.005,F1,0.1666666666666666,56962,75,
d76cfcf74ca6,split_comparison,ULB,chronological,0,N,LOF,0.005,0.005,TN,56313.0,56962,75,
d76cfcf74ca6,split_comparison,ULB,chronological,0,N,LOF,0.005,0.005,FP,574.0,56962,75,
d76cfcf74ca6,split_comparison,ULB,chronological,0,N,LOF,0.005,0.005,FN,16.0,56962,75,
d76cfcf74ca6,split_comparison,ULB,chronological,0,N,LOF,0.005,0.005,TP,59.0,56962,75,
d76cfcf74ca6,split_comparison,ULB,chronological,0,N,LOF,0.005,0.005,n_alerts,633.0,56962,75,
d76cfcf74ca6,split_comparison,ULB,chronological,0,N,LOF,0.005,0.005,alert_rate,0.0111126716056318,56962,75,
d76cfcf74ca6,split_comparison,ULB,chronological,0,N,LOF,0.005,0.005,prevalence,0.0013166672518521,56962,75,
d76cfcf74ca6,split_comparison,ULB,chronological,0,N,LOF,0.005,0.005,lift,70.79005792522379,56962,75,
d76cfcf74ca6,split_comparison,ULB,chronological,0,N,LOF,0.005,0.005,tie_ratio,0.021541054405646,56962,75,
d76cfcf74ca6,split_comparison,ULB,chronological,0,N,LOF,0.005,0.005,fit_seconds,0.8920652866363525,56962,75,
d76cfcf74ca6,split_comparison,ULB,chronological,0,N,LOF,0.005,0.005,score_seconds,6.039461135864258,56962,75,
8a2f391c5cd4,split_comparison,ULB,chronological,0,N,OneClassSVM,0.005,0.005,PR_AUC,0.1247601733214725,56962,75,
8a2f391c5cd4,split_comparison,ULB,chronological,0,N,OneClassSVM,0.005,0.005,ROC_AUC,0.9539025319200052,56962,75,
8a2f391c5cd4,split_comparison,ULB,chronological,0,N,OneClassSVM,0.005,0.005,Precision,0.1938775510204081,56962,75,
8a2f391c5cd4,split_comparison,ULB,chronological,0,N,OneClassSVM,0.005,0.005,Recall,0.5066666666666667,56962,75,
8a2f391c5cd4,split_comparison,ULB,chronological,0,N,OneClassSVM,0.005,0.005,F1,0.2804428044280442,56962,75,
8a2f391c5cd4,split_comparison,ULB,chronological,0,N,OneClassSVM,0.005,0.005,TN,56729.0,56962,75,
8a2f391c5cd4,split_comparison,ULB,chronological,0,N,OneClassSVM,0.005,0.005,FP,158.0,56962,75,
8a2f391c5cd4,split_comparison,ULB,chronological,0,N,OneClassSVM,0.005,0.005,FN,37.0,56962,75,
8a2f391c5cd4,split_comparison,ULB,chronological,0,N,OneClassSVM,0.005,0.005,TP,38.0,56962,75,
8a2f391c5cd4,split_comparison,ULB,chronological,0,N,OneClassSVM,0.005,0.005,n_alerts,196.0,56962,75,
8a2f391c5cd4,split_comparison,ULB,chronological,0,N,OneClassSVM,0.005,0.005,alert_rate,0.0034408904181735,56962,75,
8a2f391c5cd4,split_comparison,ULB,chronological,0,N,OneClassSVM,0.005,0.005,prevalence,0.0013166672518521,56962,75,
8a2f391c5cd4,split_comparison,ULB,chronological,0,N,OneClassSVM,0.005,0.005,lift,147.24870748299318,56962,75,
8a2f391c5cd4,split_comparison,ULB,chronological,0,N,OneClassSVM,0.005,0.005,tie_ratio,0.0036867330278611,56962,75,
8a2f391c5cd4,split_comparison,ULB,chronological,0,N,OneClassSVM,0.005,0.005,fit_seconds,1.250603199005127,56962,75,
8a2f391c5cd4,split_comparison,ULB,chronological,0,N,OneClassSVM,0.005,0.005,score_seconds,8.87890076637268,56962,75,
696eab3c6294,split_comparison,ULB,chronological,0,N,DBSCAN,0.005,0.005,PR_AUC,0.0250214983874059,56962,75,
696eab3c6294,split_comparison,ULB,chronological,0,N,DBSCAN,0.005,0.005,ROC_AUC,0.9437054745958362,56962,75,
696eab3c6294,split_comparison,ULB,chronological,0,N,DBSCAN,0.005,0.005,Precision,0.0,56962,75,
696eab3c6294,split_comparison,ULB,chronological,0,N,DBSCAN,0.005,0.005,Recall,0.0,56962,75,
696eab3c6294,split_comparison,ULB,chronological,0,N,DBSCAN,0.005,0.005,F1,0.0,56962,75,
696eab3c6294,split_comparison,ULB,chronological,0,N,DBSCAN,0.005,0.005,TN,56708.0,56962,75,
696eab3c6294,split_comparison,ULB,chronological,0,N,DBSCAN,0.005,0.005,FP,179.0,56962,75,
696eab3c6294,split_comparison,ULB,chronological,0,N,DBSCAN,0.005,0.005,FN,75.0,56962,75,
696eab3c6294,split_comparison,ULB,chronological,0,N,DBSCAN,0.005,0.005,TP,0.0,56962,75,
696eab3c6294,split_comparison,ULB,chronological,0,N,DBSCAN,0.005,0.005,n_alerts,179.0,56962,75,
696eab3c6294,split_comparison,ULB,chronological,0,N,DBSCAN,0.005,0.005,alert_rate,0.003142445841087,56962,75,
696eab3c6294,split_comparison,ULB,chronological,0,N,DBSCAN,0.005,0.005,prevalence,0.0013166672518521,56962,75,
696eab3c6294,split_comparison,ULB,chronological,0,N,DBSCAN,0.005,0.005,lift,0.0,56962,75,
696eab3c6294,split_comparison,ULB,chronological,0,N,DBSCAN,0.005,0.005,tie_ratio,0.0061094433033127,56962,75,
696eab3c6294,split_comparison,ULB,chronological,0,N,DBSCAN,0.005,0.005,fit_seconds,0.7975594997406006,56962,75,
696eab3c6294,split_comparison,ULB,chronological,0,N,DBSCAN,0.005,0.005,score_seconds,0.0519106388092041,56962,75,
8ce6003daea0,split_comparison,ULB,chronological,0,N,KMeans,0.005,0.005,PR_AUC,0.0673482356157087,56962,75,
8ce6003daea0,split_comparison,ULB,chronological,0,N,KMeans,0.005,0.005,ROC_AUC,0.9670830476793174,56962,75,
8ce6003daea0,split_comparison,ULB,chronological,0,N,KMeans,0.005,0.005,Precision,0.0893854748603352,56962,75,
8ce6003daea0,split_comparison,ULB,chronological,0,N,KMeans,0.005,0.005,Recall,0.2133333333333333,56962,75,
8ce6003daea0,split_comparison,ULB,chronological,0,N,KMeans,0.005,0.005,F1,0.1259842519685039,56962,75,
8ce6003daea0,split_comparison,ULB,chronological,0,N,KMeans,0.005,0.005,TN,56724.0,56962,75,
8ce6003daea0,split_comparison,ULB,chronological,0,N,KMeans,0.005,0.005,FP,163.0,56962,75,
8ce6003daea0,split_comparison,ULB,chronological,0,N,KMeans,0.005,0.005,FN,59.0,56962,75,
8ce6003daea0,split_comparison,ULB,chronological,0,N,KMeans,0.005,0.005,TP,16.0,56962,75,
8ce6003daea0,split_comparison,ULB,chronological,0,N,KMeans,0.005,0.005,n_alerts,179.0,56962,75,
8ce6003daea0,split_comparison,ULB,chronological,0,N,KMeans,0.005,0.005,alert_rate,0.003142445841087,56962,75,
8ce6003daea0,split_comparison,ULB,chronological,0,N,KMeans,0.005,0.005,prevalence,0.0013166672518521,56962,75,
8ce6003daea0,split_comparison,ULB,chronological,0,N,KMeans,0.005,0.005,lift,67.88767225325884,56962,75,
8ce6003daea0,split_comparison,ULB,chronological,0,N,KMeans,0.005,0.005,tie_ratio,0.0071452397254261,56962,75,
8ce6003daea0,split_comparison,ULB,chronological,0,N,KMeans,0.005,0.005,fit_seconds,6.33633279800415,56962,75,
8ce6003daea0,split_comparison,ULB,chronological,0,N,KMeans,0.005,0.005,score_seconds,0.1135225296020507,56962,75,
c5c36605dd4c,split_comparison,ULB,chronological,0,N,Ensemble,0.005,0.005,PR_AUC,0.1399664083152083,56962,75,
c5c36605dd4c,split_comparison,ULB,chronological,0,N,Ensemble,0.005,0.005,ROC_AUC,0.9638818476394724,56962,75,
c5c36605dd4c,split_comparison,ULB,chronological,0,N,Ensemble,0.005,0.005,Precision,0.2176165803108808,56962,75,
c5c36605dd4c,split_comparison,ULB,chronological,0,N,Ensemble,0.005,0.005,Recall,0.56,56962,75,
c5c36605dd4c,split_comparison,ULB,chronological,0,N,Ensemble,0.005,0.005,F1,0.3134328358208955,56962,75,
c5c36605dd4c,split_comparison,ULB,chronological,0,N,Ensemble,0.005,0.005,TN,56736.0,56962,75,
c5c36605dd4c,split_comparison,ULB,chronological,0,N,Ensemble,0.005,0.005,FP,151.0,56962,75,
c5c36605dd4c,split_comparison,ULB,chronological,0,N,Ensemble,0.005,0.005,FN,33.0,56962,75,
c5c36605dd4c,split_comparison,ULB,chronological,0,N,Ensemble,0.005,0.005,TP,42.0,56962,75,
c5c36605dd4c,split_comparison,ULB,chronological,0,N,Ensemble,0.005,0.005,n_alerts,193.0,56962,75,
c5c36605dd4c,split_comparison,ULB,chronological,0,N,Ensemble,0.005,0.005,alert_rate,0.0033882237280994,56962,75,
c5c36605dd4c,split_comparison,ULB,chronological,0,N,Ensemble,0.005,0.005,prevalence,0.0013166672518521,56962,75,
c5c36605dd4c,split_comparison,ULB,chronological,0,N,Ensemble,0.005,0.005,lift,165.27834196891192,56962,75,
c5c36605dd4c,split_comparison,ULB,chronological,0,N,Ensemble,0.005,0.005,tie_ratio,0.0723828584470076,56962,75,
c5c36605dd4c,split_comparison,ULB,chronological,0,N,Ensemble,0.005,0.005,fit_seconds,0.0,56962,75,
c5c36605dd4c,split_comparison,ULB,chronological,0,N,Ensemble,0.005,0.005,score_seconds,0.0,56962,75,
3db0e5d9ef8a,split_comparison,ULB,chronological,0,N,Ensemble,0.005,0.005,single_point_invariant,1.0,56962,75,invariance
f1803e765dd5,split_comparison,ULB,chronological,0,O,IsolationForest,0.005,0.0021066922590763,PR_AUC,0.054562789355073,56962,75,
f1803e765dd5,split_comparison,ULB,chronological,0,O,IsolationForest,0.005,0.0021066922590763,ROC_AUC,0.9484357879070204,56962,75,
f1803e765dd5,split_comparison,ULB,chronological,0,O,IsolationForest,0.005,0.0021066922590763,Precision,0.0,56962,75,
f1803e765dd5,split_comparison,ULB,chronological,0,O,IsolationForest,0.005,0.0021066922590763,Recall,0.0,56962,75,
f1803e765dd5,split_comparison,ULB,chronological,0,O,IsolationForest,0.005,0.0021066922590763,F1,0.0,56962,75,
f1803e765dd5,split_comparison,ULB,chronological,0,O,IsolationForest,0.005,0.0021066922590763,TN,56804.0,56962,75,
f1803e765dd5,split_comparison,ULB,chronological,0,O,IsolationForest,0.005,0.0021066922590763,FP,83.0,56962,75,
f1803e765dd5,split_comparison,ULB,chronological,0,O,IsolationForest,0.005,0.0021066922590763,FN,75.0,56962,75,
f1803e765dd5,split_comparison,ULB,chronological,0,O,IsolationForest,0.005,0.0021066922590763,TP,0.0,56962,75,
f1803e765dd5,split_comparison,ULB,chronological,0,O,IsolationForest,0.005,0.0021066922590763,n_alerts,83.0,56962,75,
f1803e765dd5,split_comparison,ULB,chronological,0,O,IsolationForest,0.005,0.0021066922590763,alert_rate,0.0014571117587163,56962,75,
f1803e765dd5,split_comparison,ULB,chronological,0,O,IsolationForest,0.005,0.0021066922590763,prevalence,0.0013166672518521,56962,75,
f1803e765dd5,split_comparison,ULB,chronological,0,O,IsolationForest,0.005,0.0021066922590763,lift,0.0,56962,75,
f1803e765dd5,split_comparison,ULB,chronological,0,O,IsolationForest,0.005,0.0021066922590763,tie_ratio,0.0196274644054703,56962,75,
f1803e765dd5,split_comparison,ULB,chronological,0,O,IsolationForest,0.005,0.0021066922590763,fit_seconds,1.2628929615020752,56962,75,
f1803e765dd5,split_comparison,ULB,chronological,0,O,IsolationForest,0.005,0.0021066922590763,score_seconds,1.6130709648132324,56962,75,
e45645a0aed4,split_comparison,ULB,chronological,0,O,LOF,0.005,0.0021066922590763,PR_AUC,0.0762793993340145,56962,75,
e45645a0aed4,split_comparison,ULB,chronological,0,O,LOF,0.005,0.0021066922590763,ROC_AUC,0.8178164900006446,56962,75,
e45645a0aed4,split_comparison,ULB,chronological,0,O,LOF,0.005,0.0021066922590763,Precision,0.1023255813953488,56962,75,
e45645a0aed4,split_comparison,ULB,chronological,0,O,LOF,0.005,0.0021066922590763,Recall,0.2933333333333333,56962,75,
e45645a0aed4,split_comparison,ULB,chronological,0,O,LOF,0.005,0.0021066922590763,F1,0.1517241379310344,56962,75,
e45645a0aed4,split_comparison,ULB,chronological,0,O,LOF,0.005,0.0021066922590763,TN,56694.0,56962,75,
e45645a0aed4,split_comparison,ULB,chronological,0,O,LOF,0.005,0.0021066922590763,FP,193.0,56962,75,
e45645a0aed4,split_comparison,ULB,chronological,0,O,LOF,0.005,0.0021066922590763,FN,53.0,56962,75,
e45645a0aed4,split_comparison,ULB,chronological,0,O,LOF,0.005,0.0021066922590763,TP,22.0,56962,75,
e45645a0aed4,split_comparison,ULB,chronological,0,O,LOF,0.005,0.0021066922590763,n_alerts,215.0,56962,75,
e45645a0aed4,split_comparison,ULB,chronological,0,O,LOF,0.005,0.0021066922590763,alert_rate,0.003774446121976,56962,75,
e45645a0aed4,split_comparison,ULB,chronological,0,O,LOF,0.005,0.0021066922590763,prevalence,0.0013166672518521,56962,75,
e45645a0aed4,split_comparison,ULB,chronological,0,O,LOF,0.005,0.0021066922590763,lift,77.7155968992248,56962,75,
e45645a0aed4,split_comparison,ULB,chronological,0,O,LOF,0.005,0.0021066922590763,tie_ratio,0.0202243640385526,56962,75,
e45645a0aed4,split_comparison,ULB,chronological,0,O,LOF,0.005,0.0021066922590763,fit_seconds,0.8480899333953857,56962,75,
e45645a0aed4,split_comparison,ULB,chronological,0,O,LOF,0.005,0.0021066922590763,score_seconds,5.474750280380249,56962,75,
fa8e75758db4,split_comparison,ULB,chronological,0,O,OneClassSVM,0.005,0.0021066922590763,PR_AUC,0.083800017605867,56962,75,
fa8e75758db4,split_comparison,ULB,chronological,0,O,OneClassSVM,0.005,0.0021066922590763,ROC_AUC,0.9473159069734738,56962,75,
fa8e75758db4,split_comparison,ULB,chronological,0,O,OneClassSVM,0.005,0.0021066922590763,Precision,0.0786516853932584,56962,75,
fa8e75758db4,split_comparison,ULB,chronological,0,O,OneClassSVM,0.005,0.0021066922590763,Recall,0.0933333333333333,56962,75,
fa8e75758db4,split_comparison,ULB,chronological,0,O,OneClassSVM,0.005,0.0021066922590763,F1,0.0853658536585365,56962,75,
fa8e75758db4,split_comparison,ULB,chronological,0,O,OneClassSVM,0.005,0.0021066922590763,TN,56805.0,56962,75,
fa8e75758db4,split_comparison,ULB,chronological,0,O,OneClassSVM,0.005,0.0021066922590763,FP,82.0,56962,75,
fa8e75758db4,split_comparison,ULB,chronological,0,O,OneClassSVM,0.005,0.0021066922590763,FN,68.0,56962,75,
fa8e75758db4,split_comparison,ULB,chronological,0,O,OneClassSVM,0.005,0.0021066922590763,TP,7.0,56962,75,
fa8e75758db4,split_comparison,ULB,chronological,0,O,OneClassSVM,0.005,0.0021066922590763,n_alerts,89.0,56962,75,
fa8e75758db4,split_comparison,ULB,chronological,0,O,OneClassSVM,0.005,0.0021066922590763,alert_rate,0.0015624451388645,56962,75,
fa8e75758db4,split_comparison,ULB,chronological,0,O,OneClassSVM,0.005,0.0021066922590763,prevalence,0.0013166672518521,56962,75,
fa8e75758db4,split_comparison,ULB,chronological,0,O,OneClassSVM,0.005,0.0021066922590763,lift,59.73543071161048,56962,75,
fa8e75758db4,split_comparison,ULB,chronological,0,O,OneClassSVM,0.005,0.0021066922590763,tie_ratio,0.0035638419269324,56962,75,
fa8e75758db4,split_comparison,ULB,chronological,0,O,OneClassSVM,0.005,0.0021066922590763,fit_seconds,0.6648211479187012,56962,75,
fa8e75758db4,split_comparison,ULB,chronological,0,O,OneClassSVM,0.005,0.0021066922590763,score_seconds,6.552947282791138,56962,75,
007dd3a17a74,split_comparison,ULB,chronological,0,O,DBSCAN,0.005,0.0021066922590763,PR_AUC,0.0247251001182242,56962,75,
007dd3a17a74,split_comparison,ULB,chronological,0,O,DBSCAN,0.005,0.0021066922590763,ROC_AUC,0.9381904477297096,56962,75,
007dd3a17a74,split_comparison,ULB,chronological,0,O,DBSCAN,0.005,0.0021066922590763,Precision,0.0,56962,75,
007dd3a17a74,split_comparison,ULB,chronological,0,O,DBSCAN,0.005,0.0021066922590763,Recall,0.0,56962,75,
007dd3a17a74,split_comparison,ULB,chronological,0,O,DBSCAN,0.005,0.0021066922590763,F1,0.0,56962,75,
007dd3a17a74,split_comparison,ULB,chronological,0,O,DBSCAN,0.005,0.0021066922590763,TN,56812.0,56962,75,
007dd3a17a74,split_comparison,ULB,chronological,0,O,DBSCAN,0.005,0.0021066922590763,FP,75.0,56962,75,
007dd3a17a74,split_comparison,ULB,chronological,0,O,DBSCAN,0.005,0.0021066922590763,FN,75.0,56962,75,
007dd3a17a74,split_comparison,ULB,chronological,0,O,DBSCAN,0.005,0.0021066922590763,TP,0.0,56962,75,
007dd3a17a74,split_comparison,ULB,chronological,0,O,DBSCAN,0.005,0.0021066922590763,n_alerts,75.0,56962,75,
007dd3a17a74,split_comparison,ULB,chronological,0,O,DBSCAN,0.005,0.0021066922590763,alert_rate,0.0013166672518521,56962,75,
007dd3a17a74,split_comparison,ULB,chronological,0,O,DBSCAN,0.005,0.0021066922590763,prevalence,0.0013166672518521,56962,75,
007dd3a17a74,split_comparison,ULB,chronological,0,O,DBSCAN,0.005,0.0021066922590763,lift,0.0,56962,75,
007dd3a17a74,split_comparison,ULB,chronological,0,O,DBSCAN,0.005,0.0021066922590763,tie_ratio,0.0060392198170677,56962,75,
007dd3a17a74,split_comparison,ULB,chronological,0,O,DBSCAN,0.005,0.0021066922590763,fit_seconds,0.7487180233001709,56962,75,
007dd3a17a74,split_comparison,ULB,chronological,0,O,DBSCAN,0.005,0.0021066922590763,score_seconds,0.0281512737274169,56962,75,
c52877a965a5,split_comparison,ULB,chronological,0,O,KMeans,0.005,0.0021066922590763,PR_AUC,0.0678859550353649,56962,75,
c52877a965a5,split_comparison,ULB,chronological,0,O,KMeans,0.005,0.0021066922590763,ROC_AUC,0.9667539742530512,56962,75,
c52877a965a5,split_comparison,ULB,chronological,0,O,KMeans,0.005,0.0021066922590763,Precision,0.0,56962,75,
c52877a965a5,split_comparison,ULB,chronological,0,O,KMeans,0.005,0.0021066922590763,Recall,0.0,56962,75,
c52877a965a5,split_comparison,ULB,chronological,0,O,KMeans,0.005,0.0021066922590763,F1,0.0,56962,75,
c52877a965a5,split_comparison,ULB,chronological,0,O,KMeans,0.005,0.0021066922590763,TN,56812.0,56962,75,
c52877a965a5,split_comparison,ULB,chronological,0,O,KMeans,0.005,0.0021066922590763,FP,75.0,56962,75,
c52877a965a5,split_comparison,ULB,chronological,0,O,KMeans,0.005,0.0021066922590763,FN,75.0,56962,75,
c52877a965a5,split_comparison,ULB,chronological,0,O,KMeans,0.005,0.0021066922590763,TP,0.0,56962,75,
c52877a965a5,split_comparison,ULB,chronological,0,O,KMeans,0.005,0.0021066922590763,n_alerts,75.0,56962,75,
c52877a965a5,split_comparison,ULB,chronological,0,O,KMeans,0.005,0.0021066922590763,alert_rate,0.0013166672518521,56962,75,
c52877a965a5,split_comparison,ULB,chronological,0,O,KMeans,0.005,0.0021066922590763,prevalence,0.0013166672518521,56962,75,
c52877a965a5,split_comparison,ULB,chronological,0,O,KMeans,0.005,0.0021066922590763,lift,0.0,56962,75,
c52877a965a5,split_comparison,ULB,chronological,0,O,KMeans,0.005,0.0021066922590763,tie_ratio,0.0067590105510788,56962,75,
c52877a965a5,split_comparison,ULB,chronological,0,O,KMeans,0.005,0.0021066922590763,fit_seconds,6.375967979431152,56962,75,
c52877a965a5,split_comparison,ULB,chronological,0,O,KMeans,0.005,0.0021066922590763,score_seconds,0.1121542453765869,56962,75,
ae85b1d74b71,split_comparison,ULB,chronological,0,O,Ensemble,0.005,0.0021066922590763,PR_AUC,0.0694921030652268,56962,75,
ae85b1d74b71,split_comparison,ULB,chronological,0,O,Ensemble,0.005,0.0021066922590763,ROC_AUC,0.9585086223566016,56962,75,
ae85b1d74b71,split_comparison,ULB,chronological,0,O,Ensemble,0.005,0.0021066922590763,Precision,0.0,56962,75,
ae85b1d74b71,split_comparison,ULB,chronological,0,O,Ensemble,0.005,0.0021066922590763,Recall,0.0,56962,75,
ae85b1d74b71,split_comparison,ULB,chronological,0,O,Ensemble,0.005,0.0021066922590763,F1,0.0,56962,75,
ae85b1d74b71,split_comparison,ULB,chronological,0,O,Ensemble,0.005,0.0021066922590763,TN,56814.0,56962,75,
ae85b1d74b71,split_comparison,ULB,chronological,0,O,Ensemble,0.005,0.0021066922590763,FP,73.0,56962,75,
ae85b1d74b71,split_comparison,ULB,chronological,0,O,Ensemble,0.005,0.0021066922590763,FN,75.0,56962,75,
ae85b1d74b71,split_comparison,ULB,chronological,0,O,Ensemble,0.005,0.0021066922590763,TP,0.0,56962,75,
ae85b1d74b71,split_comparison,ULB,chronological,0,O,Ensemble,0.005,0.0021066922590763,n_alerts,73.0,56962,75,
ae85b1d74b71,split_comparison,ULB,chronological,0,O,Ensemble,0.005,0.0021066922590763,alert_rate,0.001281556125136,56962,75,
ae85b1d74b71,split_comparison,ULB,chronological,0,O,Ensemble,0.005,0.0021066922590763,prevalence,0.0013166672518521,56962,75,
ae85b1d74b71,split_comparison,ULB,chronological,0,O,Ensemble,0.005,0.0021066922590763,lift,0.0,56962,75,
ae85b1d74b71,split_comparison,ULB,chronological,0,O,Ensemble,0.005,0.0021066922590763,tie_ratio,0.0735591018416109,56962,75,
ae85b1d74b71,split_comparison,ULB,chronological,0,O,Ensemble,0.005,0.0021066922590763,fit_seconds,0.0,56962,75,
ae85b1d74b71,split_comparison,ULB,chronological,0,O,Ensemble,0.005,0.0021066922590763,score_seconds,0.0,56962,75,
f4dffba1ed29,split_comparison,ULB,chronological,0,O,Ensemble,0.005,0.0021066922590763,single_point_invariant,1.0,56962,75,invariance
18909ee06858,split_comparison,ULB,random,0,U,IsolationForest,0.005,0.005,PR_AUC,0.144919157519042,56962,99,
18909ee06858,split_comparison,ULB,random,0,U,IsolationForest,0.005,0.005,ROC_AUC,0.951458023244598,56962,99,
18909ee06858,split_comparison,ULB,random,0,U,IsolationForest,0.005,0.005,Precision,0.1418918918918918,56962,99,
18909ee06858,split_comparison,ULB,random,0,U,IsolationForest,0.005,0.005,Recall,0.4242424242424242,56962,99,
18909ee06858,split_comparison,ULB,random,0,U,IsolationForest,0.005,0.005,F1,0.2126582278481012,56962,99,
18909ee06858,split_comparison,ULB,random,0,U,IsolationForest,0.005,0.005,TN,56609.0,56962,99,
18909ee06858,split_comparison,ULB,random,0,U,IsolationForest,0.005,0.005,FP,254.0,56962,99,
18909ee06858,split_comparison,ULB,random,0,U,IsolationForest,0.005,0.005,FN,57.0,56962,99,
18909ee06858,split_comparison,ULB,random,0,U,IsolationForest,0.005,0.005,TP,42.0,56962,99,
18909ee06858,split_comparison,ULB,random,0,U,IsolationForest,0.005,0.005,n_alerts,296.0,56962,99,
18909ee06858,split_comparison,ULB,random,0,U,IsolationForest,0.005,0.005,alert_rate,0.0051964467539763,56962,99,
18909ee06858,split_comparison,ULB,random,0,U,IsolationForest,0.005,0.005,prevalence,0.0017380007724447,56962,99,
18909ee06858,split_comparison,ULB,random,0,U,IsolationForest,0.005,0.005,lift,81.64086814086814,56962,99,
18909ee06858,split_comparison,ULB,random,0,U,IsolationForest,0.005,0.005,tie_ratio,0.0063201137620476,56962,99,
18909ee06858,split_comparison,ULB,random,0,U,IsolationForest,0.005,0.005,fit_seconds,1.5678019523620603,56962,99,
18909ee06858,split_comparison,ULB,random,0,U,IsolationForest,0.005,0.005,score_seconds,1.662517786026001,56962,99,
7d1cccd6ca79,split_comparison,ULB,random,0,U,LOF,0.005,0.005,PR_AUC,0.1090605023188002,56962,99,
7d1cccd6ca79,split_comparison,ULB,random,0,U,LOF,0.005,0.005,ROC_AUC,0.9381282710864338,56962,99,
7d1cccd6ca79,split_comparison,ULB,random,0,U,LOF,0.005,0.005,Precision,0.1143790849673202,56962,99,
7d1cccd6ca79,split_comparison,ULB,random,0,U,LOF,0.005,0.005,Recall,0.3535353535353535,56962,99,
7d1cccd6ca79,split_comparison,ULB,random,0,U,LOF,0.005,0.005,F1,0.1728395061728395,56962,99,
7d1cccd6ca79,split_comparison,ULB,random,0,U,LOF,0.005,0.005,TN,56592.0,56962,99,
7d1cccd6ca79,split_comparison,ULB,random,0,U,LOF,0.005,0.005,FP,271.0,56962,99,
7d1cccd6ca79,split_comparison,ULB,random,0,U,LOF,0.005,0.005,FN,64.0,56962,99,
7d1cccd6ca79,split_comparison,ULB,random,0,U,LOF,0.005,0.005,TP,35.0,56962,99,
7d1cccd6ca79,split_comparison,ULB,random,0,U,LOF,0.005,0.005,n_alerts,306.0,56962,99,
7d1cccd6ca79,split_comparison,ULB,random,0,U,LOF,0.005,0.005,alert_rate,0.0053720023875566,56962,99,
7d1cccd6ca79,split_comparison,ULB,random,0,U,LOF,0.005,0.005,prevalence,0.0017380007724447,56962,99,
7d1cccd6ca79,split_comparison,ULB,random,0,U,LOF,0.005,0.005,lift,65.81072159503532,56962,99,
7d1cccd6ca79,split_comparison,ULB,random,0,U,LOF,0.005,0.005,tie_ratio,0.015993398992293,56962,99,
7d1cccd6ca79,split_comparison,ULB,random,0,U,LOF,0.005,0.005,fit_seconds,0.8842933177947998,56962,99,
7d1cccd6ca79,split_comparison,ULB,random,0,U,LOF,0.005,0.005,score_seconds,5.441489458084106,56962,99,
59669ff59d7f,split_comparison,ULB,random,0,U,OneClassSVM,0.005,0.005,PR_AUC,0.1067491552937496,56962,99,
59669ff59d7f,split_comparison,ULB,random,0,U,OneClassSVM,0.005,0.005,ROC_AUC,0.9337187715219124,56962,99,
59669ff59d7f,split_comparison,ULB,random,0,U,OneClassSVM,0.005,0.005,Precision,0.1518151815181518,56962,99,
59669ff59d7f,split_comparison,ULB,random,0,U,OneClassSVM,0.005,0.005,Recall,0.4646464646464646,56962,99,
59669ff59d7f,split_comparison,ULB,random,0,U,OneClassSVM,0.005,0.005,F1,0.2288557213930348,56962,99,
59669ff59d7f,split_comparison,ULB,random,0,U,OneClassSVM,0.005,0.005,TN,56606.0,56962,99,
59669ff59d7f,split_comparison,ULB,random,0,U,OneClassSVM,0.005,0.005,FP,257.0,56962,99,
59669ff59d7f,split_comparison,ULB,random,0,U,OneClassSVM,0.005,0.005,FN,53.0,56962,99,
59669ff59d7f,split_comparison,ULB,random,0,U,OneClassSVM,0.005,0.005,TP,46.0,56962,99,
59669ff59d7f,split_comparison,ULB,random,0,U,OneClassSVM,0.005,0.005,n_alerts,303.0,56962,99,
59669ff59d7f,split_comparison,ULB,random,0,U,OneClassSVM,0.005,0.005,alert_rate,0.0053193356974825,56962,99,
59669ff59d7f,split_comparison,ULB,random,0,U,OneClassSVM,0.005,0.005,prevalence,0.0017380007724447,56962,99,
59669ff59d7f,split_comparison,ULB,random,0,U,OneClassSVM,0.005,0.005,lift,87.35046838017135,56962,99,
59669ff59d7f,split_comparison,ULB,random,0,U,OneClassSVM,0.005,0.005,tie_ratio,0.0011762433946033,56962,99,
59669ff59d7f,split_comparison,ULB,random,0,U,OneClassSVM,0.005,0.005,fit_seconds,0.8620085716247559,56962,99,
59669ff59d7f,split_comparison,ULB,random,0,U,OneClassSVM,0.005,0.005,score_seconds,7.604109525680542,56962,99,
eaed7a240fdb,split_comparison,ULB,random,0,U,DBSCAN,0.005,0.005,PR_AUC,0.0660991195555175,56962,99,
eaed7a240fdb,split_comparison,ULB,random,0,U,DBSCAN,0.005,0.005,ROC_AUC,0.948854565740766,56962,99,
eaed7a240fdb,split_comparison,ULB,random,0,U,DBSCAN,0.005,0.005,Precision,0.0845070422535211,56962,99,
eaed7a240fdb,split_comparison,ULB,random,0,U,DBSCAN,0.005,0.005,Recall,0.2424242424242424,56962,99,
eaed7a240fdb,split_comparison,ULB,random,0,U,DBSCAN,0.005,0.005,F1,0.1253263707571801,56962,99,
eaed7a240fdb,split_comparison,ULB,random,0,U,DBSCAN,0.005,0.005,TN,56603.0,56962,99,
eaed7a240fdb,split_comparison,ULB,random,0,U,DBSCAN,0.005,0.005,FP,260.0,56962,99,
eaed7a240fdb,split_comparison,ULB,random,0,U,DBSCAN,0.005,0.005,FN,75.0,56962,99,
eaed7a240fdb,split_comparison,ULB,random,0,U,DBSCAN,0.005,0.005,TP,24.0,56962,99,
eaed7a240fdb,split_comparison,ULB,random,0,U,DBSCAN,0.005,0.005,n_alerts,284.0,56962,99,
eaed7a240fdb,split_comparison,ULB,random,0,U,DBSCAN,0.005,0.005,alert_rate,0.0049857799936799,56962,99,
eaed7a240fdb,split_comparison,ULB,random,0,U,DBSCAN,0.005,0.005,prevalence,0.0017380007724447,56962,99,
eaed7a240fdb,split_comparison,ULB,random,0,U,DBSCAN,0.005,0.005,lift,48.62313273580879,56962,99,
eaed7a240fdb,split_comparison,ULB,random,0,U,DBSCAN,0.005,0.005,tie_ratio,0.0029493864222889,56962,99,
eaed7a240fdb,split_comparison,ULB,random,0,U,DBSCAN,0.005,0.005,fit_seconds,0.7085442543029785,56962,99,
eaed7a240fdb,split_comparison,ULB,random,0,U,DBSCAN,0.005,0.005,score_seconds,0.028102159500122,56962,99,
5f76bbbc7b16,split_comparison,ULB,random,0,U,KMeans,0.005,0.005,PR_AUC,0.1423465800735455,56962,99,
5f76bbbc7b16,split_comparison,ULB,random,0,U,KMeans,0.005,0.005,ROC_AUC,0.9568837878459248,56962,99,
5f76bbbc7b16,split_comparison,ULB,random,0,U,KMeans,0.005,0.005,Precision,0.1462585034013605,56962,99,
5f76bbbc7b16,split_comparison,ULB,random,0,U,KMeans,0.005,0.005,Recall,0.4343434343434343,56962,99,
5f76bbbc7b16,split_comparison,ULB,random,0,U,KMeans,0.005,0.005,F1,0.2188295165394402,56962,99,
5f76bbbc7b16,split_comparison,ULB,random,0,U,KMeans,0.005,0.005,TN,56612.0,56962,99,
5f76bbbc7b16,split_comparison,ULB,random,0,U,KMeans,0.005,0.005,FP,251.0,56962,99,
5f76bbbc7b16,split_comparison,ULB,random,0,U,KMeans,0.005,0.005,FN,56.0,56962,99,
5f76bbbc7b16,split_comparison,ULB,random,0,U,KMeans,0.005,0.005,TP,43.0,56962,99,
5f76bbbc7b16,split_comparison,ULB,random,0,U,KMeans,0.005,0.005,n_alerts,294.0,56962,99,
5f76bbbc7b16,split_comparison,ULB,random,0,U,KMeans,0.005,0.005,alert_rate,0.0051613356272602,56962,99,
5f76bbbc7b16,split_comparison,ULB,random,0,U,KMeans,0.005,0.005,prevalence,0.0017380007724447,56962,99,
5f76bbbc7b16,split_comparison,ULB,random,0,U,KMeans,0.005,0.005,lift,84.1533017247303,56962,99,
5f76bbbc7b16,split_comparison,ULB,random,0,U,KMeans,0.005,0.005,tie_ratio,0.0032829479819526,56962,99,
5f76bbbc7b16,split_comparison,ULB,random,0,U,KMeans,0.005,0.005,fit_seconds,6.735915422439575,56962,99,
5f76bbbc7b16,split_comparison,ULB,random,0,U,KMeans,0.005,0.005,score_seconds,0.1784164905548095,56962,99,
12439fb39c9f,split_comparison,ULB,random,0,U,Ensemble,0.005,0.005,PR_AUC,0.1525217159048705,56962,99,
12439fb39c9f,split_comparison,ULB,random,0,U,Ensemble,0.005,0.005,ROC_AUC,0.9592078213149912,56962,99,
12439fb39c9f,split_comparison,ULB,random,0,U,Ensemble,0.005,0.005,Precision,0.1912225705329153,56962,99,
12439fb39c9f,split_comparison,ULB,random,0,U,Ensemble,0.005,0.005,Recall,0.6161616161616161,56962,99,
12439fb39c9f,split_comparison,ULB,random,0,U,Ensemble,0.005,0.005,F1,0.291866028708134,56962,99,
12439fb39c9f,split_comparison,ULB,random,0,U,Ensemble,0.005,0.005,TN,56605.0,56962,99,
12439fb39c9f,split_comparison,ULB,random,0,U,Ensemble,0.005,0.005,FP,258.0,56962,99,
12439fb39c9f,split_comparison,ULB,random,0,U,Ensemble,0.005,0.005,FN,38.0,56962,99,
12439fb39c9f,split_comparison,ULB,random,0,U,Ensemble,0.005,0.005,TP,61.0,56962,99,
12439fb39c9f,split_comparison,ULB,random,0,U,Ensemble,0.005,0.005,n_alerts,319.0,56962,99,
12439fb39c9f,split_comparison,ULB,random,0,U,Ensemble,0.005,0.005,alert_rate,0.0056002247112109,56962,99,
12439fb39c9f,split_comparison,ULB,random,0,U,Ensemble,0.005,0.005,prevalence,0.0017380007724447,56962,99,
12439fb39c9f,split_comparison,ULB,random,0,U,Ensemble,0.005,0.005,lift,110.02444507773662,56962,99,
12439fb39c9f,split_comparison,ULB,random,0,U,Ensemble,0.005,0.005,tie_ratio,0.0736117694562946,56962,99,
12439fb39c9f,split_comparison,ULB,random,0,U,Ensemble,0.005,0.005,fit_seconds,0.0,56962,99,
12439fb39c9f,split_comparison,ULB,random,0,U,Ensemble,0.005,0.005,score_seconds,0.0,56962,99,
5c9e5313ad52,split_comparison,ULB,random,0,U,Ensemble,0.005,0.005,single_point_invariant,1.0,56962,99,invariance
edde6d9a4399,split_comparison,ULB,random,0,N,IsolationForest,0.005,0.005,PR_AUC,0.1249778480916776,56962,99,
edde6d9a4399,split_comparison,ULB,random,0,N,IsolationForest,0.005,0.005,ROC_AUC,0.9509387883726208,56962,99,
edde6d9a4399,split_comparison,ULB,random,0,N,IsolationForest,0.005,0.005,Precision,0.1209964412811387,56962,99,
edde6d9a4399,split_comparison,ULB,random,0,N,IsolationForest,0.005,0.005,Recall,0.3434343434343434,56962,99,
edde6d9a4399,split_comparison,ULB,random,0,N,IsolationForest,0.005,0.005,F1,0.1789473684210526,56962,99,
edde6d9a4399,split_comparison,ULB,random,0,N,IsolationForest,0.005,0.005,TN,56616.0,56962,99,
edde6d9a4399,split_comparison,ULB,random,0,N,IsolationForest,0.005,0.005,FP,247.0,56962,99,
edde6d9a4399,split_comparison,ULB,random,0,N,IsolationForest,0.005,0.005,FN,65.0,56962,99,
edde6d9a4399,split_comparison,ULB,random,0,N,IsolationForest,0.005,0.005,TP,34.0,56962,99,
edde6d9a4399,split_comparison,ULB,random,0,N,IsolationForest,0.005,0.005,n_alerts,281.0,56962,99,
edde6d9a4399,split_comparison,ULB,random,0,N,IsolationForest,0.005,0.005,alert_rate,0.0049331133036059,56962,99,
edde6d9a4399,split_comparison,ULB,random,0,N,IsolationForest,0.005,0.005,prevalence,0.0017380007724447,56962,99,
edde6d9a4399,split_comparison,ULB,random,0,N,IsolationForest,0.005,0.005,lift,69.61817462885078,56962,99,
edde6d9a4399,split_comparison,ULB,random,0,N,IsolationForest,0.005,0.005,tie_ratio,0.0066887870648337,56962,99,
edde6d9a4399,split_comparison,ULB,random,0,N,IsolationForest,0.005,0.005,fit_seconds,1.54999041557312,56962,99,
edde6d9a4399,split_comparison,ULB,random,0,N,IsolationForest,0.005,0.005,score_seconds,1.6575570106506348,56962,99,
ac44ce38eb83,split_comparison,ULB,random,0,N,LOF,0.005,0.005,PR_AUC,0.6711740447930494,56962,99,
ac44ce38eb83,split_comparison,ULB,random,0,N,LOF,0.005,0.005,ROC_AUC,0.9608324065088568,56962,99,
ac44ce38eb83,split_comparison,ULB,random,0,N,LOF,0.005,0.005,Precision,0.2580645161290322,56962,99,
ac44ce38eb83,split_comparison,ULB,random,0,N,LOF,0.005,0.005,Recall,0.8080808080808081,56962,99,
ac44ce38eb83,split_comparison,ULB,random,0,N,LOF,0.005,0.005,F1,0.39119804400978,56962,99,
ac44ce38eb83,split_comparison,ULB,random,0,N,LOF,0.005,0.005,TN,56633.0,56962,99,
ac44ce38eb83,split_comparison,ULB,random,0,N,LOF,0.005,0.005,FP,230.0,56962,99,
ac44ce38eb83,split_comparison,ULB,random,0,N,LOF,0.005,0.005,FN,19.0,56962,99,
ac44ce38eb83,split_comparison,ULB,random,0,N,LOF,0.005,0.005,TP,80.0,56962,99,
ac44ce38eb83,split_comparison,ULB,random,0,N,LOF,0.005,0.005,n_alerts,310.0,56962,99,
ac44ce38eb83,split_comparison,ULB,random,0,N,LOF,0.005,0.005,alert_rate,0.0054422246409887,56962,99,
ac44ce38eb83,split_comparison,ULB,random,0,N,LOF,0.005,0.005,prevalence,0.0017380007724447,56962,99,
ac44ce38eb83,split_comparison,ULB,random,0,N,LOF,0.005,0.005,lift,148.48354512870642,56962,99,
ac44ce38eb83,split_comparison,ULB,random,0,N,LOF,0.005,0.005,tie_ratio,0.0159582872491704,56962,99,
ac44ce38eb83,split_comparison,ULB,random,0,N,LOF,0.005,0.005,fit_seconds,0.8505167961120605,56962,99,
ac44ce38eb83,split_comparison,ULB,random,0,N,LOF,0.005,0.005,score_seconds,5.9747350215911865,56962,99,
18e2f9ea244a,split_comparison,ULB,random,0,N,OneClassSVM,0.005,0.005,PR_AUC,0.2153349116504502,56962,99,
18e2f9ea244a,split_comparison,ULB,random,0,N,OneClassSVM,0.005,0.005,ROC_AUC,0.9457692660917956,56962,99,
18e2f9ea244a,split_comparison,ULB,random,0,N,OneClassSVM,0.005,0.005,Precision,0.2483221476510067,56962,99,
18e2f9ea244a,split_comparison,ULB,random,0,N,OneClassSVM,0.005,0.005,Recall,0.7474747474747475,56962,99,
18e2f9ea244a,split_comparison,ULB,random,0,N,OneClassSVM,0.005,0.005,F1,0.3727959697732997,56962,99,
18e2f9ea244a,split_comparison,ULB,random,0,N,OneClassSVM,0.005,0.005,TN,56639.0,56962,99,
18e2f9ea244a,split_comparison,ULB,random,0,N,OneClassSVM,0.005,0.005,FP,224.0,56962,99,
18e2f9ea244a,split_comparison,ULB,random,0,N,OneClassSVM,0.005,0.005,FN,25.0,56962,99,
18e2f9ea244a,split_comparison,ULB,random,0,N,OneClassSVM,0.005,0.005,TP,74.0,56962,99,
18e2f9ea244a,split_comparison,ULB,random,0,N,OneClassSVM,0.005,0.005,n_alerts,298.0,56962,99,
18e2f9ea244a,split_comparison,ULB,random,0,N,OneClassSVM,0.005,0.005,alert_rate,0.0052315578806923,56962,99,
18e2f9ea244a,split_comparison,ULB,random,0,N,OneClassSVM,0.005,0.005,prevalence,0.0017380007724447,56962,99,
18e2f9ea244a,split_comparison,ULB,random,0,N,OneClassSVM,0.005,0.005,lift,142.87804216663278,56962,99,
18e2f9ea244a,split_comparison,ULB,random,0,N,OneClassSVM,0.005,0.005,tie_ratio,0.0012640227524095,56962,99,
18e2f9ea244a,split_comparison,ULB,random,0,N,OneClassSVM,0.005,0.005,fit_seconds,0.9042208194732666,56962,99,
18e2f9ea244a,split_comparison,ULB,random,0,N,OneClassSVM,0.005,0.005,score_seconds,7.748697757720947,56962,99,
46cf6a9ac6fd,split_comparison,ULB,random,0,N,DBSCAN,0.005,0.005,PR_AUC,0.066125998357343,56962,99,
46cf6a9ac6fd,split_comparison,ULB,random,0,N,DBSCAN,0.005,0.005,ROC_AUC,0.9479987075084062,56962,99,
46cf6a9ac6fd,split_comparison,ULB,random,0,N,DBSCAN,0.005,0.005,Precision,0.0845070422535211,56962,99,
46cf6a9ac6fd,split_comparison,ULB,random,0,N,DBSCAN,0.005,0.005,Recall,0.2424242424242424,56962,99,
46cf6a9ac6fd,split_comparison,ULB,random,0,N,DBSCAN,0.005,0.005,F1,0.1253263707571801,56962,99,
46cf6a9ac6fd,split_comparison,ULB,random,0,N,DBSCAN,0.005,0.005,TN,56603.0,56962,99,
46cf6a9ac6fd,split_comparison,ULB,random,0,N,DBSCAN,0.005,0.005,FP,260.0,56962,99,
46cf6a9ac6fd,split_comparison,ULB,random,0,N,DBSCAN,0.005,0.005,FN,75.0,56962,99,
46cf6a9ac6fd,split_comparison,ULB,random,0,N,DBSCAN,0.005,0.005,TP,24.0,56962,99,
46cf6a9ac6fd,split_comparison,ULB,random,0,N,DBSCAN,0.005,0.005,n_alerts,284.0,56962,99,
46cf6a9ac6fd,split_comparison,ULB,random,0,N,DBSCAN,0.005,0.005,alert_rate,0.0049857799936799,56962,99,
46cf6a9ac6fd,split_comparison,ULB,random,0,N,DBSCAN,0.005,0.005,prevalence,0.0017380007724447,56962,99,
46cf6a9ac6fd,split_comparison,ULB,random,0,N,DBSCAN,0.005,0.005,lift,48.62313273580879,56962,99,
46cf6a9ac6fd,split_comparison,ULB,random,0,N,DBSCAN,0.005,0.005,tie_ratio,0.0032302803672688,56962,99,
46cf6a9ac6fd,split_comparison,ULB,random,0,N,DBSCAN,0.005,0.005,fit_seconds,0.7452545166015625,56962,99,
46cf6a9ac6fd,split_comparison,ULB,random,0,N,DBSCAN,0.005,0.005,score_seconds,0.0310688018798828,56962,99,
ddfa78fe451e,split_comparison,ULB,random,0,N,KMeans,0.005,0.005,PR_AUC,0.145602636319185,56962,99,
ddfa78fe451e,split_comparison,ULB,random,0,N,KMeans,0.005,0.005,ROC_AUC,0.9612806751367854,56962,99,
ddfa78fe451e,split_comparison,ULB,random,0,N,KMeans,0.005,0.005,Precision,0.1525974025974026,56962,99,
ddfa78fe451e,split_comparison,ULB,random,0,N,KMeans,0.005,0.005,Recall,0.4747474747474747,56962,99,
ddfa78fe451e,split_comparison,ULB,random,0,N,KMeans,0.005,0.005,F1,0.2309582309582309,56962,99,
ddfa78fe451e,split_comparison,ULB,random,0,N,KMeans,0.005,0.005,TN,56602.0,56962,99,
ddfa78fe451e,split_comparison,ULB,random,0,N,KMeans,0.005,0.005,FP,261.0,56962,99,
ddfa78fe451e,split_comparison,ULB,random,0,N,KMeans,0.005,0.005,FN,52.0,56962,99,
ddfa78fe451e,split_comparison,ULB,random,0,N,KMeans,0.005,0.005,TP,47.0,56962,99,
ddfa78fe451e,split_comparison,ULB,random,0,N,KMeans,0.005,0.005,n_alerts,308.0,56962,99,
ddfa78fe451e,split_comparison,ULB,random,0,N,KMeans,0.005,0.005,alert_rate,0.0054071135142726,56962,99,
ddfa78fe451e,split_comparison,ULB,random,0,N,KMeans,0.005,0.005,prevalence,0.0017380007724447,56962,99,
ddfa78fe451e,split_comparison,ULB,random,0,N,KMeans,0.005,0.005,lift,87.80053784599238,56962,99,
ddfa78fe451e,split_comparison,ULB,random,0,N,KMeans,0.005,0.005,tie_ratio,0.0031951686241463,56962,99,
ddfa78fe451e,split_comparison,ULB,random,0,N,KMeans,0.005,0.005,fit_seconds,6.41205620765686,56962,99,
ddfa78fe451e,split_comparison,ULB,random,0,N,KMeans,0.005,0.005,score_seconds,0.1131024360656738,56962,99,
7d0c1971ca5b,split_comparison,ULB,random,0,N,Ensemble,0.005,0.005,PR_AUC,0.2457604810986416,56962,99,
7d0c1971ca5b,split_comparison,ULB,random,0,N,Ensemble,0.005,0.005,ROC_AUC,0.9636284232330872,56962,99,
7d0c1971ca5b,split_comparison,ULB,random,0,N,Ensemble,0.005,0.005,Precision,0.2356902356902357,56962,99,
7d0c1971ca5b,split_comparison,ULB,random,0,N,Ensemble,0.005,0.005,Recall,0.7070707070707071,56962,99,
7d0c1971ca5b,split_comparison,ULB,random,0,N,Ensemble,0.005,0.005,F1,0.3535353535353535,56962,99,
7d0c1971ca5b,split_comparison,ULB,random,0,N,Ensemble,0.005,0.005,TN,56636.0,56962,99,
7d0c1971ca5b,split_comparison,ULB,random,0,N,Ensemble,0.005,0.005,FP,227.0,56962,99,
7d0c1971ca5b,split_comparison,ULB,random,0,N,Ensemble,0.005,0.005,FN,29.0,56962,99,
7d0c1971ca5b,split_comparison,ULB,random,0,N,Ensemble,0.005,0.005,TP,70.0,56962,99,
7d0c1971ca5b,split_comparison,ULB,random,0,N,Ensemble,0.005,0.005,n_alerts,297.0,56962,99,
7d0c1971ca5b,split_comparison,ULB,random,0,N,Ensemble,0.005,0.005,alert_rate,0.0052140023173343,56962,99,
7d0c1971ca5b,split_comparison,ULB,random,0,N,Ensemble,0.005,0.005,prevalence,0.0017380007724447,56962,99,
7d0c1971ca5b,split_comparison,ULB,random,0,N,Ensemble,0.005,0.005,lift,135.60997177158794,56962,99,
7d0c1971ca5b,split_comparison,ULB,random,0,N,Ensemble,0.005,0.005,tie_ratio,0.0724530819332526,56962,99,
7d0c1971ca5b,split_comparison,ULB,random,0,N,Ensemble,0.005,0.005,fit_seconds,0.0,56962,99,
7d0c1971ca5b,split_comparison,ULB,random,0,N,Ensemble,0.005,0.005,score_seconds,0.0,56962,99,
996f68e02d04,split_comparison,ULB,random,0,N,Ensemble,0.005,0.005,single_point_invariant,1.0,56962,99,invariance
b7116399da9b,split_comparison,ULB,random,0,O,IsolationForest,0.005,0.0017263172678542,PR_AUC,0.144919157519042,56962,99,
b7116399da9b,split_comparison,ULB,random,0,O,IsolationForest,0.005,0.0017263172678542,ROC_AUC,0.951458023244598,56962,99,
b7116399da9b,split_comparison,ULB,random,0,O,IsolationForest,0.005,0.0017263172678542,Precision,0.2424242424242424,56962,99,
b7116399da9b,split_comparison,ULB,random,0,O,IsolationForest,0.005,0.0017263172678542,Recall,0.2424242424242424,56962,99,
b7116399da9b,split_comparison,ULB,random,0,O,IsolationForest,0.005,0.0017263172678542,F1,0.2424242424242424,56962,99,
b7116399da9b,split_comparison,ULB,random,0,O,IsolationForest,0.005,0.0017263172678542,TN,56788.0,56962,99,
b7116399da9b,split_comparison,ULB,random,0,O,IsolationForest,0.005,0.0017263172678542,FP,75.0,56962,99,
b7116399da9b,split_comparison,ULB,random,0,O,IsolationForest,0.005,0.0017263172678542,FN,75.0,56962,99,
b7116399da9b,split_comparison,ULB,random,0,O,IsolationForest,0.005,0.0017263172678542,TP,24.0,56962,99,
b7116399da9b,split_comparison,ULB,random,0,O,IsolationForest,0.005,0.0017263172678542,n_alerts,99.0,56962,99,
b7116399da9b,split_comparison,ULB,random,0,O,IsolationForest,0.005,0.0017263172678542,alert_rate,0.0017380007724447,56962,99,
b7116399da9b,split_comparison,ULB,random,0,O,IsolationForest,0.005,0.0017263172678542,prevalence,0.0017380007724447,56962,99,
b7116399da9b,split_comparison,ULB,random,0,O,IsolationForest,0.005,0.0017263172678542,lift,139.4845423936333,56962,99,
b7116399da9b,split_comparison,ULB,random,0,O,IsolationForest,0.005,0.0017263172678542,tie_ratio,0.0063201137620476,56962,99,
b7116399da9b,split_comparison,ULB,random,0,O,IsolationForest,0.005,0.0017263172678542,fit_seconds,1.4396002292633057,56962,99,
b7116399da9b,split_comparison,ULB,random,0,O,IsolationForest,0.005,0.0017263172678542,score_seconds,1.6716272830963137,56962,99,
f06fd7fd46e1,split_comparison,ULB,random,0,O,LOF,0.005,0.0017263172678542,PR_AUC,0.1090605023188002,56962,99,
f06fd7fd46e1,split_comparison,ULB,random,0,O,LOF,0.005,0.0017263172678542,ROC_AUC,0.9381282710864338,56962,99,
f06fd7fd46e1,split_comparison,ULB,random,0,O,LOF,0.005,0.0017263172678542,Precision,0.2,56962,99,
f06fd7fd46e1,split_comparison,ULB,random,0,O,LOF,0.005,0.0017263172678542,Recall,0.2323232323232323,56962,99,
f06fd7fd46e1,split_comparison,ULB,random,0,O,LOF,0.005,0.0017263172678542,F1,0.2149532710280373,56962,99,
f06fd7fd46e1,split_comparison,ULB,random,0,O,LOF,0.005,0.0017263172678542,TN,56771.0,56962,99,
f06fd7fd46e1,split_comparison,ULB,random,0,O,LOF,0.005,0.0017263172678542,FP,92.0,56962,99,
f06fd7fd46e1,split_comparison,ULB,random,0,O,LOF,0.005,0.0017263172678542,FN,76.0,56962,99,
f06fd7fd46e1,split_comparison,ULB,random,0,O,LOF,0.005,0.0017263172678542,TP,23.0,56962,99,
f06fd7fd46e1,split_comparison,ULB,random,0,O,LOF,0.005,0.0017263172678542,n_alerts,115.0,56962,99,
f06fd7fd46e1,split_comparison,ULB,random,0,O,LOF,0.005,0.0017263172678542,alert_rate,0.0020188897861732,56962,99,
f06fd7fd46e1,split_comparison,ULB,random,0,O,LOF,0.005,0.0017263172678542,prevalence,0.0017380007724447,56962,99,
f06fd7fd46e1,split_comparison,ULB,random,0,O,LOF,0.005,0.0017263172678542,lift,115.07474747474748,56962,99,
f06fd7fd46e1,split_comparison,ULB,random,0,O,LOF,0.005,0.0017263172678542,tie_ratio,0.015993398992293,56962,99,
f06fd7fd46e1,split_comparison,ULB,random,0,O,LOF,0.005,0.0017263172678542,fit_seconds,0.8527185916900635,56962,99,
f06fd7fd46e1,split_comparison,ULB,random,0,O,LOF,0.005,0.0017263172678542,score_seconds,6.102003574371338,56962,99,
84cb4d760616,split_comparison,ULB,random,0,O,OneClassSVM,0.005,0.0017263172678542,PR_AUC,0.1067165712567605,56962,99,
84cb4d760616,split_comparison,ULB,random,0,O,OneClassSVM,0.005,0.0017263172678542,ROC_AUC,0.9337557201546088,56962,99,
84cb4d760616,split_comparison,ULB,random,0,O,OneClassSVM,0.005,0.0017263172678542,Precision,0.146788990825688,56962,99,
84cb4d760616,split_comparison,ULB,random,0,O,OneClassSVM,0.005,0.0017263172678542,Recall,0.1616161616161616,56962,99,
84cb4d760616,split_comparison,ULB,random,0,O,OneClassSVM,0.005,0.0017263172678542,F1,0.1538461538461538,56962,99,
84cb4d760616,split_comparison,ULB,random,0,O,OneClassSVM,0.005,0.0017263172678542,TN,56770.0,56962,99,
84cb4d760616,split_comparison,ULB,random,0,O,OneClassSVM,0.005,0.0017263172678542,FP,93.0,56962,99,
84cb4d760616,split_comparison,ULB,random,0,O,OneClassSVM,0.005,0.0017263172678542,FN,83.0,56962,99,
84cb4d760616,split_comparison,ULB,random,0,O,OneClassSVM,0.005,0.0017263172678542,TP,16.0,56962,99,
84cb4d760616,split_comparison,ULB,random,0,O,OneClassSVM,0.005,0.0017263172678542,n_alerts,109.0,56962,99,
84cb4d760616,split_comparison,ULB,random,0,O,OneClassSVM,0.005,0.0017263172678542,alert_rate,0.001913556406025,56962,99,
84cb4d760616,split_comparison,ULB,random,0,O,OneClassSVM,0.005,0.0017263172678542,prevalence,0.0017380007724447,56962,99,
84cb4d760616,split_comparison,ULB,random,0,O,OneClassSVM,0.005,0.0017263172678542,lift,84.4585302566954,56962,99,
84cb4d760616,split_comparison,ULB,random,0,O,OneClassSVM,0.005,0.0017263172678542,tie_ratio,0.0011762433946033,56962,99,
84cb4d760616,split_comparison,ULB,random,0,O,OneClassSVM,0.005,0.0017263172678542,fit_seconds,0.7338354587554932,56962,99,
84cb4d760616,split_comparison,ULB,random,0,O,OneClassSVM,0.005,0.0017263172678542,score_seconds,7.535889387130737,56962,99,
e6c4c949140a,split_comparison,ULB,random,0,O,DBSCAN,0.005,0.0017263172678542,PR_AUC,0.0660991195555175,56962,99,
e6c4c949140a,split_comparison,ULB,random,0,O,DBSCAN,0.005,0.0017263172678542,ROC_AUC,0.948854565740766,56962,99,
e6c4c949140a,split_comparison,ULB,random,0,O,DBSCAN,0.005,0.0017263172678542,Precision,0.1538461538461538,56962,99,
e6c4c949140a,split_comparison,ULB,random,0,O,DBSCAN,0.005,0.0017263172678542,Recall,0.1212121212121212,56962,99,
e6c4c949140a,split_comparison,ULB,random,0,O,DBSCAN,0.005,0.0017263172678542,F1,0.135593220338983,56962,99,
e6c4c949140a,split_comparison,ULB,random,0,O,DBSCAN,0.005,0.0017263172678542,TN,56797.0,56962,99,
e6c4c949140a,split_comparison,ULB,random,0,O,DBSCAN,0.005,0.0017263172678542,FP,66.0,56962,99,
e6c4c949140a,split_comparison,ULB,random,0,O,DBSCAN,0.005,0.0017263172678542,FN,87.0,56962,99,
e6c4c949140a,split_comparison,ULB,random,0,O,DBSCAN,0.005,0.0017263172678542,TP,12.0,56962,99,
e6c4c949140a,split_comparison,ULB,random,0,O,DBSCAN,0.005,0.0017263172678542,n_alerts,78.0,56962,99,
e6c4c949140a,split_comparison,ULB,random,0,O,DBSCAN,0.005,0.0017263172678542,alert_rate,0.0013693339419261,56962,99,
e6c4c949140a,split_comparison,ULB,random,0,O,DBSCAN,0.005,0.0017263172678542,prevalence,0.0017380007724447,56962,99,
e6c4c949140a,split_comparison,ULB,random,0,O,DBSCAN,0.005,0.0017263172678542,lift,88.51903651903652,56962,99,
e6c4c949140a,split_comparison,ULB,random,0,O,DBSCAN,0.005,0.0017263172678542,tie_ratio,0.0029493864222889,56962,99,
e6c4c949140a,split_comparison,ULB,random,0,O,DBSCAN,0.005,0.0017263172678542,fit_seconds,0.7674856185913086,56962,99,
e6c4c949140a,split_comparison,ULB,random,0,O,DBSCAN,0.005,0.0017263172678542,score_seconds,0.0310034751892089,56962,99,
e2aaef8eed5b,split_comparison,ULB,random,0,O,KMeans,0.005,0.0017263172678542,PR_AUC,0.1423465800735455,56962,99,
e2aaef8eed5b,split_comparison,ULB,random,0,O,KMeans,0.005,0.0017263172678542,ROC_AUC,0.9568837878459248,56962,99,
e2aaef8eed5b,split_comparison,ULB,random,0,O,KMeans,0.005,0.0017263172678542,Precision,0.196078431372549,56962,99,
e2aaef8eed5b,split_comparison,ULB,random,0,O,KMeans,0.005,0.0017263172678542,Recall,0.202020202020202,56962,99,
e2aaef8eed5b,split_comparison,ULB,random,0,O,KMeans,0.005,0.0017263172678542,F1,0.1990049751243781,56962,99,
e2aaef8eed5b,split_comparison,ULB,random,0,O,KMeans,0.005,0.0017263172678542,TN,56781.0,56962,99,
e2aaef8eed5b,split_comparison,ULB,random,0,O,KMeans,0.005,0.0017263172678542,FP,82.0,56962,99,
e2aaef8eed5b,split_comparison,ULB,random,0,O,KMeans,0.005,0.0017263172678542,FN,79.0,56962,99,
e2aaef8eed5b,split_comparison,ULB,random,0,O,KMeans,0.005,0.0017263172678542,TP,20.0,56962,99,
e2aaef8eed5b,split_comparison,ULB,random,0,O,KMeans,0.005,0.0017263172678542,n_alerts,102.0,56962,99,
e2aaef8eed5b,split_comparison,ULB,random,0,O,KMeans,0.005,0.0017263172678542,alert_rate,0.0017906674625188,56962,99,
e2aaef8eed5b,split_comparison,ULB,random,0,O,KMeans,0.005,0.0017263172678542,prevalence,0.0017380007724447,56962,99,
e2aaef8eed5b,split_comparison,ULB,random,0,O,KMeans,0.005,0.0017263172678542,lift,112.8183798772034,56962,99,
e2aaef8eed5b,split_comparison,ULB,random,0,O,KMeans,0.005,0.0017263172678542,tie_ratio,0.0034409508260037,56962,99,
e2aaef8eed5b,split_comparison,ULB,random,0,O,KMeans,0.005,0.0017263172678542,fit_seconds,6.289698839187622,56962,99,
e2aaef8eed5b,split_comparison,ULB,random,0,O,KMeans,0.005,0.0017263172678542,score_seconds,0.1168241500854492,56962,99,
af5ff3963491,split_comparison,ULB,random,0,O,Ensemble,0.005,0.0017263172678542,PR_AUC,0.1524928629066904,56962,99,
af5ff3963491,split_comparison,ULB,random,0,O,Ensemble,0.005,0.0017263172678542,ROC_AUC,0.959210485879849,56962,99,
af5ff3963491,split_comparison,ULB,random,0,O,Ensemble,0.005,0.0017263172678542,Precision,0.1320754716981132,56962,99,
af5ff3963491,split_comparison,ULB,random,0,O,Ensemble,0.005,0.0017263172678542,Recall,0.1414141414141414,56962,99,
af5ff3963491,split_comparison,ULB,random,0,O,Ensemble,0.005,0.0017263172678542,F1,0.1365853658536585,56962,99,
af5ff3963491,split_comparison,ULB,random,0,O,Ensemble,0.005,0.0017263172678542,TN,56771.0,56962,99,
af5ff3963491,split_comparison,ULB,random,0,O,Ensemble,0.005,0.0017263172678542,FP,92.0,56962,99,
af5ff3963491,split_comparison,ULB,random,0,O,Ensemble,0.005,0.0017263172678542,FN,85.0,56962,99,
af5ff3963491,split_comparison,ULB,random,0,O,Ensemble,0.005,0.0017263172678542,TP,14.0,56962,99,
af5ff3963491,split_comparison,ULB,random,0,O,Ensemble,0.005,0.0017263172678542,n_alerts,106.0,56962,99,
af5ff3963491,split_comparison,ULB,random,0,O,Ensemble,0.005,0.0017263172678542,alert_rate,0.0018608897159509,56962,99,
af5ff3963491,split_comparison,ULB,random,0,O,Ensemble,0.005,0.0017263172678542,prevalence,0.0017380007724447,56962,99,
af5ff3963491,split_comparison,ULB,random,0,O,Ensemble,0.005,0.0017263172678542,lift,75.99275776634266,56962,99,
af5ff3963491,split_comparison,ULB,random,0,O,Ensemble,0.005,0.0017263172678542,tie_ratio,0.073927775144397,56962,99,
af5ff3963491,split_comparison,ULB,random,0,O,Ensemble,0.005,0.0017263172678542,fit_seconds,0.0,56962,99,
af5ff3963491,split_comparison,ULB,random,0,O,Ensemble,0.005,0.0017263172678542,score_seconds,0.0,56962,99,
71fdbbfd4c35,split_comparison,ULB,random,0,O,Ensemble,0.005,0.0017263172678542,single_point_invariant,1.0,56962,99,invariance
498b6479e52b,split_comparison,ULB,random_matched,0,U,IsolationForest,0.005,0.005,PR_AUC,0.15892797310086,56962,75,
498b6479e52b,split_comparison,ULB,random_matched,0,U,IsolationForest,0.005,0.005,ROC_AUC,0.9543980171216622,56962,75,
498b6479e52b,split_comparison,ULB,random_matched,0,U,IsolationForest,0.005,0.005,Precision,0.1328413284132841,56962,75,
498b6479e52b,split_comparison,ULB,random_matched,0,U,IsolationForest,0.005,0.005,Recall,0.48,56962,75,
498b6479e52b,split_comparison,ULB,random_matched,0,U,IsolationForest,0.005,0.005,F1,0.2080924855491329,56962,75,
498b6479e52b,split_comparison,ULB,random_matched,0,U,IsolationForest,0.005,0.005,TN,56652.0,56962,75,
498b6479e52b,split_comparison,ULB,random_matched,0,U,IsolationForest,0.005,0.005,FP,235.0,56962,75,
498b6479e52b,split_comparison,ULB,random_matched,0,U,IsolationForest,0.005,0.005,FN,39.0,56962,75,
498b6479e52b,split_comparison,ULB,random_matched,0,U,IsolationForest,0.005,0.005,TP,36.0,56962,75,
498b6479e52b,split_comparison,ULB,random_matched,0,U,IsolationForest,0.005,0.005,n_alerts,271.0,56962,75,
498b6479e52b,split_comparison,ULB,random_matched,0,U,IsolationForest,0.005,0.005,alert_rate,0.0047575576700256,56962,75,
498b6479e52b,split_comparison,ULB,random_matched,0,U,IsolationForest,0.005,0.005,prevalence,0.0013166672518521,56962,75,
498b6479e52b,split_comparison,ULB,random_matched,0,U,IsolationForest,0.005,0.005,lift,100.89210332103322,56962,75,
498b6479e52b,split_comparison,ULB,random_matched,0,U,IsolationForest,0.005,0.005,tie_ratio,0.0064955584424704,56962,75,
498b6479e52b,split_comparison,ULB,random_matched,0,U,IsolationForest,0.005,0.005,fit_seconds,1.4379286766052246,56962,75,
498b6479e52b,split_comparison,ULB,random_matched,0,U,IsolationForest,0.005,0.005,score_seconds,1.657562017440796,56962,75,
32a17e575909,split_comparison,ULB,random_matched,0,U,LOF,0.005,0.005,PR_AUC,0.1391314776029619,56962,75,
32a17e575909,split_comparison,ULB,random_matched,0,U,LOF,0.005,0.005,ROC_AUC,0.9050491910864228,56962,75,
32a17e575909,split_comparison,ULB,random_matched,0,U,LOF,0.005,0.005,Precision,0.1195652173913043,56962,75,
32a17e575909,split_comparison,ULB,random_matched,0,U,LOF,0.005,0.005,Recall,0.44,56962,75,
32a17e575909,split_comparison,ULB,random_matched,0,U,LOF,0.005,0.005,F1,0.188034188034188,56962,75,
32a17e575909,split_comparison,ULB,random_matched,0,U,LOF,0.005,0.005,TN,56644.0,56962,75,
32a17e575909,split_comparison,ULB,random_matched,0,U,LOF,0.005,0.005,FP,243.0,56962,75,
32a17e575909,split_comparison,ULB,random_matched,0,U,LOF,0.005,0.005,FN,42.0,56962,75,
32a17e575909,split_comparison,ULB,random_matched,0,U,LOF,0.005,0.005,TP,33.0,56962,75,
32a17e575909,split_comparison,ULB,random_matched,0,U,LOF,0.005,0.005,n_alerts,276.0,56962,75,
32a17e575909,split_comparison,ULB,random_matched,0,U,LOF,0.005,0.005,alert_rate,0.0048453354868157,56962,75,
32a17e575909,split_comparison,ULB,random_matched,0,U,LOF,0.005,0.005,prevalence,0.0013166672518521,56962,75,
32a17e575909,split_comparison,ULB,random_matched,0,U,LOF,0.005,0.005,lift,90.80898550724638,56962,75,
32a17e575909,split_comparison,ULB,random_matched,0,U,LOF,0.005,0.005,tie_ratio,0.0157824514588673,56962,75,
32a17e575909,split_comparison,ULB,random_matched,0,U,LOF,0.005,0.005,fit_seconds,0.8902816772460938,56962,75,
32a17e575909,split_comparison,ULB,random_matched,0,U,LOF,0.005,0.005,score_seconds,6.38550877571106,56962,75,
c1a61015567c,split_comparison,ULB,random_matched,0,U,OneClassSVM,0.005,0.005,PR_AUC,0.0805137822045268,56962,75,
c1a61015567c,split_comparison,ULB,random_matched,0,U,OneClassSVM,0.005,0.005,ROC_AUC,0.9445837068808924,56962,75,
c1a61015567c,split_comparison,ULB,random_matched,0,U,OneClassSVM,0.005,0.005,Precision,0.1003460207612456,56962,75,
c1a61015567c,split_comparison,ULB,random_matched,0,U,OneClassSVM,0.005,0.005,Recall,0.3866666666666666,56962,75,
c1a61015567c,split_comparison,ULB,random_matched,0,U,OneClassSVM,0.005,0.005,F1,0.1593406593406593,56962,75,
c1a61015567c,split_comparison,ULB,random_matched,0,U,OneClassSVM,0.005,0.005,TN,56627.0,56962,75,
c1a61015567c,split_comparison,ULB,random_matched,0,U,OneClassSVM,0.005,0.005,FP,260.0,56962,75,
c1a61015567c,split_comparison,ULB,random_matched,0,U,OneClassSVM,0.005,0.005,FN,46.0,56962,75,
c1a61015567c,split_comparison,ULB,random_matched,0,U,OneClassSVM,0.005,0.005,TP,29.0,56962,75,
c1a61015567c,split_comparison,ULB,random_matched,0,U,OneClassSVM,0.005,0.005,n_alerts,289.0,56962,75,
c1a61015567c,split_comparison,ULB,random_matched,0,U,OneClassSVM,0.005,0.005,alert_rate,0.0050735578104701,56962,75,
c1a61015567c,split_comparison,ULB,random_matched,0,U,OneClassSVM,0.005,0.005,prevalence,0.0013166672518521,56962,75,
c1a61015567c,split_comparison,ULB,random_matched,0,U,OneClassSVM,0.005,0.005,lift,76.21213379469434,56962,75,
c1a61015567c,split_comparison,ULB,random_matched,0,U,OneClassSVM,0.005,0.005,tie_ratio,0.0011060004915557,56962,75,
c1a61015567c,split_comparison,ULB,random_matched,0,U,OneClassSVM,0.005,0.005,fit_seconds,0.8789803981781006,56962,75,
c1a61015567c,split_comparison,ULB,random_matched,0,U,OneClassSVM,0.005,0.005,score_seconds,7.375620365142822,56962,75,
b0a676c0e89e,split_comparison,ULB,random_matched,0,U,DBSCAN,0.005,0.005,PR_AUC,0.0645217613398634,56962,75,
b0a676c0e89e,split_comparison,ULB,random_matched,0,U,DBSCAN,0.005,0.005,ROC_AUC,0.9501840490797546,56962,75,
b0a676c0e89e,split_comparison,ULB,random_matched,0,U,DBSCAN,0.005,0.005,Precision,0.0750853242320819,56962,75,
b0a676c0e89e,split_comparison,ULB,random_matched,0,U,DBSCAN,0.005,0.005,Recall,0.2933333333333333,56962,75,
b0a676c0e89e,split_comparison,ULB,random_matched,0,U,DBSCAN,0.005,0.005,F1,0.1195652173913043,56962,75,
b0a676c0e89e,split_comparison,ULB,random_matched,0,U,DBSCAN,0.005,0.005,TN,56616.0,56962,75,
b0a676c0e89e,split_comparison,ULB,random_matched,0,U,DBSCAN,0.005,0.005,FP,271.0,56962,75,
b0a676c0e89e,split_comparison,ULB,random_matched,0,U,DBSCAN,0.005,0.005,FN,53.0,56962,75,
b0a676c0e89e,split_comparison,ULB,random_matched,0,U,DBSCAN,0.005,0.005,TP,22.0,56962,75,
b0a676c0e89e,split_comparison,ULB,random_matched,0,U,DBSCAN,0.005,0.005,n_alerts,293.0,56962,75,
b0a676c0e89e,split_comparison,ULB,random_matched,0,U,DBSCAN,0.005,0.005,alert_rate,0.0051437800639022,56962,75,
b0a676c0e89e,split_comparison,ULB,random_matched,0,U,DBSCAN,0.005,0.005,prevalence,0.0013166672518521,56962,75,
b0a676c0e89e,split_comparison,ULB,random_matched,0,U,DBSCAN,0.005,0.005,lift,57.026803185438,56962,75,
b0a676c0e89e,split_comparison,ULB,random_matched,0,U,DBSCAN,0.005,0.005,tie_ratio,0.0033004459113092,56962,75,
b0a676c0e89e,split_comparison,ULB,random_matched,0,U,DBSCAN,0.005,0.005,fit_seconds,0.7771995067596436,56962,75,
b0a676c0e89e,split_comparison,ULB,random_matched,0,U,DBSCAN,0.005,0.005,score_seconds,0.0330028533935546,56962,75,
1abcac636c57,split_comparison,ULB,random_matched,0,U,KMeans,0.005,0.005,PR_AUC,0.1970056252451113,56962,75,
1abcac636c57,split_comparison,ULB,random_matched,0,U,KMeans,0.005,0.005,ROC_AUC,0.9617620897568864,56962,75,
1abcac636c57,split_comparison,ULB,random_matched,0,U,KMeans,0.005,0.005,Precision,0.130281690140845,56962,75,
1abcac636c57,split_comparison,ULB,random_matched,0,U,KMeans,0.005,0.005,Recall,0.4933333333333333,56962,75,
1abcac636c57,split_comparison,ULB,random_matched,0,U,KMeans,0.005,0.005,F1,0.2061281337047353,56962,75,
1abcac636c57,split_comparison,ULB,random_matched,0,U,KMeans,0.005,0.005,TN,56640.0,56962,75,
1abcac636c57,split_comparison,ULB,random_matched,0,U,KMeans,0.005,0.005,FP,247.0,56962,75,
1abcac636c57,split_comparison,ULB,random_matched,0,U,KMeans,0.005,0.005,FN,38.0,56962,75,
1abcac636c57,split_comparison,ULB,random_matched,0,U,KMeans,0.005,0.005,TP,37.0,56962,75,
1abcac636c57,split_comparison,ULB,random_matched,0,U,KMeans,0.005,0.005,n_alerts,284.0,56962,75,
1abcac636c57,split_comparison,ULB,random_matched,0,U,KMeans,0.005,0.005,alert_rate,0.0049857799936799,56962,75,
1abcac636c57,split_comparison,ULB,random_matched,0,U,KMeans,0.005,0.005,prevalence,0.0013166672518521,56962,75,
1abcac636c57,split_comparison,ULB,random_matched,0,U,KMeans,0.005,0.005,lift,98.94807511737088,56962,75,
1abcac636c57,split_comparison,ULB,random_matched,0,U,KMeans,0.005,0.005,tie_ratio,0.0033706681647414,56962,75,
1abcac636c57,split_comparison,ULB,random_matched,0,U,KMeans,0.005,0.005,fit_seconds,6.62891411781311,56962,75,
1abcac636c57,split_comparison,ULB,random_matched,0,U,KMeans,0.005,0.005,score_seconds,0.1134529113769531,56962,75,
3a531d5cda0a,split_comparison,ULB,random_matched,0,U,Ensemble,0.005,0.005,PR_AUC,0.117569210296262,56962,75,
3a531d5cda0a,split_comparison,ULB,random_matched,0,U,Ensemble,0.005,0.005,ROC_AUC,0.9580929444922976,56962,75,
3a531d5cda0a,split_comparison,ULB,random_matched,0,U,Ensemble,0.005,0.005,Precision,0.1205673758865248,56962,75,
3a531d5cda0a,split_comparison,ULB,random_matched,0,U,Ensemble,0.005,0.005,Recall,0.4533333333333333,56962,75,
3a531d5cda0a,split_comparison,ULB,random_matched,0,U,Ensemble,0.005,0.005,F1,0.1904761904761904,56962,75,
3a531d5cda0a,split_comparison,ULB,random_matched,0,U,Ensemble,0.005,0.005,TN,56639.0,56962,75,
3a531d5cda0a,split_comparison,ULB,random_matched,0,U,Ensemble,0.005,0.005,FP,248.0,56962,75,
3a531d5cda0a,split_comparison,ULB,random_matched,0,U,Ensemble,0.005,0.005,FN,41.0,56962,75,
3a531d5cda0a,split_comparison,ULB,random_matched,0,U,Ensemble,0.005,0.005,TP,34.0,56962,75,
3a531d5cda0a,split_comparison,ULB,random_matched,0,U,Ensemble,0.005,0.005,n_alerts,282.0,56962,75,
3a531d5cda0a,split_comparison,ULB,random_matched,0,U,Ensemble,0.005,0.005,alert_rate,0.0049506688669639,56962,75,
3a531d5cda0a,split_comparison,ULB,random_matched,0,U,Ensemble,0.005,0.005,prevalence,0.0013166672518521,56962,75,
3a531d5cda0a,split_comparison,ULB,random_matched,0,U,Ensemble,0.005,0.005,lift,91.57011820330968,56962,75,
3a531d5cda0a,split_comparison,ULB,random_matched,0,U,Ensemble,0.005,0.005,tie_ratio,0.0718373652610512,56962,75,
3a531d5cda0a,split_comparison,ULB,random_matched,0,U,Ensemble,0.005,0.005,fit_seconds,0.0,56962,75,
3a531d5cda0a,split_comparison,ULB,random_matched,0,U,Ensemble,0.005,0.005,score_seconds,0.0,56962,75,
ab9d43832527,split_comparison,ULB,random_matched,0,U,Ensemble,0.005,0.005,single_point_invariant,1.0,56962,75,invariance
de08a3139cb8,split_comparison,ULB,random_matched,0,N,IsolationForest,0.005,0.005,PR_AUC,0.1541392183768018,56962,75,
de08a3139cb8,split_comparison,ULB,random_matched,0,N,IsolationForest,0.005,0.005,ROC_AUC,0.9544666912768588,56962,75,
de08a3139cb8,split_comparison,ULB,random_matched,0,N,IsolationForest,0.005,0.005,Precision,0.1232394366197183,56962,75,
de08a3139cb8,split_comparison,ULB,random_matched,0,N,IsolationForest,0.005,0.005,Recall,0.4666666666666667,56962,75,
de08a3139cb8,split_comparison,ULB,random_matched,0,N,IsolationForest,0.005,0.005,F1,0.1949860724233983,56962,75,
de08a3139cb8,split_comparison,ULB,random_matched,0,N,IsolationForest,0.005,0.005,TN,56638.0,56962,75,
de08a3139cb8,split_comparison,ULB,random_matched,0,N,IsolationForest,0.005,0.005,FP,249.0,56962,75,
de08a3139cb8,split_comparison,ULB,random_matched,0,N,IsolationForest,0.005,0.005,FN,40.0,56962,75,
de08a3139cb8,split_comparison,ULB,random_matched,0,N,IsolationForest,0.005,0.005,TP,35.0,56962,75,
de08a3139cb8,split_comparison,ULB,random_matched,0,N,IsolationForest,0.005,0.005,n_alerts,284.0,56962,75,
de08a3139cb8,split_comparison,ULB,random_matched,0,N,IsolationForest,0.005,0.005,alert_rate,0.0049857799936799,56962,75,
de08a3139cb8,split_comparison,ULB,random_matched,0,N,IsolationForest,0.005,0.005,prevalence,0.0013166672518521,56962,75,
de08a3139cb8,split_comparison,ULB,random_matched,0,N,IsolationForest,0.005,0.005,lift,93.59953051643193,56962,75,
de08a3139cb8,split_comparison,ULB,random_matched,0,N,IsolationForest,0.005,0.005,tie_ratio,0.0061093360485937,56962,75,
de08a3139cb8,split_comparison,ULB,random_matched,0,N,IsolationForest,0.005,0.005,fit_seconds,1.377615451812744,56962,75,
de08a3139cb8,split_comparison,ULB,random_matched,0,N,IsolationForest,0.005,0.005,score_seconds,1.67506742477417,56962,75,
4f6a92de5edc,split_comparison,ULB,random_matched,0,N,LOF,0.005,0.005,PR_AUC,0.5248191370318727,56962,75,
4f6a92de5edc,split_comparison,ULB,random_matched,0,N,LOF,0.005,0.005,ROC_AUC,0.9560424467218638,56962,75,
4f6a92de5edc,split_comparison,ULB,random_matched,0,N,LOF,0.005,0.005,Precision,0.2295719844357976,56962,75,
4f6a92de5edc,split_comparison,ULB,random_matched,0,N,LOF,0.005,0.005,Recall,0.7866666666666666,56962,75,
4f6a92de5edc,split_comparison,ULB,random_matched,0,N,LOF,0.005,0.005,F1,0.3554216867469879,56962,75,
4f6a92de5edc,split_comparison,ULB,random_matched,0,N,LOF,0.005,0.005,TN,56689.0,56962,75,
4f6a92de5edc,split_comparison,ULB,random_matched,0,N,LOF,0.005,0.005,FP,198.0,56962,75,
4f6a92de5edc,split_comparison,ULB,random_matched,0,N,LOF,0.005,0.005,FN,16.0,56962,75,
4f6a92de5edc,split_comparison,ULB,random_matched,0,N,LOF,0.005,0.005,TP,59.0,56962,75,
4f6a92de5edc,split_comparison,ULB,random_matched,0,N,LOF,0.005,0.005,n_alerts,257.0,56962,75,
4f6a92de5edc,split_comparison,ULB,random_matched,0,N,LOF,0.005,0.005,alert_rate,0.0045117797830132,56962,75,
4f6a92de5edc,split_comparison,ULB,random_matched,0,N,LOF,0.005,0.005,prevalence,0.0013166672518521,56962,75,
4f6a92de5edc,split_comparison,ULB,random_matched,0,N,LOF,0.005,0.005,lift,174.35839169909207,56962,75,
4f6a92de5edc,split_comparison,ULB,random_matched,0,N,LOF,0.005,0.005,tie_ratio,0.0165724518099785,56962,75,
4f6a92de5edc,split_comparison,ULB,random_matched,0,N,LOF,0.005,0.005,fit_seconds,1.0404911041259766,56962,75,
4f6a92de5edc,split_comparison,ULB,random_matched,0,N,LOF,0.005,0.005,score_seconds,6.247728586196899,56962,75,
b2f5d1b1fb1f,split_comparison,ULB,random_matched,0,N,OneClassSVM,0.005,0.005,PR_AUC,0.1906229839393203,56962,75,
b2f5d1b1fb1f,split_comparison,ULB,random_matched,0,N,OneClassSVM,0.005,0.005,ROC_AUC,0.9486617329091004,56962,75,
b2f5d1b1fb1f,split_comparison,ULB,random_matched,0,N,OneClassSVM,0.005,0.005,Precision,0.1678571428571428,56962,75,
b2f5d1b1fb1f,split_comparison,ULB,random_matched,0,N,OneClassSVM,0.005,0.005,Recall,0.6266666666666667,56962,75,
b2f5d1b1fb1f,split_comparison,ULB,random_matched,0,N,OneClassSVM,0.005,0.005,F1,0.2647887323943662,56962,75,
b2f5d1b1fb1f,split_comparison,ULB,random_matched,0,N,OneClassSVM,0.005,0.005,TN,56654.0,56962,75,
b2f5d1b1fb1f,split_comparison,ULB,random_matched,0,N,OneClassSVM,0.005,0.005,FP,233.0,56962,75,
b2f5d1b1fb1f,split_comparison,ULB,random_matched,0,N,OneClassSVM,0.005,0.005,FN,28.0,56962,75,
b2f5d1b1fb1f,split_comparison,ULB,random_matched,0,N,OneClassSVM,0.005,0.005,TP,47.0,56962,75,
b2f5d1b1fb1f,split_comparison,ULB,random_matched,0,N,OneClassSVM,0.005,0.005,n_alerts,280.0,56962,75,
b2f5d1b1fb1f,split_comparison,ULB,random_matched,0,N,OneClassSVM,0.005,0.005,alert_rate,0.0049155577402478,56962,75,
b2f5d1b1fb1f,split_comparison,ULB,random_matched,0,N,OneClassSVM,0.005,0.005,prevalence,0.0013166672518521,56962,75,
b2f5d1b1fb1f,split_comparison,ULB,random_matched,0,N,OneClassSVM,0.005,0.005,lift,127.48638095238094,56962,75,
b2f5d1b1fb1f,split_comparison,ULB,random_matched,0,N,OneClassSVM,0.005,0.005,tie_ratio,0.0011235560549137,56962,75,
b2f5d1b1fb1f,split_comparison,ULB,random_matched,0,N,OneClassSVM,0.005,0.005,fit_seconds,1.0365478992462158,56962,75,
b2f5d1b1fb1f,split_comparison,ULB,random_matched,0,N,OneClassSVM,0.005,0.005,score_seconds,8.01187515258789,56962,75,
c44030bbd4bb,split_comparison,ULB,random_matched,0,N,DBSCAN,0.005,0.005,PR_AUC,0.0631889309600594,56962,75,
c44030bbd4bb,split_comparison,ULB,random_matched,0,N,DBSCAN,0.005,0.005,ROC_AUC,0.9417319715693684,56962,75,
c44030bbd4bb,split_comparison,ULB,random_matched,0,N,DBSCAN,0.005,0.005,Precision,0.0716723549488054,56962,75,
c44030bbd4bb,split_comparison,ULB,random_matched,0,N,DBSCAN,0.005,0.005,Recall,0.28,56962,75,
c44030bbd4bb,split_comparison,ULB,random_matched,0,N,DBSCAN,0.005,0.005,F1,0.1141304347826086,56962,75,
c44030bbd4bb,split_comparison,ULB,random_matched,0,N,DBSCAN,0.005,0.005,TN,56615.0,56962,75,
c44030bbd4bb,split_comparison,ULB,random_matched,0,N,DBSCAN,0.005,0.005,FP,272.0,56962,75,
c44030bbd4bb,split_comparison,ULB,random_matched,0,N,DBSCAN,0.005,0.005,FN,54.0,56962,75,
c44030bbd4bb,split_comparison,ULB,random_matched,0,N,DBSCAN,0.005,0.005,TP,21.0,56962,75,
c44030bbd4bb,split_comparison,ULB,random_matched,0,N,DBSCAN,0.005,0.005,n_alerts,293.0,56962,75,
c44030bbd4bb,split_comparison,ULB,random_matched,0,N,DBSCAN,0.005,0.005,alert_rate,0.0051437800639022,56962,75,
c44030bbd4bb,split_comparison,ULB,random_matched,0,N,DBSCAN,0.005,0.005,prevalence,0.0013166672518521,56962,75,
c44030bbd4bb,split_comparison,ULB,random_matched,0,N,DBSCAN,0.005,0.005,lift,54.43467576791809,56962,75,
c44030bbd4bb,split_comparison,ULB,random_matched,0,N,DBSCAN,0.005,0.005,tie_ratio,0.0028264457006424,56962,75,
c44030bbd4bb,split_comparison,ULB,random_matched,0,N,DBSCAN,0.005,0.005,fit_seconds,0.7228069305419922,56962,75,
c44030bbd4bb,split_comparison,ULB,random_matched,0,N,DBSCAN,0.005,0.005,score_seconds,0.0300970077514648,56962,75,
5263ce83ac65,split_comparison,ULB,random_matched,0,N,KMeans,0.005,0.005,PR_AUC,0.2057658397199638,56962,75,
5263ce83ac65,split_comparison,ULB,random_matched,0,N,KMeans,0.005,0.005,ROC_AUC,0.9619807688927172,56962,75,
5263ce83ac65,split_comparison,ULB,random_matched,0,N,KMeans,0.005,0.005,Precision,0.1285714285714285,56962,75,
5263ce83ac65,split_comparison,ULB,random_matched,0,N,KMeans,0.005,0.005,Recall,0.48,56962,75,
5263ce83ac65,split_comparison,ULB,random_matched,0,N,KMeans,0.005,0.005,F1,0.2028169014084507,56962,75,
5263ce83ac65,split_comparison,ULB,random_matched,0,N,KMeans,0.005,0.005,TN,56643.0,56962,75,
5263ce83ac65,split_comparison,ULB,random_matched,0,N,KMeans,0.005,0.005,FP,244.0,56962,75,
5263ce83ac65,split_comparison,ULB,random_matched,0,N,KMeans,0.005,0.005,FN,39.0,56962,75,
5263ce83ac65,split_comparison,ULB,random_matched,0,N,KMeans,0.005,0.005,TP,36.0,56962,75,
5263ce83ac65,split_comparison,ULB,random_matched,0,N,KMeans,0.005,0.005,n_alerts,280.0,56962,75,
5263ce83ac65,split_comparison,ULB,random_matched,0,N,KMeans,0.005,0.005,alert_rate,0.0049155577402478,56962,75,
5263ce83ac65,split_comparison,ULB,random_matched,0,N,KMeans,0.005,0.005,prevalence,0.0013166672518521,56962,75,
5263ce83ac65,split_comparison,ULB,random_matched,0,N,KMeans,0.005,0.005,lift,97.64914285714283,56962,75,
5263ce83ac65,split_comparison,ULB,random_matched,0,N,KMeans,0.005,0.005,tie_ratio,0.0032477792212352,56962,75,
5263ce83ac65,split_comparison,ULB,random_matched,0,N,KMeans,0.005,0.005,fit_seconds,6.604287385940552,56962,75,
5263ce83ac65,split_comparison,ULB,random_matched,0,N,KMeans,0.005,0.005,score_seconds,0.1146609783172607,56962,75,
54a543b418b9,split_comparison,ULB,random_matched,0,N,Ensemble,0.005,0.005,PR_AUC,0.2799568012592274,56962,75,
54a543b418b9,split_comparison,ULB,random_matched,0,N,Ensemble,0.005,0.005,ROC_AUC,0.9593930657853874,56962,75,
54a543b418b9,split_comparison,ULB,random_matched,0,N,Ensemble,0.005,0.005,Precision,0.1942446043165467,56962,75,
54a543b418b9,split_comparison,ULB,random_matched,0,N,Ensemble,0.005,0.005,Recall,0.72,56962,75,
54a543b418b9,split_comparison,ULB,random_matched,0,N,Ensemble,0.005,0.005,F1,0.3059490084985836,56962,75,
54a543b418b9,split_comparison,ULB,random_matched,0,N,Ensemble,0.005,0.005,TN,56663.0,56962,75,
54a543b418b9,split_comparison,ULB,random_matched,0,N,Ensemble,0.005,0.005,FP,224.0,56962,75,
54a543b418b9,split_comparison,ULB,random_matched,0,N,Ensemble,0.005,0.005,FN,21.0,56962,75,
54a543b418b9,split_comparison,ULB,random_matched,0,N,Ensemble,0.005,0.005,TP,54.0,56962,75,
54a543b418b9,split_comparison,ULB,random_matched,0,N,Ensemble,0.005,0.005,n_alerts,278.0,56962,75,
54a543b418b9,split_comparison,ULB,random_matched,0,N,Ensemble,0.005,0.005,alert_rate,0.0048804466135318,56962,75,
54a543b418b9,split_comparison,ULB,random_matched,0,N,Ensemble,0.005,0.005,prevalence,0.0013166672518521,56962,75,
54a543b418b9,split_comparison,ULB,random_matched,0,N,Ensemble,0.005,0.005,lift,147.52748201438848,56962,75,
54a543b418b9,split_comparison,ULB,random_matched,0,N,Ensemble,0.005,0.005,tie_ratio,0.0690635862504828,56962,75,
54a543b418b9,split_comparison,ULB,random_matched,0,N,Ensemble,0.005,0.005,fit_seconds,0.0,56962,75,
54a543b418b9,split_comparison,ULB,random_matched,0,N,Ensemble,0.005,0.005,score_seconds,0.0,56962,75,
d474dc865d8e,split_comparison,ULB,random_matched,0,N,Ensemble,0.005,0.005,single_point_invariant,1.0,56962,75,invariance
473d58f80524,split_comparison,ULB,random_matched,0,O,IsolationForest,0.005,0.0018316625995564,PR_AUC,0.15892797310086,56962,75,
473d58f80524,split_comparison,ULB,random_matched,0,O,IsolationForest,0.005,0.0018316625995564,ROC_AUC,0.9543980171216622,56962,75,
473d58f80524,split_comparison,ULB,random_matched,0,O,IsolationForest,0.005,0.0018316625995564,Precision,0.2403846153846154,56962,75,
473d58f80524,split_comparison,ULB,random_matched,0,O,IsolationForest,0.005,0.0018316625995564,Recall,0.3333333333333333,56962,75,
473d58f80524,split_comparison,ULB,random_matched,0,O,IsolationForest,0.005,0.0018316625995564,F1,0.2793296089385474,56962,75,
473d58f80524,split_comparison,ULB,random_matched,0,O,IsolationForest,0.005,0.0018316625995564,TN,56808.0,56962,75,
473d58f80524,split_comparison,ULB,random_matched,0,O,IsolationForest,0.005,0.0018316625995564,FP,79.0,56962,75,
473d58f80524,split_comparison,ULB,random_matched,0,O,IsolationForest,0.005,0.0018316625995564,FN,50.0,56962,75,
473d58f80524,split_comparison,ULB,random_matched,0,O,IsolationForest,0.005,0.0018316625995564,TP,25.0,56962,75,
473d58f80524,split_comparison,ULB,random_matched,0,O,IsolationForest,0.005,0.0018316625995564,n_alerts,104.0,56962,75,
473d58f80524,split_comparison,ULB,random_matched,0,O,IsolationForest,0.005,0.0018316625995564,alert_rate,0.0018257785892349,56962,75,
473d58f80524,split_comparison,ULB,random_matched,0,O,IsolationForest,0.005,0.0018316625995564,prevalence,0.0013166672518521,56962,75,
473d58f80524,split_comparison,ULB,random_matched,0,O,IsolationForest,0.005,0.0018316625995564,lift,182.5705128205128,56962,75,
473d58f80524,split_comparison,ULB,random_matched,0,O,IsolationForest,0.005,0.0018316625995564,tie_ratio,0.0064955584424704,56962,75,
473d58f80524,split_comparison,ULB,random_matched,0,O,IsolationForest,0.005,0.0018316625995564,fit_seconds,1.4334256649017334,56962,75,
473d58f80524,split_comparison,ULB,random_matched,0,O,IsolationForest,0.005,0.0018316625995564,score_seconds,1.6563982963562012,56962,75,
37913f77cbc6,split_comparison,ULB,random_matched,0,O,LOF,0.005,0.0018316625995564,PR_AUC,0.1391314776029619,56962,75,
37913f77cbc6,split_comparison,ULB,random_matched,0,O,LOF,0.005,0.0018316625995564,ROC_AUC,0.9050491910864228,56962,75,
37913f77cbc6,split_comparison,ULB,random_matched,0,O,LOF,0.005,0.0018316625995564,Precision,0.1649484536082474,56962,75,
37913f77cbc6,split_comparison,ULB,random_matched,0,O,LOF,0.005,0.0018316625995564,Recall,0.2133333333333333,56962,75,
37913f77cbc6,split_comparison,ULB,random_matched,0,O,LOF,0.005,0.0018316625995564,F1,0.1860465116279069,56962,75,
37913f77cbc6,split_comparison,ULB,random_matched,0,O,LOF,0.005,0.0018316625995564,TN,56806.0,56962,75,
37913f77cbc6,split_comparison,ULB,random_matched,0,O,LOF,0.005,0.0018316625995564,FP,81.0,56962,75,
37913f77cbc6,split_comparison,ULB,random_matched,0,O,LOF,0.005,0.0018316625995564,FN,59.0,56962,75,
37913f77cbc6,split_comparison,ULB,random_matched,0,O,LOF,0.005,0.0018316625995564,TP,16.0,56962,75,
37913f77cbc6,split_comparison,ULB,random_matched,0,O,LOF,0.005,0.0018316625995564,n_alerts,97.0,56962,75,
37913f77cbc6,split_comparison,ULB,random_matched,0,O,LOF,0.005,0.0018316625995564,alert_rate,0.0017028896457287,56962,75,
37913f77cbc6,split_comparison,ULB,random_matched,0,O,LOF,0.005,0.0018316625995564,prevalence,0.0013166672518521,56962,75,
37913f77cbc6,split_comparison,ULB,random_matched,0,O,LOF,0.005,0.0018316625995564,lift,125.27725085910652,56962,75,
37913f77cbc6,split_comparison,ULB,random_matched,0,O,LOF,0.005,0.0018316625995564,tie_ratio,0.0157824514588673,56962,75,
37913f77cbc6,split_comparison,ULB,random_matched,0,O,LOF,0.005,0.0018316625995564,fit_seconds,0.8980894088745117,56962,75,
37913f77cbc6,split_comparison,ULB,random_matched,0,O,LOF,0.005,0.0018316625995564,score_seconds,6.26327919960022,56962,75,
f37c2735a0b6,split_comparison,ULB,random_matched,0,O,OneClassSVM,0.005,0.0018316625995564,PR_AUC,0.0804667543272767,56962,75,
f37c2735a0b6,split_comparison,ULB,random_matched,0,O,OneClassSVM,0.005,0.0018316625995564,ROC_AUC,0.9445525339708544,56962,75,
f37c2735a0b6,split_comparison,ULB,random_matched,0,O,OneClassSVM,0.005,0.0018316625995564,Precision,0.0659340659340659,56962,75,
f37c2735a0b6,split_comparison,ULB,random_matched,0,O,OneClassSVM,0.005,0.0018316625995564,Recall,0.08,56962,75,
f37c2735a0b6,split_comparison,ULB,random_matched,0,O,OneClassSVM,0.005,0.0018316625995564,F1,0.072289156626506,56962,75,
f37c2735a0b6,split_comparison,ULB,random_matched,0,O,OneClassSVM,0.005,0.0018316625995564,TN,56802.0,56962,75,
f37c2735a0b6,split_comparison,ULB,random_matched,0,O,OneClassSVM,0.005,0.0018316625995564,FP,85.0,56962,75,
f37c2735a0b6,split_comparison,ULB,random_matched,0,O,OneClassSVM,0.005,0.0018316625995564,FN,69.0,56962,75,
f37c2735a0b6,split_comparison,ULB,random_matched,0,O,OneClassSVM,0.005,0.0018316625995564,TP,6.0,56962,75,
f37c2735a0b6,split_comparison,ULB,random_matched,0,O,OneClassSVM,0.005,0.0018316625995564,n_alerts,91.0,56962,75,
f37c2735a0b6,split_comparison,ULB,random_matched,0,O,OneClassSVM,0.005,0.0018316625995564,alert_rate,0.0015975562655805,56962,75,
f37c2735a0b6,split_comparison,ULB,random_matched,0,O,OneClassSVM,0.005,0.0018316625995564,prevalence,0.0013166672518521,56962,75,
f37c2735a0b6,split_comparison,ULB,random_matched,0,O,OneClassSVM,0.005,0.0018316625995564,lift,50.07648351648351,56962,75,
f37c2735a0b6,split_comparison,ULB,random_matched,0,O,OneClassSVM,0.005,0.0018316625995564,tie_ratio,0.0011060004915557,56962,75,
f37c2735a0b6,split_comparison,ULB,random_matched,0,O,OneClassSVM,0.005,0.0018316625995564,fit_seconds,0.8636317253112793,56962,75,
f37c2735a0b6,split_comparison,ULB,random_matched,0,O,OneClassSVM,0.005,0.0018316625995564,score_seconds,8.273380994796753,56962,75,
87f6c4814fb7,split_comparison,ULB,random_matched,0,O,DBSCAN,0.005,0.0018316625995564,PR_AUC,0.0645217613398634,56962,75,
87f6c4814fb7,split_comparison,ULB,random_matched,0,O,DBSCAN,0.005,0.0018316625995564,ROC_AUC,0.9501840490797546,56962,75,
87f6c4814fb7,split_comparison,ULB,random_matched,0,O,DBSCAN,0.005,0.0018316625995564,Precision,0.1632653061224489,56962,75,
87f6c4814fb7,split_comparison,ULB,random_matched,0,O,DBSCAN,0.005,0.0018316625995564,Recall,0.2133333333333333,56962,75,
87f6c4814fb7,split_comparison,ULB,random_matched,0,O,DBSCAN,0.005,0.0018316625995564,F1,0.1849710982658959,56962,75,
87f6c4814fb7,split_comparison,ULB,random_matched,0,O,DBSCAN,0.005,0.0018316625995564,TN,56805.0,56962,75,
87f6c4814fb7,split_comparison,ULB,random_matched,0,O,DBSCAN,0.005,0.0018316625995564,FP,82.0,56962,75,
87f6c4814fb7,split_comparison,ULB,random_matched,0,O,DBSCAN,0.005,0.0018316625995564,FN,59.0,56962,75,
87f6c4814fb7,split_comparison,ULB,random_matched,0,O,DBSCAN,0.005,0.0018316625995564,TP,16.0,56962,75,
87f6c4814fb7,split_comparison,ULB,random_matched,0,O,DBSCAN,0.005,0.0018316625995564,n_alerts,98.0,56962,75,
87f6c4814fb7,split_comparison,ULB,random_matched,0,O,DBSCAN,0.005,0.0018316625995564,alert_rate,0.0017204452090867,56962,75,
87f6c4814fb7,split_comparison,ULB,random_matched,0,O,DBSCAN,0.005,0.0018316625995564,prevalence,0.0013166672518521,56962,75,
87f6c4814fb7,split_comparison,ULB,random_matched,0,O,DBSCAN,0.005,0.0018316625995564,lift,123.99891156462584,56962,75,
87f6c4814fb7,split_comparison,ULB,random_matched,0,O,DBSCAN,0.005,0.0018316625995564,tie_ratio,0.0033004459113092,56962,75,
87f6c4814fb7,split_comparison,ULB,random_matched,0,O,DBSCAN,0.005,0.0018316625995564,fit_seconds,0.765894889831543,56962,75,
87f6c4814fb7,split_comparison,ULB,random_matched,0,O,DBSCAN,0.005,0.0018316625995564,score_seconds,0.0309956073760986,56962,75,
8ec6a95272f4,split_comparison,ULB,random_matched,0,O,KMeans,0.005,0.0018316625995564,PR_AUC,0.1970056252451113,56962,75,
8ec6a95272f4,split_comparison,ULB,random_matched,0,O,KMeans,0.005,0.0018316625995564,ROC_AUC,0.9617620897568864,56962,75,
8ec6a95272f4,split_comparison,ULB,random_matched,0,O,KMeans,0.005,0.0018316625995564,Precision,0.2371134020618556,56962,75,
8ec6a95272f4,split_comparison,ULB,random_matched,0,O,KMeans,0.005,0.0018316625995564,Recall,0.3066666666666666,56962,75,
8ec6a95272f4,split_comparison,ULB,random_matched,0,O,KMeans,0.005,0.0018316625995564,F1,0.2674418604651162,56962,75,
8ec6a95272f4,split_comparison,ULB,random_matched,0,O,KMeans,0.005,0.0018316625995564,TN,56813.0,56962,75,
8ec6a95272f4,split_comparison,ULB,random_matched,0,O,KMeans,0.005,0.0018316625995564,FP,74.0,56962,75,
8ec6a95272f4,split_comparison,ULB,random_matched,0,O,KMeans,0.005,0.0018316625995564,FN,52.0,56962,75,
8ec6a95272f4,split_comparison,ULB,random_matched,0,O,KMeans,0.005,0.0018316625995564,TP,23.0,56962,75,
8ec6a95272f4,split_comparison,ULB,random_matched,0,O,KMeans,0.005,0.0018316625995564,n_alerts,97.0,56962,75,
8ec6a95272f4,split_comparison,ULB,random_matched,0,O,KMeans,0.005,0.0018316625995564,alert_rate,0.0017028896457287,56962,75,
8ec6a95272f4,split_comparison,ULB,random_matched,0,O,KMeans,0.005,0.0018316625995564,prevalence,0.0013166672518521,56962,75,
8ec6a95272f4,split_comparison,ULB,random_matched,0,O,KMeans,0.005,0.0018316625995564,lift,180.08604810996562,56962,75,
8ec6a95272f4,split_comparison,ULB,random_matched,0,O,KMeans,0.005,0.0018316625995564,tie_ratio,0.0033531126013833,56962,75,
8ec6a95272f4,split_comparison,ULB,random_matched,0,O,KMeans,0.005,0.0018316625995564,fit_seconds,6.686687469482422,56962,75,
8ec6a95272f4,split_comparison,ULB,random_matched,0,O,KMeans,0.005,0.0018316625995564,score_seconds,0.1133491992950439,56962,75,
4f15778d23be,split_comparison,ULB,random_matched,0,O,Ensemble,0.005,0.0018316625995564,PR_AUC,0.1175948986592434,56962,75,
4f15778d23be,split_comparison,ULB,random_matched,0,O,Ensemble,0.005,0.0018316625995564,ROC_AUC,0.9580827488412702,56962,75,
4f15778d23be,split_comparison,ULB,random_matched,0,O,Ensemble,0.005,0.0018316625995564,Precision,0.1411764705882353,56962,75,
4f15778d23be,split_comparison,ULB,random_matched,0,O,Ensemble,0.005,0.0018316625995564,Recall,0.16,56962,75,
4f15778d23be,split_comparison,ULB,random_matched,0,O,Ensemble,0.005,0.0018316625995564,F1,0.15,56962,75,
4f15778d23be,split_comparison,ULB,random_matched,0,O,Ensemble,0.005,0.0018316625995564,TN,56814.0,56962,75,
4f15778d23be,split_comparison,ULB,random_matched,0,O,Ensemble,0.005,0.0018316625995564,FP,73.0,56962,75,
4f15778d23be,split_comparison,ULB,random_matched,0,O,Ensemble,0.005,0.0018316625995564,FN,63.0,56962,75,
4f15778d23be,split_comparison,ULB,random_matched,0,O,Ensemble,0.005,0.0018316625995564,TP,12.0,56962,75,
4f15778d23be,split_comparison,ULB,random_matched,0,O,Ensemble,0.005,0.0018316625995564,n_alerts,85.0,56962,75,
4f15778d23be,split_comparison,ULB,random_matched,0,O,Ensemble,0.005,0.0018316625995564,alert_rate,0.0014922228854323,56962,75,
4f15778d23be,split_comparison,ULB,random_matched,0,O,Ensemble,0.005,0.0018316625995564,prevalence,0.0013166672518521,56962,75,
4f15778d23be,split_comparison,ULB,random_matched,0,O,Ensemble,0.005,0.0018316625995564,lift,107.22258823529413,56962,75,
4f15778d23be,split_comparison,ULB,random_matched,0,O,Ensemble,0.005,0.0018316625995564,tie_ratio,0.072978476879323,56962,75,
4f15778d23be,split_comparison,ULB,random_matched,0,O,Ensemble,0.005,0.0018316625995564,fit_seconds,0.0,56962,75,
4f15778d23be,split_comparison,ULB,random_matched,0,O,Ensemble,0.005,0.0018316625995564,score_seconds,0.0,56962,75,
414ac04c2448,split_comparison,ULB,random_matched,0,O,Ensemble,0.005,0.0018316625995564,single_point_invariant,1.0,56962,75,invariance
079ff7318f16,split_comparison,ULB,random_matched,1,U,IsolationForest,0.005,0.005,PR_AUC,0.1146105254289991,56962,75,
079ff7318f16,split_comparison,ULB,random_matched,1,U,IsolationForest,0.005,0.005,ROC_AUC,0.9501275628292344,56962,75,
079ff7318f16,split_comparison,ULB,random_matched,1,U,IsolationForest,0.005,0.005,Precision,0.1212121212121212,56962,75,
079ff7318f16,split_comparison,ULB,random_matched,1,U,IsolationForest,0.005,0.005,Recall,0.48,56962,75,
079ff7318f16,split_comparison,ULB,random_matched,1,U,IsolationForest,0.005,0.005,F1,0.1935483870967742,56962,75,
079ff7318f16,split_comparison,ULB,random_matched,1,U,IsolationForest,0.005,0.005,TN,56626.0,56962,75,
079ff7318f16,split_comparison,ULB,random_matched,1,U,IsolationForest,0.005,0.005,FP,261.0,56962,75,
079ff7318f16,split_comparison,ULB,random_matched,1,U,IsolationForest,0.005,0.005,FN,39.0,56962,75,
079ff7318f16,split_comparison,ULB,random_matched,1,U,IsolationForest,0.005,0.005,TP,36.0,56962,75,
079ff7318f16,split_comparison,ULB,random_matched,1,U,IsolationForest,0.005,0.005,n_alerts,297.0,56962,75,
079ff7318f16,split_comparison,ULB,random_matched,1,U,IsolationForest,0.005,0.005,alert_rate,0.0052140023173343,56962,75,
079ff7318f16,split_comparison,ULB,random_matched,1,U,IsolationForest,0.005,0.005,prevalence,0.0013166672518521,56962,75,
079ff7318f16,split_comparison,ULB,random_matched,1,U,IsolationForest,0.005,0.005,lift,92.05979797979798,56962,75,
079ff7318f16,split_comparison,ULB,random_matched,1,U,IsolationForest,0.005,0.005,tie_ratio,0.0068291141462729,56962,75,
079ff7318f16,split_comparison,ULB,random_matched,1,U,IsolationForest,0.005,0.005,fit_seconds,1.291285276412964,56962,75,
079ff7318f16,split_comparison,ULB,random_matched,1,U,IsolationForest,0.005,0.005,score_seconds,1.6702141761779783,56962,75,
c0dee947be14,split_comparison,ULB,random_matched,1,U,LOF,0.005,0.005,PR_AUC,0.0101216269916278,56962,75,
c0dee947be14,split_comparison,ULB,random_matched,1,U,LOF,0.005,0.005,ROC_AUC,0.802908221562044,56962,75,
c0dee947be14,split_comparison,ULB,random_matched,1,U,LOF,0.005,0.005,Precision,0.0145454545454545,56962,75,
c0dee947be14,split_comparison,ULB,random_matched,1,U,LOF,0.005,0.005,Recall,0.0533333333333333,56962,75,
c0dee947be14,split_comparison,ULB,random_matched,1,U,LOF,0.005,0.005,F1,0.0228571428571428,56962,75,
c0dee947be14,split_comparison,ULB,random_matched,1,U,LOF,0.005,0.005,TN,56616.0,56962,75,
c0dee947be14,split_comparison,ULB,random_matched,1,U,LOF,0.005,0.005,FP,271.0,56962,75,
c0dee947be14,split_comparison,ULB,random_matched,1,U,LOF,0.005,0.005,FN,71.0,56962,75,
c0dee947be14,split_comparison,ULB,random_matched,1,U,LOF,0.005,0.005,TP,4.0,56962,75,
c0dee947be14,split_comparison,ULB,random_matched,1,U,LOF,0.005,0.005,n_alerts,275.0,56962,75,
c0dee947be14,split_comparison,ULB,random_matched,1,U,LOF,0.005,0.005,alert_rate,0.0048277799234577,56962,75,
c0dee947be14,split_comparison,ULB,random_matched,1,U,LOF,0.005,0.005,prevalence,0.0013166672518521,56962,75,
c0dee947be14,split_comparison,ULB,random_matched,1,U,LOF,0.005,0.005,lift,11.047175757575758,56962,75,
c0dee947be14,split_comparison,ULB,random_matched,1,U,LOF,0.005,0.005,tie_ratio,0.0162915627962501,56962,75,
c0dee947be14,split_comparison,ULB,random_matched,1,U,LOF,0.005,0.005,fit_seconds,0.8522775173187256,56962,75,
c0dee947be14,split_comparison,ULB,random_matched,1,U,LOF,0.005,0.005,score_seconds,6.113820552825928,56962,75,
b29865721ccd,split_comparison,ULB,random_matched,1,U,OneClassSVM,0.005,0.005,PR_AUC,0.0694557325190016,56962,75,
b29865721ccd,split_comparison,ULB,random_matched,1,U,OneClassSVM,0.005,0.005,ROC_AUC,0.921608803417301,56962,75,
b29865721ccd,split_comparison,ULB,random_matched,1,U,OneClassSVM,0.005,0.005,Precision,0.104602510460251,56962,75,
b29865721ccd,split_comparison,ULB,random_matched,1,U,OneClassSVM,0.005,0.005,Recall,0.3333333333333333,56962,75,
b29865721ccd,split_comparison,ULB,random_matched,1,U,OneClassSVM,0.005,0.005,F1,0.1592356687898089,56962,75,
b29865721ccd,split_comparison,ULB,random_matched,1,U,OneClassSVM,0.005,0.005,TN,56673.0,56962,75,
b29865721ccd,split_comparison,ULB,random_matched,1,U,OneClassSVM,0.005,0.005,FP,214.0,56962,75,
b29865721ccd,split_comparison,ULB,random_matched,1,U,OneClassSVM,0.005,0.005,FN,50.0,56962,75,
b29865721ccd,split_comparison,ULB,random_matched,1,U,OneClassSVM,0.005,0.005,TP,25.0,56962,75,
b29865721ccd,split_comparison,ULB,random_matched,1,U,OneClassSVM,0.005,0.005,n_alerts,239.0,56962,75,
b29865721ccd,split_comparison,ULB,random_matched,1,U,OneClassSVM,0.005,0.005,alert_rate,0.0041957796425687,56962,75,
b29865721ccd,split_comparison,ULB,random_matched,1,U,OneClassSVM,0.005,0.005,prevalence,0.0013166672518521,56962,75,
b29865721ccd,split_comparison,ULB,random_matched,1,U,OneClassSVM,0.005,0.005,lift,79.44490934449092,56962,75,
b29865721ccd,split_comparison,ULB,random_matched,1,U,OneClassSVM,0.005,0.005,tie_ratio,0.0008251114778273,56962,75,
b29865721ccd,split_comparison,ULB,random_matched,1,U,OneClassSVM,0.005,0.005,fit_seconds,0.7986049652099609,56962,75,
b29865721ccd,split_comparison,ULB,random_matched,1,U,OneClassSVM,0.005,0.005,score_seconds,7.599189758300781,56962,75,
be01f06ce9da,split_comparison,ULB,random_matched,1,U,DBSCAN,0.005,0.005,PR_AUC,0.0523104599870847,56962,75,
be01f06ce9da,split_comparison,ULB,random_matched,1,U,DBSCAN,0.005,0.005,ROC_AUC,0.950867743655551,56962,75,
be01f06ce9da,split_comparison,ULB,random_matched,1,U,DBSCAN,0.005,0.005,Precision,0.0687285223367697,56962,75,
be01f06ce9da,split_comparison,ULB,random_matched,1,U,DBSCAN,0.005,0.005,Recall,0.2666666666666666,56962,75,
be01f06ce9da,split_comparison,ULB,random_matched,1,U,DBSCAN,0.005,0.005,F1,0.1092896174863388,56962,75,
be01f06ce9da,split_comparison,ULB,random_matched,1,U,DBSCAN,0.005,0.005,TN,56616.0,56962,75,
be01f06ce9da,split_comparison,ULB,random_matched,1,U,DBSCAN,0.005,0.005,FP,271.0,56962,75,
be01f06ce9da,split_comparison,ULB,random_matched,1,U,DBSCAN,0.005,0.005,FN,55.0,56962,75,
be01f06ce9da,split_comparison,ULB,random_matched,1,U,DBSCAN,0.005,0.005,TP,20.0,56962,75,
be01f06ce9da,split_comparison,ULB,random_matched,1,U,DBSCAN,0.005,0.005,n_alerts,291.0,56962,75,
be01f06ce9da,split_comparison,ULB,random_matched,1,U,DBSCAN,0.005,0.005,alert_rate,0.0051086689371861,56962,75,
be01f06ce9da,split_comparison,ULB,random_matched,1,U,DBSCAN,0.005,0.005,prevalence,0.0013166672518521,56962,75,
be01f06ce9da,split_comparison,ULB,random_matched,1,U,DBSCAN,0.005,0.005,lift,52.19885452462773,56962,75,
be01f06ce9da,split_comparison,ULB,random_matched,1,U,DBSCAN,0.005,0.005,tie_ratio,0.0029142235174326,56962,75,
be01f06ce9da,split_comparison,ULB,random_matched,1,U,DBSCAN,0.005,0.005,fit_seconds,0.9786686897277832,56962,75,
be01f06ce9da,split_comparison,ULB,random_matched,1,U,DBSCAN,0.005,0.005,score_seconds,0.0333549976348876,56962,75,
a26be111cf5c,split_comparison,ULB,random_matched,1,U,KMeans,0.005,0.005,PR_AUC,0.1297053371323329,56962,75,
a26be111cf5c,split_comparison,ULB,random_matched,1,U,KMeans,0.005,0.005,ROC_AUC,0.9600421889008036,56962,75,
a26be111cf5c,split_comparison,ULB,random_matched,1,U,KMeans,0.005,0.005,Precision,0.1507936507936507,56962,75,
a26be111cf5c,split_comparison,ULB,random_matched,1,U,KMeans,0.005,0.005,Recall,0.5066666666666667,56962,75,
a26be111cf5c,split_comparison,ULB,random_matched,1,U,KMeans,0.005,0.005,F1,0.2324159021406728,56962,75,
a26be111cf5c,split_comparison,ULB,random_matched,1,U,KMeans,0.005,0.005,TN,56673.0,56962,75,
a26be111cf5c,split_comparison,ULB,random_matched,1,U,KMeans,0.005,0.005,FP,214.0,56962,75,
a26be111cf5c,split_comparison,ULB,random_matched,1,U,KMeans,0.005,0.005,FN,37.0,56962,75,
a26be111cf5c,split_comparison,ULB,random_matched,1,U,KMeans,0.005,0.005,TP,38.0,56962,75,
a26be111cf5c,split_comparison,ULB,random_matched,1,U,KMeans,0.005,0.005,n_alerts,252.0,56962,75,
a26be111cf5c,split_comparison,ULB,random_matched,1,U,KMeans,0.005,0.005,alert_rate,0.004424001966223,56962,75,
a26be111cf5c,split_comparison,ULB,random_matched,1,U,KMeans,0.005,0.005,prevalence,0.0013166672518521,56962,75,
a26be111cf5c,split_comparison,ULB,random_matched,1,U,KMeans,0.005,0.005,lift,114.52677248677249,56962,75,
a26be111cf5c,split_comparison,ULB,random_matched,1,U,KMeans,0.005,0.005,tie_ratio,0.0029317790807906,56962,75,
a26be111cf5c,split_comparison,ULB,random_matched,1,U,KMeans,0.005,0.005,fit_seconds,6.617050647735596,56962,75,
a26be111cf5c,split_comparison,ULB,random_matched,1,U,KMeans,0.005,0.005,score_seconds,0.1111311912536621,56962,75,
e44bd5d48bf5,split_comparison,ULB,random_matched,1,U,Ensemble,0.005,0.005,PR_AUC,0.053652822872762,56962,75,
e44bd5d48bf5,split_comparison,ULB,random_matched,1,U,Ensemble,0.005,0.005,ROC_AUC,0.9463671254709628,56962,75,
e44bd5d48bf5,split_comparison,ULB,random_matched,1,U,Ensemble,0.005,0.005,Precision,0.1031390134529148,56962,75,
e44bd5d48bf5,split_comparison,ULB,random_matched,1,U,Ensemble,0.005,0.005,Recall,0.3066666666666666,56962,75,
e44bd5d48bf5,split_comparison,ULB,random_matched,1,U,Ensemble,0.005,0.005,F1,0.1543624161073825,56962,75,
e44bd5d48bf5,split_comparison,ULB,random_matched,1,U,Ensemble,0.005,0.005,TN,56687.0,56962,75,
e44bd5d48bf5,split_comparison,ULB,random_matched,1,U,Ensemble,0.005,0.005,FP,200.0,56962,75,
e44bd5d48bf5,split_comparison,ULB,random_matched,1,U,Ensemble,0.005,0.005,FN,52.0,56962,75,
e44bd5d48bf5,split_comparison,ULB,random_matched,1,U,Ensemble,0.005,0.005,TP,23.0,56962,75,
e44bd5d48bf5,split_comparison,ULB,random_matched,1,U,Ensemble,0.005,0.005,n_alerts,223.0,56962,75,
e44bd5d48bf5,split_comparison,ULB,random_matched,1,U,Ensemble,0.005,0.005,alert_rate,0.0039148906288402,56962,75,
e44bd5d48bf5,split_comparison,ULB,random_matched,1,U,Ensemble,0.005,0.005,prevalence,0.0013166672518521,56962,75,
e44bd5d48bf5,split_comparison,ULB,random_matched,1,U,Ensemble,0.005,0.005,lift,78.33339312406578,56962,75,
e44bd5d48bf5,split_comparison,ULB,random_matched,1,U,Ensemble,0.005,0.005,tie_ratio,0.0739615884273726,56962,75,
e44bd5d48bf5,split_comparison,ULB,random_matched,1,U,Ensemble,0.005,0.005,fit_seconds,0.0,56962,75,
e44bd5d48bf5,split_comparison,ULB,random_matched,1,U,Ensemble,0.005,0.005,score_seconds,0.0,56962,75,
d0348cfc5e27,split_comparison,ULB,random_matched,1,U,Ensemble,0.005,0.005,single_point_invariant,1.0,56962,75,invariance
f80505b8552b,split_comparison,ULB,random_matched,1,N,IsolationForest,0.005,0.005,PR_AUC,0.0856273914733247,56962,75,
f80505b8552b,split_comparison,ULB,random_matched,1,N,IsolationForest,0.005,0.005,ROC_AUC,0.9513578380532166,56962,75,
f80505b8552b,split_comparison,ULB,random_matched,1,N,IsolationForest,0.005,0.005,Precision,0.1045751633986928,56962,75,
f80505b8552b,split_comparison,ULB,random_matched,1,N,IsolationForest,0.005,0.005,Recall,0.4266666666666667,56962,75,
f80505b8552b,split_comparison,ULB,random_matched,1,N,IsolationForest,0.005,0.005,F1,0.1679790026246719,56962,75,
f80505b8552b,split_comparison,ULB,random_matched,1,N,IsolationForest,0.005,0.005,TN,56613.0,56962,75,
f80505b8552b,split_comparison,ULB,random_matched,1,N,IsolationForest,0.005,0.005,FP,274.0,56962,75,
f80505b8552b,split_comparison,ULB,random_matched,1,N,IsolationForest,0.005,0.005,FN,43.0,56962,75,
f80505b8552b,split_comparison,ULB,random_matched,1,N,IsolationForest,0.005,0.005,TP,32.0,56962,75,
f80505b8552b,split_comparison,ULB,random_matched,1,N,IsolationForest,0.005,0.005,n_alerts,306.0,56962,75,
f80505b8552b,split_comparison,ULB,random_matched,1,N,IsolationForest,0.005,0.005,alert_rate,0.0053720023875566,56962,75,
f80505b8552b,split_comparison,ULB,random_matched,1,N,IsolationForest,0.005,0.005,prevalence,0.0013166672518521,56962,75,
f80505b8552b,split_comparison,ULB,random_matched,1,N,IsolationForest,0.005,0.005,lift,79.4241394335512,56962,75,
f80505b8552b,split_comparison,ULB,random_matched,1,N,IsolationForest,0.005,0.005,tie_ratio,0.0062146694287419,56962,75,
f80505b8552b,split_comparison,ULB,random_matched,1,N,IsolationForest,0.005,0.005,fit_seconds,1.379835605621338,56962,75,
f80505b8552b,split_comparison,ULB,random_matched,1,N,IsolationForest,0.005,0.005,score_seconds,1.6675245761871338,56962,75,
96f398893ff4,split_comparison,ULB,random_matched,1,N,LOF,0.005,0.005,PR_AUC,0.5939019626212622,56962,75,
96f398893ff4,split_comparison,ULB,random_matched,1,N,LOF,0.005,0.005,ROC_AUC,0.9726986247590252,56962,75,
96f398893ff4,split_comparison,ULB,random_matched,1,N,LOF,0.005,0.005,Precision,0.2110726643598615,56962,75,
96f398893ff4,split_comparison,ULB,random_matched,1,N,LOF,0.005,0.005,Recall,0.8133333333333334,56962,75,
96f398893ff4,split_comparison,ULB,random_matched,1,N,LOF,0.005,0.005,F1,0.3351648351648351,56962,75,
96f398893ff4,split_comparison,ULB,random_matched,1,N,LOF,0.005,0.005,TN,56659.0,56962,75,
96f398893ff4,split_comparison,ULB,random_matched,1,N,LOF,0.005,0.005,FP,228.0,56962,75,
96f398893ff4,split_comparison,ULB,random_matched,1,N,LOF,0.005,0.005,FN,14.0,56962,75,
96f398893ff4,split_comparison,ULB,random_matched,1,N,LOF,0.005,0.005,TP,61.0,56962,75,
96f398893ff4,split_comparison,ULB,random_matched,1,N,LOF,0.005,0.005,n_alerts,289.0,56962,75,
96f398893ff4,split_comparison,ULB,random_matched,1,N,LOF,0.005,0.005,alert_rate,0.0050735578104701,56962,75,
96f398893ff4,split_comparison,ULB,random_matched,1,N,LOF,0.005,0.005,prevalence,0.0013166672518521,56962,75,
96f398893ff4,split_comparison,ULB,random_matched,1,N,LOF,0.005,0.005,lift,160.30828143021913,56962,75,
96f398893ff4,split_comparison,ULB,random_matched,1,N,LOF,0.005,0.005,tie_ratio,0.0152031178680523,56962,75,
96f398893ff4,split_comparison,ULB,random_matched,1,N,LOF,0.005,0.005,fit_seconds,0.886465311050415,56962,75,
96f398893ff4,split_comparison,ULB,random_matched,1,N,LOF,0.005,0.005,score_seconds,5.595007658004761,56962,75,
7260c2126ab4,split_comparison,ULB,random_matched,1,N,OneClassSVM,0.005,0.005,PR_AUC,0.2343162617171848,56962,75,
7260c2126ab4,split_comparison,ULB,random_matched,1,N,OneClassSVM,0.005,0.005,ROC_AUC,0.9343889933845458,56962,75,
7260c2126ab4,split_comparison,ULB,random_matched,1,N,OneClassSVM,0.005,0.005,Precision,0.2248062015503876,56962,75,
7260c2126ab4,split_comparison,ULB,random_matched,1,N,OneClassSVM,0.005,0.005,Recall,0.7733333333333333,56962,75,
7260c2126ab4,split_comparison,ULB,random_matched,1,N,OneClassSVM,0.005,0.005,F1,0.3483483483483483,56962,75,
7260c2126ab4,split_comparison,ULB,random_matched,1,N,OneClassSVM,0.005,0.005,TN,56687.0,56962,75,
7260c2126ab4,split_comparison,ULB,random_matched,1,N,OneClassSVM,0.005,0.005,FP,200.0,56962,75,
7260c2126ab4,split_comparison,ULB,random_matched,1,N,OneClassSVM,0.005,0.005,FN,17.0,56962,75,
7260c2126ab4,split_comparison,ULB,random_matched,1,N,OneClassSVM,0.005,0.005,TP,58.0,56962,75,
7260c2126ab4,split_comparison,ULB,random_matched,1,N,OneClassSVM,0.005,0.005,n_alerts,258.0,56962,75,
7260c2126ab4,split_comparison,ULB,random_matched,1,N,OneClassSVM,0.005,0.005,alert_rate,0.0045293353463712,56962,75,
7260c2126ab4,split_comparison,ULB,random_matched,1,N,OneClassSVM,0.005,0.005,prevalence,0.0013166672518521,56962,75,
7260c2126ab4,split_comparison,ULB,random_matched,1,N,OneClassSVM,0.005,0.005,lift,170.73881136950905,56962,75,
7260c2126ab4,split_comparison,ULB,random_matched,1,N,OneClassSVM,0.005,0.005,tie_ratio,0.0008251114778273,56962,75,
7260c2126ab4,split_comparison,ULB,random_matched,1,N,OneClassSVM,0.005,0.005,fit_seconds,0.9448137283325196,56962,75,
7260c2126ab4,split_comparison,ULB,random_matched,1,N,OneClassSVM,0.005,0.005,score_seconds,7.15535306930542,56962,75,
5d305532bc6d,split_comparison,ULB,random_matched,1,N,DBSCAN,0.005,0.005,PR_AUC,0.2322681973227224,56962,75,
5d305532bc6d,split_comparison,ULB,random_matched,1,N,DBSCAN,0.005,0.005,ROC_AUC,0.976776416404451,56962,75,
5d305532bc6d,split_comparison,ULB,random_matched,1,N,DBSCAN,0.005,0.005,Precision,0.22265625,56962,75,
5d305532bc6d,split_comparison,ULB,random_matched,1,N,DBSCAN,0.005,0.005,Recall,0.76,56962,75,
5d305532bc6d,split_comparison,ULB,random_matched,1,N,DBSCAN,0.005,0.005,F1,0.3444108761329305,56962,75,
5d305532bc6d,split_comparison,ULB,random_matched,1,N,DBSCAN,0.005,0.005,TN,56688.0,56962,75,
5d305532bc6d,split_comparison,ULB,random_matched,1,N,DBSCAN,0.005,0.005,FP,199.0,56962,75,
5d305532bc6d,split_comparison,ULB,random_matched,1,N,DBSCAN,0.005,0.005,FN,18.0,56962,75,
5d305532bc6d,split_comparison,ULB,random_matched,1,N,DBSCAN,0.005,0.005,TP,57.0,56962,75,
5d305532bc6d,split_comparison,ULB,random_matched,1,N,DBSCAN,0.005,0.005,n_alerts,256.0,56962,75,
5d305532bc6d,split_comparison,ULB,random_matched,1,N,DBSCAN,0.005,0.005,alert_rate,0.0044942242196552,56962,75,
5d305532bc6d,split_comparison,ULB,random_matched,1,N,DBSCAN,0.005,0.005,prevalence,0.0013166672518521,56962,75,
5d305532bc6d,split_comparison,ULB,random_matched,1,N,DBSCAN,0.005,0.005,lift,169.1059375,56962,75,
5d305532bc6d,split_comparison,ULB,random_matched,1,N,DBSCAN,0.005,0.005,tie_ratio,0.0032477792212352,56962,75,
5d305532bc6d,split_comparison,ULB,random_matched,1,N,DBSCAN,0.005,0.005,fit_seconds,0.7306928634643555,56962,75,
5d305532bc6d,split_comparison,ULB,random_matched,1,N,DBSCAN,0.005,0.005,score_seconds,5.316370487213135,56962,75,
766620d70553,split_comparison,ULB,random_matched,1,N,KMeans,0.005,0.005,PR_AUC,0.1339771192287882,56962,75,
766620d70553,split_comparison,ULB,random_matched,1,N,KMeans,0.005,0.005,ROC_AUC,0.9598921839201692,56962,75,
766620d70553,split_comparison,ULB,random_matched,1,N,KMeans,0.005,0.005,Precision,0.1507936507936507,56962,75,
766620d70553,split_comparison,ULB,random_matched,1,N,KMeans,0.005,0.005,Recall,0.5066666666666667,56962,75,
766620d70553,split_comparison,ULB,random_matched,1,N,KMeans,0.005,0.005,F1,0.2324159021406728,56962,75,
766620d70553,split_comparison,ULB,random_matched,1,N,KMeans,0.005,0.005,TN,56673.0,56962,75,
766620d70553,split_comparison,ULB,random_matched,1,N,KMeans,0.005,0.005,FP,214.0,56962,75,
766620d70553,split_comparison,ULB,random_matched,1,N,KMeans,0.005,0.005,FN,37.0,56962,75,
766620d70553,split_comparison,ULB,random_matched,1,N,KMeans,0.005,0.005,TP,38.0,56962,75,
766620d70553,split_comparison,ULB,random_matched,1,N,KMeans,0.005,0.005,n_alerts,252.0,56962,75,
766620d70553,split_comparison,ULB,random_matched,1,N,KMeans,0.005,0.005,alert_rate,0.004424001966223,56962,75,
766620d70553,split_comparison,ULB,random_matched,1,N,KMeans,0.005,0.005,prevalence,0.0013166672518521,56962,75,
766620d70553,split_comparison,ULB,random_matched,1,N,KMeans,0.005,0.005,lift,114.52677248677249,56962,75,
766620d70553,split_comparison,ULB,random_matched,1,N,KMeans,0.005,0.005,tie_ratio,0.0029668902075067,56962,75,
766620d70553,split_comparison,ULB,random_matched,1,N,KMeans,0.005,0.005,fit_seconds,6.833870887756348,56962,75,
766620d70553,split_comparison,ULB,random_matched,1,N,KMeans,0.005,0.005,score_seconds,0.1134517192840576,56962,75,
3b21db49e78e,split_comparison,ULB,random_matched,1,N,Ensemble,0.005,0.005,PR_AUC,0.276741308532597,56962,75,
3b21db49e78e,split_comparison,ULB,random_matched,1,N,Ensemble,0.005,0.005,ROC_AUC,0.967758070092171,56962,75,
3b21db49e78e,split_comparison,ULB,random_matched,1,N,Ensemble,0.005,0.005,Precision,0.238095238095238,56962,75,
3b21db49e78e,split_comparison,ULB,random_matched,1,N,Ensemble,0.005,0.005,Recall,0.8,56962,75,
3b21db49e78e,split_comparison,ULB,random_matched,1,N,Ensemble,0.005,0.005,F1,0.3669724770642202,56962,75,
3b21db49e78e,split_comparison,ULB,random_matched,1,N,Ensemble,0.005,0.005,TN,56695.0,56962,75,
3b21db49e78e,split_comparison,ULB,random_matched,1,N,Ensemble,0.005,0.005,FP,192.0,56962,75,
3b21db49e78e,split_comparison,ULB,random_matched,1,N,Ensemble,0.005,0.005,FN,15.0,56962,75,
3b21db49e78e,split_comparison,ULB,random_matched,1,N,Ensemble,0.005,0.005,TP,60.0,56962,75,
3b21db49e78e,split_comparison,ULB,random_matched,1,N,Ensemble,0.005,0.005,n_alerts,252.0,56962,75,
3b21db49e78e,split_comparison,ULB,random_matched,1,N,Ensemble,0.005,0.005,alert_rate,0.004424001966223,56962,75,
3b21db49e78e,split_comparison,ULB,random_matched,1,N,Ensemble,0.005,0.005,prevalence,0.0013166672518521,56962,75,
3b21db49e78e,split_comparison,ULB,random_matched,1,N,Ensemble,0.005,0.005,lift,180.831746031746,56962,75,
3b21db49e78e,split_comparison,ULB,random_matched,1,N,Ensemble,0.005,0.005,tie_ratio,0.0751729222990765,56962,75,
3b21db49e78e,split_comparison,ULB,random_matched,1,N,Ensemble,0.005,0.005,fit_seconds,0.0,56962,75,
3b21db49e78e,split_comparison,ULB,random_matched,1,N,Ensemble,0.005,0.005,score_seconds,0.0,56962,75,
3f5fd2da1561,split_comparison,ULB,random_matched,1,N,Ensemble,0.005,0.005,single_point_invariant,1.0,56962,75,invariance
10b65c7603be,split_comparison,ULB,random_matched,1,O,IsolationForest,0.005,0.0018316625995564,PR_AUC,0.1146105254289991,56962,75,
10b65c7603be,split_comparison,ULB,random_matched,1,O,IsolationForest,0.005,0.0018316625995564,ROC_AUC,0.9501275628292344,56962,75,
10b65c7603be,split_comparison,ULB,random_matched,1,O,IsolationForest,0.005,0.0018316625995564,Precision,0.1862745098039215,56962,75,
10b65c7603be,split_comparison,ULB,random_matched,1,O,IsolationForest,0.005,0.0018316625995564,Recall,0.2533333333333333,56962,75,
10b65c7603be,split_comparison,ULB,random_matched,1,O,IsolationForest,0.005,0.0018316625995564,F1,0.2146892655367231,56962,75,
10b65c7603be,split_comparison,ULB,random_matched,1,O,IsolationForest,0.005,0.0018316625995564,TN,56804.0,56962,75,
10b65c7603be,split_comparison,ULB,random_matched,1,O,IsolationForest,0.005,0.0018316625995564,FP,83.0,56962,75,
10b65c7603be,split_comparison,ULB,random_matched,1,O,IsolationForest,0.005,0.0018316625995564,FN,56.0,56962,75,
10b65c7603be,split_comparison,ULB,random_matched,1,O,IsolationForest,0.005,0.0018316625995564,TP,19.0,56962,75,
10b65c7603be,split_comparison,ULB,random_matched,1,O,IsolationForest,0.005,0.0018316625995564,n_alerts,102.0,56962,75,
10b65c7603be,split_comparison,ULB,random_matched,1,O,IsolationForest,0.005,0.0018316625995564,alert_rate,0.0017906674625188,56962,75,
10b65c7603be,split_comparison,ULB,random_matched,1,O,IsolationForest,0.005,0.0018316625995564,prevalence,0.0013166672518521,56962,75,
10b65c7603be,split_comparison,ULB,random_matched,1,O,IsolationForest,0.005,0.0018316625995564,lift,141.4742483660131,56962,75,
10b65c7603be,split_comparison,ULB,random_matched,1,O,IsolationForest,0.005,0.0018316625995564,tie_ratio,0.0068291141462729,56962,75,
10b65c7603be,split_comparison,ULB,random_matched,1,O,IsolationForest,0.005,0.0018316625995564,fit_seconds,1.3780908584594729,56962,75,
10b65c7603be,split_comparison,ULB,random_matched,1,O,IsolationForest,0.005,0.0018316625995564,score_seconds,1.6513314247131348,56962,75,
190b20f6f98d,split_comparison,ULB,random_matched,1,O,LOF,0.005,0.0018316625995564,PR_AUC,0.0101216269916278,56962,75,
190b20f6f98d,split_comparison,ULB,random_matched,1,O,LOF,0.005,0.0018316625995564,ROC_AUC,0.802908221562044,56962,75,
190b20f6f98d,split_comparison,ULB,random_matched,1,O,LOF,0.005,0.0018316625995564,Precision,0.0104166666666666,56962,75,
190b20f6f98d,split_comparison,ULB,random_matched,1,O,LOF,0.005,0.0018316625995564,Recall,0.0133333333333333,56962,75,
190b20f6f98d,split_comparison,ULB,random_matched,1,O,LOF,0.005,0.0018316625995564,F1,0.0116959064327485,56962,75,
190b20f6f98d,split_comparison,ULB,random_matched,1,O,LOF,0.005,0.0018316625995564,TN,56792.0,56962,75,
190b20f6f98d,split_comparison,ULB,random_matched,1,O,LOF,0.005,0.0018316625995564,FP,95.0,56962,75,
190b20f6f98d,split_comparison,ULB,random_matched,1,O,LOF,0.005,0.0018316625995564,FN,74.0,56962,75,
190b20f6f98d,split_comparison,ULB,random_matched,1,O,LOF,0.005,0.0018316625995564,TP,1.0,56962,75,
190b20f6f98d,split_comparison,ULB,random_matched,1,O,LOF,0.005,0.0018316625995564,n_alerts,96.0,56962,75,
190b20f6f98d,split_comparison,ULB,random_matched,1,O,LOF,0.005,0.0018316625995564,alert_rate,0.0016853340823707,56962,75,
190b20f6f98d,split_comparison,ULB,random_matched,1,O,LOF,0.005,0.0018316625995564,prevalence,0.0013166672518521,56962,75,
190b20f6f98d,split_comparison,ULB,random_matched,1,O,LOF,0.005,0.0018316625995564,lift,7.911388888888888,56962,75,
190b20f6f98d,split_comparison,ULB,random_matched,1,O,LOF,0.005,0.0018316625995564,tie_ratio,0.0162915627962501,56962,75,
190b20f6f98d,split_comparison,ULB,random_matched,1,O,LOF,0.005,0.0018316625995564,fit_seconds,0.8985011577606201,56962,75,
190b20f6f98d,split_comparison,ULB,random_matched,1,O,LOF,0.005,0.0018316625995564,score_seconds,5.579487323760986,56962,75,
860f4edf4d0a,split_comparison,ULB,random_matched,1,O,OneClassSVM,0.005,0.0018316625995564,PR_AUC,0.0694300446144691,56962,75,
860f4edf4d0a,split_comparison,ULB,random_matched,1,O,OneClassSVM,0.005,0.0018316625995564,ROC_AUC,0.9215731772344004,56962,75,
860f4edf4d0a,split_comparison,ULB,random_matched,1,O,OneClassSVM,0.005,0.0018316625995564,Precision,0.0606060606060606,56962,75,
860f4edf4d0a,split_comparison,ULB,random_matched,1,O,OneClassSVM,0.005,0.0018316625995564,Recall,0.08,56962,75,
860f4edf4d0a,split_comparison,ULB,random_matched,1,O,OneClassSVM,0.005,0.0018316625995564,F1,0.0689655172413793,56962,75,
860f4edf4d0a,split_comparison,ULB,random_matched,1,O,OneClassSVM,0.005,0.0018316625995564,TN,56794.0,56962,75,
860f4edf4d0a,split_comparison,ULB,random_matched,1,O,OneClassSVM,0.005,0.0018316625995564,FP,93.0,56962,75,
860f4edf4d0a,split_comparison,ULB,random_matched,1,O,OneClassSVM,0.005,0.0018316625995564,FN,69.0,56962,75,
860f4edf4d0a,split_comparison,ULB,random_matched,1,O,OneClassSVM,0.005,0.0018316625995564,TP,6.0,56962,75,
860f4edf4d0a,split_comparison,ULB,random_matched,1,O,OneClassSVM,0.005,0.0018316625995564,n_alerts,99.0,56962,75,
860f4edf4d0a,split_comparison,ULB,random_matched,1,O,OneClassSVM,0.005,0.0018316625995564,alert_rate,0.0017380007724447,56962,75,
860f4edf4d0a,split_comparison,ULB,random_matched,1,O,OneClassSVM,0.005,0.0018316625995564,prevalence,0.0013166672518521,56962,75,
860f4edf4d0a,split_comparison,ULB,random_matched,1,O,OneClassSVM,0.005,0.0018316625995564,lift,46.02989898989899,56962,75,
860f4edf4d0a,split_comparison,ULB,random_matched,1,O,OneClassSVM,0.005,0.0018316625995564,tie_ratio,0.0008251114778273,56962,75,
860f4edf4d0a,split_comparison,ULB,random_matched,1,O,OneClassSVM,0.005,0.0018316625995564,fit_seconds,0.6945593357086182,56962,75,
860f4edf4d0a,split_comparison,ULB,random_matched,1,O,OneClassSVM,0.005,0.0018316625995564,score_seconds,7.152829647064209,56962,75,
0b1f616c06f7,split_comparison,ULB,random_matched,1,O,DBSCAN,0.005,0.0018316625995564,PR_AUC,0.0523104599870847,56962,75,
0b1f616c06f7,split_comparison,ULB,random_matched,1,O,DBSCAN,0.005,0.0018316625995564,ROC_AUC,0.950867743655551,56962,75,
0b1f616c06f7,split_comparison,ULB,random_matched,1,O,DBSCAN,0.005,0.0018316625995564,Precision,0.1171171171171171,56962,75,
0b1f616c06f7,split_comparison,ULB,random_matched,1,O,DBSCAN,0.005,0.0018316625995564,Recall,0.1733333333333333,56962,75,
0b1f616c06f7,split_comparison,ULB,random_matched,1,O,DBSCAN,0.005,0.0018316625995564,F1,0.1397849462365591,56962,75,
0b1f616c06f7,split_comparison,ULB,random_matched,1,O,DBSCAN,0.005,0.0018316625995564,TN,56789.0,56962,75,
0b1f616c06f7,split_comparison,ULB,random_matched,1,O,DBSCAN,0.005,0.0018316625995564,FP,98.0,56962,75,
0b1f616c06f7,split_comparison,ULB,random_matched,1,O,DBSCAN,0.005,0.0018316625995564,FN,62.0,56962,75,
0b1f616c06f7,split_comparison,ULB,random_matched,1,O,DBSCAN,0.005,0.0018316625995564,TP,13.0,56962,75,
0b1f616c06f7,split_comparison,ULB,random_matched,1,O,DBSCAN,0.005,0.0018316625995564,n_alerts,111.0,56962,75,
0b1f616c06f7,split_comparison,ULB,random_matched,1,O,DBSCAN,0.005,0.0018316625995564,alert_rate,0.0019486675327411,56962,75,
0b1f616c06f7,split_comparison,ULB,random_matched,1,O,DBSCAN,0.005,0.0018316625995564,prevalence,0.0013166672518521,56962,75,
0b1f616c06f7,split_comparison,ULB,random_matched,1,O,DBSCAN,0.005,0.0018316625995564,lift,88.94966966966966,56962,75,
0b1f616c06f7,split_comparison,ULB,random_matched,1,O,DBSCAN,0.005,0.0018316625995564,tie_ratio,0.0029142235174326,56962,75,
0b1f616c06f7,split_comparison,ULB,random_matched,1,O,DBSCAN,0.005,0.0018316625995564,fit_seconds,0.742755651473999,56962,75,
0b1f616c06f7,split_comparison,ULB,random_matched,1,O,DBSCAN,0.005,0.0018316625995564,score_seconds,0.0281801223754882,56962,75,
083983d702de,split_comparison,ULB,random_matched,1,O,KMeans,0.005,0.0018316625995564,PR_AUC,0.1297053371323329,56962,75,
083983d702de,split_comparison,ULB,random_matched,1,O,KMeans,0.005,0.0018316625995564,ROC_AUC,0.9600421889008032,56962,75,
083983d702de,split_comparison,ULB,random_matched,1,O,KMeans,0.005,0.0018316625995564,Precision,0.146067415730337,56962,75,
083983d702de,split_comparison,ULB,random_matched,1,O,KMeans,0.005,0.0018316625995564,Recall,0.1733333333333333,56962,75,
083983d702de,split_comparison,ULB,random_matched,1,O,KMeans,0.005,0.0018316625995564,F1,0.1585365853658536,56962,75,
083983d702de,split_comparison,ULB,random_matched,1,O,KMeans,0.005,0.0018316625995564,TN,56811.0,56962,75,
083983d702de,split_comparison,ULB,random_matched,1,O,KMeans,0.005,0.0018316625995564,FP,76.0,56962,75,
083983d702de,split_comparison,ULB,random_matched,1,O,KMeans,0.005,0.0018316625995564,FN,62.0,56962,75,
083983d702de,split_comparison,ULB,random_matched,1,O,KMeans,0.005,0.0018316625995564,TP,13.0,56962,75,
083983d702de,split_comparison,ULB,random_matched,1,O,KMeans,0.005,0.0018316625995564,n_alerts,89.0,56962,75,
083983d702de,split_comparison,ULB,random_matched,1,O,KMeans,0.005,0.0018316625995564,alert_rate,0.0015624451388645,56962,75,
083983d702de,split_comparison,ULB,random_matched,1,O,KMeans,0.005,0.0018316625995564,prevalence,0.0013166672518521,56962,75,
083983d702de,split_comparison,ULB,random_matched,1,O,KMeans,0.005,0.0018316625995564,lift,110.93722846441948,56962,75,
083983d702de,split_comparison,ULB,random_matched,1,O,KMeans,0.005,0.0018316625995564,tie_ratio,0.0028615568273585,56962,75,
083983d702de,split_comparison,ULB,random_matched,1,O,KMeans,0.005,0.0018316625995564,fit_seconds,6.649404048919678,56962,75,
083983d702de,split_comparison,ULB,random_matched,1,O,KMeans,0.005,0.0018316625995564,score_seconds,0.113887071609497,56962,75,
571966241160,split_comparison,ULB,random_matched,1,O,Ensemble,0.005,0.0018316625995564,PR_AUC,0.0536566784919735,56962,75,
571966241160,split_comparison,ULB,random_matched,1,O,Ensemble,0.005,0.0018316625995564,ROC_AUC,0.9463657191742694,56962,75,
571966241160,split_comparison,ULB,random_matched,1,O,Ensemble,0.005,0.0018316625995564,Precision,0.0729166666666666,56962,75,
571966241160,split_comparison,ULB,random_matched,1,O,Ensemble,0.005,0.0018316625995564,Recall,0.0933333333333333,56962,75,
571966241160,split_comparison,ULB,random_matched,1,O,Ensemble,0.005,0.0018316625995564,F1,0.0818713450292397,56962,75,
571966241160,split_comparison,ULB,random_matched,1,O,Ensemble,0.005,0.0018316625995564,TN,56798.0,56962,75,
571966241160,split_comparison,ULB,random_matched,1,O,Ensemble,0.005,0.0018316625995564,FP,89.0,56962,75,
571966241160,split_comparison,ULB,random_matched,1,O,Ensemble,0.005,0.0018316625995564,FN,68.0,56962,75,
571966241160,split_comparison,ULB,random_matched,1,O,Ensemble,0.005,0.0018316625995564,TP,7.0,56962,75,
571966241160,split_comparison,ULB,random_matched,1,O,Ensemble,0.005,0.0018316625995564,n_alerts,96.0,56962,75,
571966241160,split_comparison,ULB,random_matched,1,O,Ensemble,0.005,0.0018316625995564,alert_rate,0.0016853340823707,56962,75,
571966241160,split_comparison,ULB,random_matched,1,O,Ensemble,0.005,0.0018316625995564,prevalence,0.0013166672518521,56962,75,
571966241160,split_comparison,ULB,random_matched,1,O,Ensemble,0.005,0.0018316625995564,lift,55.37972222222223,56962,75,
571966241160,split_comparison,ULB,random_matched,1,O,Ensemble,0.005,0.0018316625995564,tie_ratio,0.0725044766686563,56962,75,
571966241160,split_comparison,ULB,random_matched,1,O,Ensemble,0.005,0.0018316625995564,fit_seconds,0.0,56962,75,
571966241160,split_comparison,ULB,random_matched,1,O,Ensemble,0.005,0.0018316625995564,score_seconds,0.0,56962,75,
6b54e2918dc3,split_comparison,ULB,random_matched,1,O,Ensemble,0.005,0.0018316625995564,single_point_invariant,1.0,56962,75,invariance
99694cdfacb9,split_comparison,ULB,random_matched,2,U,IsolationForest,0.005,0.005,PR_AUC,0.1218999185281655,56962,75,
99694cdfacb9,split_comparison,ULB,random_matched,2,U,IsolationForest,0.005,0.005,ROC_AUC,0.9668327268678842,56962,75,
99694cdfacb9,split_comparison,ULB,random_matched,2,U,IsolationForest,0.005,0.005,Precision,0.1182795698924731,56962,75,
99694cdfacb9,split_comparison,ULB,random_matched,2,U,IsolationForest,0.005,0.005,Recall,0.44,56962,75,
99694cdfacb9,split_comparison,ULB,random_matched,2,U,IsolationForest,0.005,0.005,F1,0.1864406779661017,56962,75,
99694cdfacb9,split_comparison,ULB,random_matched,2,U,IsolationForest,0.005,0.005,TN,56641.0,56962,75,
99694cdfacb9,split_comparison,ULB,random_matched,2,U,IsolationForest,0.005,0.005,FP,246.0,56962,75,
99694cdfacb9,split_comparison,ULB,random_matched,2,U,IsolationForest,0.005,0.005,FN,42.0,56962,75,
99694cdfacb9,split_comparison,ULB,random_matched,2,U,IsolationForest,0.005,0.005,TP,33.0,56962,75,
99694cdfacb9,split_comparison,ULB,random_matched,2,U,IsolationForest,0.005,0.005,n_alerts,279.0,56962,75,
99694cdfacb9,split_comparison,ULB,random_matched,2,U,IsolationForest,0.005,0.005,alert_rate,0.0048980021768898,56962,75,
99694cdfacb9,split_comparison,ULB,random_matched,2,U,IsolationForest,0.005,0.005,prevalence,0.0013166672518521,56962,75,
99694cdfacb9,split_comparison,ULB,random_matched,2,U,IsolationForest,0.005,0.005,lift,89.83254480286739,56962,75,
99694cdfacb9,split_comparison,ULB,random_matched,2,U,IsolationForest,0.005,0.005,tie_ratio,0.0070573364699273,56962,75,
99694cdfacb9,split_comparison,ULB,random_matched,2,U,IsolationForest,0.005,0.005,fit_seconds,1.3834972381591797,56962,75,
99694cdfacb9,split_comparison,ULB,random_matched,2,U,IsolationForest,0.005,0.005,score_seconds,1.648324728012085,56962,75,
d9d1d013f4ed,split_comparison,ULB,random_matched,2,U,LOF,0.005,0.005,PR_AUC,0.0648290384188923,56962,75,
d9d1d013f4ed,split_comparison,ULB,random_matched,2,U,LOF,0.005,0.005,ROC_AUC,0.9557685704408154,56962,75,
d9d1d013f4ed,split_comparison,ULB,random_matched,2,U,LOF,0.005,0.005,Precision,0.0884353741496598,56962,75,
d9d1d013f4ed,split_comparison,ULB,random_matched,2,U,LOF,0.005,0.005,Recall,0.3466666666666667,56962,75,
d9d1d013f4ed,split_comparison,ULB,random_matched,2,U,LOF,0.005,0.005,F1,0.1409214092140921,56962,75,
d9d1d013f4ed,split_comparison,ULB,random_matched,2,U,LOF,0.005,0.005,TN,56619.0,56962,75,
d9d1d013f4ed,split_comparison,ULB,random_matched,2,U,LOF,0.005,0.005,FP,268.0,56962,75,
d9d1d013f4ed,split_comparison,ULB,random_matched,2,U,LOF,0.005,0.005,FN,49.0,56962,75,
d9d1d013f4ed,split_comparison,ULB,random_matched,2,U,LOF,0.005,0.005,TP,26.0,56962,75,
d9d1d013f4ed,split_comparison,ULB,random_matched,2,U,LOF,0.005,0.005,n_alerts,294.0,56962,75,
d9d1d013f4ed,split_comparison,ULB,random_matched,2,U,LOF,0.005,0.005,alert_rate,0.0051613356272602,56962,75,
d9d1d013f4ed,split_comparison,ULB,random_matched,2,U,LOF,0.005,0.005,prevalence,0.0013166672518521,56962,75,
d9d1d013f4ed,split_comparison,ULB,random_matched,2,U,LOF,0.005,0.005,lift,67.16607709750566,56962,75,
d9d1d013f4ed,split_comparison,ULB,random_matched,2,U,LOF,0.005,0.005,tie_ratio,0.0148520066008918,56962,75,
d9d1d013f4ed,split_comparison,ULB,random_matched,2,U,LOF,0.005,0.005,fit_seconds,0.8869960308074951,56962,75,
d9d1d013f4ed,split_comparison,ULB,random_matched,2,U,LOF,0.005,0.005,score_seconds,5.851333618164063,56962,75,
a6e5a889b9f6,split_comparison,ULB,random_matched,2,U,OneClassSVM,0.005,0.005,PR_AUC,0.0733388963798224,56962,75,
a6e5a889b9f6,split_comparison,ULB,random_matched,2,U,OneClassSVM,0.005,0.005,ROC_AUC,0.9486837648906312,56962,75,
a6e5a889b9f6,split_comparison,ULB,random_matched,2,U,OneClassSVM,0.005,0.005,Precision,0.1056338028169014,56962,75,
a6e5a889b9f6,split_comparison,ULB,random_matched,2,U,OneClassSVM,0.005,0.005,Recall,0.4,56962,75,
a6e5a889b9f6,split_comparison,ULB,random_matched,2,U,OneClassSVM,0.005,0.005,F1,0.1671309192200557,56962,75,
a6e5a889b9f6,split_comparison,ULB,random_matched,2,U,OneClassSVM,0.005,0.005,TN,56633.0,56962,75,
a6e5a889b9f6,split_comparison,ULB,random_matched,2,U,OneClassSVM,0.005,0.005,FP,254.0,56962,75,
a6e5a889b9f6,split_comparison,ULB,random_matched,2,U,OneClassSVM,0.005,0.005,FN,45.0,56962,75,
a6e5a889b9f6,split_comparison,ULB,random_matched,2,U,OneClassSVM,0.005,0.005,TP,30.0,56962,75,
a6e5a889b9f6,split_comparison,ULB,random_matched,2,U,OneClassSVM,0.005,0.005,n_alerts,284.0,56962,75,
a6e5a889b9f6,split_comparison,ULB,random_matched,2,U,OneClassSVM,0.005,0.005,alert_rate,0.0049857799936799,56962,75,
a6e5a889b9f6,split_comparison,ULB,random_matched,2,U,OneClassSVM,0.005,0.005,prevalence,0.0013166672518521,56962,75,
a6e5a889b9f6,split_comparison,ULB,random_matched,2,U,OneClassSVM,0.005,0.005,lift,80.2281690140845,56962,75,
a6e5a889b9f6,split_comparison,ULB,random_matched,2,U,OneClassSVM,0.005,0.005,tie_ratio,0.0010708893648396,56962,75,
a6e5a889b9f6,split_comparison,ULB,random_matched,2,U,OneClassSVM,0.005,0.005,fit_seconds,0.9578373432159424,56962,75,
a6e5a889b9f6,split_comparison,ULB,random_matched,2,U,OneClassSVM,0.005,0.005,score_seconds,8.1974778175354,56962,75,
d2e9e50326c7,split_comparison,ULB,random_matched,2,U,DBSCAN,0.005,0.005,PR_AUC,0.0509270651857639,56962,75,
d2e9e50326c7,split_comparison,ULB,random_matched,2,U,DBSCAN,0.005,0.005,ROC_AUC,0.9544371590462964,56962,75,
d2e9e50326c7,split_comparison,ULB,random_matched,2,U,DBSCAN,0.005,0.005,Precision,0.0671378091872791,56962,75,
d2e9e50326c7,split_comparison,ULB,random_matched,2,U,DBSCAN,0.005,0.005,Recall,0.2533333333333333,56962,75,
d2e9e50326c7,split_comparison,ULB,random_matched,2,U,DBSCAN,0.005,0.005,F1,0.106145251396648,56962,75,
d2e9e50326c7,split_comparison,ULB,random_matched,2,U,DBSCAN,0.005,0.005,TN,56623.0,56962,75,
d2e9e50326c7,split_comparison,ULB,random_matched,2,U,DBSCAN,0.005,0.005,FP,264.0,56962,75,
d2e9e50326c7,split_comparison,ULB,random_matched,2,U,DBSCAN,0.005,0.005,FN,56.0,56962,75,
d2e9e50326c7,split_comparison,ULB,random_matched,2,U,DBSCAN,0.005,0.005,TP,19.0,56962,75,
d2e9e50326c7,split_comparison,ULB,random_matched,2,U,DBSCAN,0.005,0.005,n_alerts,283.0,56962,75,
d2e9e50326c7,split_comparison,ULB,random_matched,2,U,DBSCAN,0.005,0.005,alert_rate,0.0049682244303219,56962,75,
d2e9e50326c7,split_comparison,ULB,random_matched,2,U,DBSCAN,0.005,0.005,prevalence,0.0013166672518521,56962,75,
d2e9e50326c7,split_comparison,ULB,random_matched,2,U,DBSCAN,0.005,0.005,lift,50.99071849234394,56962,75,
d2e9e50326c7,split_comparison,ULB,random_matched,2,U,DBSCAN,0.005,0.005,tie_ratio,0.0030020013342227,56962,75,
d2e9e50326c7,split_comparison,ULB,random_matched,2,U,DBSCAN,0.005,0.005,fit_seconds,0.981093406677246,56962,75,
d2e9e50326c7,split_comparison,ULB,random_matched,2,U,DBSCAN,0.005,0.005,score_seconds,0.0355567932128906,56962,75,
dd4a1dc79270,split_comparison,ULB,random_matched,2,U,KMeans,0.005,0.005,PR_AUC,0.1331264554577908,56962,75,
dd4a1dc79270,split_comparison,ULB,random_matched,2,U,KMeans,0.005,0.005,ROC_AUC,0.9723866612758628,56962,75,
dd4a1dc79270,split_comparison,ULB,random_matched,2,U,KMeans,0.005,0.005,Precision,0.1308724832214765,56962,75,
dd4a1dc79270,split_comparison,ULB,random_matched,2,U,KMeans,0.005,0.005,Recall,0.52,56962,75,
dd4a1dc79270,split_comparison,ULB,random_matched,2,U,KMeans,0.005,0.005,F1,0.2091152815013404,56962,75,
dd4a1dc79270,split_comparison,ULB,random_matched,2,U,KMeans,0.005,0.005,TN,56628.0,56962,75,
dd4a1dc79270,split_comparison,ULB,random_matched,2,U,KMeans,0.005,0.005,FP,259.0,56962,75,
dd4a1dc79270,split_comparison,ULB,random_matched,2,U,KMeans,0.005,0.005,FN,36.0,56962,75,
dd4a1dc79270,split_comparison,ULB,random_matched,2,U,KMeans,0.005,0.005,TP,39.0,56962,75,
dd4a1dc79270,split_comparison,ULB,random_matched,2,U,KMeans,0.005,0.005,n_alerts,298.0,56962,75,
dd4a1dc79270,split_comparison,ULB,random_matched,2,U,KMeans,0.005,0.005,alert_rate,0.0052315578806923,56962,75,
dd4a1dc79270,split_comparison,ULB,random_matched,2,U,KMeans,0.005,0.005,prevalence,0.0013166672518521,56962,75,
dd4a1dc79270,split_comparison,ULB,random_matched,2,U,KMeans,0.005,0.005,lift,99.39677852348991,56962,75,
dd4a1dc79270,split_comparison,ULB,random_matched,2,U,KMeans,0.005,0.005,tie_ratio,0.0028440012640005,56962,75,
dd4a1dc79270,split_comparison,ULB,random_matched,2,U,KMeans,0.005,0.005,fit_seconds,6.69652247428894,56962,75,
dd4a1dc79270,split_comparison,ULB,random_matched,2,U,KMeans,0.005,0.005,score_seconds,0.1134121417999267,56962,75,
fad1072a8172,split_comparison,ULB,random_matched,2,U,Ensemble,0.005,0.005,PR_AUC,0.1264674196930292,56962,75,
fad1072a8172,split_comparison,ULB,random_matched,2,U,Ensemble,0.005,0.005,ROC_AUC,0.9751543703599532,56962,75,
fad1072a8172,split_comparison,ULB,random_matched,2,U,Ensemble,0.005,0.005,Precision,0.1557971014492753,56962,75,
fad1072a8172,split_comparison,ULB,random_matched,2,U,Ensemble,0.005,0.005,Recall,0.5733333333333334,56962,75,
fad1072a8172,split_comparison,ULB,random_matched,2,U,Ensemble,0.005,0.005,F1,0.245014245014245,56962,75,
fad1072a8172,split_comparison,ULB,random_matched,2,U,Ensemble,0.005,0.005,TN,56654.0,56962,75,
fad1072a8172,split_comparison,ULB,random_matched,2,U,Ensemble,0.005,0.005,FP,233.0,56962,75,
fad1072a8172,split_comparison,ULB,random_matched,2,U,Ensemble,0.005,0.005,FN,32.0,56962,75,
fad1072a8172,split_comparison,ULB,random_matched,2,U,Ensemble,0.005,0.005,TP,43.0,56962,75,
fad1072a8172,split_comparison,ULB,random_matched,2,U,Ensemble,0.005,0.005,n_alerts,276.0,56962,75,
fad1072a8172,split_comparison,ULB,random_matched,2,U,Ensemble,0.005,0.005,alert_rate,0.0048453354868157,56962,75,
fad1072a8172,split_comparison,ULB,random_matched,2,U,Ensemble,0.005,0.005,prevalence,0.0013166672518521,56962,75,
fad1072a8172,split_comparison,ULB,random_matched,2,U,Ensemble,0.005,0.005,lift,118.32685990338165,56962,75,
fad1072a8172,split_comparison,ULB,random_matched,2,U,Ensemble,0.005,0.005,tie_ratio,0.072978476879323,56962,75,
fad1072a8172,split_comparison,ULB,random_matched,2,U,Ensemble,0.005,0.005,fit_seconds,0.0,56962,75,
fad1072a8172,split_comparison,ULB,random_matched,2,U,Ensemble,0.005,0.005,score_seconds,0.0,56962,75,
d4cfcd99c6ba,split_comparison,ULB,random_matched,2,U,Ensemble,0.005,0.005,single_point_invariant,1.0,56962,75,invariance
27bfd4b6b6cc,split_comparison,ULB,random_matched,2,N,IsolationForest,0.005,0.005,PR_AUC,0.0823896283329886,56962,75,
27bfd4b6b6cc,split_comparison,ULB,random_matched,2,N,IsolationForest,0.005,0.005,ROC_AUC,0.9686452089229526,56962,75,
27bfd4b6b6cc,split_comparison,ULB,random_matched,2,N,IsolationForest,0.005,0.005,Precision,0.0921501706484641,56962,75,
27bfd4b6b6cc,split_comparison,ULB,random_matched,2,N,IsolationForest,0.005,0.005,Recall,0.36,56962,75,
27bfd4b6b6cc,split_comparison,ULB,random_matched,2,N,IsolationForest,0.005,0.005,F1,0.1467391304347826,56962,75,
27bfd4b6b6cc,split_comparison,ULB,random_matched,2,N,IsolationForest,0.005,0.005,TN,56621.0,56962,75,
27bfd4b6b6cc,split_comparison,ULB,random_matched,2,N,IsolationForest,0.005,0.005,FP,266.0,56962,75,
27bfd4b6b6cc,split_comparison,ULB,random_matched,2,N,IsolationForest,0.005,0.005,FN,48.0,56962,75,
27bfd4b6b6cc,split_comparison,ULB,random_matched,2,N,IsolationForest,0.005,0.005,TP,27.0,56962,75,
27bfd4b6b6cc,split_comparison,ULB,random_matched,2,N,IsolationForest,0.005,0.005,n_alerts,293.0,56962,75,
27bfd4b6b6cc,split_comparison,ULB,random_matched,2,N,IsolationForest,0.005,0.005,alert_rate,0.0051437800639022,56962,75,
27bfd4b6b6cc,split_comparison,ULB,random_matched,2,N,IsolationForest,0.005,0.005,prevalence,0.0013166672518521,56962,75,
27bfd4b6b6cc,split_comparison,ULB,random_matched,2,N,IsolationForest,0.005,0.005,lift,69.98744027303754,56962,75,
27bfd4b6b6cc,split_comparison,ULB,random_matched,2,N,IsolationForest,0.005,0.005,tie_ratio,0.0064604473157543,56962,75,
27bfd4b6b6cc,split_comparison,ULB,random_matched,2,N,IsolationForest,0.005,0.005,fit_seconds,1.3515496253967283,56962,75,
27bfd4b6b6cc,split_comparison,ULB,random_matched,2,N,IsolationForest,0.005,0.005,score_seconds,1.66634202003479,56962,75,
4bf7f480a8c5,split_comparison,ULB,random_matched,2,N,LOF,0.005,0.005,PR_AUC,0.5167772289740543,56962,75,
4bf7f480a8c5,split_comparison,ULB,random_matched,2,N,LOF,0.005,0.005,ROC_AUC,0.9614004371238888,56962,75,
4bf7f480a8c5,split_comparison,ULB,random_matched,2,N,LOF,0.005,0.005,Precision,0.2092198581560283,56962,75,
4bf7f480a8c5,split_comparison,ULB,random_matched,2,N,LOF,0.005,0.005,Recall,0.7866666666666666,56962,75,
4bf7f480a8c5,split_comparison,ULB,random_matched,2,N,LOF,0.005,0.005,F1,0.330532212885154,56962,75,
4bf7f480a8c5,split_comparison,ULB,random_matched,2,N,LOF,0.005,0.005,TN,56664.0,56962,75,
4bf7f480a8c5,split_comparison,ULB,random_matched,2,N,LOF,0.005,0.005,FP,223.0,56962,75,
4bf7f480a8c5,split_comparison,ULB,random_matched,2,N,LOF,0.005,0.005,FN,16.0,56962,75,
4bf7f480a8c5,split_comparison,ULB,random_matched,2,N,LOF,0.005,0.005,TP,59.0,56962,75,
4bf7f480a8c5,split_comparison,ULB,random_matched,2,N,LOF,0.005,0.005,n_alerts,282.0,56962,75,
4bf7f480a8c5,split_comparison,ULB,random_matched,2,N,LOF,0.005,0.005,alert_rate,0.0049506688669639,56962,75,
4bf7f480a8c5,split_comparison,ULB,random_matched,2,N,LOF,0.005,0.005,prevalence,0.0013166672518521,56962,75,
4bf7f480a8c5,split_comparison,ULB,random_matched,2,N,LOF,0.005,0.005,lift,158.90108747044917,56962,75,
4bf7f480a8c5,split_comparison,ULB,random_matched,2,N,LOF,0.005,0.005,tie_ratio,0.0159228959657314,56962,75,
4bf7f480a8c5,split_comparison,ULB,random_matched,2,N,LOF,0.005,0.005,fit_seconds,0.8481385707855225,56962,75,
4bf7f480a8c5,split_comparison,ULB,random_matched,2,N,LOF,0.005,0.005,score_seconds,6.014920234680176,56962,75,
c84914e308ca,split_comparison,ULB,random_matched,2,N,OneClassSVM,0.005,0.005,PR_AUC,0.1384323839566262,56962,75,
c84914e308ca,split_comparison,ULB,random_matched,2,N,OneClassSVM,0.005,0.005,ROC_AUC,0.951786641353326,56962,75,
c84914e308ca,split_comparison,ULB,random_matched,2,N,OneClassSVM,0.005,0.005,Precision,0.176056338028169,56962,75,
c84914e308ca,split_comparison,ULB,random_matched,2,N,OneClassSVM,0.005,0.005,Recall,0.6666666666666666,56962,75,
c84914e308ca,split_comparison,ULB,random_matched,2,N,OneClassSVM,0.005,0.005,F1,0.2785515320334262,56962,75,
c84914e308ca,split_comparison,ULB,random_matched,2,N,OneClassSVM,0.005,0.005,TN,56653.0,56962,75,
c84914e308ca,split_comparison,ULB,random_matched,2,N,OneClassSVM,0.005,0.005,FP,234.0,56962,75,
c84914e308ca,split_comparison,ULB,random_matched,2,N,OneClassSVM,0.005,0.005,FN,25.0,56962,75,
c84914e308ca,split_comparison,ULB,random_matched,2,N,OneClassSVM,0.005,0.005,TP,50.0,56962,75,
c84914e308ca,split_comparison,ULB,random_matched,2,N,OneClassSVM,0.005,0.005,n_alerts,284.0,56962,75,
c84914e308ca,split_comparison,ULB,random_matched,2,N,OneClassSVM,0.005,0.005,alert_rate,0.0049857799936799,56962,75,
c84914e308ca,split_comparison,ULB,random_matched,2,N,OneClassSVM,0.005,0.005,prevalence,0.0013166672518521,56962,75,
c84914e308ca,split_comparison,ULB,random_matched,2,N,OneClassSVM,0.005,0.005,lift,133.71361502347418,56962,75,
c84914e308ca,split_comparison,ULB,random_matched,2,N,OneClassSVM,0.005,0.005,tie_ratio,0.0010708893648396,56962,75,
c84914e308ca,split_comparison,ULB,random_matched,2,N,OneClassSVM,0.005,0.005,fit_seconds,0.9269137382507324,56962,75,
c84914e308ca,split_comparison,ULB,random_matched,2,N,OneClassSVM,0.005,0.005,score_seconds,7.6453986167907715,56962,75,
2a19cc3c6562,split_comparison,ULB,random_matched,2,N,DBSCAN,0.005,0.005,PR_AUC,0.0501732099421677,56962,75,
2a19cc3c6562,split_comparison,ULB,random_matched,2,N,DBSCAN,0.005,0.005,ROC_AUC,0.9490006504122206,56962,75,
2a19cc3c6562,split_comparison,ULB,random_matched,2,N,DBSCAN,0.005,0.005,Precision,0.0631578947368421,56962,75,
2a19cc3c6562,split_comparison,ULB,random_matched,2,N,DBSCAN,0.005,0.005,Recall,0.24,56962,75,
2a19cc3c6562,split_comparison,ULB,random_matched,2,N,DBSCAN,0.005,0.005,F1,0.1,56962,75,
2a19cc3c6562,split_comparison,ULB,random_matched,2,N,DBSCAN,0.005,0.005,TN,56620.0,56962,75,
2a19cc3c6562,split_comparison,ULB,random_matched,2,N,DBSCAN,0.005,0.005,FP,267.0,56962,75,
2a19cc3c6562,split_comparison,ULB,random_matched,2,N,DBSCAN,0.005,0.005,FN,57.0,56962,75,
2a19cc3c6562,split_comparison,ULB,random_matched,2,N,DBSCAN,0.005,0.005,TP,18.0,56962,75,
2a19cc3c6562,split_comparison,ULB,random_matched,2,N,DBSCAN,0.005,0.005,n_alerts,285.0,56962,75,
2a19cc3c6562,split_comparison,ULB,random_matched,2,N,DBSCAN,0.005,0.005,alert_rate,0.005003335557038,56962,75,
2a19cc3c6562,split_comparison,ULB,random_matched,2,N,DBSCAN,0.005,0.005,prevalence,0.0013166672518521,56962,75,
2a19cc3c6562,split_comparison,ULB,random_matched,2,N,DBSCAN,0.005,0.005,lift,47.968,56962,75,
2a19cc3c6562,split_comparison,ULB,random_matched,2,N,DBSCAN,0.005,0.005,tie_ratio,0.0029493346441487,56962,75,
2a19cc3c6562,split_comparison,ULB,random_matched,2,N,DBSCAN,0.005,0.005,fit_seconds,0.8060510158538818,56962,75,
2a19cc3c6562,split_comparison,ULB,random_matched,2,N,DBSCAN,0.005,0.005,score_seconds,0.0318303108215332,56962,75,
40c1679d9ef5,split_comparison,ULB,random_matched,2,N,KMeans,0.005,0.005,PR_AUC,0.1368677973911416,56962,75,
40c1679d9ef5,split_comparison,ULB,random_matched,2,N,KMeans,0.005,0.005,ROC_AUC,0.9691967116095652,56962,75,
40c1679d9ef5,split_comparison,ULB,random_matched,2,N,KMeans,0.005,0.005,Precision,0.1164383561643835,56962,75,
40c1679d9ef5,split_comparison,ULB,random_matched,2,N,KMeans,0.005,0.005,Recall,0.4533333333333333,56962,75,
40c1679d9ef5,split_comparison,ULB,random_matched,2,N,KMeans,0.005,0.005,F1,0.1852861035422343,56962,75,
40c1679d9ef5,split_comparison,ULB,random_matched,2,N,KMeans,0.005,0.005,TN,56629.0,56962,75,
40c1679d9ef5,split_comparison,ULB,random_matched,2,N,KMeans,0.005,0.005,FP,258.0,56962,75,
40c1679d9ef5,split_comparison,ULB,random_matched,2,N,KMeans,0.005,0.005,FN,41.0,56962,75,
40c1679d9ef5,split_comparison,ULB,random_matched,2,N,KMeans,0.005,0.005,TP,34.0,56962,75,
40c1679d9ef5,split_comparison,ULB,random_matched,2,N,KMeans,0.005,0.005,n_alerts,292.0,56962,75,
40c1679d9ef5,split_comparison,ULB,random_matched,2,N,KMeans,0.005,0.005,alert_rate,0.0051262245005442,56962,75,
40c1679d9ef5,split_comparison,ULB,random_matched,2,N,KMeans,0.005,0.005,prevalence,0.0013166672518521,56962,75,
40c1679d9ef5,split_comparison,ULB,random_matched,2,N,KMeans,0.005,0.005,lift,88.43415525114155,56962,75,
40c1679d9ef5,split_comparison,ULB,random_matched,2,N,KMeans,0.005,0.005,tie_ratio,0.0035637793616797,56962,75,
40c1679d9ef5,split_comparison,ULB,random_matched,2,N,KMeans,0.005,0.005,fit_seconds,6.551977634429932,56962,75,
40c1679d9ef5,split_comparison,ULB,random_matched,2,N,KMeans,0.005,0.005,score_seconds,0.1160571575164794,56962,75,
f6b9d7de4ca8,split_comparison,ULB,random_matched,2,N,Ensemble,0.005,0.005,PR_AUC,0.2063977943165556,56962,75,
f6b9d7de4ca8,split_comparison,ULB,random_matched,2,N,Ensemble,0.005,0.005,ROC_AUC,0.9739154229730284,56962,75,
f6b9d7de4ca8,split_comparison,ULB,random_matched,2,N,Ensemble,0.005,0.005,Precision,0.1843971631205673,56962,75,
f6b9d7de4ca8,split_comparison,ULB,random_matched,2,N,Ensemble,0.005,0.005,Recall,0.6933333333333334,56962,75,
f6b9d7de4ca8,split_comparison,ULB,random_matched,2,N,Ensemble,0.005,0.005,F1,0.2913165266106443,56962,75,
f6b9d7de4ca8,split_comparison,ULB,random_matched,2,N,Ensemble,0.005,0.005,TN,56657.0,56962,75,
f6b9d7de4ca8,split_comparison,ULB,random_matched,2,N,Ensemble,0.005,0.005,FP,230.0,56962,75,
f6b9d7de4ca8,split_comparison,ULB,random_matched,2,N,Ensemble,0.005,0.005,FN,23.0,56962,75,
f6b9d7de4ca8,split_comparison,ULB,random_matched,2,N,Ensemble,0.005,0.005,TP,52.0,56962,75,
f6b9d7de4ca8,split_comparison,ULB,random_matched,2,N,Ensemble,0.005,0.005,n_alerts,282.0,56962,75,
f6b9d7de4ca8,split_comparison,ULB,random_matched,2,N,Ensemble,0.005,0.005,alert_rate,0.0049506688669639,56962,75,
f6b9d7de4ca8,split_comparison,ULB,random_matched,2,N,Ensemble,0.005,0.005,prevalence,0.0013166672518521,56962,75,
f6b9d7de4ca8,split_comparison,ULB,random_matched,2,N,Ensemble,0.005,0.005,lift,140.0484160756501,56962,75,
f6b9d7de4ca8,split_comparison,ULB,random_matched,2,N,Ensemble,0.005,0.005,tie_ratio,0.0715564762473227,56962,75,
f6b9d7de4ca8,split_comparison,ULB,random_matched,2,N,Ensemble,0.005,0.005,fit_seconds,0.0,56962,75,
f6b9d7de4ca8,split_comparison,ULB,random_matched,2,N,Ensemble,0.005,0.005,score_seconds,0.0,56962,75,
f7f11a63186a,split_comparison,ULB,random_matched,2,N,Ensemble,0.005,0.005,single_point_invariant,1.0,56962,75,invariance
d1b65ecc85b4,split_comparison,ULB,random_matched,2,O,IsolationForest,0.005,0.0018316625995564,PR_AUC,0.1218999185281655,56962,75,
d1b65ecc85b4,split_comparison,ULB,random_matched,2,O,IsolationForest,0.005,0.0018316625995564,ROC_AUC,0.9668327268678842,56962,75,
d1b65ecc85b4,split_comparison,ULB,random_matched,2,O,IsolationForest,0.005,0.0018316625995564,Precision,0.198019801980198,56962,75,
d1b65ecc85b4,split_comparison,ULB,random_matched,2,O,IsolationForest,0.005,0.0018316625995564,Recall,0.2666666666666666,56962,75,
d1b65ecc85b4,split_comparison,ULB,random_matched,2,O,IsolationForest,0.005,0.0018316625995564,F1,0.2272727272727272,56962,75,
d1b65ecc85b4,split_comparison,ULB,random_matched,2,O,IsolationForest,0.005,0.0018316625995564,TN,56806.0,56962,75,
d1b65ecc85b4,split_comparison,ULB,random_matched,2,O,IsolationForest,0.005,0.0018316625995564,FP,81.0,56962,75,
d1b65ecc85b4,split_comparison,ULB,random_matched,2,O,IsolationForest,0.005,0.0018316625995564,FN,55.0,56962,75,
d1b65ecc85b4,split_comparison,ULB,random_matched,2,O,IsolationForest,0.005,0.0018316625995564,TP,20.0,56962,75,
d1b65ecc85b4,split_comparison,ULB,random_matched,2,O,IsolationForest,0.005,0.0018316625995564,n_alerts,101.0,56962,75,
d1b65ecc85b4,split_comparison,ULB,random_matched,2,O,IsolationForest,0.005,0.0018316625995564,alert_rate,0.0017731118991608,56962,75,
d1b65ecc85b4,split_comparison,ULB,random_matched,2,O,IsolationForest,0.005,0.0018316625995564,prevalence,0.0013166672518521,56962,75,
d1b65ecc85b4,split_comparison,ULB,random_matched,2,O,IsolationForest,0.005,0.0018316625995564,lift,150.3947194719472,56962,75,
d1b65ecc85b4,split_comparison,ULB,random_matched,2,O,IsolationForest,0.005,0.0018316625995564,tie_ratio,0.0070573364699273,56962,75,
d1b65ecc85b4,split_comparison,ULB,random_matched,2,O,IsolationForest,0.005,0.0018316625995564,fit_seconds,1.361823558807373,56962,75,
d1b65ecc85b4,split_comparison,ULB,random_matched,2,O,IsolationForest,0.005,0.0018316625995564,score_seconds,1.6621782779693604,56962,75,
d1eb5ddbc2ad,split_comparison,ULB,random_matched,2,O,LOF,0.005,0.0018316625995564,PR_AUC,0.0648290384188923,56962,75,
d1eb5ddbc2ad,split_comparison,ULB,random_matched,2,O,LOF,0.005,0.0018316625995564,ROC_AUC,0.9557685704408154,56962,75,
d1eb5ddbc2ad,split_comparison,ULB,random_matched,2,O,LOF,0.005,0.0018316625995564,Precision,0.1263157894736842,56962,75,
d1eb5ddbc2ad,split_comparison,ULB,random_matched,2,O,LOF,0.005,0.0018316625995564,Recall,0.16,56962,75,
d1eb5ddbc2ad,split_comparison,ULB,random_matched,2,O,LOF,0.005,0.0018316625995564,F1,0.1411764705882353,56962,75,
d1eb5ddbc2ad,split_comparison,ULB,random_matched,2,O,LOF,0.005,0.0018316625995564,TN,56804.0,56962,75,
d1eb5ddbc2ad,split_comparison,ULB,random_matched,2,O,LOF,0.005,0.0018316625995564,FP,83.0,56962,75,
d1eb5ddbc2ad,split_comparison,ULB,random_matched,2,O,LOF,0.005,0.0018316625995564,FN,63.0,56962,75,
d1eb5ddbc2ad,split_comparison,ULB,random_matched,2,O,LOF,0.005,0.0018316625995564,TP,12.0,56962,75,
d1eb5ddbc2ad,split_comparison,ULB,random_matched,2,O,LOF,0.005,0.0018316625995564,n_alerts,95.0,56962,75,
d1eb5ddbc2ad,split_comparison,ULB,random_matched,2,O,LOF,0.005,0.0018316625995564,alert_rate,0.0016677785190126,56962,75,
d1eb5ddbc2ad,split_comparison,ULB,random_matched,2,O,LOF,0.005,0.0018316625995564,prevalence,0.0013166672518521,56962,75,
d1eb5ddbc2ad,split_comparison,ULB,random_matched,2,O,LOF,0.005,0.0018316625995564,lift,95.936,56962,75,
d1eb5ddbc2ad,split_comparison,ULB,random_matched,2,O,LOF,0.005,0.0018316625995564,tie_ratio,0.0148520066008918,56962,75,
d1eb5ddbc2ad,split_comparison,ULB,random_matched,2,O,LOF,0.005,0.0018316625995564,fit_seconds,0.8755853176116943,56962,75,
d1eb5ddbc2ad,split_comparison,ULB,random_matched,2,O,LOF,0.005,0.0018316625995564,score_seconds,6.056630373001099,56962,75,
ad76f0a3c6d6,split_comparison,ULB,random_matched,2,O,OneClassSVM,0.005,0.0018316625995564,PR_AUC,0.0733909405655268,56962,75,
ad76f0a3c6d6,split_comparison,ULB,random_matched,2,O,OneClassSVM,0.005,0.0018316625995564,ROC_AUC,0.948686343101236,56962,75,
ad76f0a3c6d6,split_comparison,ULB,random_matched,2,O,OneClassSVM,0.005,0.0018316625995564,Precision,0.072072072072072,56962,75,
ad76f0a3c6d6,split_comparison,ULB,random_matched,2,O,OneClassSVM,0.005,0.0018316625995564,Recall,0.1066666666666666,56962,75,
ad76f0a3c6d6,split_comparison,ULB,random_matched,2,O,OneClassSVM,0.005,0.0018316625995564,F1,0.086021505376344,56962,75,
ad76f0a3c6d6,split_comparison,ULB,random_matched,2,O,OneClassSVM,0.005,0.0018316625995564,TN,56784.0,56962,75,
ad76f0a3c6d6,split_comparison,ULB,random_matched,2,O,OneClassSVM,0.005,0.0018316625995564,FP,103.0,56962,75,
ad76f0a3c6d6,split_comparison,ULB,random_matched,2,O,OneClassSVM,0.005,0.0018316625995564,FN,67.0,56962,75,
ad76f0a3c6d6,split_comparison,ULB,random_matched,2,O,OneClassSVM,0.005,0.0018316625995564,TP,8.0,56962,75,
ad76f0a3c6d6,split_comparison,ULB,random_matched,2,O,OneClassSVM,0.005,0.0018316625995564,n_alerts,111.0,56962,75,
ad76f0a3c6d6,split_comparison,ULB,random_matched,2,O,OneClassSVM,0.005,0.0018316625995564,alert_rate,0.0019486675327411,56962,75,
ad76f0a3c6d6,split_comparison,ULB,random_matched,2,O,OneClassSVM,0.005,0.0018316625995564,prevalence,0.0013166672518521,56962,75,
ad76f0a3c6d6,split_comparison,ULB,random_matched,2,O,OneClassSVM,0.005,0.0018316625995564,lift,54.738258258258256,56962,75,
ad76f0a3c6d6,split_comparison,ULB,random_matched,2,O,OneClassSVM,0.005,0.0018316625995564,tie_ratio,0.0010708893648396,56962,75,
ad76f0a3c6d6,split_comparison,ULB,random_matched,2,O,OneClassSVM,0.005,0.0018316625995564,fit_seconds,0.7658491134643555,56962,75,
ad76f0a3c6d6,split_comparison,ULB,random_matched,2,O,OneClassSVM,0.005,0.0018316625995564,score_seconds,7.944968938827515,56962,75,
ecdd0989c854,split_comparison,ULB,random_matched,2,O,DBSCAN,0.005,0.0018316625995564,PR_AUC,0.0509270651857639,56962,75,
ecdd0989c854,split_comparison,ULB,random_matched,2,O,DBSCAN,0.005,0.0018316625995564,ROC_AUC,0.9544371590462964,56962,75,
ecdd0989c854,split_comparison,ULB,random_matched,2,O,DBSCAN,0.005,0.0018316625995564,Precision,0.1339285714285714,56962,75,
ecdd0989c854,split_comparison,ULB,random_matched,2,O,DBSCAN,0.005,0.0018316625995564,Recall,0.2,56962,75,
ecdd0989c854,split_comparison,ULB,random_matched,2,O,DBSCAN,0.005,0.0018316625995564,F1,0.160427807486631,56962,75,
ecdd0989c854,split_comparison,ULB,random_matched,2,O,DBSCAN,0.005,0.0018316625995564,TN,56790.0,56962,75,
ecdd0989c854,split_comparison,ULB,random_matched,2,O,DBSCAN,0.005,0.0018316625995564,FP,97.0,56962,75,
ecdd0989c854,split_comparison,ULB,random_matched,2,O,DBSCAN,0.005,0.0018316625995564,FN,60.0,56962,75,
ecdd0989c854,split_comparison,ULB,random_matched,2,O,DBSCAN,0.005,0.0018316625995564,TP,15.0,56962,75,
ecdd0989c854,split_comparison,ULB,random_matched,2,O,DBSCAN,0.005,0.0018316625995564,n_alerts,112.0,56962,75,
ecdd0989c854,split_comparison,ULB,random_matched,2,O,DBSCAN,0.005,0.0018316625995564,alert_rate,0.0019662230960991,56962,75,
ecdd0989c854,split_comparison,ULB,random_matched,2,O,DBSCAN,0.005,0.0018316625995564,prevalence,0.0013166672518521,56962,75,
ecdd0989c854,split_comparison,ULB,random_matched,2,O,DBSCAN,0.005,0.0018316625995564,lift,101.71785714285714,56962,75,
ecdd0989c854,split_comparison,ULB,random_matched,2,O,DBSCAN,0.005,0.0018316625995564,tie_ratio,0.0030020013342227,56962,75,
ecdd0989c854,split_comparison,ULB,random_matched,2,O,DBSCAN,0.005,0.0018316625995564,fit_seconds,0.7156581878662109,56962,75,
ecdd0989c854,split_comparison,ULB,random_matched,2,O,DBSCAN,0.005,0.0018316625995564,score_seconds,0.0305869579315185,56962,75,
2fa42f63ecc4,split_comparison,ULB,random_matched,2,O,KMeans,0.005,0.0018316625995564,PR_AUC,0.1331264554577908,56962,75,
2fa42f63ecc4,split_comparison,ULB,random_matched,2,O,KMeans,0.005,0.0018316625995564,ROC_AUC,0.9723866612758628,56962,75,
2fa42f63ecc4,split_comparison,ULB,random_matched,2,O,KMeans,0.005,0.0018316625995564,Precision,0.1651376146788991,56962,75,
2fa42f63ecc4,split_comparison,ULB,random_matched,2,O,KMeans,0.005,0.0018316625995564,Recall,0.24,56962,75,
2fa42f63ecc4,split_comparison,ULB,random_matched,2,O,KMeans,0.005,0.0018316625995564,F1,0.1956521739130435,56962,75,
2fa42f63ecc4,split_comparison,ULB,random_matched,2,O,KMeans,0.005,0.0018316625995564,TN,56796.0,56962,75,
2fa42f63ecc4,split_comparison,ULB,random_matched,2,O,KMeans,0.005,0.0018316625995564,FP,91.0,56962,75,
2fa42f63ecc4,split_comparison,ULB,random_matched,2,O,KMeans,0.005,0.0018316625995564,FN,57.0,56962,75,
2fa42f63ecc4,split_comparison,ULB,random_matched,2,O,KMeans,0.005,0.0018316625995564,TP,18.0,56962,75,
2fa42f63ecc4,split_comparison,ULB,random_matched,2,O,KMeans,0.005,0.0018316625995564,n_alerts,109.0,56962,75,
2fa42f63ecc4,split_comparison,ULB,random_matched,2,O,KMeans,0.005,0.0018316625995564,alert_rate,0.001913556406025,56962,75,
2fa42f63ecc4,split_comparison,ULB,random_matched,2,O,KMeans,0.005,0.0018316625995564,prevalence,0.0013166672518521,56962,75,
2fa42f63ecc4,split_comparison,ULB,random_matched,2,O,KMeans,0.005,0.0018316625995564,lift,125.42091743119266,56962,75,
2fa42f63ecc4,split_comparison,ULB,random_matched,2,O,KMeans,0.005,0.0018316625995564,tie_ratio,0.0028966679540746,56962,75,
2fa42f63ecc4,split_comparison,ULB,random_matched,2,O,KMeans,0.005,0.0018316625995564,fit_seconds,6.750646829605103,56962,75,
2fa42f63ecc4,split_comparison,ULB,random_matched,2,O,KMeans,0.005,0.0018316625995564,score_seconds,0.115408182144165,56962,75,
ae8f6414f01b,split_comparison,ULB,random_matched,2,O,Ensemble,0.005,0.0018316625995564,PR_AUC,0.1264588778827882,56962,75,
ae8f6414f01b,split_comparison,ULB,random_matched,2,O,Ensemble,0.005,0.0018316625995564,ROC_AUC,0.9751576517189048,56962,75,
ae8f6414f01b,split_comparison,ULB,random_matched,2,O,Ensemble,0.005,0.0018316625995564,Precision,0.145631067961165,56962,75,
ae8f6414f01b,split_comparison,ULB,random_matched,2,O,Ensemble,0.005,0.0018316625995564,Recall,0.2,56962,75,
ae8f6414f01b,split_comparison,ULB,random_matched,2,O,Ensemble,0.005,0.0018316625995564,F1,0.1685393258426966,56962,75,
ae8f6414f01b,split_comparison,ULB,random_matched,2,O,Ensemble,0.005,0.0018316625995564,TN,56799.0,56962,75,
ae8f6414f01b,split_comparison,ULB,random_matched,2,O,Ensemble,0.005,0.0018316625995564,FP,88.0,56962,75,
ae8f6414f01b,split_comparison,ULB,random_matched,2,O,Ensemble,0.005,0.0018316625995564,FN,60.0,56962,75,
ae8f6414f01b,split_comparison,ULB,random_matched,2,O,Ensemble,0.005,0.0018316625995564,TP,15.0,56962,75,
ae8f6414f01b,split_comparison,ULB,random_matched,2,O,Ensemble,0.005,0.0018316625995564,n_alerts,103.0,56962,75,
ae8f6414f01b,split_comparison,ULB,random_matched,2,O,Ensemble,0.005,0.0018316625995564,alert_rate,0.0018082230258769,56962,75,
ae8f6414f01b,split_comparison,ULB,random_matched,2,O,Ensemble,0.005,0.0018316625995564,prevalence,0.0013166672518521,56962,75,
ae8f6414f01b,split_comparison,ULB,random_matched,2,O,Ensemble,0.005,0.0018316625995564,lift,110.60582524271844,56962,75,
ae8f6414f01b,split_comparison,ULB,random_matched,2,O,Ensemble,0.005,0.0018316625995564,tie_ratio,0.0747340332151258,56962,75,
ae8f6414f01b,split_comparison,ULB,random_matched,2,O,Ensemble,0.005,0.0018316625995564,fit_seconds,0.0,56962,75,
ae8f6414f01b,split_comparison,ULB,random_matched,2,O,Ensemble,0.005,0.0018316625995564,score_seconds,0.0,56962,75,
006a7cea0d8c,split_comparison,ULB,random_matched,2,O,Ensemble,0.005,0.0018316625995564,single_point_invariant,1.0,56962,75,invariance
486777c0cddd,split_comparison,PaySim,chronological,0,U,IsolationForest,0.005,0.005,PR_AUC,0.0160953854190835,1272524,4254,
486777c0cddd,split_comparison,PaySim,chronological,0,U,IsolationForest,0.005,0.005,ROC_AUC,0.813015355620548,1272524,4254,
486777c0cddd,split_comparison,PaySim,chronological,0,U,IsolationForest,0.005,0.005,Precision,0.0385064177362893,1272524,4254,
486777c0cddd,split_comparison,PaySim,chronological,0,U,IsolationForest,0.005,0.005,Recall,0.0077574047954866,1272524,4254,
486777c0cddd,split_comparison,PaySim,chronological,0,U,IsolationForest,0.005,0.005,F1,0.0129133242027,1272524,4254,
486777c0cddd,split_comparison,PaySim,chronological,0,U,IsolationForest,0.005,0.005,TN,1267446.0,1272524,4254,
486777c0cddd,split_comparison,PaySim,chronological,0,U,IsolationForest,0.005,0.005,FP,824.0,1272524,4254,
486777c0cddd,split_comparison,PaySim,chronological,0,U,IsolationForest,0.005,0.005,FN,4221.0,1272524,4254,
486777c0cddd,split_comparison,PaySim,chronological,0,U,IsolationForest,0.005,0.005,TP,33.0,1272524,4254,
486777c0cddd,split_comparison,PaySim,chronological,0,U,IsolationForest,0.005,0.005,n_alerts,857.0,1272524,4254,
486777c0cddd,split_comparison,PaySim,chronological,0,U,IsolationForest,0.005,0.005,alert_rate,0.0006734647047914,1272524,4254,
486777c0cddd,split_comparison,PaySim,chronological,0,U,IsolationForest,0.005,0.005,prevalence,0.0033429624902948,1272524,4254,
486777c0cddd,split_comparison,PaySim,chronological,0,U,IsolationForest,0.005,0.005,lift,11.51865085177572,1272524,4254,
486777c0cddd,split_comparison,PaySim,chronological,0,U,IsolationForest,0.005,0.005,tie_ratio,0.5940076572229679,1272524,4254,
486777c0cddd,split_comparison,PaySim,chronological,0,U,IsolationForest,0.005,0.005,fit_seconds,8.946947813034058,1272524,4254,
486777c0cddd,split_comparison,PaySim,chronological,0,U,IsolationForest,0.005,0.005,score_seconds,33.26933026313782,1272524,4254,
050db5c65d89,split_comparison,PaySim,chronological,0,U,LOF,0.005,0.005,PR_AUC,0.0030799352569791,1272524,4254,
050db5c65d89,split_comparison,PaySim,chronological,0,U,LOF,0.005,0.005,ROC_AUC,0.4998612955691239,1272524,4254,
050db5c65d89,split_comparison,PaySim,chronological,0,U,LOF,0.005,0.005,Precision,0.0,1272524,4254,
050db5c65d89,split_comparison,PaySim,chronological,0,U,LOF,0.005,0.005,Recall,0.0,1272524,4254,
050db5c65d89,split_comparison,PaySim,chronological,0,U,LOF,0.005,0.005,F1,0.0,1272524,4254,
050db5c65d89,split_comparison,PaySim,chronological,0,U,LOF,0.005,0.005,TN,910268.0,1272524,4254,
050db5c65d89,split_comparison,PaySim,chronological,0,U,LOF,0.005,0.005,FP,358002.0,1272524,4254,
050db5c65d89,split_comparison,PaySim,chronological,0,U,LOF,0.005,0.005,FN,4254.0,1272524,4254,
050db5c65d89,split_comparison,PaySim,chronological,0,U,LOF,0.005,0.005,TP,0.0,1272524,4254,
050db5c65d89,split_comparison,PaySim,chronological,0,U,LOF,0.005,0.005,n_alerts,358002.0,1272524,4254,
050db5c65d89,split_comparison,PaySim,chronological,0,U,LOF,0.005,0.005,alert_rate,0.28133221848861,1272524,4254,
050db5c65d89,split_comparison,PaySim,chronological,0,U,LOF,0.005,0.005,prevalence,0.0033429624902948,1272524,4254,
050db5c65d89,split_comparison,PaySim,chronological,0,U,LOF,0.005,0.005,lift,0.0,1272524,4254,
050db5c65d89,split_comparison,PaySim,chronological,0,U,LOF,0.005,0.005,tie_ratio,0.042048715780606,1272524,4254,
050db5c65d89,split_comparison,PaySim,chronological,0,U,LOF,0.005,0.005,fit_seconds,2.1043930053710938,1272524,4254,
050db5c65d89,split_comparison,PaySim,chronological,0,U,LOF,0.005,0.005,score_seconds,248.2561974525452,1272524,4254,
84bf059ff1dc,split_comparison,PaySim,chronological,0,U,OneClassSVM,0.005,0.005,PR_AUC,0.1054356828019987,1272524,4254,
84bf059ff1dc,split_comparison,PaySim,chronological,0,U,OneClassSVM,0.005,0.005,ROC_AUC,0.8757167375165967,1272524,4254,
84bf059ff1dc,split_comparison,PaySim,chronological,0,U,OneClassSVM,0.005,0.005,Precision,0.2609289617486339,1272524,4254,
84bf059ff1dc,split_comparison,PaySim,chronological,0,U,OneClassSVM,0.005,0.005,Recall,0.0897978373295721,1272524,4254,
84bf059ff1dc,split_comparison,PaySim,chronological,0,U,OneClassSVM,0.005,0.005,F1,0.1336131514515565,1272524,4254,
84bf059ff1dc,split_comparison,PaySim,chronological,0,U,OneClassSVM,0.005,0.005,TN,1267188.0,1272524,4254,
84bf059ff1dc,split_comparison,PaySim,chronological,0,U,OneClassSVM,0.005,0.005,FP,1082.0,1272524,4254,
84bf059ff1dc,split_comparison,PaySim,chronological,0,U,OneClassSVM,0.005,0.005,FN,3872.0,1272524,4254,
84bf059ff1dc,split_comparison,PaySim,chronological,0,U,OneClassSVM,0.005,0.005,TP,382.0,1272524,4254,
84bf059ff1dc,split_comparison,PaySim,chronological,0,U,OneClassSVM,0.005,0.005,n_alerts,1464.0,1272524,4254,
84bf059ff1dc,split_comparison,PaySim,chronological,0,U,OneClassSVM,0.005,0.005,alert_rate,0.0011504694606938,1272524,4254,
84bf059ff1dc,split_comparison,PaySim,chronological,0,U,OneClassSVM,0.005,0.005,prevalence,0.0033429624902948,1272524,4254,
84bf059ff1dc,split_comparison,PaySim,chronological,0,U,OneClassSVM,0.005,0.005,lift,78.05321253413695,1272524,4254,
84bf059ff1dc,split_comparison,PaySim,chronological,0,U,OneClassSVM,0.005,0.005,tie_ratio,0.0041264447664641,1272524,4254,
84bf059ff1dc,split_comparison,PaySim,chronological,0,U,OneClassSVM,0.005,0.005,fit_seconds,0.3382294178009033,1272524,4254,
84bf059ff1dc,split_comparison,PaySim,chronological,0,U,OneClassSVM,0.005,0.005,score_seconds,65.30086874961853,1272524,4254,
7bbf78644cfd,split_comparison,PaySim,chronological,0,U,DBSCAN,0.005,0.005,PR_AUC,0.0248001905160756,1272524,4254,
7bbf78644cfd,split_comparison,PaySim,chronological,0,U,DBSCAN,0.005,0.005,ROC_AUC,0.8407100109704875,1272524,4254,
7bbf78644cfd,split_comparison,PaySim,chronological,0,U,DBSCAN,0.005,0.005,Precision,0.1179245283018868,1272524,4254,
7bbf78644cfd,split_comparison,PaySim,chronological,0,U,DBSCAN,0.005,0.005,Recall,0.0293841090738128,1272524,4254,
7bbf78644cfd,split_comparison,PaySim,chronological,0,U,DBSCAN,0.005,0.005,F1,0.0470455400828001,1272524,4254,
7bbf78644cfd,split_comparison,PaySim,chronological,0,U,DBSCAN,0.005,0.005,TN,1267335.0,1272524,4254,
7bbf78644cfd,split_comparison,PaySim,chronological,0,U,DBSCAN,0.005,0.005,FP,935.0,1272524,4254,
7bbf78644cfd,split_comparison,PaySim,chronological,0,U,DBSCAN,0.005,0.005,FN,4129.0,1272524,4254,
7bbf78644cfd,split_comparison,PaySim,chronological,0,U,DBSCAN,0.005,0.005,TP,125.0,1272524,4254,
7bbf78644cfd,split_comparison,PaySim,chronological,0,U,DBSCAN,0.005,0.005,n_alerts,1060.0,1272524,4254,
7bbf78644cfd,split_comparison,PaySim,chronological,0,U,DBSCAN,0.005,0.005,alert_rate,0.0008329901832892,1272524,4254,
7bbf78644cfd,split_comparison,PaySim,chronological,0,U,DBSCAN,0.005,0.005,prevalence,0.0033429624902948,1272524,4254,
7bbf78644cfd,split_comparison,PaySim,chronological,0,U,DBSCAN,0.005,0.005,lift,35.27545661796666,1272524,4254,
7bbf78644cfd,split_comparison,PaySim,chronological,0,U,DBSCAN,0.005,0.005,tie_ratio,0.1043273054182082,1272524,4254,
7bbf78644cfd,split_comparison,PaySim,chronological,0,U,DBSCAN,0.005,0.005,fit_seconds,1.013347864151001,1272524,4254,
7bbf78644cfd,split_comparison,PaySim,chronological,0,U,DBSCAN,0.005,0.005,score_seconds,0.1226305961608886,1272524,4254,
40f019ae6580,split_comparison,PaySim,chronological,0,U,KMeans,0.005,0.005,PR_AUC,0.041949937456771,1272524,4254,
40f019ae6580,split_comparison,PaySim,chronological,0,U,KMeans,0.005,0.005,ROC_AUC,0.8688532131340586,1272524,4254,
40f019ae6580,split_comparison,PaySim,chronological,0,U,KMeans,0.005,0.005,Precision,0.1213826366559485,1272524,4254,
40f019ae6580,split_comparison,PaySim,chronological,0,U,KMeans,0.005,0.005,Recall,0.0354960037611659,1272524,4254,
40f019ae6580,split_comparison,PaySim,chronological,0,U,KMeans,0.005,0.005,F1,0.0549290651145871,1272524,4254,
40f019ae6580,split_comparison,PaySim,chronological,0,U,KMeans,0.005,0.005,TN,1267177.0,1272524,4254,
40f019ae6580,split_comparison,PaySim,chronological,0,U,KMeans,0.005,0.005,FP,1093.0,1272524,4254,
40f019ae6580,split_comparison,PaySim,chronological,0,U,KMeans,0.005,0.005,FN,4103.0,1272524,4254,
40f019ae6580,split_comparison,PaySim,chronological,0,U,KMeans,0.005,0.005,TP,151.0,1272524,4254,
40f019ae6580,split_comparison,PaySim,chronological,0,U,KMeans,0.005,0.005,n_alerts,1244.0,1272524,4254,
40f019ae6580,split_comparison,PaySim,chronological,0,U,KMeans,0.005,0.005,alert_rate,0.0009775847056715,1272524,4254,
40f019ae6580,split_comparison,PaySim,chronological,0,U,KMeans,0.005,0.005,prevalence,0.0033429624902948,1272524,4254,
40f019ae6580,split_comparison,PaySim,chronological,0,U,KMeans,0.005,0.005,lift,36.30990087634562,1272524,4254,
40f019ae6580,split_comparison,PaySim,chronological,0,U,KMeans,0.005,0.005,tie_ratio,0.1504867491693673,1272524,4254,
40f019ae6580,split_comparison,PaySim,chronological,0,U,KMeans,0.005,0.005,fit_seconds,73.43687748908997,1272524,4254,
40f019ae6580,split_comparison,PaySim,chronological,0,U,KMeans,0.005,0.005,score_seconds,1.132737398147583,1272524,4254,
915416a4ba9b,split_comparison,PaySim,chronological,0,U,Ensemble,0.005,0.005,PR_AUC,0.1501849397445956,1272524,4254,
915416a4ba9b,split_comparison,PaySim,chronological,0,U,Ensemble,0.005,0.005,ROC_AUC,0.9177841420155616,1272524,4254,
915416a4ba9b,split_comparison,PaySim,chronological,0,U,Ensemble,0.005,0.005,Precision,0.2455958549222797,1272524,4254,
915416a4ba9b,split_comparison,PaySim,chronological,0,U,Ensemble,0.005,0.005,Recall,0.0557122708039492,1272524,4254,
915416a4ba9b,split_comparison,PaySim,chronological,0,U,Ensemble,0.005,0.005,F1,0.0908219965510634,1272524,4254,
915416a4ba9b,split_comparison,PaySim,chronological,0,U,Ensemble,0.005,0.005,TN,1267542.0,1272524,4254,
915416a4ba9b,split_comparison,PaySim,chronological,0,U,Ensemble,0.005,0.005,FP,728.0,1272524,4254,
915416a4ba9b,split_comparison,PaySim,chronological,0,U,Ensemble,0.005,0.005,FN,4017.0,1272524,4254,
915416a4ba9b,split_comparison,PaySim,chronological,0,U,Ensemble,0.005,0.005,TP,237.0,1272524,4254,
915416a4ba9b,split_comparison,PaySim,chronological,0,U,Ensemble,0.005,0.005,n_alerts,965.0,1272524,4254,
915416a4ba9b,split_comparison,PaySim,chronological,0,U,Ensemble,0.005,0.005,alert_rate,0.0007583354027114,1272524,4254,
915416a4ba9b,split_comparison,PaySim,chronological,0,U,Ensemble,0.005,0.005,prevalence,0.0033429624902948,1272524,4254,
915416a4ba9b,split_comparison,PaySim,chronological,0,U,Ensemble,0.005,0.005,lift,73.4665302513209,1272524,4254,
915416a4ba9b,split_comparison,PaySim,chronological,0,U,Ensemble,0.005,0.005,tie_ratio,0.1008067431341177,1272524,4254,
915416a4ba9b,split_comparison,PaySim,chronological,0,U,Ensemble,0.005,0.005,fit_seconds,0.0,1272524,4254,
915416a4ba9b,split_comparison,PaySim,chronological,0,U,Ensemble,0.005,0.005,score_seconds,0.0,1272524,4254,
9aa749ee7f6f,split_comparison,PaySim,chronological,0,U,Ensemble,0.005,0.005,single_point_invariant,1.0,1272524,4254,invariance
502baa9769eb,split_comparison,PaySim,chronological,0,N,IsolationForest,0.005,0.005,PR_AUC,0.0164758600576137,1272524,4254,
502baa9769eb,split_comparison,PaySim,chronological,0,N,IsolationForest,0.005,0.005,ROC_AUC,0.8133172071344671,1272524,4254,
502baa9769eb,split_comparison,PaySim,chronological,0,N,IsolationForest,0.005,0.005,Precision,0.0309072781655034,1272524,4254,
502baa9769eb,split_comparison,PaySim,chronological,0,N,IsolationForest,0.005,0.005,Recall,0.0072872590503055,1272524,4254,
502baa9769eb,split_comparison,PaySim,chronological,0,N,IsolationForest,0.005,0.005,F1,0.0117937987445311,1272524,4254,
502baa9769eb,split_comparison,PaySim,chronological,0,N,IsolationForest,0.005,0.005,TN,1267298.0,1272524,4254,
502baa9769eb,split_comparison,PaySim,chronological,0,N,IsolationForest,0.005,0.005,FP,972.0,1272524,4254,
502baa9769eb,split_comparison,PaySim,chronological,0,N,IsolationForest,0.005,0.005,FN,4223.0,1272524,4254,
502baa9769eb,split_comparison,PaySim,chronological,0,N,IsolationForest,0.005,0.005,TP,31.0,1272524,4254,
502baa9769eb,split_comparison,PaySim,chronological,0,N,IsolationForest,0.005,0.005,n_alerts,1003.0,1272524,4254,
502baa9769eb,split_comparison,PaySim,chronological,0,N,IsolationForest,0.005,0.005,alert_rate,0.0007881973149425,1272524,4254,
502baa9769eb,split_comparison,PaySim,chronological,0,N,IsolationForest,0.005,0.005,prevalence,0.0033429624902948,1272524,4254,
502baa9769eb,split_comparison,PaySim,chronological,0,N,IsolationForest,0.005,0.005,lift,9.245475608904364,1272524,4254,
502baa9769eb,split_comparison,PaySim,chronological,0,N,IsolationForest,0.005,0.005,tie_ratio,0.5972382446224983,1272524,4254,
502baa9769eb,split_comparison,PaySim,chronological,0,N,IsolationForest,0.005,0.005,fit_seconds,7.666740655899048,1272524,4254,
502baa9769eb,split_comparison,PaySim,chronological,0,N,IsolationForest,0.005,0.005,score_seconds,31.519209623336792,1272524,4254,
a48aa63a8a5b,split_comparison,PaySim,chronological,0,N,LOF,0.005,0.005,PR_AUC,0.0030319200122619,1272524,4254,
a48aa63a8a5b,split_comparison,PaySim,chronological,0,N,LOF,0.005,0.005,ROC_AUC,0.4930260335157603,1272524,4254,
a48aa63a8a5b,split_comparison,PaySim,chronological,0,N,LOF,0.005,0.005,Precision,9.353861942342797e-05,1272524,4254,
a48aa63a8a5b,split_comparison,PaySim,chronological,0,N,LOF,0.005,0.005,Recall,0.0082275505406676,1272524,4254,
a48aa63a8a5b,split_comparison,PaySim,chronological,0,N,LOF,0.005,0.005,F1,0.0001849742753632,1272524,4254,
a48aa63a8a5b,split_comparison,PaySim,chronological,0,N,LOF,0.005,0.005,TN,894128.0,1272524,4254,
a48aa63a8a5b,split_comparison,PaySim,chronological,0,N,LOF,0.005,0.005,FP,374142.0,1272524,4254,
a48aa63a8a5b,split_comparison,PaySim,chronological,0,N,LOF,0.005,0.005,FN,4219.0,1272524,4254,
a48aa63a8a5b,split_comparison,PaySim,chronological,0,N,LOF,0.005,0.005,TP,35.0,1272524,4254,
a48aa63a8a5b,split_comparison,PaySim,chronological,0,N,LOF,0.005,0.005,n_alerts,374177.0,1272524,4254,
a48aa63a8a5b,split_comparison,PaySim,chronological,0,N,LOF,0.005,0.005,alert_rate,0.294043177181727,1272524,4254,
a48aa63a8a5b,split_comparison,PaySim,chronological,0,N,LOF,0.005,0.005,prevalence,0.0033429624902948,1272524,4254,
a48aa63a8a5b,split_comparison,PaySim,chronological,0,N,LOF,0.005,0.005,lift,0.0279807564981613,1272524,4254,
a48aa63a8a5b,split_comparison,PaySim,chronological,0,N,LOF,0.005,0.005,tie_ratio,0.0376865190754751,1272524,4254,
a48aa63a8a5b,split_comparison,PaySim,chronological,0,N,LOF,0.005,0.005,fit_seconds,1.5357885360717771,1272524,4254,
a48aa63a8a5b,split_comparison,PaySim,chronological,0,N,LOF,0.005,0.005,score_seconds,218.1445569992065,1272524,4254,
9661edf0d196,split_comparison,PaySim,chronological,0,N,OneClassSVM,0.005,0.005,PR_AUC,0.1017694721507266,1272524,4254,
9661edf0d196,split_comparison,PaySim,chronological,0,N,OneClassSVM,0.005,0.005,ROC_AUC,0.8708153097421645,1272524,4254,
9661edf0d196,split_comparison,PaySim,chronological,0,N,OneClassSVM,0.005,0.005,Precision,0.2674982674982675,1272524,4254,
9661edf0d196,split_comparison,PaySim,chronological,0,N,OneClassSVM,0.005,0.005,Recall,0.0907381288199341,1272524,4254,
9661edf0d196,split_comparison,PaySim,chronological,0,N,OneClassSVM,0.005,0.005,F1,0.1355099175004388,1272524,4254,
9661edf0d196,split_comparison,PaySim,chronological,0,N,OneClassSVM,0.005,0.005,TN,1267213.0,1272524,4254,
9661edf0d196,split_comparison,PaySim,chronological,0,N,OneClassSVM,0.005,0.005,FP,1057.0,1272524,4254,
9661edf0d196,split_comparison,PaySim,chronological,0,N,OneClassSVM,0.005,0.005,FN,3868.0,1272524,4254,
9661edf0d196,split_comparison,PaySim,chronological,0,N,OneClassSVM,0.005,0.005,TP,386.0,1272524,4254,
9661edf0d196,split_comparison,PaySim,chronological,0,N,OneClassSVM,0.005,0.005,n_alerts,1443.0,1272524,4254,
9661edf0d196,split_comparison,PaySim,chronological,0,N,OneClassSVM,0.005,0.005,alert_rate,0.0011339668249871,1272524,4254,
9661edf0d196,split_comparison,PaySim,chronological,0,N,OneClassSVM,0.005,0.005,prevalence,0.0033429624902948,1272524,4254,
9661edf0d196,split_comparison,PaySim,chronological,0,N,OneClassSVM,0.005,0.005,lift,80.01832753877888,1272524,4254,
9661edf0d196,split_comparison,PaySim,chronological,0,N,OneClassSVM,0.005,0.005,tie_ratio,0.0044376373255042,1272524,4254,
9661edf0d196,split_comparison,PaySim,chronological,0,N,OneClassSVM,0.005,0.005,fit_seconds,0.337533950805664,1272524,4254,
9661edf0d196,split_comparison,PaySim,chronological,0,N,OneClassSVM,0.005,0.005,score_seconds,63.66807270050049,1272524,4254,
753448593cfc,split_comparison,PaySim,chronological,0,N,DBSCAN,0.005,0.005,PR_AUC,0.0248049647828882,1272524,4254,
753448593cfc,split_comparison,PaySim,chronological,0,N,DBSCAN,0.005,0.005,ROC_AUC,0.8406674069663339,1272524,4254,
753448593cfc,split_comparison,PaySim,chronological,0,N,DBSCAN,0.005,0.005,Precision,0.1179245283018868,1272524,4254,
753448593cfc,split_comparison,PaySim,chronological,0,N,DBSCAN,0.005,0.005,Recall,0.0293841090738128,1272524,4254,
753448593cfc,split_comparison,PaySim,chronological,0,N,DBSCAN,0.005,0.005,F1,0.0470455400828001,1272524,4254,
753448593cfc,split_comparison,PaySim,chronological,0,N,DBSCAN,0.005,0.005,TN,1267335.0,1272524,4254,
753448593cfc,split_comparison,PaySim,chronological,0,N,DBSCAN,0.005,0.005,FP,935.0,1272524,4254,
753448593cfc,split_comparison,PaySim,chronological,0,N,DBSCAN,0.005,0.005,FN,4129.0,1272524,4254,
753448593cfc,split_comparison,PaySim,chronological,0,N,DBSCAN,0.005,0.005,TP,125.0,1272524,4254,
753448593cfc,split_comparison,PaySim,chronological,0,N,DBSCAN,0.005,0.005,n_alerts,1060.0,1272524,4254,
753448593cfc,split_comparison,PaySim,chronological,0,N,DBSCAN,0.005,0.005,alert_rate,0.0008329901832892,1272524,4254,
753448593cfc,split_comparison,PaySim,chronological,0,N,DBSCAN,0.005,0.005,prevalence,0.0033429624902948,1272524,4254,
753448593cfc,split_comparison,PaySim,chronological,0,N,DBSCAN,0.005,0.005,lift,35.27545661796666,1272524,4254,
753448593cfc,split_comparison,PaySim,chronological,0,N,DBSCAN,0.005,0.005,tie_ratio,0.0998142274723306,1272524,4254,
753448593cfc,split_comparison,PaySim,chronological,0,N,DBSCAN,0.005,0.005,fit_seconds,1.0261456966400146,1272524,4254,
753448593cfc,split_comparison,PaySim,chronological,0,N,DBSCAN,0.005,0.005,score_seconds,0.1428809165954589,1272524,4254,
4cce53ccd6c3,split_comparison,PaySim,chronological,0,N,KMeans,0.005,0.005,PR_AUC,0.0458005381906231,1272524,4254,
4cce53ccd6c3,split_comparison,PaySim,chronological,0,N,KMeans,0.005,0.005,ROC_AUC,0.8627522777761942,1272524,4254,
4cce53ccd6c3,split_comparison,PaySim,chronological,0,N,KMeans,0.005,0.005,Precision,0.1257918552036199,1272524,4254,
4cce53ccd6c3,split_comparison,PaySim,chronological,0,N,KMeans,0.005,0.005,Recall,0.0326751292900799,1272524,4254,
4cce53ccd6c3,split_comparison,PaySim,chronological,0,N,KMeans,0.005,0.005,F1,0.0518753498787087,1272524,4254,
4cce53ccd6c3,split_comparison,PaySim,chronological,0,N,KMeans,0.005,0.005,TN,1267304.0,1272524,4254,
4cce53ccd6c3,split_comparison,PaySim,chronological,0,N,KMeans,0.005,0.005,FP,966.0,1272524,4254,
4cce53ccd6c3,split_comparison,PaySim,chronological,0,N,KMeans,0.005,0.005,FN,4115.0,1272524,4254,
4cce53ccd6c3,split_comparison,PaySim,chronological,0,N,KMeans,0.005,0.005,TP,139.0,1272524,4254,
4cce53ccd6c3,split_comparison,PaySim,chronological,0,N,KMeans,0.005,0.005,n_alerts,1105.0,1272524,4254,
4cce53ccd6c3,split_comparison,PaySim,chronological,0,N,KMeans,0.005,0.005,alert_rate,0.0008683529740892,1272524,4254,
4cce53ccd6c3,split_comparison,PaySim,chronological,0,N,KMeans,0.005,0.005,prevalence,0.0033429624902948,1272524,4254,
4cce53ccd6c3,split_comparison,PaySim,chronological,0,N,KMeans,0.005,0.005,lift,37.62885631197255,1272524,4254,
4cce53ccd6c3,split_comparison,PaySim,chronological,0,N,KMeans,0.005,0.005,tie_ratio,0.1526124458163461,1272524,4254,
4cce53ccd6c3,split_comparison,PaySim,chronological,0,N,KMeans,0.005,0.005,fit_seconds,83.46533441543579,1272524,4254,
4cce53ccd6c3,split_comparison,PaySim,chronological,0,N,KMeans,0.005,0.005,score_seconds,1.5503158569335938,1272524,4254,
35695ed14ab6,split_comparison,PaySim,chronological,0,N,Ensemble,0.005,0.005,PR_AUC,0.1705869784150691,1272524,4254,
35695ed14ab6,split_comparison,PaySim,chronological,0,N,Ensemble,0.005,0.005,ROC_AUC,0.9162555535403152,1272524,4254,
35695ed14ab6,split_comparison,PaySim,chronological,0,N,Ensemble,0.005,0.005,Precision,0.3146747352496218,1272524,4254,
35695ed14ab6,split_comparison,PaySim,chronological,0,N,Ensemble,0.005,0.005,Recall,0.0977903149976492,1272524,4254,
35695ed14ab6,split_comparison,PaySim,chronological,0,N,Ensemble,0.005,0.005,F1,0.1492109038737446,1272524,4254,
35695ed14ab6,split_comparison,PaySim,chronological,0,N,Ensemble,0.005,0.005,TN,1267364.0,1272524,4254,
35695ed14ab6,split_comparison,PaySim,chronological,0,N,Ensemble,0.005,0.005,FP,906.0,1272524,4254,
35695ed14ab6,split_comparison,PaySim,chronological,0,N,Ensemble,0.005,0.005,FN,3838.0,1272524,4254,
35695ed14ab6,split_comparison,PaySim,chronological,0,N,Ensemble,0.005,0.005,TP,416.0,1272524,4254,
35695ed14ab6,split_comparison,PaySim,chronological,0,N,Ensemble,0.005,0.005,n_alerts,1322.0,1272524,4254,
35695ed14ab6,split_comparison,PaySim,chronological,0,N,Ensemble,0.005,0.005,alert_rate,0.0010388802097249,1272524,4254,
35695ed14ab6,split_comparison,PaySim,chronological,0,N,Ensemble,0.005,0.005,prevalence,0.0033429624902948,1272524,4254,
35695ed14ab6,split_comparison,PaySim,chronological,0,N,Ensemble,0.005,0.005,lift,94.13050136313817,1272524,4254,
35695ed14ab6,split_comparison,PaySim,chronological,0,N,Ensemble,0.005,0.005,tie_ratio,0.1018762710958692,1272524,4254,
35695ed14ab6,split_comparison,PaySim,chronological,0,N,Ensemble,0.005,0.005,fit_seconds,0.0,1272524,4254,
35695ed14ab6,split_comparison,PaySim,chronological,0,N,Ensemble,0.005,0.005,score_seconds,0.0,1272524,4254,
88aa8b416bf0,split_comparison,PaySim,chronological,0,N,Ensemble,0.005,0.005,single_point_invariant,1.0,1272524,4254,invariance
71ca7b274f98,split_comparison,PaySim,chronological,0,O,IsolationForest,0.005,0.0008358715958729,PR_AUC,0.0160953854190835,1272524,4254,
71ca7b274f98,split_comparison,PaySim,chronological,0,O,IsolationForest,0.005,0.0008358715958729,ROC_AUC,0.813015355620548,1272524,4254,
71ca7b274f98,split_comparison,PaySim,chronological,0,O,IsolationForest,0.005,0.0008358715958729,Precision,0.0,1272524,4254,
71ca7b274f98,split_comparison,PaySim,chronological,0,O,IsolationForest,0.005,0.0008358715958729,Recall,0.0,1272524,4254,
71ca7b274f98,split_comparison,PaySim,chronological,0,O,IsolationForest,0.005,0.0008358715958729,F1,0.0,1272524,4254,
71ca7b274f98,split_comparison,PaySim,chronological,0,O,IsolationForest,0.005,0.0008358715958729,TN,1268227.0,1272524,4254,
71ca7b274f98,split_comparison,PaySim,chronological,0,O,IsolationForest,0.005,0.0008358715958729,FP,43.0,1272524,4254,
71ca7b274f98,split_comparison,PaySim,chronological,0,O,IsolationForest,0.005,0.0008358715958729,FN,4254.0,1272524,4254,
71ca7b274f98,split_comparison,PaySim,chronological,0,O,IsolationForest,0.005,0.0008358715958729,TP,0.0,1272524,4254,
71ca7b274f98,split_comparison,PaySim,chronological,0,O,IsolationForest,0.005,0.0008358715958729,n_alerts,43.0,1272524,4254,
71ca7b274f98,split_comparison,PaySim,chronological,0,O,IsolationForest,0.005,0.0008358715958729,alert_rate,3.379111120890451e-05,1272524,4254,
71ca7b274f98,split_comparison,PaySim,chronological,0,O,IsolationForest,0.005,0.0008358715958729,prevalence,0.0033429624902948,1272524,4254,
71ca7b274f98,split_comparison,PaySim,chronological,0,O,IsolationForest,0.005,0.0008358715958729,lift,0.0,1272524,4254,
71ca7b274f98,split_comparison,PaySim,chronological,0,O,IsolationForest,0.005,0.0008358715958729,tie_ratio,0.5940076572229679,1272524,4254,
71ca7b274f98,split_comparison,PaySim,chronological,0,O,IsolationForest,0.005,0.0008358715958729,fit_seconds,11.368480682373049,1272524,4254,
71ca7b274f98,split_comparison,PaySim,chronological,0,O,IsolationForest,0.005,0.0008358715958729,score_seconds,33.31442475318909,1272524,4254,
7e0d7a255c7c,split_comparison,PaySim,chronological,0,O,LOF,0.005,0.0008358715958729,PR_AUC,0.0030799352569791,1272524,4254,
7e0d7a255c7c,split_comparison,PaySim,chronological,0,O,LOF,0.005,0.0008358715958729,ROC_AUC,0.4998612955691239,1272524,4254,
7e0d7a255c7c,split_comparison,PaySim,chronological,0,O,LOF,0.005,0.0008358715958729,Precision,0.0,1272524,4254,
7e0d7a255c7c,split_comparison,PaySim,chronological,0,O,LOF,0.005,0.0008358715958729,Recall,0.0,1272524,4254,
7e0d7a255c7c,split_comparison,PaySim,chronological,0,O,LOF,0.005,0.0008358715958729,F1,0.0,1272524,4254,
7e0d7a255c7c,split_comparison,PaySim,chronological,0,O,LOF,0.005,0.0008358715958729,TN,924712.0,1272524,4254,
7e0d7a255c7c,split_comparison,PaySim,chronological,0,O,LOF,0.005,0.0008358715958729,FP,343558.0,1272524,4254,
7e0d7a255c7c,split_comparison,PaySim,chronological,0,O,LOF,0.005,0.0008358715958729,FN,4254.0,1272524,4254,
7e0d7a255c7c,split_comparison,PaySim,chronological,0,O,LOF,0.005,0.0008358715958729,TP,0.0,1272524,4254,
7e0d7a255c7c,split_comparison,PaySim,chronological,0,O,LOF,0.005,0.0008358715958729,n_alerts,343558.0,1272524,4254,
7e0d7a255c7c,split_comparison,PaySim,chronological,0,O,LOF,0.005,0.0008358715958729,alert_rate,0.2699815484816003,1272524,4254,
7e0d7a255c7c,split_comparison,PaySim,chronological,0,O,LOF,0.005,0.0008358715958729,prevalence,0.0033429624902948,1272524,4254,
7e0d7a255c7c,split_comparison,PaySim,chronological,0,O,LOF,0.005,0.0008358715958729,lift,0.0,1272524,4254,
7e0d7a255c7c,split_comparison,PaySim,chronological,0,O,LOF,0.005,0.0008358715958729,tie_ratio,0.042048715780606,1272524,4254,
7e0d7a255c7c,split_comparison,PaySim,chronological,0,O,LOF,0.005,0.0008358715958729,fit_seconds,2.050959348678589,1272524,4254,
7e0d7a255c7c,split_comparison,PaySim,chronological,0,O,LOF,0.005,0.0008358715958729,score_seconds,314.29869532585144,1272524,4254,
b1d0eb2eff5a,split_comparison,PaySim,chronological,0,O,OneClassSVM,0.005,0.0008358715958729,PR_AUC,0.1048041179642748,1272524,4254,
b1d0eb2eff5a,split_comparison,PaySim,chronological,0,O,OneClassSVM,0.005,0.0008358715958729,ROC_AUC,0.8738096597896652,1272524,4254,
b1d0eb2eff5a,split_comparison,PaySim,chronological,0,O,OneClassSVM,0.005,0.0008358715958729,Precision,0.2849462365591398,1272524,4254,
b1d0eb2eff5a,split_comparison,PaySim,chronological,0,O,OneClassSVM,0.005,0.0008358715958729,Recall,0.0622943112364833,1272524,4254,
b1d0eb2eff5a,split_comparison,PaySim,chronological,0,O,OneClassSVM,0.005,0.0008358715958729,F1,0.1022376543209876,1272524,4254,
b1d0eb2eff5a,split_comparison,PaySim,chronological,0,O,OneClassSVM,0.005,0.0008358715958729,TN,1267605.0,1272524,4254,
b1d0eb2eff5a,split_comparison,PaySim,chronological,0,O,OneClassSVM,0.005,0.0008358715958729,FP,665.0,1272524,4254,
b1d0eb2eff5a,split_comparison,PaySim,chronological,0,O,OneClassSVM,0.005,0.0008358715958729,FN,3989.0,1272524,4254,
b1d0eb2eff5a,split_comparison,PaySim,chronological,0,O,OneClassSVM,0.005,0.0008358715958729,TP,265.0,1272524,4254,
b1d0eb2eff5a,split_comparison,PaySim,chronological,0,O,OneClassSVM,0.005,0.0008358715958729,n_alerts,930.0,1272524,4254,
b1d0eb2eff5a,split_comparison,PaySim,chronological,0,O,OneClassSVM,0.005,0.0008358715958729,alert_rate,0.000730831009867,1272524,4254,
b1d0eb2eff5a,split_comparison,PaySim,chronological,0,O,OneClassSVM,0.005,0.0008358715958729,prevalence,0.0033429624902948,1272524,4254,
b1d0eb2eff5a,split_comparison,PaySim,chronological,0,O,OneClassSVM,0.005,0.0008358715958729,lift,85.23764098053192,1272524,4254,
b1d0eb2eff5a,split_comparison,PaySim,chronological,0,O,OneClassSVM,0.005,0.0008358715958729,tie_ratio,0.0040863669368907,1272524,4254,
b1d0eb2eff5a,split_comparison,PaySim,chronological,0,O,OneClassSVM,0.005,0.0008358715958729,fit_seconds,0.2446672916412353,1272524,4254,
b1d0eb2eff5a,split_comparison,PaySim,chronological,0,O,OneClassSVM,0.005,0.0008358715958729,score_seconds,66.30465817451477,1272524,4254,
b5af1593c99e,split_comparison,PaySim,chronological,0,O,DBSCAN,0.005,0.0008358715958729,PR_AUC,0.0248001905160756,1272524,4254,
b5af1593c99e,split_comparison,PaySim,chronological,0,O,DBSCAN,0.005,0.0008358715958729,ROC_AUC,0.8407100109704875,1272524,4254,
b5af1593c99e,split_comparison,PaySim,chronological,0,O,DBSCAN,0.005,0.0008358715958729,Precision,0.0125,1272524,4254,
b5af1593c99e,split_comparison,PaySim,chronological,0,O,DBSCAN,0.005,0.0008358715958729,Recall,0.0002350728725905,1272524,4254,
b5af1593c99e,split_comparison,PaySim,chronological,0,O,DBSCAN,0.005,0.0008358715958729,F1,0.0004614674665436,1272524,4254,
b5af1593c99e,split_comparison,PaySim,chronological,0,O,DBSCAN,0.005,0.0008358715958729,TN,1268191.0,1272524,4254,
b5af1593c99e,split_comparison,PaySim,chronological,0,O,DBSCAN,0.005,0.0008358715958729,FP,79.0,1272524,4254,
b5af1593c99e,split_comparison,PaySim,chronological,0,O,DBSCAN,0.005,0.0008358715958729,FN,4253.0,1272524,4254,
b5af1593c99e,split_comparison,PaySim,chronological,0,O,DBSCAN,0.005,0.0008358715958729,TP,1.0,1272524,4254,
b5af1593c99e,split_comparison,PaySim,chronological,0,O,DBSCAN,0.005,0.0008358715958729,n_alerts,80.0,1272524,4254,
b5af1593c99e,split_comparison,PaySim,chronological,0,O,DBSCAN,0.005,0.0008358715958729,alert_rate,6.286718364447351e-05,1272524,4254,
b5af1593c99e,split_comparison,PaySim,chronological,0,O,DBSCAN,0.005,0.0008358715958729,prevalence,0.0033429624902948,1272524,4254,
b5af1593c99e,split_comparison,PaySim,chronological,0,O,DBSCAN,0.005,0.0008358715958729,lift,3.7391984015044666,1272524,4254,
b5af1593c99e,split_comparison,PaySim,chronological,0,O,DBSCAN,0.005,0.0008358715958729,tie_ratio,0.1043273054182082,1272524,4254,
b5af1593c99e,split_comparison,PaySim,chronological,0,O,DBSCAN,0.005,0.0008358715958729,fit_seconds,1.7869486808776855,1272524,4254,
b5af1593c99e,split_comparison,PaySim,chronological,0,O,DBSCAN,0.005,0.0008358715958729,score_seconds,0.1519839763641357,1272524,4254,
4d9e32834a5f,split_comparison,PaySim,chronological,0,O,KMeans,0.005,0.0008358715958729,PR_AUC,0.041949938628892,1272524,4254,
4d9e32834a5f,split_comparison,PaySim,chronological,0,O,KMeans,0.005,0.0008358715958729,ROC_AUC,0.8688532140608046,1272524,4254,
4d9e32834a5f,split_comparison,PaySim,chronological,0,O,KMeans,0.005,0.0008358715958729,Precision,0.0068027210884353,1272524,4254,
4d9e32834a5f,split_comparison,PaySim,chronological,0,O,KMeans,0.005,0.0008358715958729,Recall,0.0002350728725905,1272524,4254,
4d9e32834a5f,split_comparison,PaySim,chronological,0,O,KMeans,0.005,0.0008358715958729,F1,0.0004544421722335,1272524,4254,
4d9e32834a5f,split_comparison,PaySim,chronological,0,O,KMeans,0.005,0.0008358715958729,TN,1268124.0,1272524,4254,
4d9e32834a5f,split_comparison,PaySim,chronological,0,O,KMeans,0.005,0.0008358715958729,FP,146.0,1272524,4254,
4d9e32834a5f,split_comparison,PaySim,chronological,0,O,KMeans,0.005,0.0008358715958729,FN,4253.0,1272524,4254,
4d9e32834a5f,split_comparison,PaySim,chronological,0,O,KMeans,0.005,0.0008358715958729,TP,1.0,1272524,4254,
4d9e32834a5f,split_comparison,PaySim,chronological,0,O,KMeans,0.005,0.0008358715958729,n_alerts,147.0,1272524,4254,
4d9e32834a5f,split_comparison,PaySim,chronological,0,O,KMeans,0.005,0.0008358715958729,alert_rate,0.0001155184499467,1272524,4254,
4d9e32834a5f,split_comparison,PaySim,chronological,0,O,KMeans,0.005,0.0008358715958729,prevalence,0.0033429624902948,1272524,4254,
4d9e32834a5f,split_comparison,PaySim,chronological,0,O,KMeans,0.005,0.0008358715958729,lift,2.034937905580662,1272524,4254,
4d9e32834a5f,split_comparison,PaySim,chronological,0,O,KMeans,0.005,0.0008358715958729,tie_ratio,0.1503130785745494,1272524,4254,
4d9e32834a5f,split_comparison,PaySim,chronological,0,O,KMeans,0.005,0.0008358715958729,fit_seconds,74.30480718612671,1272524,4254,
4d9e32834a5f,split_comparison,PaySim,chronological,0,O,KMeans,0.005,0.0008358715958729,score_seconds,1.158858299255371,1272524,4254,
830a7b8fd36c,split_comparison,PaySim,chronological,0,O,Ensemble,0.005,0.0008358715958729,PR_AUC,0.1502136293348802,1272524,4254,
830a7b8fd36c,split_comparison,PaySim,chronological,0,O,Ensemble,0.005,0.0008358715958729,ROC_AUC,0.9177738955392256,1272524,4254,
830a7b8fd36c,split_comparison,PaySim,chronological,0,O,Ensemble,0.005,0.0008358715958729,Precision,0.0416666666666666,1272524,4254,
830a7b8fd36c,split_comparison,PaySim,chronological,0,O,Ensemble,0.005,0.0008358715958729,Recall,0.0007052186177715,1272524,4254,
830a7b8fd36c,split_comparison,PaySim,chronological,0,O,Ensemble,0.005,0.0008358715958729,F1,0.001386962552011,1272524,4254,
830a7b8fd36c,split_comparison,PaySim,chronological,0,O,Ensemble,0.005,0.0008358715958729,TN,1268201.0,1272524,4254,
830a7b8fd36c,split_comparison,PaySim,chronological,0,O,Ensemble,0.005,0.0008358715958729,FP,69.0,1272524,4254,
830a7b8fd36c,split_comparison,PaySim,chronological,0,O,Ensemble,0.005,0.0008358715958729,FN,4251.0,1272524,4254,
830a7b8fd36c,split_comparison,PaySim,chronological,0,O,Ensemble,0.005,0.0008358715958729,TP,3.0,1272524,4254,
830a7b8fd36c,split_comparison,PaySim,chronological,0,O,Ensemble,0.005,0.0008358715958729,n_alerts,72.0,1272524,4254,
830a7b8fd36c,split_comparison,PaySim,chronological,0,O,Ensemble,0.005,0.0008358715958729,alert_rate,5.658046528002616e-05,1272524,4254,
830a7b8fd36c,split_comparison,PaySim,chronological,0,O,Ensemble,0.005,0.0008358715958729,prevalence,0.0033429624902948,1272524,4254,
830a7b8fd36c,split_comparison,PaySim,chronological,0,O,Ensemble,0.005,0.0008358715958729,lift,12.463994671681554,1272524,4254,
830a7b8fd36c,split_comparison,PaySim,chronological,0,O,Ensemble,0.005,0.0008358715958729,tie_ratio,0.1000979156385262,1272524,4254,
830a7b8fd36c,split_comparison,PaySim,chronological,0,O,Ensemble,0.005,0.0008358715958729,fit_seconds,0.0,1272524,4254,
830a7b8fd36c,split_comparison,PaySim,chronological,0,O,Ensemble,0.005,0.0008358715958729,score_seconds,0.0,1272524,4254,
1652ed55def6,split_comparison,PaySim,chronological,0,O,Ensemble,0.005,0.0008358715958729,single_point_invariant,1.0,1272524,4254,invariance
567d663e1c55,split_comparison,PaySim,random,0,U,IsolationForest,0.005,0.005,PR_AUC,0.0063871135095295,1272524,1642,
567d663e1c55,split_comparison,PaySim,random,0,U,IsolationForest,0.005,0.005,ROC_AUC,0.8336390400424355,1272524,1642,
567d663e1c55,split_comparison,PaySim,random,0,U,IsolationForest,0.005,0.005,Precision,0.0095551378446115,1272524,1642,
567d663e1c55,split_comparison,PaySim,random,0,U,IsolationForest,0.005,0.005,Recall,0.0371498172959805,1272524,1642,
567d663e1c55,split_comparison,PaySim,random,0,U,IsolationForest,0.005,0.005,F1,0.0152005980563169,1272524,1642,
567d663e1c55,split_comparison,PaySim,random,0,U,IsolationForest,0.005,0.005,TN,1264559.0,1272524,1642,
567d663e1c55,split_comparison,PaySim,random,0,U,IsolationForest,0.005,0.005,FP,6323.0,1272524,1642,
567d663e1c55,split_comparison,PaySim,random,0,U,IsolationForest,0.005,0.005,FN,1581.0,1272524,1642,
567d663e1c55,split_comparison,PaySim,random,0,U,IsolationForest,0.005,0.005,TP,61.0,1272524,1642,
567d663e1c55,split_comparison,PaySim,random,0,U,IsolationForest,0.005,0.005,n_alerts,6384.0,1272524,1642,
567d663e1c55,split_comparison,PaySim,random,0,U,IsolationForest,0.005,0.005,alert_rate,0.0050168012548289,1272524,1642,
567d663e1c55,split_comparison,PaySim,random,0,U,IsolationForest,0.005,0.005,prevalence,0.0012903489443028,1272524,1642,
567d663e1c55,split_comparison,PaySim,random,0,U,IsolationForest,0.005,0.005,lift,7.405080530192716,1272524,1642,
567d663e1c55,split_comparison,PaySim,random,0,U,IsolationForest,0.005,0.005,tie_ratio,0.2033179727847962,1272524,1642,
567d663e1c55,split_comparison,PaySim,random,0,U,IsolationForest,0.005,0.005,fit_seconds,8.466621160507202,1272524,1642,
567d663e1c55,split_comparison,PaySim,random,0,U,IsolationForest,0.005,0.005,score_seconds,35.45148587226868,1272524,1642,
abd3a32cc699,split_comparison,PaySim,random,0,U,LOF,0.005,0.005,PR_AUC,0.1508813776610112,1272524,1642,
abd3a32cc699,split_comparison,PaySim,random,0,U,LOF,0.005,0.005,ROC_AUC,0.872792476302641,1272524,1642,
abd3a32cc699,split_comparison,PaySim,random,0,U,LOF,0.005,0.005,Precision,0.1114527286702536,1272524,1642,
abd3a32cc699,split_comparison,PaySim,random,0,U,LOF,0.005,0.005,Recall,0.4415347137637028,1272524,1642,
abd3a32cc699,split_comparison,PaySim,random,0,U,LOF,0.005,0.005,F1,0.1779796244016202,1272524,1642,
abd3a32cc699,split_comparison,PaySim,random,0,U,LOF,0.005,0.005,TN,1265102.0,1272524,1642,
abd3a32cc699,split_comparison,PaySim,random,0,U,LOF,0.005,0.005,FP,5780.0,1272524,1642,
abd3a32cc699,split_comparison,PaySim,random,0,U,LOF,0.005,0.005,FN,917.0,1272524,1642,
abd3a32cc699,split_comparison,PaySim,random,0,U,LOF,0.005,0.005,TP,725.0,1272524,1642,
abd3a32cc699,split_comparison,PaySim,random,0,U,LOF,0.005,0.005,n_alerts,6505.0,1272524,1642,
abd3a32cc699,split_comparison,PaySim,random,0,U,LOF,0.005,0.005,alert_rate,0.0051118878700912,1272524,1642,
abd3a32cc699,split_comparison,PaySim,random,0,U,LOF,0.005,0.005,prevalence,0.0012903489443028,1272524,1642,
abd3a32cc699,split_comparison,PaySim,random,0,U,LOF,0.005,0.005,lift,86.37409993811562,1272524,1642,
abd3a32cc699,split_comparison,PaySim,random,0,U,LOF,0.005,0.005,tie_ratio,0.2642158419016065,1272524,1642,
abd3a32cc699,split_comparison,PaySim,random,0,U,LOF,0.005,0.005,fit_seconds,1.7859854698181152,1272524,1642,
abd3a32cc699,split_comparison,PaySim,random,0,U,LOF,0.005,0.005,score_seconds,222.9254415035248,1272524,1642,
fa879251f666,split_comparison,PaySim,random,0,U,OneClassSVM,0.005,0.005,PR_AUC,0.0396412725260396,1272524,1642,
fa879251f666,split_comparison,PaySim,random,0,U,OneClassSVM,0.005,0.005,ROC_AUC,0.6933505168337531,1272524,1642,
fa879251f666,split_comparison,PaySim,random,0,U,OneClassSVM,0.005,0.005,Precision,0.067377530520785,1272524,1642,
fa879251f666,split_comparison,PaySim,random,0,U,OneClassSVM,0.005,0.005,Recall,0.2655298416565164,1272524,1642,
fa879251f666,split_comparison,PaySim,random,0,U,OneClassSVM,0.005,0.005,F1,0.1074818193023542,1272524,1642,
fa879251f666,split_comparison,PaySim,random,0,U,OneClassSVM,0.005,0.005,TN,1264847.0,1272524,1642,
fa879251f666,split_comparison,PaySim,random,0,U,OneClassSVM,0.005,0.005,FP,6035.0,1272524,1642,
fa879251f666,split_comparison,PaySim,random,0,U,OneClassSVM,0.005,0.005,FN,1206.0,1272524,1642,
fa879251f666,split_comparison,PaySim,random,0,U,OneClassSVM,0.005,0.005,TP,436.0,1272524,1642,
fa879251f666,split_comparison,PaySim,random,0,U,OneClassSVM,0.005,0.005,n_alerts,6471.0,1272524,1642,
fa879251f666,split_comparison,PaySim,random,0,U,OneClassSVM,0.005,0.005,alert_rate,0.0050851693170423,1272524,1642,
fa879251f666,split_comparison,PaySim,random,0,U,OneClassSVM,0.005,0.005,prevalence,0.0012903489443028,1272524,1642,
fa879251f666,split_comparison,PaySim,random,0,U,OneClassSVM,0.005,0.005,lift,52.2165192743188,1272524,1642,
fa879251f666,split_comparison,PaySim,random,0,U,OneClassSVM,0.005,0.005,tie_ratio,0.0001736705948178,1272524,1642,
fa879251f666,split_comparison,PaySim,random,0,U,OneClassSVM,0.005,0.005,fit_seconds,0.3022482395172119,1272524,1642,
fa879251f666,split_comparison,PaySim,random,0,U,OneClassSVM,0.005,0.005,score_seconds,67.08909630775452,1272524,1642,
ffd8fb269484,split_comparison,PaySim,random,0,U,DBSCAN,0.005,0.005,PR_AUC,0.0064375474037065,1272524,1642,
ffd8fb269484,split_comparison,PaySim,random,0,U,DBSCAN,0.005,0.005,ROC_AUC,0.8141393602752154,1272524,1642,
ffd8fb269484,split_comparison,PaySim,random,0,U,DBSCAN,0.005,0.005,Precision,0.0210930009587727,1272524,1642,
ffd8fb269484,split_comparison,PaySim,random,0,U,DBSCAN,0.005,0.005,Recall,0.0803897685749086,1272524,1642,
ffd8fb269484,split_comparison,PaySim,random,0,U,DBSCAN,0.005,0.005,F1,0.0334177215189873,1272524,1642,
ffd8fb269484,split_comparison,PaySim,random,0,U,DBSCAN,0.005,0.005,TN,1264756.0,1272524,1642,
ffd8fb269484,split_comparison,PaySim,random,0,U,DBSCAN,0.005,0.005,FP,6126.0,1272524,1642,
ffd8fb269484,split_comparison,PaySim,random,0,U,DBSCAN,0.005,0.005,FN,1510.0,1272524,1642,
ffd8fb269484,split_comparison,PaySim,random,0,U,DBSCAN,0.005,0.005,TP,132.0,1272524,1642,
ffd8fb269484,split_comparison,PaySim,random,0,U,DBSCAN,0.005,0.005,n_alerts,6258.0,1272524,1642,
ffd8fb269484,split_comparison,PaySim,random,0,U,DBSCAN,0.005,0.005,alert_rate,0.0049177854405889,1272524,1642,
ffd8fb269484,split_comparison,PaySim,random,0,U,DBSCAN,0.005,0.005,prevalence,0.0012903489443028,1272524,1642,
ffd8fb269484,split_comparison,PaySim,random,0,U,DBSCAN,0.005,0.005,lift,16.34674174912385,1272524,1642,
ffd8fb269484,split_comparison,PaySim,random,0,U,DBSCAN,0.005,0.005,tie_ratio,0.0720717251698199,1272524,1642,
ffd8fb269484,split_comparison,PaySim,random,0,U,DBSCAN,0.005,0.005,fit_seconds,0.8145005702972412,1272524,1642,
ffd8fb269484,split_comparison,PaySim,random,0,U,DBSCAN,0.005,0.005,score_seconds,0.1508772373199463,1272524,1642,
443ed3ccad67,split_comparison,PaySim,random,0,U,KMeans,0.005,0.005,PR_AUC,0.0150159767790193,1272524,1642,
443ed3ccad67,split_comparison,PaySim,random,0,U,KMeans,0.005,0.005,ROC_AUC,0.8448972671613345,1272524,1642,
443ed3ccad67,split_comparison,PaySim,random,0,U,KMeans,0.005,0.005,Precision,0.0366871358841127,1272524,1642,
443ed3ccad67,split_comparison,PaySim,random,0,U,KMeans,0.005,0.005,Recall,0.1419001218026796,1272524,1642,
443ed3ccad67,split_comparison,PaySim,random,0,U,KMeans,0.005,0.005,F1,0.0583010133867133,1272524,1642,
443ed3ccad67,split_comparison,PaySim,random,0,U,KMeans,0.005,0.005,TN,1264764.0,1272524,1642,
443ed3ccad67,split_comparison,PaySim,random,0,U,KMeans,0.005,0.005,FP,6118.0,1272524,1642,
443ed3ccad67,split_comparison,PaySim,random,0,U,KMeans,0.005,0.005,FN,1409.0,1272524,1642,
443ed3ccad67,split_comparison,PaySim,random,0,U,KMeans,0.005,0.005,TP,233.0,1272524,1642,
443ed3ccad67,split_comparison,PaySim,random,0,U,KMeans,0.005,0.005,n_alerts,6351.0,1272524,1642,
443ed3ccad67,split_comparison,PaySim,random,0,U,KMeans,0.005,0.005,alert_rate,0.0049908685415756,1272524,1642,
443ed3ccad67,split_comparison,PaySim,random,0,U,KMeans,0.005,0.005,prevalence,0.0012903489443028,1272524,1642,
443ed3ccad67,split_comparison,PaySim,random,0,U,KMeans,0.005,0.005,lift,28.43194939329761,1272524,1642,
443ed3ccad67,split_comparison,PaySim,random,0,U,KMeans,0.005,0.005,tie_ratio,0.0353470740041051,1272524,1642,
443ed3ccad67,split_comparison,PaySim,random,0,U,KMeans,0.005,0.005,fit_seconds,88.69634079933167,1272524,1642,
443ed3ccad67,split_comparison,PaySim,random,0,U,KMeans,0.005,0.005,score_seconds,1.214923620223999,1272524,1642,
45eac6fc21b1,split_comparison,PaySim,random,0,U,Ensemble,0.005,0.005,PR_AUC,0.0323682225185079,1272524,1642,
45eac6fc21b1,split_comparison,PaySim,random,0,U,Ensemble,0.005,0.005,ROC_AUC,0.8974063151277749,1272524,1642,
45eac6fc21b1,split_comparison,PaySim,random,0,U,Ensemble,0.005,0.005,Precision,0.0572422517394054,1272524,1642,
45eac6fc21b1,split_comparison,PaySim,random,0,U,Ensemble,0.005,0.005,Recall,0.220462850182704,1272524,1642,
45eac6fc21b1,split_comparison,PaySim,random,0,U,Ensemble,0.005,0.005,F1,0.090886266633191,1272524,1642,
45eac6fc21b1,split_comparison,PaySim,random,0,U,Ensemble,0.005,0.005,TN,1264920.0,1272524,1642,
45eac6fc21b1,split_comparison,PaySim,random,0,U,Ensemble,0.005,0.005,FP,5962.0,1272524,1642,
45eac6fc21b1,split_comparison,PaySim,random,0,U,Ensemble,0.005,0.005,FN,1280.0,1272524,1642,
45eac6fc21b1,split_comparison,PaySim,random,0,U,Ensemble,0.005,0.005,TP,362.0,1272524,1642,
45eac6fc21b1,split_comparison,PaySim,random,0,U,Ensemble,0.005,0.005,n_alerts,6324.0,1272524,1642,
45eac6fc21b1,split_comparison,PaySim,random,0,U,Ensemble,0.005,0.005,alert_rate,0.0049696508670956,1272524,1642,
45eac6fc21b1,split_comparison,PaySim,random,0,U,Ensemble,0.005,0.005,prevalence,0.0012903489443028,1272524,1642,
45eac6fc21b1,split_comparison,PaySim,random,0,U,Ensemble,0.005,0.005,lift,44.36183870428452,1272524,1642,
45eac6fc21b1,split_comparison,PaySim,random,0,U,Ensemble,0.005,0.005,tie_ratio,0.0966732258094935,1272524,1642,
45eac6fc21b1,split_comparison,PaySim,random,0,U,Ensemble,0.005,0.005,fit_seconds,0.0,1272524,1642,
45eac6fc21b1,split_comparison,PaySim,random,0,U,Ensemble,0.005,0.005,score_seconds,0.0,1272524,1642,
e89d6de8a5fc,split_comparison,PaySim,random,0,U,Ensemble,0.005,0.005,single_point_invariant,1.0,1272524,1642,invariance
a6389b9d46d1,split_comparison,PaySim,random,0,N,IsolationForest,0.005,0.005,PR_AUC,0.0080292589477042,1272524,1642,
a6389b9d46d1,split_comparison,PaySim,random,0,N,IsolationForest,0.005,0.005,ROC_AUC,0.8325948126244093,1272524,1642,
a6389b9d46d1,split_comparison,PaySim,random,0,N,IsolationForest,0.005,0.005,Precision,0.0193548387096774,1272524,1642,
a6389b9d46d1,split_comparison,PaySim,random,0,N,IsolationForest,0.005,0.005,Recall,0.0749086479902557,1272524,1642,
a6389b9d46d1,split_comparison,PaySim,random,0,N,IsolationForest,0.005,0.005,F1,0.0307615355758409,1272524,1642,
a6389b9d46d1,split_comparison,PaySim,random,0,N,IsolationForest,0.005,0.005,TN,1264650.0,1272524,1642,
a6389b9d46d1,split_comparison,PaySim,random,0,N,IsolationForest,0.005,0.005,FP,6232.0,1272524,1642,
a6389b9d46d1,split_comparison,PaySim,random,0,N,IsolationForest,0.005,0.005,FN,1519.0,1272524,1642,
a6389b9d46d1,split_comparison,PaySim,random,0,N,IsolationForest,0.005,0.005,TP,123.0,1272524,1642,
a6389b9d46d1,split_comparison,PaySim,random,0,N,IsolationForest,0.005,0.005,n_alerts,6355.0,1272524,1642,
a6389b9d46d1,split_comparison,PaySim,random,0,N,IsolationForest,0.005,0.005,alert_rate,0.0049940119007578,1272524,1642,
a6389b9d46d1,split_comparison,PaySim,random,0,N,IsolationForest,0.005,0.005,prevalence,0.0012903489443028,1272524,1642,
a6389b9d46d1,split_comparison,PaySim,random,0,N,IsolationForest,0.005,0.005,lift,14.999693528741505,1272524,1642,
a6389b9d46d1,split_comparison,PaySim,random,0,N,IsolationForest,0.005,0.005,tie_ratio,0.225197324372664,1272524,1642,
a6389b9d46d1,split_comparison,PaySim,random,0,N,IsolationForest,0.005,0.005,fit_seconds,10.682822465896606,1272524,1642,
a6389b9d46d1,split_comparison,PaySim,random,0,N,IsolationForest,0.005,0.005,score_seconds,52.01556587219238,1272524,1642,
f67e554a12d8,split_comparison,PaySim,random,0,N,LOF,0.005,0.005,PR_AUC,0.2247681390997873,1272524,1642,
f67e554a12d8,split_comparison,PaySim,random,0,N,LOF,0.005,0.005,ROC_AUC,0.8797076563845161,1272524,1642,
f67e554a12d8,split_comparison,PaySim,random,0,N,LOF,0.005,0.005,Precision,0.1195339929779763,1272524,1642,
f67e554a12d8,split_comparison,PaySim,random,0,N,LOF,0.005,0.005,Recall,0.4561510353227771,1272524,1642,
f67e554a12d8,split_comparison,PaySim,random,0,N,LOF,0.005,0.005,F1,0.1894284269094587,1272524,1642,
f67e554a12d8,split_comparison,PaySim,random,0,N,LOF,0.005,0.005,TN,1265365.0,1272524,1642,
f67e554a12d8,split_comparison,PaySim,random,0,N,LOF,0.005,0.005,FP,5517.0,1272524,1642,
f67e554a12d8,split_comparison,PaySim,random,0,N,LOF,0.005,0.005,FN,893.0,1272524,1642,
f67e554a12d8,split_comparison,PaySim,random,0,N,LOF,0.005,0.005,TP,749.0,1272524,1642,
f67e554a12d8,split_comparison,PaySim,random,0,N,LOF,0.005,0.005,n_alerts,6266.0,1272524,1642,
f67e554a12d8,split_comparison,PaySim,random,0,N,LOF,0.005,0.005,alert_rate,0.0049240721589533,1272524,1642,
f67e554a12d8,split_comparison,PaySim,random,0,N,LOF,0.005,0.005,prevalence,0.0012903489443028,1272524,1642,
f67e554a12d8,split_comparison,PaySim,random,0,N,LOF,0.005,0.005,lift,92.63695181504654,1272524,1642,
f67e554a12d8,split_comparison,PaySim,random,0,N,LOF,0.005,0.005,tie_ratio,0.270996067657663,1272524,1642,
f67e554a12d8,split_comparison,PaySim,random,0,N,LOF,0.005,0.005,fit_seconds,1.4553718566894531,1272524,1642,
f67e554a12d8,split_comparison,PaySim,random,0,N,LOF,0.005,0.005,score_seconds,176.58092212677002,1272524,1642,
fee8b8e25369,split_comparison,PaySim,random,0,N,OneClassSVM,0.005,0.005,PR_AUC,0.0673609527168785,1272524,1642,
fee8b8e25369,split_comparison,PaySim,random,0,N,OneClassSVM,0.005,0.005,ROC_AUC,0.8370731846043502,1272524,1642,
fee8b8e25369,split_comparison,PaySim,random,0,N,OneClassSVM,0.005,0.005,Precision,0.0872817955112219,1272524,1642,
fee8b8e25369,split_comparison,PaySim,random,0,N,OneClassSVM,0.005,0.005,Recall,0.341047503045067,1272524,1642,
fee8b8e25369,split_comparison,PaySim,random,0,N,OneClassSVM,0.005,0.005,F1,0.1389923057830727,1272524,1642,
fee8b8e25369,split_comparison,PaySim,random,0,N,OneClassSVM,0.005,0.005,TN,1265026.0,1272524,1642,
fee8b8e25369,split_comparison,PaySim,random,0,N,OneClassSVM,0.005,0.005,FP,5856.0,1272524,1642,
fee8b8e25369,split_comparison,PaySim,random,0,N,OneClassSVM,0.005,0.005,FN,1082.0,1272524,1642,
fee8b8e25369,split_comparison,PaySim,random,0,N,OneClassSVM,0.005,0.005,TP,560.0,1272524,1642,
fee8b8e25369,split_comparison,PaySim,random,0,N,OneClassSVM,0.005,0.005,n_alerts,6416.0,1272524,1642,
fee8b8e25369,split_comparison,PaySim,random,0,N,OneClassSVM,0.005,0.005,alert_rate,0.0050419481282867,1272524,1642,
fee8b8e25369,split_comparison,PaySim,random,0,N,OneClassSVM,0.005,0.005,prevalence,0.0012903489443028,1272524,1642,
fee8b8e25369,split_comparison,PaySim,random,0,N,OneClassSVM,0.005,0.005,lift,67.64200947084178,1272524,1642,
fee8b8e25369,split_comparison,PaySim,random,0,N,OneClassSVM,0.005,0.005,tie_ratio,0.0001956741090933,1272524,1642,
fee8b8e25369,split_comparison,PaySim,random,0,N,OneClassSVM,0.005,0.005,fit_seconds,0.2883036136627197,1272524,1642,
fee8b8e25369,split_comparison,PaySim,random,0,N,OneClassSVM,0.005,0.005,score_seconds,52.39749813079834,1272524,1642,
b636c1b85116,split_comparison,PaySim,random,0,N,DBSCAN,0.005,0.005,PR_AUC,0.0065746975802605,1272524,1642,
b636c1b85116,split_comparison,PaySim,random,0,N,DBSCAN,0.005,0.005,ROC_AUC,0.8176576956986153,1272524,1642,
b636c1b85116,split_comparison,PaySim,random,0,N,DBSCAN,0.005,0.005,Precision,0.0210761615839054,1272524,1642,
b636c1b85116,split_comparison,PaySim,random,0,N,DBSCAN,0.005,0.005,Recall,0.0803897685749086,1272524,1642,
b636c1b85116,split_comparison,PaySim,random,0,N,DBSCAN,0.005,0.005,F1,0.0333965844402277,1272524,1642,
b636c1b85116,split_comparison,PaySim,random,0,N,DBSCAN,0.005,0.005,TN,1264751.0,1272524,1642,
b636c1b85116,split_comparison,PaySim,random,0,N,DBSCAN,0.005,0.005,FP,6131.0,1272524,1642,
b636c1b85116,split_comparison,PaySim,random,0,N,DBSCAN,0.005,0.005,FN,1510.0,1272524,1642,
b636c1b85116,split_comparison,PaySim,random,0,N,DBSCAN,0.005,0.005,TP,132.0,1272524,1642,
b636c1b85116,split_comparison,PaySim,random,0,N,DBSCAN,0.005,0.005,n_alerts,6263.0,1272524,1642,
b636c1b85116,split_comparison,PaySim,random,0,N,DBSCAN,0.005,0.005,alert_rate,0.0049217146395667,1272524,1642,
b636c1b85116,split_comparison,PaySim,random,0,N,DBSCAN,0.005,0.005,prevalence,0.0012903489443028,1272524,1642,
b636c1b85116,split_comparison,PaySim,random,0,N,DBSCAN,0.005,0.005,lift,16.333691500242224,1272524,1642,
b636c1b85116,split_comparison,PaySim,random,0,N,DBSCAN,0.005,0.005,tie_ratio,0.0730516673948782,1272524,1642,
b636c1b85116,split_comparison,PaySim,random,0,N,DBSCAN,0.005,0.005,fit_seconds,0.7858471870422363,1272524,1642,
b636c1b85116,split_comparison,PaySim,random,0,N,DBSCAN,0.005,0.005,score_seconds,0.218097448348999,1272524,1642,
67762956e8f4,split_comparison,PaySim,random,0,N,KMeans,0.005,0.005,PR_AUC,0.0150953376045859,1272524,1642,
67762956e8f4,split_comparison,PaySim,random,0,N,KMeans,0.005,0.005,ROC_AUC,0.8453734204092056,1272524,1642,
67762956e8f4,split_comparison,PaySim,random,0,N,KMeans,0.005,0.005,Precision,0.036698692707513,1272524,1642,
67762956e8f4,split_comparison,PaySim,random,0,N,KMeans,0.005,0.005,Recall,0.1419001218026796,1272524,1642,
67762956e8f4,split_comparison,PaySim,random,0,N,KMeans,0.005,0.005,F1,0.0583156050556876,1272524,1642,
67762956e8f4,split_comparison,PaySim,random,0,N,KMeans,0.005,0.005,TN,1264766.0,1272524,1642,
67762956e8f4,split_comparison,PaySim,random,0,N,KMeans,0.005,0.005,FP,6116.0,1272524,1642,
67762956e8f4,split_comparison,PaySim,random,0,N,KMeans,0.005,0.005,FN,1409.0,1272524,1642,
67762956e8f4,split_comparison,PaySim,random,0,N,KMeans,0.005,0.005,TP,233.0,1272524,1642,
67762956e8f4,split_comparison,PaySim,random,0,N,KMeans,0.005,0.005,n_alerts,6349.0,1272524,1642,
67762956e8f4,split_comparison,PaySim,random,0,N,KMeans,0.005,0.005,alert_rate,0.0049892968619845,1272524,1642,
67762956e8f4,split_comparison,PaySim,random,0,N,KMeans,0.005,0.005,prevalence,0.0012903489443028,1272524,1642,
67762956e8f4,split_comparison,PaySim,random,0,N,KMeans,0.005,0.005,lift,28.440905748438045,1272524,1642,
67762956e8f4,split_comparison,PaySim,random,0,N,KMeans,0.005,0.005,tie_ratio,0.0353620049602207,1272524,1642,
67762956e8f4,split_comparison,PaySim,random,0,N,KMeans,0.005,0.005,fit_seconds,87.50013566017151,1272524,1642,
67762956e8f4,split_comparison,PaySim,random,0,N,KMeans,0.005,0.005,score_seconds,1.1527299880981443,1272524,1642,
943a4f0d7f5d,split_comparison,PaySim,random,0,N,Ensemble,0.005,0.005,PR_AUC,0.0406750651849965,1272524,1642,
943a4f0d7f5d,split_comparison,PaySim,random,0,N,Ensemble,0.005,0.005,ROC_AUC,0.9081104254102746,1272524,1642,
943a4f0d7f5d,split_comparison,PaySim,random,0,N,Ensemble,0.005,0.005,Precision,0.0618296529968454,1272524,1642,
943a4f0d7f5d,split_comparison,PaySim,random,0,N,Ensemble,0.005,0.005,Recall,0.2387332521315469,1272524,1642,
943a4f0d7f5d,split_comparison,PaySim,random,0,N,Ensemble,0.005,0.005,F1,0.0982209972437985,1272524,1642,
943a4f0d7f5d,split_comparison,PaySim,random,0,N,Ensemble,0.005,0.005,TN,1264934.0,1272524,1642,
943a4f0d7f5d,split_comparison,PaySim,random,0,N,Ensemble,0.005,0.005,FP,5948.0,1272524,1642,
943a4f0d7f5d,split_comparison,PaySim,random,0,N,Ensemble,0.005,0.005,FN,1250.0,1272524,1642,
943a4f0d7f5d,split_comparison,PaySim,random,0,N,Ensemble,0.005,0.005,TP,392.0,1272524,1642,
943a4f0d7f5d,split_comparison,PaySim,random,0,N,Ensemble,0.005,0.005,n_alerts,6340.0,1272524,1642,
943a4f0d7f5d,split_comparison,PaySim,random,0,N,Ensemble,0.005,0.005,alert_rate,0.0049822243038245,1272524,1642,
943a4f0d7f5d,split_comparison,PaySim,random,0,N,Ensemble,0.005,0.005,prevalence,0.0012903489443028,1272524,1642,
943a4f0d7f5d,split_comparison,PaySim,random,0,N,Ensemble,0.005,0.005,lift,47.91700204029095,1272524,1642,
943a4f0d7f5d,split_comparison,PaySim,random,0,N,Ensemble,0.005,0.005,tie_ratio,0.0938842803750655,1272524,1642,
943a4f0d7f5d,split_comparison,PaySim,random,0,N,Ensemble,0.005,0.005,fit_seconds,0.0,1272524,1642,
943a4f0d7f5d,split_comparison,PaySim,random,0,N,Ensemble,0.005,0.005,score_seconds,0.0,1272524,1642,
36de4311ce7b,split_comparison,PaySim,random,0,N,Ensemble,0.005,0.005,single_point_invariant,1.0,1272524,1642,invariance
fdee5e29ffe5,split_comparison,PaySim,random,0,O,IsolationForest,0.005,0.0012908728374998,PR_AUC,0.0063871135095295,1272524,1642,
fdee5e29ffe5,split_comparison,PaySim,random,0,O,IsolationForest,0.005,0.0012908728374998,ROC_AUC,0.8336390400424355,1272524,1642,
fdee5e29ffe5,split_comparison,PaySim,random,0,O,IsolationForest,0.005,0.0012908728374998,Precision,0.0095298602287166,1272524,1642,
fdee5e29ffe5,split_comparison,PaySim,random,0,O,IsolationForest,0.005,0.0012908728374998,Recall,0.0091352009744214,1272524,1642,
fdee5e29ffe5,split_comparison,PaySim,random,0,O,IsolationForest,0.005,0.0012908728374998,F1,0.0093283582089552,1272524,1642,
fdee5e29ffe5,split_comparison,PaySim,random,0,O,IsolationForest,0.005,0.0012908728374998,TN,1269323.0,1272524,1642,
fdee5e29ffe5,split_comparison,PaySim,random,0,O,IsolationForest,0.005,0.0012908728374998,FP,1559.0,1272524,1642,
fdee5e29ffe5,split_comparison,PaySim,random,0,O,IsolationForest,0.005,0.0012908728374998,FN,1627.0,1272524,1642,
fdee5e29ffe5,split_comparison,PaySim,random,0,O,IsolationForest,0.005,0.0012908728374998,TP,15.0,1272524,1642,
fdee5e29ffe5,split_comparison,PaySim,random,0,O,IsolationForest,0.005,0.0012908728374998,n_alerts,1574.0,1272524,1642,
fdee5e29ffe5,split_comparison,PaySim,random,0,O,IsolationForest,0.005,0.0012908728374998,alert_rate,0.001236911838205,1272524,1642,
fdee5e29ffe5,split_comparison,PaySim,random,0,O,IsolationForest,0.005,0.0012908728374998,prevalence,0.0012903489443028,1272524,1642,
fdee5e29ffe5,split_comparison,PaySim,random,0,O,IsolationForest,0.005,0.0012908728374998,lift,7.385490778128758,1272524,1642,
fdee5e29ffe5,split_comparison,PaySim,random,0,O,IsolationForest,0.005,0.0012908728374998,tie_ratio,0.2033179727847962,1272524,1642,
fdee5e29ffe5,split_comparison,PaySim,random,0,O,IsolationForest,0.005,0.0012908728374998,fit_seconds,7.937476396560669,1272524,1642,
fdee5e29ffe5,split_comparison,PaySim,random,0,O,IsolationForest,0.005,0.0012908728374998,score_seconds,35.339725971221924,1272524,1642,
5bc1afbd3d55,split_comparison,PaySim,random,0,O,LOF,0.005,0.0012908728374998,PR_AUC,0.1508813776610112,1272524,1642,
5bc1afbd3d55,split_comparison,PaySim,random,0,O,LOF,0.005,0.0012908728374998,ROC_AUC,0.872792476302641,1272524,1642,
5bc1afbd3d55,split_comparison,PaySim,random,0,O,LOF,0.005,0.0012908728374998,Precision,0.2580645161290322,1272524,1642,
5bc1afbd3d55,split_comparison,PaySim,random,0,O,LOF,0.005,0.0012908728374998,Recall,0.2679658952496955,1272524,1642,
5bc1afbd3d55,split_comparison,PaySim,random,0,O,LOF,0.005,0.0012908728374998,F1,0.2629220197191514,1272524,1642,
5bc1afbd3d55,split_comparison,PaySim,random,0,O,LOF,0.005,0.0012908728374998,TN,1269617.0,1272524,1642,
5bc1afbd3d55,split_comparison,PaySim,random,0,O,LOF,0.005,0.0012908728374998,FP,1265.0,1272524,1642,
5bc1afbd3d55,split_comparison,PaySim,random,0,O,LOF,0.005,0.0012908728374998,FN,1202.0,1272524,1642,
5bc1afbd3d55,split_comparison,PaySim,random,0,O,LOF,0.005,0.0012908728374998,TP,440.0,1272524,1642,
5bc1afbd3d55,split_comparison,PaySim,random,0,O,LOF,0.005,0.0012908728374998,n_alerts,1705.0,1272524,1642,
5bc1afbd3d55,split_comparison,PaySim,random,0,O,LOF,0.005,0.0012908728374998,alert_rate,0.0013398568514228,1272524,1642,
5bc1afbd3d55,split_comparison,PaySim,random,0,O,LOF,0.005,0.0012908728374998,prevalence,0.0012903489443028,1272524,1642,
5bc1afbd3d55,split_comparison,PaySim,random,0,O,LOF,0.005,0.0012908728374998,lift,199.99591371655336,1272524,1642,
5bc1afbd3d55,split_comparison,PaySim,random,0,O,LOF,0.005,0.0012908728374998,tie_ratio,0.2642158419016065,1272524,1642,
5bc1afbd3d55,split_comparison,PaySim,random,0,O,LOF,0.005,0.0012908728374998,fit_seconds,1.4470858573913574,1272524,1642,
5bc1afbd3d55,split_comparison,PaySim,random,0,O,LOF,0.005,0.0012908728374998,score_seconds,186.41527009010315,1272524,1642,
db8069d86e8b,split_comparison,PaySim,random,0,O,OneClassSVM,0.005,0.0012908728374998,PR_AUC,0.0385461114376704,1272524,1642,
db8069d86e8b,split_comparison,PaySim,random,0,O,OneClassSVM,0.005,0.0012908728374998,ROC_AUC,0.6848873191179431,1272524,1642,
db8069d86e8b,split_comparison,PaySim,random,0,O,OneClassSVM,0.005,0.0012908728374998,Precision,0.1367359798361688,1272524,1642,
db8069d86e8b,split_comparison,PaySim,random,0,O,OneClassSVM,0.005,0.0012908728374998,Recall,0.1321559074299634,1272524,1642,
db8069d86e8b,split_comparison,PaySim,random,0,O,OneClassSVM,0.005,0.0012908728374998,F1,0.134406937132239,1272524,1642,
db8069d86e8b,split_comparison,PaySim,random,0,O,OneClassSVM,0.005,0.0012908728374998,TN,1269512.0,1272524,1642,
db8069d86e8b,split_comparison,PaySim,random,0,O,OneClassSVM,0.005,0.0012908728374998,FP,1370.0,1272524,1642,
db8069d86e8b,split_comparison,PaySim,random,0,O,OneClassSVM,0.005,0.0012908728374998,FN,1425.0,1272524,1642,
db8069d86e8b,split_comparison,PaySim,random,0,O,OneClassSVM,0.005,0.0012908728374998,TP,217.0,1272524,1642,
db8069d86e8b,split_comparison,PaySim,random,0,O,OneClassSVM,0.005,0.0012908728374998,n_alerts,1587.0,1272524,1642,
db8069d86e8b,split_comparison,PaySim,random,0,O,OneClassSVM,0.005,0.0012908728374998,alert_rate,0.0012471277555472,1272524,1642,
db8069d86e8b,split_comparison,PaySim,random,0,O,OneClassSVM,0.005,0.0012908728374998,prevalence,0.0012903489443028,1272524,1642,
db8069d86e8b,split_comparison,PaySim,random,0,O,OneClassSVM,0.005,0.0012908728374998,lift,105.9682192478934,1272524,1642,
db8069d86e8b,split_comparison,PaySim,random,0,O,OneClassSVM,0.005,0.0012908728374998,tie_ratio,0.0001728847550223,1272524,1642,
db8069d86e8b,split_comparison,PaySim,random,0,O,OneClassSVM,0.005,0.0012908728374998,fit_seconds,0.2169547080993652,1272524,1642,
db8069d86e8b,split_comparison,PaySim,random,0,O,OneClassSVM,0.005,0.0012908728374998,score_seconds,54.30287408828735,1272524,1642,
f7a5fe59719c,split_comparison,PaySim,random,0,O,DBSCAN,0.005,0.0012908728374998,PR_AUC,0.0064375474037065,1272524,1642,
f7a5fe59719c,split_comparison,PaySim,random,0,O,DBSCAN,0.005,0.0012908728374998,ROC_AUC,0.8141393602752154,1272524,1642,
f7a5fe59719c,split_comparison,PaySim,random,0,O,DBSCAN,0.005,0.0012908728374998,Precision,0.0289765721331689,1272524,1642,
f7a5fe59719c,split_comparison,PaySim,random,0,O,DBSCAN,0.005,0.0012908728374998,Recall,0.0286236297198538,1272524,1642,
f7a5fe59719c,split_comparison,PaySim,random,0,O,DBSCAN,0.005,0.0012908728374998,F1,0.0287990196078431,1272524,1642,
f7a5fe59719c,split_comparison,PaySim,random,0,O,DBSCAN,0.005,0.0012908728374998,TN,1269307.0,1272524,1642,
f7a5fe59719c,split_comparison,PaySim,random,0,O,DBSCAN,0.005,0.0012908728374998,FP,1575.0,1272524,1642,
f7a5fe59719c,split_comparison,PaySim,random,0,O,DBSCAN,0.005,0.0012908728374998,FN,1595.0,1272524,1642,
f7a5fe59719c,split_comparison,PaySim,random,0,O,DBSCAN,0.005,0.0012908728374998,TP,47.0,1272524,1642,
f7a5fe59719c,split_comparison,PaySim,random,0,O,DBSCAN,0.005,0.0012908728374998,n_alerts,1622.0,1272524,1642,
f7a5fe59719c,split_comparison,PaySim,random,0,O,DBSCAN,0.005,0.0012908728374998,alert_rate,0.0012746321483917,1272524,1642,
f7a5fe59719c,split_comparison,PaySim,random,0,O,DBSCAN,0.005,0.0012908728374998,prevalence,0.0012903489443028,1272524,1642,
f7a5fe59719c,split_comparison,PaySim,random,0,O,DBSCAN,0.005,0.0012908728374998,lift,22.456384578068608,1272524,1642,
f7a5fe59719c,split_comparison,PaySim,random,0,O,DBSCAN,0.005,0.0012908728374998,tie_ratio,0.0720717251698199,1272524,1642,
f7a5fe59719c,split_comparison,PaySim,random,0,O,DBSCAN,0.005,0.0012908728374998,fit_seconds,1.0937731266021729,1272524,1642,
f7a5fe59719c,split_comparison,PaySim,random,0,O,DBSCAN,0.005,0.0012908728374998,score_seconds,0.1249139308929443,1272524,1642,
a6561f418628,split_comparison,PaySim,random,0,O,KMeans,0.005,0.0012908728374998,PR_AUC,0.0150159765576681,1272524,1642,
a6561f418628,split_comparison,PaySim,random,0,O,KMeans,0.005,0.0012908728374998,ROC_AUC,0.8448972659633212,1272524,1642,
a6561f418628,split_comparison,PaySim,random,0,O,KMeans,0.005,0.0012908728374998,Precision,0.0638805970149253,1272524,1642,
a6561f418628,split_comparison,PaySim,random,0,O,KMeans,0.005,0.0012908728374998,Recall,0.0651644336175395,1272524,1642,
a6561f418628,split_comparison,PaySim,random,0,O,KMeans,0.005,0.0012908728374998,F1,0.064516129032258,1272524,1642,
a6561f418628,split_comparison,PaySim,random,0,O,KMeans,0.005,0.0012908728374998,TN,1269314.0,1272524,1642,
a6561f418628,split_comparison,PaySim,random,0,O,KMeans,0.005,0.0012908728374998,FP,1568.0,1272524,1642,
a6561f418628,split_comparison,PaySim,random,0,O,KMeans,0.005,0.0012908728374998,FN,1535.0,1272524,1642,
a6561f418628,split_comparison,PaySim,random,0,O,KMeans,0.005,0.0012908728374998,TP,107.0,1272524,1642,
a6561f418628,split_comparison,PaySim,random,0,O,KMeans,0.005,0.0012908728374998,n_alerts,1675.0,1272524,1642,
a6561f418628,split_comparison,PaySim,random,0,O,KMeans,0.005,0.0012908728374998,alert_rate,0.0013162816575561,1272524,1642,
a6561f418628,split_comparison,PaySim,random,0,O,KMeans,0.005,0.0012908728374998,prevalence,0.0012903489443028,1272524,1642,
a6561f418628,split_comparison,PaySim,random,0,O,KMeans,0.005,0.0012908728374998,lift,49.506451178940864,1272524,1642,
a6561f418628,split_comparison,PaySim,random,0,O,KMeans,0.005,0.0012908728374998,tie_ratio,0.0354225146244785,1272524,1642,
a6561f418628,split_comparison,PaySim,random,0,O,KMeans,0.005,0.0012908728374998,fit_seconds,91.81499910354614,1272524,1642,
a6561f418628,split_comparison,PaySim,random,0,O,KMeans,0.005,0.0012908728374998,score_seconds,1.558558702468872,1272524,1642,
45e664a70bf1,split_comparison,PaySim,random,0,O,Ensemble,0.005,0.0012908728374998,PR_AUC,0.0324759428571379,1272524,1642,
45e664a70bf1,split_comparison,PaySim,random,0,O,Ensemble,0.005,0.0012908728374998,ROC_AUC,0.8965745340378675,1272524,1642,
45e664a70bf1,split_comparison,PaySim,random,0,O,Ensemble,0.005,0.0012908728374998,Precision,0.1018001241464928,1272524,1642,
45e664a70bf1,split_comparison,PaySim,random,0,O,Ensemble,0.005,0.0012908728374998,Recall,0.099878197320341,1272524,1642,
45e664a70bf1,split_comparison,PaySim,random,0,O,Ensemble,0.005,0.0012908728374998,F1,0.1008300030740854,1272524,1642,
45e664a70bf1,split_comparison,PaySim,random,0,O,Ensemble,0.005,0.0012908728374998,TN,1269435.0,1272524,1642,
45e664a70bf1,split_comparison,PaySim,random,0,O,Ensemble,0.005,0.0012908728374998,FP,1447.0,1272524,1642,
45e664a70bf1,split_comparison,PaySim,random,0,O,Ensemble,0.005,0.0012908728374998,FN,1478.0,1272524,1642,
45e664a70bf1,split_comparison,PaySim,random,0,O,Ensemble,0.005,0.0012908728374998,TP,164.0,1272524,1642,
45e664a70bf1,split_comparison,PaySim,random,0,O,Ensemble,0.005,0.0012908728374998,n_alerts,1611.0,1272524,1642,
45e664a70bf1,split_comparison,PaySim,random,0,O,Ensemble,0.005,0.0012908728374998,alert_rate,0.0012659879106405,1272524,1642,
45e664a70bf1,split_comparison,PaySim,random,0,O,Ensemble,0.005,0.0012908728374998,prevalence,0.0012903489443028,1272524,1642,
45e664a70bf1,split_comparison,PaySim,random,0,O,Ensemble,0.005,0.0012908728374998,lift,78.89348427490359,1272524,1642,
45e664a70bf1,split_comparison,PaySim,random,0,O,Ensemble,0.005,0.0012908728374998,tie_ratio,0.0964571198657157,1272524,1642,
45e664a70bf1,split_comparison,PaySim,random,0,O,Ensemble,0.005,0.0012908728374998,fit_seconds,0.0,1272524,1642,
45e664a70bf1,split_comparison,PaySim,random,0,O,Ensemble,0.005,0.0012908728374998,score_seconds,0.0,1272524,1642,
151695e7295c,split_comparison,PaySim,random,0,O,Ensemble,0.005,0.0012908728374998,single_point_invariant,1.0,1272524,1642,invariance
8489fbb4c59a,split_comparison,PaySim,random_matched,0,U,IsolationForest,0.005,0.005,PR_AUC,0.0218029280913287,1272524,4254,
8489fbb4c59a,split_comparison,PaySim,random_matched,0,U,IsolationForest,0.005,0.005,ROC_AUC,0.8258453707188375,1272524,4254,
8489fbb4c59a,split_comparison,PaySim,random_matched,0,U,IsolationForest,0.005,0.005,Precision,0.0450353519827851,1272524,4254,
8489fbb4c59a,split_comparison,PaySim,random_matched,0,U,IsolationForest,0.005,0.005,Recall,0.0688763516690174,1272524,4254,
8489fbb4c59a,split_comparison,PaySim,random_matched,0,U,IsolationForest,0.005,0.005,F1,0.0544609665427509,1272524,4254,
8489fbb4c59a,split_comparison,PaySim,random_matched,0,U,IsolationForest,0.005,0.005,TN,1262057.0,1272524,4254,
8489fbb4c59a,split_comparison,PaySim,random_matched,0,U,IsolationForest,0.005,0.005,FP,6213.0,1272524,4254,
8489fbb4c59a,split_comparison,PaySim,random_matched,0,U,IsolationForest,0.005,0.005,FN,3961.0,1272524,4254,
8489fbb4c59a,split_comparison,PaySim,random_matched,0,U,IsolationForest,0.005,0.005,TP,293.0,1272524,4254,
8489fbb4c59a,split_comparison,PaySim,random_matched,0,U,IsolationForest,0.005,0.005,n_alerts,6506.0,1272524,4254,
8489fbb4c59a,split_comparison,PaySim,random_matched,0,U,IsolationForest,0.005,0.005,alert_rate,0.0051126737098868,1272524,4254,
8489fbb4c59a,split_comparison,PaySim,random_matched,0,U,IsolationForest,0.005,0.005,prevalence,0.0033429624902948,1272524,4254,
8489fbb4c59a,split_comparison,PaySim,random_matched,0,U,IsolationForest,0.005,0.005,lift,13.47168929161769,1272524,4254,
8489fbb4c59a,split_comparison,PaySim,random_matched,0,U,IsolationForest,0.005,0.005,tie_ratio,0.2088933419775642,1272524,4254,
8489fbb4c59a,split_comparison,PaySim,random_matched,0,U,IsolationForest,0.005,0.005,fit_seconds,11.245830535888672,1272524,4254,
8489fbb4c59a,split_comparison,PaySim,random_matched,0,U,IsolationForest,0.005,0.005,score_seconds,58.2368106842041,1272524,4254,
04a68e6aecc3,split_comparison,PaySim,random_matched,0,U,LOF,0.005,0.005,PR_AUC,0.2747378861909986,1272524,4254,
04a68e6aecc3,split_comparison,PaySim,random_matched,0,U,LOF,0.005,0.005,ROC_AUC,0.8742667854925775,1272524,4254,
04a68e6aecc3,split_comparison,PaySim,random_matched,0,U,LOF,0.005,0.005,Precision,0.2421093148575827,1272524,4254,
04a68e6aecc3,split_comparison,PaySim,random_matched,0,U,LOF,0.005,0.005,Recall,0.4435825105782792,1272524,4254,
04a68e6aecc3,split_comparison,PaySim,random_matched,0,U,LOF,0.005,0.005,F1,0.3132470119521912,1272524,4254,
04a68e6aecc3,split_comparison,PaySim,random_matched,0,U,LOF,0.005,0.005,TN,1262363.0,1272524,4254,
04a68e6aecc3,split_comparison,PaySim,random_matched,0,U,LOF,0.005,0.005,FP,5907.0,1272524,4254,
04a68e6aecc3,split_comparison,PaySim,random_matched,0,U,LOF,0.005,0.005,FN,2367.0,1272524,4254,
04a68e6aecc3,split_comparison,PaySim,random_matched,0,U,LOF,0.005,0.005,TP,1887.0,1272524,4254,
04a68e6aecc3,split_comparison,PaySim,random_matched,0,U,LOF,0.005,0.005,n_alerts,7794.0,1272524,4254,
04a68e6aecc3,split_comparison,PaySim,random_matched,0,U,LOF,0.005,0.005,alert_rate,0.0061248353665628,1272524,4254,
04a68e6aecc3,split_comparison,PaySim,random_matched,0,U,LOF,0.005,0.005,prevalence,0.0033429624902948,1272524,4254,
04a68e6aecc3,split_comparison,PaySim,random_matched,0,U,LOF,0.005,0.005,lift,72.4235810483852,1272524,4254,
04a68e6aecc3,split_comparison,PaySim,random_matched,0,U,LOF,0.005,0.005,tie_ratio,0.2680300976405179,1272524,4254,
04a68e6aecc3,split_comparison,PaySim,random_matched,0,U,LOF,0.005,0.005,fit_seconds,2.6270854473114014,1272524,4254,
04a68e6aecc3,split_comparison,PaySim,random_matched,0,U,LOF,0.005,0.005,score_seconds,311.5254454612732,1272524,4254,
fded9e725a1b,split_comparison,PaySim,random_matched,0,U,OneClassSVM,0.005,0.005,PR_AUC,0.0456705597585605,1272524,4254,
fded9e725a1b,split_comparison,PaySim,random_matched,0,U,OneClassSVM,0.005,0.005,ROC_AUC,0.6864892684332102,1272524,4254,
fded9e725a1b,split_comparison,PaySim,random_matched,0,U,OneClassSVM,0.005,0.005,Precision,0.1278184892897407,1272524,4254,
fded9e725a1b,split_comparison,PaySim,random_matched,0,U,OneClassSVM,0.005,0.005,Recall,0.2132110954395862,1272524,4254,
fded9e725a1b,split_comparison,PaySim,random_matched,0,U,OneClassSVM,0.005,0.005,F1,0.1598237885462555,1272524,4254,
fded9e725a1b,split_comparison,PaySim,random_matched,0,U,OneClassSVM,0.005,0.005,TN,1262081.0,1272524,4254,
fded9e725a1b,split_comparison,PaySim,random_matched,0,U,OneClassSVM,0.005,0.005,FP,6189.0,1272524,4254,
fded9e725a1b,split_comparison,PaySim,random_matched,0,U,OneClassSVM,0.005,0.005,FN,3347.0,1272524,4254,
fded9e725a1b,split_comparison,PaySim,random_matched,0,U,OneClassSVM,0.005,0.005,TP,907.0,1272524,4254,
fded9e725a1b,split_comparison,PaySim,random_matched,0,U,OneClassSVM,0.005,0.005,n_alerts,7096.0,1272524,4254,
fded9e725a1b,split_comparison,PaySim,random_matched,0,U,OneClassSVM,0.005,0.005,alert_rate,0.0055763191892648,1272524,4254,
fded9e725a1b,split_comparison,PaySim,random_matched,0,U,OneClassSVM,0.005,0.005,prevalence,0.0033429624902948,1272524,4254,
fded9e725a1b,split_comparison,PaySim,random_matched,0,U,OneClassSVM,0.005,0.005,lift,38.23509526679314,1272524,4254,
fded9e725a1b,split_comparison,PaySim,random_matched,0,U,OneClassSVM,0.005,0.005,tie_ratio,0.0001178758767018,1272524,4254,
fded9e725a1b,split_comparison,PaySim,random_matched,0,U,OneClassSVM,0.005,0.005,fit_seconds,0.3300709724426269,1272524,4254,
fded9e725a1b,split_comparison,PaySim,random_matched,0,U,OneClassSVM,0.005,0.005,score_seconds,87.89339447021484,1272524,4254,
af3e722aeef5,split_comparison,PaySim,random_matched,0,U,DBSCAN,0.005,0.005,PR_AUC,0.061235113690801,1272524,4254,
af3e722aeef5,split_comparison,PaySim,random_matched,0,U,DBSCAN,0.005,0.005,ROC_AUC,0.8722106225729144,1272524,4254,
af3e722aeef5,split_comparison,PaySim,random_matched,0,U,DBSCAN,0.005,0.005,Precision,0.1422695035460993,1272524,4254,
af3e722aeef5,split_comparison,PaySim,random_matched,0,U,DBSCAN,0.005,0.005,Recall,0.2357780912082745,1272524,4254,
af3e722aeef5,split_comparison,PaySim,random_matched,0,U,DBSCAN,0.005,0.005,F1,0.1774593064401981,1272524,4254,
af3e722aeef5,split_comparison,PaySim,random_matched,0,U,DBSCAN,0.005,0.005,TN,1262223.0,1272524,4254,
af3e722aeef5,split_comparison,PaySim,random_matched,0,U,DBSCAN,0.005,0.005,FP,6047.0,1272524,4254,
af3e722aeef5,split_comparison,PaySim,random_matched,0,U,DBSCAN,0.005,0.005,FN,3251.0,1272524,4254,
af3e722aeef5,split_comparison,PaySim,random_matched,0,U,DBSCAN,0.005,0.005,TP,1003.0,1272524,4254,
af3e722aeef5,split_comparison,PaySim,random_matched,0,U,DBSCAN,0.005,0.005,n_alerts,7050.0,1272524,4254,
af3e722aeef5,split_comparison,PaySim,random_matched,0,U,DBSCAN,0.005,0.005,alert_rate,0.0055401705586692,1272524,4254,
af3e722aeef5,split_comparison,PaySim,random_matched,0,U,DBSCAN,0.005,0.005,prevalence,0.0033429624902948,1272524,4254,
af3e722aeef5,split_comparison,PaySim,random_matched,0,U,DBSCAN,0.005,0.005,lift,42.55791201939268,1272524,4254,
af3e722aeef5,split_comparison,PaySim,random_matched,0,U,DBSCAN,0.005,0.005,tie_ratio,0.0035763540991335,1272524,4254,
af3e722aeef5,split_comparison,PaySim,random_matched,0,U,DBSCAN,0.005,0.005,fit_seconds,0.9726724624633788,1272524,4254,
af3e722aeef5,split_comparison,PaySim,random_matched,0,U,DBSCAN,0.005,0.005,score_seconds,138.52339720726013,1272524,4254,
79ce4b43cc9a,split_comparison,PaySim,random_matched,0,U,KMeans,0.005,0.005,PR_AUC,0.035777399056521,1272524,4254,
79ce4b43cc9a,split_comparison,PaySim,random_matched,0,U,KMeans,0.005,0.005,ROC_AUC,0.8453126159301534,1272524,4254,
79ce4b43cc9a,split_comparison,PaySim,random_matched,0,U,KMeans,0.005,0.005,Precision,0.0908687287257658,1272524,4254,
79ce4b43cc9a,split_comparison,PaySim,random_matched,0,U,KMeans,0.005,0.005,Recall,0.1443347437705688,1272524,4254,
79ce4b43cc9a,split_comparison,PaySim,random_matched,0,U,KMeans,0.005,0.005,F1,0.111524838797566,1272524,4254,
79ce4b43cc9a,split_comparison,PaySim,random_matched,0,U,KMeans,0.005,0.005,TN,1262127.0,1272524,4254,
79ce4b43cc9a,split_comparison,PaySim,random_matched,0,U,KMeans,0.005,0.005,FP,6143.0,1272524,4254,
79ce4b43cc9a,split_comparison,PaySim,random_matched,0,U,KMeans,0.005,0.005,FN,3640.0,1272524,4254,
79ce4b43cc9a,split_comparison,PaySim,random_matched,0,U,KMeans,0.005,0.005,TP,614.0,1272524,4254,
79ce4b43cc9a,split_comparison,PaySim,random_matched,0,U,KMeans,0.005,0.005,n_alerts,6757.0,1272524,4254,
79ce4b43cc9a,split_comparison,PaySim,random_matched,0,U,KMeans,0.005,0.005,alert_rate,0.0053099194985713,1272524,4254,
79ce4b43cc9a,split_comparison,PaySim,random_matched,0,U,KMeans,0.005,0.005,prevalence,0.0033429624902948,1272524,4254,
79ce4b43cc9a,split_comparison,PaySim,random_matched,0,U,KMeans,0.005,0.005,lift,27.18209641585014,1272524,4254,
79ce4b43cc9a,split_comparison,PaySim,random_matched,0,U,KMeans,0.005,0.005,tie_ratio,0.0347725977878626,1272524,4254,
79ce4b43cc9a,split_comparison,PaySim,random_matched,0,U,KMeans,0.005,0.005,fit_seconds,113.92177295684814,1272524,4254,
79ce4b43cc9a,split_comparison,PaySim,random_matched,0,U,KMeans,0.005,0.005,score_seconds,1.2945079803466797,1272524,4254,
561b4bebdf93,split_comparison,PaySim,random_matched,0,U,Ensemble,0.005,0.005,PR_AUC,0.09148504818294,1272524,4254,
561b4bebdf93,split_comparison,PaySim,random_matched,0,U,Ensemble,0.005,0.005,ROC_AUC,0.9037234452608792,1272524,4254,
561b4bebdf93,split_comparison,PaySim,random_matched,0,U,Ensemble,0.005,0.005,Precision,0.1366494341204415,1272524,4254,
561b4bebdf93,split_comparison,PaySim,random_matched,0,U,Ensemble,0.005,0.005,Recall,0.229901269393512,1272524,4254,
561b4bebdf93,split_comparison,PaySim,random_matched,0,U,Ensemble,0.005,0.005,F1,0.1714135483305582,1272524,4254,
561b4bebdf93,split_comparison,PaySim,random_matched,0,U,Ensemble,0.005,0.005,TN,1262091.0,1272524,4254,
561b4bebdf93,split_comparison,PaySim,random_matched,0,U,Ensemble,0.005,0.005,FP,6179.0,1272524,4254,
561b4bebdf93,split_comparison,PaySim,random_matched,0,U,Ensemble,0.005,0.005,FN,3276.0,1272524,4254,
561b4bebdf93,split_comparison,PaySim,random_matched,0,U,Ensemble,0.005,0.005,TP,978.0,1272524,4254,
561b4bebdf93,split_comparison,PaySim,random_matched,0,U,Ensemble,0.005,0.005,n_alerts,7157.0,1272524,4254,
561b4bebdf93,split_comparison,PaySim,random_matched,0,U,Ensemble,0.005,0.005,alert_rate,0.0056242554167937,1272524,4254,
561b4bebdf93,split_comparison,PaySim,random_matched,0,U,Ensemble,0.005,0.005,prevalence,0.0033429624902948,1272524,4254,
561b4bebdf93,split_comparison,PaySim,random_matched,0,U,Ensemble,0.005,0.005,lift,40.87674765037159,1272524,4254,
561b4bebdf93,split_comparison,PaySim,random_matched,0,U,Ensemble,0.005,0.005,tie_ratio,0.0956617748177836,1272524,4254,
561b4bebdf93,split_comparison,PaySim,random_matched,0,U,Ensemble,0.005,0.005,fit_seconds,0.0,1272524,4254,
561b4bebdf93,split_comparison,PaySim,random_matched,0,U,Ensemble,0.005,0.005,score_seconds,0.0,1272524,4254,
aa4efecd0002,split_comparison,PaySim,random_matched,0,U,Ensemble,0.005,0.005,single_point_invariant,1.0,1272524,4254,invariance
3645c994ad67,split_comparison,PaySim,random_matched,0,N,IsolationForest,0.005,0.005,PR_AUC,0.020714369321974,1272524,4254,
3645c994ad67,split_comparison,PaySim,random_matched,0,N,IsolationForest,0.005,0.005,ROC_AUC,0.8299644380804907,1272524,4254,
3645c994ad67,split_comparison,PaySim,random_matched,0,N,IsolationForest,0.005,0.005,Precision,0.0434916718075262,1272524,4254,
3645c994ad67,split_comparison,PaySim,random_matched,0,N,IsolationForest,0.005,0.005,Recall,0.0662905500705218,1272524,4254,
3645c994ad67,split_comparison,PaySim,random_matched,0,N,IsolationForest,0.005,0.005,F1,0.0525237474390016,1272524,4254,
3645c994ad67,split_comparison,PaySim,random_matched,0,N,IsolationForest,0.005,0.005,TN,1262068.0,1272524,4254,
3645c994ad67,split_comparison,PaySim,random_matched,0,N,IsolationForest,0.005,0.005,FP,6202.0,1272524,4254,
3645c994ad67,split_comparison,PaySim,random_matched,0,N,IsolationForest,0.005,0.005,FN,3972.0,1272524,4254,
3645c994ad67,split_comparison,PaySim,random_matched,0,N,IsolationForest,0.005,0.005,TP,282.0,1272524,4254,
3645c994ad67,split_comparison,PaySim,random_matched,0,N,IsolationForest,0.005,0.005,n_alerts,6484.0,1272524,4254,
3645c994ad67,split_comparison,PaySim,random_matched,0,N,IsolationForest,0.005,0.005,alert_rate,0.0050953852343845,1272524,4254,
3645c994ad67,split_comparison,PaySim,random_matched,0,N,IsolationForest,0.005,0.005,prevalence,0.0033429624902948,1272524,4254,
3645c994ad67,split_comparison,PaySim,random_matched,0,N,IsolationForest,0.005,0.005,lift,13.00991917611671,1272524,4254,
3645c994ad67,split_comparison,PaySim,random_matched,0,N,IsolationForest,0.005,0.005,tie_ratio,0.2162904461601933,1272524,4254,
3645c994ad67,split_comparison,PaySim,random_matched,0,N,IsolationForest,0.005,0.005,fit_seconds,10.863246202468872,1272524,4254,
3645c994ad67,split_comparison,PaySim,random_matched,0,N,IsolationForest,0.005,0.005,score_seconds,56.81262516975403,1272524,4254,
c8e633201c39,split_comparison,PaySim,random_matched,0,N,LOF,0.005,0.005,PR_AUC,0.3068163586178148,1272524,4254,
c8e633201c39,split_comparison,PaySim,random_matched,0,N,LOF,0.005,0.005,ROC_AUC,0.8859401580759837,1272524,4254,
c8e633201c39,split_comparison,PaySim,random_matched,0,N,LOF,0.005,0.005,Precision,0.2428261701313608,1272524,4254,
c8e633201c39,split_comparison,PaySim,random_matched,0,N,LOF,0.005,0.005,Recall,0.4475787494123178,1272524,4254,
c8e633201c39,split_comparison,PaySim,random_matched,0,N,LOF,0.005,0.005,F1,0.3148408433236874,1272524,4254,
c8e633201c39,split_comparison,PaySim,random_matched,0,N,LOF,0.005,0.005,TN,1262333.0,1272524,4254,
c8e633201c39,split_comparison,PaySim,random_matched,0,N,LOF,0.005,0.005,FP,5937.0,1272524,4254,
c8e633201c39,split_comparison,PaySim,random_matched,0,N,LOF,0.005,0.005,FN,2350.0,1272524,4254,
c8e633201c39,split_comparison,PaySim,random_matched,0,N,LOF,0.005,0.005,TP,1904.0,1272524,4254,
c8e633201c39,split_comparison,PaySim,random_matched,0,N,LOF,0.005,0.005,n_alerts,7841.0,1272524,4254,
c8e633201c39,split_comparison,PaySim,random_matched,0,N,LOF,0.005,0.005,alert_rate,0.0061617698369539,1272524,4254,
c8e633201c39,split_comparison,PaySim,random_matched,0,N,LOF,0.005,0.005,prevalence,0.0033429624902948,1272524,4254,
c8e633201c39,split_comparison,PaySim,random_matched,0,N,LOF,0.005,0.005,lift,72.63801817589086,1272524,4254,
c8e633201c39,split_comparison,PaySim,random_matched,0,N,LOF,0.005,0.005,tie_ratio,0.2676819708846585,1272524,4254,
c8e633201c39,split_comparison,PaySim,random_matched,0,N,LOF,0.005,0.005,fit_seconds,2.224255323410034,1272524,4254,
c8e633201c39,split_comparison,PaySim,random_matched,0,N,LOF,0.005,0.005,score_seconds,342.2187180519104,1272524,4254,
318420dbc6fd,split_comparison,PaySim,random_matched,0,N,OneClassSVM,0.005,0.005,PR_AUC,0.1341092585277846,1272524,4254,
318420dbc6fd,split_comparison,PaySim,random_matched,0,N,OneClassSVM,0.005,0.005,ROC_AUC,0.8303900242944284,1272524,4254,
318420dbc6fd,split_comparison,PaySim,random_matched,0,N,OneClassSVM,0.005,0.005,Precision,0.2042638241172551,1272524,4254,
318420dbc6fd,split_comparison,PaySim,random_matched,0,N,OneClassSVM,0.005,0.005,Recall,0.3603667136812412,1272524,4254,
318420dbc6fd,split_comparison,PaySim,random_matched,0,N,OneClassSVM,0.005,0.005,F1,0.2607364571817331,1272524,4254,
318420dbc6fd,split_comparison,PaySim,random_matched,0,N,OneClassSVM,0.005,0.005,TN,1262298.0,1272524,4254,
318420dbc6fd,split_comparison,PaySim,random_matched,0,N,OneClassSVM,0.005,0.005,FP,5972.0,1272524,4254,
318420dbc6fd,split_comparison,PaySim,random_matched,0,N,OneClassSVM,0.005,0.005,FN,2721.0,1272524,4254,
318420dbc6fd,split_comparison,PaySim,random_matched,0,N,OneClassSVM,0.005,0.005,TP,1533.0,1272524,4254,
318420dbc6fd,split_comparison,PaySim,random_matched,0,N,OneClassSVM,0.005,0.005,n_alerts,7505.0,1272524,4254,
318420dbc6fd,split_comparison,PaySim,random_matched,0,N,OneClassSVM,0.005,0.005,alert_rate,0.0058977276656471,1272524,4254,
318420dbc6fd,split_comparison,PaySim,random_matched,0,N,OneClassSVM,0.005,0.005,prevalence,0.0033429624902948,1272524,4254,
318420dbc6fd,split_comparison,PaySim,random_matched,0,N,OneClassSVM,0.005,0.005,lift,61.1026371699544,1272524,4254,
318420dbc6fd,split_comparison,PaySim,random_matched,0,N,OneClassSVM,0.005,0.005,tie_ratio,0.0002789729081943,1272524,4254,
318420dbc6fd,split_comparison,PaySim,random_matched,0,N,OneClassSVM,0.005,0.005,fit_seconds,0.4028868675231933,1272524,4254,
318420dbc6fd,split_comparison,PaySim,random_matched,0,N,OneClassSVM,0.005,0.005,score_seconds,78.9401843547821,1272524,4254,
b0b3ea56f078,split_comparison,PaySim,random_matched,0,N,DBSCAN,0.005,0.005,PR_AUC,0.1356746803120639,1272524,4254,
b0b3ea56f078,split_comparison,PaySim,random_matched,0,N,DBSCAN,0.005,0.005,ROC_AUC,0.8883605795038689,1272524,4254,
b0b3ea56f078,split_comparison,PaySim,random_matched,0,N,DBSCAN,0.005,0.005,Precision,0.1962829255248027,1272524,4254,
b0b3ea56f078,split_comparison,PaySim,random_matched,0,N,DBSCAN,0.005,0.005,Recall,0.3450869769628585,1272524,4254,
b0b3ea56f078,split_comparison,PaySim,random_matched,0,N,DBSCAN,0.005,0.005,F1,0.2502343816585698,1272524,4254,
b0b3ea56f078,split_comparison,PaySim,random_matched,0,N,DBSCAN,0.005,0.005,TN,1262259.0,1272524,4254,
b0b3ea56f078,split_comparison,PaySim,random_matched,0,N,DBSCAN,0.005,0.005,FP,6011.0,1272524,4254,
b0b3ea56f078,split_comparison,PaySim,random_matched,0,N,DBSCAN,0.005,0.005,FN,2786.0,1272524,4254,
b0b3ea56f078,split_comparison,PaySim,random_matched,0,N,DBSCAN,0.005,0.005,TP,1468.0,1272524,4254,
b0b3ea56f078,split_comparison,PaySim,random_matched,0,N,DBSCAN,0.005,0.005,n_alerts,7479.0,1272524,4254,
b0b3ea56f078,split_comparison,PaySim,random_matched,0,N,DBSCAN,0.005,0.005,alert_rate,0.0058772958309627,1272524,4254,
b0b3ea56f078,split_comparison,PaySim,random_matched,0,N,DBSCAN,0.005,0.005,prevalence,0.0033429624902948,1272524,4254,
b0b3ea56f078,split_comparison,PaySim,random_matched,0,N,DBSCAN,0.005,0.005,lift,58.71526410919702,1272524,4254,
b0b3ea56f078,split_comparison,PaySim,random_matched,0,N,DBSCAN,0.005,0.005,tie_ratio,0.0033115262961435,1272524,4254,
b0b3ea56f078,split_comparison,PaySim,random_matched,0,N,DBSCAN,0.005,0.005,fit_seconds,1.6554758548736572,1272524,4254,
b0b3ea56f078,split_comparison,PaySim,random_matched,0,N,DBSCAN,0.005,0.005,score_seconds,193.74793481826785,1272524,4254,
c83696c95b7c,split_comparison,PaySim,random_matched,0,N,KMeans,0.005,0.005,PR_AUC,0.0358960245946255,1272524,4254,
c83696c95b7c,split_comparison,PaySim,random_matched,0,N,KMeans,0.005,0.005,ROC_AUC,0.8455767839060251,1272524,4254,
c83696c95b7c,split_comparison,PaySim,random_matched,0,N,KMeans,0.005,0.005,Precision,0.0910571513177376,1272524,4254,
c83696c95b7c,split_comparison,PaySim,random_matched,0,N,KMeans,0.005,0.005,Recall,0.1445698166431593,1272524,4254,
c83696c95b7c,split_comparison,PaySim,random_matched,0,N,KMeans,0.005,0.005,F1,0.1117369186046511,1272524,4254,
c83696c95b7c,split_comparison,PaySim,random_matched,0,N,KMeans,0.005,0.005,TN,1262131.0,1272524,4254,
c83696c95b7c,split_comparison,PaySim,random_matched,0,N,KMeans,0.005,0.005,FP,6139.0,1272524,4254,
c83696c95b7c,split_comparison,PaySim,random_matched,0,N,KMeans,0.005,0.005,FN,3639.0,1272524,4254,
c83696c95b7c,split_comparison,PaySim,random_matched,0,N,KMeans,0.005,0.005,TP,615.0,1272524,4254,
c83696c95b7c,split_comparison,PaySim,random_matched,0,N,KMeans,0.005,0.005,n_alerts,6754.0,1272524,4254,
c83696c95b7c,split_comparison,PaySim,random_matched,0,N,KMeans,0.005,0.005,alert_rate,0.0053075619791846,1272524,4254,
c83696c95b7c,split_comparison,PaySim,random_matched,0,N,KMeans,0.005,0.005,prevalence,0.0033429624902948,1272524,4254,
c83696c95b7c,split_comparison,PaySim,random_matched,0,N,KMeans,0.005,0.005,lift,27.23846037222679,1272524,4254,
c83696c95b7c,split_comparison,PaySim,random_matched,0,N,KMeans,0.005,0.005,tie_ratio,0.034919549714151,1272524,4254,
c83696c95b7c,split_comparison,PaySim,random_matched,0,N,KMeans,0.005,0.005,fit_seconds,115.0904278755188,1272524,4254,
c83696c95b7c,split_comparison,PaySim,random_matched,0,N,KMeans,0.005,0.005,score_seconds,1.727682113647461,1272524,4254,
e3fb1d9f5ba3,split_comparison,PaySim,random_matched,0,N,Ensemble,0.005,0.005,PR_AUC,0.123140334582294,1272524,4254,
e3fb1d9f5ba3,split_comparison,PaySim,random_matched,0,N,Ensemble,0.005,0.005,ROC_AUC,0.9192230634433116,1272524,4254,
e3fb1d9f5ba3,split_comparison,PaySim,random_matched,0,N,Ensemble,0.005,0.005,Precision,0.1773929642759749,1272524,4254,
e3fb1d9f5ba3,split_comparison,PaySim,random_matched,0,N,Ensemble,0.005,0.005,Recall,0.3058298072402445,1272524,4254,
e3fb1d9f5ba3,split_comparison,PaySim,random_matched,0,N,Ensemble,0.005,0.005,F1,0.2245426303072143,1272524,4254,
e3fb1d9f5ba3,split_comparison,PaySim,random_matched,0,N,Ensemble,0.005,0.005,TN,1262237.0,1272524,4254,
e3fb1d9f5ba3,split_comparison,PaySim,random_matched,0,N,Ensemble,0.005,0.005,FP,6033.0,1272524,4254,
e3fb1d9f5ba3,split_comparison,PaySim,random_matched,0,N,Ensemble,0.005,0.005,FN,2953.0,1272524,4254,
e3fb1d9f5ba3,split_comparison,PaySim,random_matched,0,N,Ensemble,0.005,0.005,TP,1301.0,1272524,4254,
e3fb1d9f5ba3,split_comparison,PaySim,random_matched,0,N,Ensemble,0.005,0.005,n_alerts,7334.0,1272524,4254,
e3fb1d9f5ba3,split_comparison,PaySim,random_matched,0,N,Ensemble,0.005,0.005,alert_rate,0.0057633490606071,1272524,4254,
e3fb1d9f5ba3,split_comparison,PaySim,random_matched,0,N,Ensemble,0.005,0.005,prevalence,0.0033429624902948,1272524,4254,
e3fb1d9f5ba3,split_comparison,PaySim,random_matched,0,N,Ensemble,0.005,0.005,lift,53.06459907670914,1272524,4254,
e3fb1d9f5ba3,split_comparison,PaySim,random_matched,0,N,Ensemble,0.005,0.005,tie_ratio,0.0952837861731596,1272524,4254,
e3fb1d9f5ba3,split_comparison,PaySim,random_matched,0,N,Ensemble,0.005,0.005,fit_seconds,0.0,1272524,4254,
e3fb1d9f5ba3,split_comparison,PaySim,random_matched,0,N,Ensemble,0.005,0.005,score_seconds,0.0,1272524,4254,
1953d876fc26,split_comparison,PaySim,random_matched,0,N,Ensemble,0.005,0.005,single_point_invariant,1.0,1272524,4254,invariance
e40280875775,split_comparison,PaySim,random_matched,0,O,IsolationForest,0.005,0.0007777196547228,PR_AUC,0.0218029280913287,1272524,4254,
e40280875775,split_comparison,PaySim,random_matched,0,O,IsolationForest,0.005,0.0007777196547228,ROC_AUC,0.8258453707188375,1272524,4254,
e40280875775,split_comparison,PaySim,random_matched,0,O,IsolationForest,0.005,0.0007777196547228,Precision,0.0151515151515151,1272524,4254,
e40280875775,split_comparison,PaySim,random_matched,0,O,IsolationForest,0.005,0.0007777196547228,Recall,0.003291020216267,1272524,4254,
e40280875775,split_comparison,PaySim,random_matched,0,O,IsolationForest,0.005,0.0007777196547228,F1,0.0054074932406334,1272524,4254,
e40280875775,split_comparison,PaySim,random_matched,0,O,IsolationForest,0.005,0.0007777196547228,TN,1267360.0,1272524,4254,
e40280875775,split_comparison,PaySim,random_matched,0,O,IsolationForest,0.005,0.0007777196547228,FP,910.0,1272524,4254,
e40280875775,split_comparison,PaySim,random_matched,0,O,IsolationForest,0.005,0.0007777196547228,FN,4240.0,1272524,4254,
e40280875775,split_comparison,PaySim,random_matched,0,O,IsolationForest,0.005,0.0007777196547228,TP,14.0,1272524,4254,
e40280875775,split_comparison,PaySim,random_matched,0,O,IsolationForest,0.005,0.0007777196547228,n_alerts,924.0,1272524,4254,
e40280875775,split_comparison,PaySim,random_matched,0,O,IsolationForest,0.005,0.0007777196547228,alert_rate,0.0007261159710936,1272524,4254,
e40280875775,split_comparison,PaySim,random_matched,0,O,IsolationForest,0.005,0.0007777196547228,prevalence,0.0033429624902948,1272524,4254,
e40280875775,split_comparison,PaySim,random_matched,0,O,IsolationForest,0.005,0.0007777196547228,lift,4.532361698793292,1272524,4254,
e40280875775,split_comparison,PaySim,random_matched,0,O,IsolationForest,0.005,0.0007777196547228,tie_ratio,0.2088933419775642,1272524,4254,
e40280875775,split_comparison,PaySim,random_matched,0,O,IsolationForest,0.005,0.0007777196547228,fit_seconds,11.638250350952148,1272524,4254,
e40280875775,split_comparison,PaySim,random_matched,0,O,IsolationForest,0.005,0.0007777196547228,score_seconds,57.89468431472778,1272524,4254,
691643af6f9e,split_comparison,PaySim,random_matched,0,O,LOF,0.005,0.0007777196547228,PR_AUC,0.2747378861909986,1272524,4254,
691643af6f9e,split_comparison,PaySim,random_matched,0,O,LOF,0.005,0.0007777196547228,ROC_AUC,0.8742667854925775,1272524,4254,
691643af6f9e,split_comparison,PaySim,random_matched,0,O,LOF,0.005,0.0007777196547228,Precision,0.6141215106732348,1272524,4254,
691643af6f9e,split_comparison,PaySim,random_matched,0,O,LOF,0.005,0.0007777196547228,Recall,0.2637517630465444,1272524,4254,
691643af6f9e,split_comparison,PaySim,random_matched,0,O,LOF,0.005,0.0007777196547228,F1,0.3690182535767143,1272524,4254,
691643af6f9e,split_comparison,PaySim,random_matched,0,O,LOF,0.005,0.0007777196547228,TN,1267565.0,1272524,4254,
691643af6f9e,split_comparison,PaySim,random_matched,0,O,LOF,0.005,0.0007777196547228,FP,705.0,1272524,4254,
691643af6f9e,split_comparison,PaySim,random_matched,0,O,LOF,0.005,0.0007777196547228,FN,3132.0,1272524,4254,
691643af6f9e,split_comparison,PaySim,random_matched,0,O,LOF,0.005,0.0007777196547228,TP,1122.0,1272524,4254,
691643af6f9e,split_comparison,PaySim,random_matched,0,O,LOF,0.005,0.0007777196547228,n_alerts,1827.0,1272524,4254,
691643af6f9e,split_comparison,PaySim,random_matched,0,O,LOF,0.005,0.0007777196547228,alert_rate,0.0014357293064806,1272524,4254,
691643af6f9e,split_comparison,PaySim,random_matched,0,O,LOF,0.005,0.0007777196547228,prevalence,0.0033429624902948,1272524,4254,
691643af6f9e,split_comparison,PaySim,random_matched,0,O,LOF,0.005,0.0007777196547228,lift,183.7057736831094,1272524,4254,
691643af6f9e,split_comparison,PaySim,random_matched,0,O,LOF,0.005,0.0007777196547228,tie_ratio,0.2680300976405179,1272524,4254,
691643af6f9e,split_comparison,PaySim,random_matched,0,O,LOF,0.005,0.0007777196547228,fit_seconds,2.4906609058380127,1272524,4254,
691643af6f9e,split_comparison,PaySim,random_matched,0,O,LOF,0.005,0.0007777196547228,score_seconds,320.20005536079407,1272524,4254,
7293cdbd58f0,split_comparison,PaySim,random_matched,0,O,OneClassSVM,0.005,0.0007777196547228,PR_AUC,0.0382763406123935,1272524,4254,
7293cdbd58f0,split_comparison,PaySim,random_matched,0,O,OneClassSVM,0.005,0.0007777196547228,ROC_AUC,0.6686880251706039,1272524,4254,
7293cdbd58f0,split_comparison,PaySim,random_matched,0,O,OneClassSVM,0.005,0.0007777196547228,Precision,0.1156398104265402,1272524,4254,
7293cdbd58f0,split_comparison,PaySim,random_matched,0,O,OneClassSVM,0.005,0.0007777196547228,Recall,0.0286788904560413,1272524,4254,
7293cdbd58f0,split_comparison,PaySim,random_matched,0,O,OneClassSVM,0.005,0.0007777196547228,F1,0.0459596910906008,1272524,4254,
7293cdbd58f0,split_comparison,PaySim,random_matched,0,O,OneClassSVM,0.005,0.0007777196547228,TN,1267337.0,1272524,4254,
7293cdbd58f0,split_comparison,PaySim,random_matched,0,O,OneClassSVM,0.005,0.0007777196547228,FP,933.0,1272524,4254,
7293cdbd58f0,split_comparison,PaySim,random_matched,0,O,OneClassSVM,0.005,0.0007777196547228,FN,4132.0,1272524,4254,
7293cdbd58f0,split_comparison,PaySim,random_matched,0,O,OneClassSVM,0.005,0.0007777196547228,TP,122.0,1272524,4254,
7293cdbd58f0,split_comparison,PaySim,random_matched,0,O,OneClassSVM,0.005,0.0007777196547228,n_alerts,1055.0,1272524,4254,
7293cdbd58f0,split_comparison,PaySim,random_matched,0,O,OneClassSVM,0.005,0.0007777196547228,alert_rate,0.0008290609843114,1272524,4254,
7293cdbd58f0,split_comparison,PaySim,random_matched,0,O,OneClassSVM,0.005,0.0007777196547228,prevalence,0.0033429624902948,1272524,4254,
7293cdbd58f0,split_comparison,PaySim,random_matched,0,O,OneClassSVM,0.005,0.0007777196547228,lift,34.592015543775915,1272524,4254,
7293cdbd58f0,split_comparison,PaySim,random_matched,0,O,OneClassSVM,0.005,0.0007777196547228,tie_ratio,0.0001178758767018,1272524,4254,
7293cdbd58f0,split_comparison,PaySim,random_matched,0,O,OneClassSVM,0.005,0.0007777196547228,fit_seconds,0.2329983711242675,1272524,4254,
7293cdbd58f0,split_comparison,PaySim,random_matched,0,O,OneClassSVM,0.005,0.0007777196547228,score_seconds,83.08260798454285,1272524,4254,
1e2620820f49,split_comparison,PaySim,random_matched,0,O,DBSCAN,0.005,0.0007777196547228,PR_AUC,0.061235113690801,1272524,4254,
1e2620820f49,split_comparison,PaySim,random_matched,0,O,DBSCAN,0.005,0.0007777196547228,ROC_AUC,0.8722106225729144,1272524,4254,
1e2620820f49,split_comparison,PaySim,random_matched,0,O,DBSCAN,0.005,0.0007777196547228,Precision,0.1053130929791271,1272524,4254,
1e2620820f49,split_comparison,PaySim,random_matched,0,O,DBSCAN,0.005,0.0007777196547228,Recall,0.0260930888575458,1272524,4254,
1e2620820f49,split_comparison,PaySim,random_matched,0,O,DBSCAN,0.005,0.0007777196547228,F1,0.0418236623963828,1272524,4254,
1e2620820f49,split_comparison,PaySim,random_matched,0,O,DBSCAN,0.005,0.0007777196547228,TN,1267327.0,1272524,4254,
1e2620820f49,split_comparison,PaySim,random_matched,0,O,DBSCAN,0.005,0.0007777196547228,FP,943.0,1272524,4254,
1e2620820f49,split_comparison,PaySim,random_matched,0,O,DBSCAN,0.005,0.0007777196547228,FN,4143.0,1272524,4254,
1e2620820f49,split_comparison,PaySim,random_matched,0,O,DBSCAN,0.005,0.0007777196547228,TP,111.0,1272524,4254,
1e2620820f49,split_comparison,PaySim,random_matched,0,O,DBSCAN,0.005,0.0007777196547228,n_alerts,1054.0,1272524,4254,
1e2620820f49,split_comparison,PaySim,random_matched,0,O,DBSCAN,0.005,0.0007777196547228,alert_rate,0.0008282751445159,1272524,4254,
1e2620820f49,split_comparison,PaySim,random_matched,0,O,DBSCAN,0.005,0.0007777196547228,prevalence,0.0033429624902948,1272524,4254,
1e2620820f49,split_comparison,PaySim,random_matched,0,O,DBSCAN,0.005,0.0007777196547228,lift,31.502923914003475,1272524,4254,
1e2620820f49,split_comparison,PaySim,random_matched,0,O,DBSCAN,0.005,0.0007777196547228,tie_ratio,0.0035763540991335,1272524,4254,
1e2620820f49,split_comparison,PaySim,random_matched,0,O,DBSCAN,0.005,0.0007777196547228,fit_seconds,1.230574607849121,1272524,4254,
1e2620820f49,split_comparison,PaySim,random_matched,0,O,DBSCAN,0.005,0.0007777196547228,score_seconds,115.75384616851808,1272524,4254,
9ee194f42d20,split_comparison,PaySim,random_matched,0,O,KMeans,0.005,0.0007777196547228,PR_AUC,0.0357773997017305,1272524,4254,
9ee194f42d20,split_comparison,PaySim,random_matched,0,O,KMeans,0.005,0.0007777196547228,ROC_AUC,0.8453126159301535,1272524,4254,
9ee194f42d20,split_comparison,PaySim,random_matched,0,O,KMeans,0.005,0.0007777196547228,Precision,0.1289167412712623,1272524,4254,
9ee194f42d20,split_comparison,PaySim,random_matched,0,O,KMeans,0.005,0.0007777196547228,Recall,0.0338504936530324,1272524,4254,
9ee194f42d20,split_comparison,PaySim,random_matched,0,O,KMeans,0.005,0.0007777196547228,F1,0.0536212995717743,1272524,4254,
9ee194f42d20,split_comparison,PaySim,random_matched,0,O,KMeans,0.005,0.0007777196547228,TN,1267297.0,1272524,4254,
9ee194f42d20,split_comparison,PaySim,random_matched,0,O,KMeans,0.005,0.0007777196547228,FP,973.0,1272524,4254,
9ee194f42d20,split_comparison,PaySim,random_matched,0,O,KMeans,0.005,0.0007777196547228,FN,4110.0,1272524,4254,
9ee194f42d20,split_comparison,PaySim,random_matched,0,O,KMeans,0.005,0.0007777196547228,TP,144.0,1272524,4254,
9ee194f42d20,split_comparison,PaySim,random_matched,0,O,KMeans,0.005,0.0007777196547228,n_alerts,1117.0,1272524,4254,
9ee194f42d20,split_comparison,PaySim,random_matched,0,O,KMeans,0.005,0.0007777196547228,alert_rate,0.0008777830516359,1272524,4254,
9ee194f42d20,split_comparison,PaySim,random_matched,0,O,KMeans,0.005,0.0007777196547228,prevalence,0.0033429624902948,1272524,4254,
9ee194f42d20,split_comparison,PaySim,random_matched,0,O,KMeans,0.005,0.0007777196547228,lift,38.56362183109351,1272524,4254,
9ee194f42d20,split_comparison,PaySim,random_matched,0,O,KMeans,0.005,0.0007777196547228,tie_ratio,0.0348315357262136,1272524,4254,
9ee194f42d20,split_comparison,PaySim,random_matched,0,O,KMeans,0.005,0.0007777196547228,fit_seconds,79.28273010253906,1272524,4254,
9ee194f42d20,split_comparison,PaySim,random_matched,0,O,KMeans,0.005,0.0007777196547228,score_seconds,1.4015953540802002,1272524,4254,
9f82b8cf8d1d,split_comparison,PaySim,random_matched,0,O,Ensemble,0.005,0.0007777196547228,PR_AUC,0.0876908840587491,1272524,4254,
9f82b8cf8d1d,split_comparison,PaySim,random_matched,0,O,Ensemble,0.005,0.0007777196547228,ROC_AUC,0.901834241501948,1272524,4254,
9f82b8cf8d1d,split_comparison,PaySim,random_matched,0,O,Ensemble,0.005,0.0007777196547228,Precision,0.3441265060240964,1272524,4254,
9f82b8cf8d1d,split_comparison,PaySim,random_matched,0,O,Ensemble,0.005,0.0007777196547228,Recall,0.1074283027738599,1272524,4254,
9f82b8cf8d1d,split_comparison,PaySim,random_matched,0,O,Ensemble,0.005,0.0007777196547228,F1,0.1637405947689,1272524,4254,
9f82b8cf8d1d,split_comparison,PaySim,random_matched,0,O,Ensemble,0.005,0.0007777196547228,TN,1267399.0,1272524,4254,
9f82b8cf8d1d,split_comparison,PaySim,random_matched,0,O,Ensemble,0.005,0.0007777196547228,FP,871.0,1272524,4254,
9f82b8cf8d1d,split_comparison,PaySim,random_matched,0,O,Ensemble,0.005,0.0007777196547228,FN,3797.0,1272524,4254,
9f82b8cf8d1d,split_comparison,PaySim,random_matched,0,O,Ensemble,0.005,0.0007777196547228,TP,457.0,1272524,4254,
9f82b8cf8d1d,split_comparison,PaySim,random_matched,0,O,Ensemble,0.005,0.0007777196547228,n_alerts,1328.0,1272524,4254,
9f82b8cf8d1d,split_comparison,PaySim,random_matched,0,O,Ensemble,0.005,0.0007777196547228,alert_rate,0.0010435952484982,1272524,4254,
9f82b8cf8d1d,split_comparison,PaySim,random_matched,0,O,Ensemble,0.005,0.0007777196547228,prevalence,0.0033429624902948,1272524,4254,
9f82b8cf8d1d,split_comparison,PaySim,random_matched,0,O,Ensemble,0.005,0.0007777196547228,lift,102.94058249924946,1272524,4254,
9f82b8cf8d1d,split_comparison,PaySim,random_matched,0,O,Ensemble,0.005,0.0007777196547228,tie_ratio,0.0954488124005422,1272524,4254,
9f82b8cf8d1d,split_comparison,PaySim,random_matched,0,O,Ensemble,0.005,0.0007777196547228,fit_seconds,0.0,1272524,4254,
9f82b8cf8d1d,split_comparison,PaySim,random_matched,0,O,Ensemble,0.005,0.0007777196547228,score_seconds,0.0,1272524,4254,
6533aa3be679,split_comparison,PaySim,random_matched,0,O,Ensemble,0.005,0.0007777196547228,single_point_invariant,1.0,1272524,4254,invariance
9692c631d4ff,split_comparison,PaySim,random_matched,1,U,IsolationForest,0.005,0.005,PR_AUC,0.022262147074096,1272524,4254,
9692c631d4ff,split_comparison,PaySim,random_matched,1,U,IsolationForest,0.005,0.005,ROC_AUC,0.8346416579690611,1272524,4254,
9692c631d4ff,split_comparison,PaySim,random_matched,1,U,IsolationForest,0.005,0.005,Precision,0.049574209245742,1272524,4254,
9692c631d4ff,split_comparison,PaySim,random_matched,1,U,IsolationForest,0.005,0.005,Recall,0.076633756464504,1272524,4254,
9692c631d4ff,split_comparison,PaySim,random_matched,1,U,IsolationForest,0.005,0.005,F1,0.0602031394275161,1272524,4254,
9692c631d4ff,split_comparison,PaySim,random_matched,1,U,IsolationForest,0.005,0.005,TN,1262020.0,1272524,4254,
9692c631d4ff,split_comparison,PaySim,random_matched,1,U,IsolationForest,0.005,0.005,FP,6250.0,1272524,4254,
9692c631d4ff,split_comparison,PaySim,random_matched,1,U,IsolationForest,0.005,0.005,FN,3928.0,1272524,4254,
9692c631d4ff,split_comparison,PaySim,random_matched,1,U,IsolationForest,0.005,0.005,TP,326.0,1272524,4254,
9692c631d4ff,split_comparison,PaySim,random_matched,1,U,IsolationForest,0.005,0.005,n_alerts,6576.0,1272524,4254,
9692c631d4ff,split_comparison,PaySim,random_matched,1,U,IsolationForest,0.005,0.005,alert_rate,0.0051676824955757,1272524,4254,
9692c631d4ff,split_comparison,PaySim,random_matched,1,U,IsolationForest,0.005,0.005,prevalence,0.0033429624902948,1272524,4254,
9692c631d4ff,split_comparison,PaySim,random_matched,1,U,IsolationForest,0.005,0.005,lift,14.82942431740214,1272524,4254,
9692c631d4ff,split_comparison,PaySim,random_matched,1,U,IsolationForest,0.005,0.005,tie_ratio,0.2202400738688827,1272524,4254,
9692c631d4ff,split_comparison,PaySim,random_matched,1,U,IsolationForest,0.005,0.005,fit_seconds,8.544310092926025,1272524,4254,
9692c631d4ff,split_comparison,PaySim,random_matched,1,U,IsolationForest,0.005,0.005,score_seconds,35.380859375,1272524,4254,
53eb77146f01,split_comparison,PaySim,random_matched,1,U,LOF,0.005,0.005,PR_AUC,0.3029711198719674,1272524,4254,
53eb77146f01,split_comparison,PaySim,random_matched,1,U,LOF,0.005,0.005,ROC_AUC,0.8937927788116494,1272524,4254,
53eb77146f01,split_comparison,PaySim,random_matched,1,U,LOF,0.005,0.005,Precision,0.2432609264590421,1272524,4254,
53eb77146f01,split_comparison,PaySim,random_matched,1,U,LOF,0.005,0.005,Recall,0.4370004701457451,1272524,4254,
53eb77146f01,split_comparison,PaySim,random_matched,1,U,LOF,0.005,0.005,F1,0.312542030934768,1272524,4254,
53eb77146f01,split_comparison,PaySim,random_matched,1,U,LOF,0.005,0.005,TN,1262487.0,1272524,4254,
53eb77146f01,split_comparison,PaySim,random_matched,1,U,LOF,0.005,0.005,FP,5783.0,1272524,4254,
53eb77146f01,split_comparison,PaySim,random_matched,1,U,LOF,0.005,0.005,FN,2395.0,1272524,4254,
53eb77146f01,split_comparison,PaySim,random_matched,1,U,LOF,0.005,0.005,TP,1859.0,1272524,4254,
53eb77146f01,split_comparison,PaySim,random_matched,1,U,LOF,0.005,0.005,n_alerts,7642.0,1272524,4254,
53eb77146f01,split_comparison,PaySim,random_matched,1,U,LOF,0.005,0.005,alert_rate,0.0060053877176383,1272524,4254,
53eb77146f01,split_comparison,PaySim,random_matched,1,U,LOF,0.005,0.005,prevalence,0.0033429624902948,1272524,4254,
53eb77146f01,split_comparison,PaySim,random_matched,1,U,LOF,0.005,0.005,lift,72.76806938913167,1272524,4254,
53eb77146f01,split_comparison,PaySim,random_matched,1,U,LOF,0.005,0.005,tie_ratio,0.2681126107542091,1272524,4254,
53eb77146f01,split_comparison,PaySim,random_matched,1,U,LOF,0.005,0.005,fit_seconds,1.6401302814483645,1272524,4254,
53eb77146f01,split_comparison,PaySim,random_matched,1,U,LOF,0.005,0.005,score_seconds,741.1606028079987,1272524,4254,
c599dae6652a,split_comparison,PaySim,random_matched,1,U,OneClassSVM,0.005,0.005,PR_AUC,0.1068381738286378,1272524,4254,
c599dae6652a,split_comparison,PaySim,random_matched,1,U,OneClassSVM,0.005,0.005,ROC_AUC,0.7823703541700235,1272524,4254,
c599dae6652a,split_comparison,PaySim,random_matched,1,U,OneClassSVM,0.005,0.005,Precision,0.18,1272524,4254,
c599dae6652a,split_comparison,PaySim,random_matched,1,U,OneClassSVM,0.005,0.005,Recall,0.308885754583921,1272524,4254,
c599dae6652a,split_comparison,PaySim,random_matched,1,U,OneClassSVM,0.005,0.005,F1,0.2274536956898044,1272524,4254,
c599dae6652a,split_comparison,PaySim,random_matched,1,U,OneClassSVM,0.005,0.005,TN,1262284.0,1272524,4254,
c599dae6652a,split_comparison,PaySim,random_matched,1,U,OneClassSVM,0.005,0.005,FP,5986.0,1272524,4254,
c599dae6652a,split_comparison,PaySim,random_matched,1,U,OneClassSVM,0.005,0.005,FN,2940.0,1272524,4254,
c599dae6652a,split_comparison,PaySim,random_matched,1,U,OneClassSVM,0.005,0.005,TP,1314.0,1272524,4254,
c599dae6652a,split_comparison,PaySim,random_matched,1,U,OneClassSVM,0.005,0.005,n_alerts,7300.0,1272524,4254,
c599dae6652a,split_comparison,PaySim,random_matched,1,U,OneClassSVM,0.005,0.005,alert_rate,0.0057366305075582,1272524,4254,
c599dae6652a,split_comparison,PaySim,random_matched,1,U,OneClassSVM,0.005,0.005,prevalence,0.0033429624902948,1272524,4254,
c599dae6652a,split_comparison,PaySim,random_matched,1,U,OneClassSVM,0.005,0.005,lift,53.84445698166432,1272524,4254,
c599dae6652a,split_comparison,PaySim,random_matched,1,U,OneClassSVM,0.005,0.005,tie_ratio,0.0001524528005343,1272524,4254,
c599dae6652a,split_comparison,PaySim,random_matched,1,U,OneClassSVM,0.005,0.005,fit_seconds,0.3408167362213135,1272524,4254,
c599dae6652a,split_comparison,PaySim,random_matched,1,U,OneClassSVM,0.005,0.005,score_seconds,89.71706652641296,1272524,4254,
99c22a3ff7c2,split_comparison,PaySim,random_matched,1,U,DBSCAN,0.005,0.005,PR_AUC,0.1094736330818034,1272524,4254,
99c22a3ff7c2,split_comparison,PaySim,random_matched,1,U,DBSCAN,0.005,0.005,ROC_AUC,0.8855245508794377,1272524,4254,
99c22a3ff7c2,split_comparison,PaySim,random_matched,1,U,DBSCAN,0.005,0.005,Precision,0.1702713872434219,1272524,4254,
99c22a3ff7c2,split_comparison,PaySim,random_matched,1,U,DBSCAN,0.005,0.005,Recall,0.2905500705218617,1272524,4254,
99c22a3ff7c2,split_comparison,PaySim,random_matched,1,U,DBSCAN,0.005,0.005,F1,0.2147138017892816,1272524,4254,
99c22a3ff7c2,split_comparison,PaySim,random_matched,1,U,DBSCAN,0.005,0.005,TN,1262247.0,1272524,4254,
99c22a3ff7c2,split_comparison,PaySim,random_matched,1,U,DBSCAN,0.005,0.005,FP,6023.0,1272524,4254,
99c22a3ff7c2,split_comparison,PaySim,random_matched,1,U,DBSCAN,0.005,0.005,FN,3018.0,1272524,4254,
99c22a3ff7c2,split_comparison,PaySim,random_matched,1,U,DBSCAN,0.005,0.005,TP,1236.0,1272524,4254,
99c22a3ff7c2,split_comparison,PaySim,random_matched,1,U,DBSCAN,0.005,0.005,n_alerts,7259.0,1272524,4254,
99c22a3ff7c2,split_comparison,PaySim,random_matched,1,U,DBSCAN,0.005,0.005,alert_rate,0.0057044110759404,1272524,4254,
99c22a3ff7c2,split_comparison,PaySim,random_matched,1,U,DBSCAN,0.005,0.005,prevalence,0.0033429624902948,1272524,4254,
99c22a3ff7c2,split_comparison,PaySim,random_matched,1,U,DBSCAN,0.005,0.005,lift,50.934279920204105,1272524,4254,
99c22a3ff7c2,split_comparison,PaySim,random_matched,1,U,DBSCAN,0.005,0.005,tie_ratio,0.0033861810180546,1272524,4254,
99c22a3ff7c2,split_comparison,PaySim,random_matched,1,U,DBSCAN,0.005,0.005,fit_seconds,0.8728165626525879,1272524,4254,
99c22a3ff7c2,split_comparison,PaySim,random_matched,1,U,DBSCAN,0.005,0.005,score_seconds,150.16702437400818,1272524,4254,
37853bc6ba53,split_comparison,PaySim,random_matched,1,U,KMeans,0.005,0.005,PR_AUC,0.0372567659433268,1272524,4254,
37853bc6ba53,split_comparison,PaySim,random_matched,1,U,KMeans,0.005,0.005,ROC_AUC,0.8456739120015739,1272524,4254,
37853bc6ba53,split_comparison,PaySim,random_matched,1,U,KMeans,0.005,0.005,Precision,0.0916790490341753,1272524,4254,
37853bc6ba53,split_comparison,PaySim,random_matched,1,U,KMeans,0.005,0.005,Recall,0.1450399623883403,1272524,4254,
37853bc6ba53,split_comparison,PaySim,random_matched,1,U,KMeans,0.005,0.005,F1,0.1123452294246176,1272524,4254,
37853bc6ba53,split_comparison,PaySim,random_matched,1,U,KMeans,0.005,0.005,TN,1262157.0,1272524,4254,
37853bc6ba53,split_comparison,PaySim,random_matched,1,U,KMeans,0.005,0.005,FP,6113.0,1272524,4254,
37853bc6ba53,split_comparison,PaySim,random_matched,1,U,KMeans,0.005,0.005,FN,3637.0,1272524,4254,
37853bc6ba53,split_comparison,PaySim,random_matched,1,U,KMeans,0.005,0.005,TP,617.0,1272524,4254,
37853bc6ba53,split_comparison,PaySim,random_matched,1,U,KMeans,0.005,0.005,n_alerts,6730.0,1272524,4254,
37853bc6ba53,split_comparison,PaySim,random_matched,1,U,KMeans,0.005,0.005,alert_rate,0.0052887018240913,1272524,4254,
37853bc6ba53,split_comparison,PaySim,random_matched,1,U,KMeans,0.005,0.005,prevalence,0.0033429624902948,1272524,4254,
37853bc6ba53,split_comparison,PaySim,random_matched,1,U,KMeans,0.005,0.005,lift,27.42449228800304,1272524,4254,
37853bc6ba53,split_comparison,PaySim,random_matched,1,U,KMeans,0.005,0.005,tie_ratio,0.0349329089801772,1272524,4254,
37853bc6ba53,split_comparison,PaySim,random_matched,1,U,KMeans,0.005,0.005,fit_seconds,113.62676167488098,1272524,4254,
37853bc6ba53,split_comparison,PaySim,random_matched,1,U,KMeans,0.005,0.005,score_seconds,1.837754249572754,1272524,4254,
246a250a9eef,split_comparison,PaySim,random_matched,1,U,Ensemble,0.005,0.005,PR_AUC,0.128662603890915,1272524,4254,
246a250a9eef,split_comparison,PaySim,random_matched,1,U,Ensemble,0.005,0.005,ROC_AUC,0.913121047962788,1272524,4254,
246a250a9eef,split_comparison,PaySim,random_matched,1,U,Ensemble,0.005,0.005,Precision,0.1794941528419907,1272524,4254,
246a250a9eef,split_comparison,PaySim,random_matched,1,U,Ensemble,0.005,0.005,Recall,0.310296191819464,1272524,4254,
246a250a9eef,split_comparison,PaySim,random_matched,1,U,Ensemble,0.005,0.005,F1,0.2274293590627153,1272524,4254,
246a250a9eef,split_comparison,PaySim,random_matched,1,U,Ensemble,0.005,0.005,TN,1262236.0,1272524,4254,
246a250a9eef,split_comparison,PaySim,random_matched,1,U,Ensemble,0.005,0.005,FP,6034.0,1272524,4254,
246a250a9eef,split_comparison,PaySim,random_matched,1,U,Ensemble,0.005,0.005,FN,2934.0,1272524,4254,
246a250a9eef,split_comparison,PaySim,random_matched,1,U,Ensemble,0.005,0.005,TP,1320.0,1272524,4254,
246a250a9eef,split_comparison,PaySim,random_matched,1,U,Ensemble,0.005,0.005,n_alerts,7354.0,1272524,4254,
246a250a9eef,split_comparison,PaySim,random_matched,1,U,Ensemble,0.005,0.005,alert_rate,0.0057790658565182,1272524,4254,
246a250a9eef,split_comparison,PaySim,random_matched,1,U,Ensemble,0.005,0.005,prevalence,0.0033429624902948,1272524,4254,
246a250a9eef,split_comparison,PaySim,random_matched,1,U,Ensemble,0.005,0.005,lift,53.69313995089361,1272524,4254,
246a250a9eef,split_comparison,PaySim,random_matched,1,U,Ensemble,0.005,0.005,tie_ratio,0.0942716253118799,1272524,4254,
246a250a9eef,split_comparison,PaySim,random_matched,1,U,Ensemble,0.005,0.005,fit_seconds,0.0,1272524,4254,
246a250a9eef,split_comparison,PaySim,random_matched,1,U,Ensemble,0.005,0.005,score_seconds,0.0,1272524,4254,
adc917530a88,split_comparison,PaySim,random_matched,1,U,Ensemble,0.005,0.005,single_point_invariant,1.0,1272524,4254,invariance
e80f53f5871c,split_comparison,PaySim,random_matched,1,N,IsolationForest,0.005,0.005,PR_AUC,0.0170761570597092,1272524,4254,
e80f53f5871c,split_comparison,PaySim,random_matched,1,N,IsolationForest,0.005,0.005,ROC_AUC,0.8243015469072814,1272524,4254,
e80f53f5871c,split_comparison,PaySim,random_matched,1,N,IsolationForest,0.005,0.005,Precision,0.0270353777228487,1272524,4254,
e80f53f5871c,split_comparison,PaySim,random_matched,1,N,IsolationForest,0.005,0.005,Recall,0.041137752703338,1272524,4254,
e80f53f5871c,split_comparison,PaySim,random_matched,1,N,IsolationForest,0.005,0.005,F1,0.0326279481681737,1272524,4254,
e80f53f5871c,split_comparison,PaySim,random_matched,1,N,IsolationForest,0.005,0.005,TN,1261972.0,1272524,4254,
e80f53f5871c,split_comparison,PaySim,random_matched,1,N,IsolationForest,0.005,0.005,FP,6298.0,1272524,4254,
e80f53f5871c,split_comparison,PaySim,random_matched,1,N,IsolationForest,0.005,0.005,FN,4079.0,1272524,4254,
e80f53f5871c,split_comparison,PaySim,random_matched,1,N,IsolationForest,0.005,0.005,TP,175.0,1272524,4254,
e80f53f5871c,split_comparison,PaySim,random_matched,1,N,IsolationForest,0.005,0.005,n_alerts,6473.0,1272524,4254,
e80f53f5871c,split_comparison,PaySim,random_matched,1,N,IsolationForest,0.005,0.005,alert_rate,0.0050867409966334,1272524,4254,
e80f53f5871c,split_comparison,PaySim,random_matched,1,N,IsolationForest,0.005,0.005,prevalence,0.0033429624902948,1272524,4254,
e80f53f5871c,split_comparison,PaySim,random_matched,1,N,IsolationForest,0.005,0.005,lift,8.087251293227641,1272524,4254,
e80f53f5871c,split_comparison,PaySim,random_matched,1,N,IsolationForest,0.005,0.005,tie_ratio,0.21518084124084,1272524,4254,
e80f53f5871c,split_comparison,PaySim,random_matched,1,N,IsolationForest,0.005,0.005,fit_seconds,11.83954691886902,1272524,4254,
e80f53f5871c,split_comparison,PaySim,random_matched,1,N,IsolationForest,0.005,0.005,score_seconds,59.33153319358826,1272524,4254,
ae0a01257481,split_comparison,PaySim,random_matched,1,N,LOF,0.005,0.005,PR_AUC,0.2879228768982809,1272524,4254,
ae0a01257481,split_comparison,PaySim,random_matched,1,N,LOF,0.005,0.005,ROC_AUC,0.8905418295242339,1272524,4254,
ae0a01257481,split_comparison,PaySim,random_matched,1,N,LOF,0.005,0.005,Precision,0.2395575797007156,1272524,4254,
ae0a01257481,split_comparison,PaySim,random_matched,1,N,LOF,0.005,0.005,Recall,0.4327691584391161,1272524,4254,
ae0a01257481,split_comparison,PaySim,random_matched,1,N,LOF,0.005,0.005,F1,0.3084010386129491,1272524,4254,
ae0a01257481,split_comparison,PaySim,random_matched,1,N,LOF,0.005,0.005,TN,1262426.0,1272524,4254,
ae0a01257481,split_comparison,PaySim,random_matched,1,N,LOF,0.005,0.005,FP,5844.0,1272524,4254,
ae0a01257481,split_comparison,PaySim,random_matched,1,N,LOF,0.005,0.005,FN,2413.0,1272524,4254,
ae0a01257481,split_comparison,PaySim,random_matched,1,N,LOF,0.005,0.005,TP,1841.0,1272524,4254,
ae0a01257481,split_comparison,PaySim,random_matched,1,N,LOF,0.005,0.005,n_alerts,7685.0,1272524,4254,
ae0a01257481,split_comparison,PaySim,random_matched,1,N,LOF,0.005,0.005,alert_rate,0.0060391788288472,1272524,4254,
ae0a01257481,split_comparison,PaySim,random_matched,1,N,LOF,0.005,0.005,prevalence,0.0033429624902948,1272524,4254,
ae0a01257481,split_comparison,PaySim,random_matched,1,N,LOF,0.005,0.005,lift,71.66026552681559,1272524,4254,
ae0a01257481,split_comparison,PaySim,random_matched,1,N,LOF,0.005,0.005,tie_ratio,0.267778629103554,1272524,4254,
ae0a01257481,split_comparison,PaySim,random_matched,1,N,LOF,0.005,0.005,fit_seconds,1.8828325271606443,1272524,4254,
ae0a01257481,split_comparison,PaySim,random_matched,1,N,LOF,0.005,0.005,score_seconds,232.19624257087708,1272524,4254,
900ec9e99674,split_comparison,PaySim,random_matched,1,N,OneClassSVM,0.005,0.005,PR_AUC,0.1408982718146417,1272524,4254,
900ec9e99674,split_comparison,PaySim,random_matched,1,N,OneClassSVM,0.005,0.005,ROC_AUC,0.8160275058670539,1272524,4254,
900ec9e99674,split_comparison,PaySim,random_matched,1,N,OneClassSVM,0.005,0.005,Precision,0.193058568329718,1272524,4254,
900ec9e99674,split_comparison,PaySim,random_matched,1,N,OneClassSVM,0.005,0.005,Recall,0.3347437705688763,1272524,4254,
900ec9e99674,split_comparison,PaySim,random_matched,1,N,OneClassSVM,0.005,0.005,F1,0.244883920894239,1272524,4254,
900ec9e99674,split_comparison,PaySim,random_matched,1,N,OneClassSVM,0.005,0.005,TN,1262318.0,1272524,4254,
900ec9e99674,split_comparison,PaySim,random_matched,1,N,OneClassSVM,0.005,0.005,FP,5952.0,1272524,4254,
900ec9e99674,split_comparison,PaySim,random_matched,1,N,OneClassSVM,0.005,0.005,FN,2830.0,1272524,4254,
900ec9e99674,split_comparison,PaySim,random_matched,1,N,OneClassSVM,0.005,0.005,TP,1424.0,1272524,4254,
900ec9e99674,split_comparison,PaySim,random_matched,1,N,OneClassSVM,0.005,0.005,n_alerts,7376.0,1272524,4254,
900ec9e99674,split_comparison,PaySim,random_matched,1,N,OneClassSVM,0.005,0.005,alert_rate,0.0057963543320204,1272524,4254,
900ec9e99674,split_comparison,PaySim,random_matched,1,N,OneClassSVM,0.005,0.005,prevalence,0.0033429624902948,1272524,4254,
900ec9e99674,split_comparison,PaySim,random_matched,1,N,OneClassSVM,0.005,0.005,lift,57.7507432076178,1272524,4254,
900ec9e99674,split_comparison,PaySim,random_matched,1,N,OneClassSVM,0.005,0.005,tie_ratio,0.0001540244788903,1272524,4254,
900ec9e99674,split_comparison,PaySim,random_matched,1,N,OneClassSVM,0.005,0.005,fit_seconds,0.5068070888519287,1272524,4254,
900ec9e99674,split_comparison,PaySim,random_matched,1,N,OneClassSVM,0.005,0.005,score_seconds,85.80470442771912,1272524,4254,
622e571867e9,split_comparison,PaySim,random_matched,1,N,DBSCAN,0.005,0.005,PR_AUC,0.0172758450731518,1272524,4254,
622e571867e9,split_comparison,PaySim,random_matched,1,N,DBSCAN,0.005,0.005,ROC_AUC,0.8182466750970171,1272524,4254,
622e571867e9,split_comparison,PaySim,random_matched,1,N,DBSCAN,0.005,0.005,Precision,0.0565006075334143,1272524,4254,
622e571867e9,split_comparison,PaySim,random_matched,1,N,DBSCAN,0.005,0.005,Recall,0.0874471086036671,1272524,4254,
622e571867e9,split_comparison,PaySim,random_matched,1,N,DBSCAN,0.005,0.005,F1,0.0686473519099464,1272524,4254,
622e571867e9,split_comparison,PaySim,random_matched,1,N,DBSCAN,0.005,0.005,TN,1262058.0,1272524,4254,
622e571867e9,split_comparison,PaySim,random_matched,1,N,DBSCAN,0.005,0.005,FP,6212.0,1272524,4254,
622e571867e9,split_comparison,PaySim,random_matched,1,N,DBSCAN,0.005,0.005,FN,3882.0,1272524,4254,
622e571867e9,split_comparison,PaySim,random_matched,1,N,DBSCAN,0.005,0.005,TP,372.0,1272524,4254,
622e571867e9,split_comparison,PaySim,random_matched,1,N,DBSCAN,0.005,0.005,n_alerts,6584.0,1272524,4254,
622e571867e9,split_comparison,PaySim,random_matched,1,N,DBSCAN,0.005,0.005,alert_rate,0.0051739692139401,1272524,4254,
622e571867e9,split_comparison,PaySim,random_matched,1,N,DBSCAN,0.005,0.005,prevalence,0.0033429624902948,1272524,4254,
622e571867e9,split_comparison,PaySim,random_matched,1,N,DBSCAN,0.005,0.005,lift,16.901358509837927,1272524,4254,
622e571867e9,split_comparison,PaySim,random_matched,1,N,DBSCAN,0.005,0.005,tie_ratio,0.0731663425080056,1272524,4254,
622e571867e9,split_comparison,PaySim,random_matched,1,N,DBSCAN,0.005,0.005,fit_seconds,0.8696908950805664,1272524,4254,
622e571867e9,split_comparison,PaySim,random_matched,1,N,DBSCAN,0.005,0.005,score_seconds,0.1579706668853759,1272524,4254,
c81b7dda79ee,split_comparison,PaySim,random_matched,1,N,KMeans,0.005,0.005,PR_AUC,0.0373691280850189,1272524,4254,
c81b7dda79ee,split_comparison,PaySim,random_matched,1,N,KMeans,0.005,0.005,ROC_AUC,0.8459918547945635,1272524,4254,
c81b7dda79ee,split_comparison,PaySim,random_matched,1,N,KMeans,0.005,0.005,Precision,0.0919079435783222,1272524,4254,
c81b7dda79ee,split_comparison,PaySim,random_matched,1,N,KMeans,0.005,0.005,Recall,0.1455101081335214,1272524,4254,
c81b7dda79ee,split_comparison,PaySim,random_matched,1,N,KMeans,0.005,0.005,F1,0.1126581126581126,1272524,4254,
c81b7dda79ee,split_comparison,PaySim,random_matched,1,N,KMeans,0.005,0.005,TN,1262154.0,1272524,4254,
c81b7dda79ee,split_comparison,PaySim,random_matched,1,N,KMeans,0.005,0.005,FP,6116.0,1272524,4254,
c81b7dda79ee,split_comparison,PaySim,random_matched,1,N,KMeans,0.005,0.005,FN,3635.0,1272524,4254,
c81b7dda79ee,split_comparison,PaySim,random_matched,1,N,KMeans,0.005,0.005,TP,619.0,1272524,4254,
c81b7dda79ee,split_comparison,PaySim,random_matched,1,N,KMeans,0.005,0.005,n_alerts,6735.0,1272524,4254,
c81b7dda79ee,split_comparison,PaySim,random_matched,1,N,KMeans,0.005,0.005,alert_rate,0.0052926310230691,1272524,4254,
c81b7dda79ee,split_comparison,PaySim,random_matched,1,N,KMeans,0.005,0.005,prevalence,0.0033429624902948,1272524,4254,
c81b7dda79ee,split_comparison,PaySim,random_matched,1,N,KMeans,0.005,0.005,lift,27.492962857090003,1272524,4254,
c81b7dda79ee,split_comparison,PaySim,random_matched,1,N,KMeans,0.005,0.005,tie_ratio,0.0348040313549832,1272524,4254,
c81b7dda79ee,split_comparison,PaySim,random_matched,1,N,KMeans,0.005,0.005,fit_seconds,117.1940371990204,1272524,4254,
c81b7dda79ee,split_comparison,PaySim,random_matched,1,N,KMeans,0.005,0.005,score_seconds,1.4051027297973633,1272524,4254,
bcce9c1e6ad2,split_comparison,PaySim,random_matched,1,N,Ensemble,0.005,0.005,PR_AUC,0.0879140122695011,1272524,4254,
bcce9c1e6ad2,split_comparison,PaySim,random_matched,1,N,Ensemble,0.005,0.005,ROC_AUC,0.907576211740355,1272524,4254,
bcce9c1e6ad2,split_comparison,PaySim,random_matched,1,N,Ensemble,0.005,0.005,Precision,0.1399629048366386,1272524,4254,
bcce9c1e6ad2,split_comparison,PaySim,random_matched,1,N,Ensemble,0.005,0.005,Recall,0.2306064880112835,1272524,4254,
bcce9c1e6ad2,split_comparison,PaySim,random_matched,1,N,Ensemble,0.005,0.005,F1,0.1741987037201456,1272524,4254,
bcce9c1e6ad2,split_comparison,PaySim,random_matched,1,N,Ensemble,0.005,0.005,TN,1262242.0,1272524,4254,
bcce9c1e6ad2,split_comparison,PaySim,random_matched,1,N,Ensemble,0.005,0.005,FP,6028.0,1272524,4254,
bcce9c1e6ad2,split_comparison,PaySim,random_matched,1,N,Ensemble,0.005,0.005,FN,3273.0,1272524,4254,
bcce9c1e6ad2,split_comparison,PaySim,random_matched,1,N,Ensemble,0.005,0.005,TP,981.0,1272524,4254,
bcce9c1e6ad2,split_comparison,PaySim,random_matched,1,N,Ensemble,0.005,0.005,n_alerts,7009.0,1272524,4254,
bcce9c1e6ad2,split_comparison,PaySim,random_matched,1,N,Ensemble,0.005,0.005,alert_rate,0.0055079511270514,1272524,4254,
bcce9c1e6ad2,split_comparison,PaySim,random_matched,1,N,Ensemble,0.005,0.005,prevalence,0.0033429624902948,1272524,4254,
bcce9c1e6ad2,split_comparison,PaySim,random_matched,1,N,Ensemble,0.005,0.005,lift,41.86792560280647,1272524,4254,
bcce9c1e6ad2,split_comparison,PaySim,random_matched,1,N,Ensemble,0.005,0.005,tie_ratio,0.0964122512327851,1272524,4254,
bcce9c1e6ad2,split_comparison,PaySim,random_matched,1,N,Ensemble,0.005,0.005,fit_seconds,0.0,1272524,4254,
bcce9c1e6ad2,split_comparison,PaySim,random_matched,1,N,Ensemble,0.005,0.005,score_seconds,0.0,1272524,4254,
78e4f69242d5,split_comparison,PaySim,random_matched,1,N,Ensemble,0.005,0.005,single_point_invariant,1.0,1272524,4254,invariance
381b3101faf1,split_comparison,PaySim,random_matched,1,O,IsolationForest,0.005,0.0007777196547228,PR_AUC,0.022262147074096,1272524,4254,
381b3101faf1,split_comparison,PaySim,random_matched,1,O,IsolationForest,0.005,0.0007777196547228,ROC_AUC,0.8346416579690611,1272524,4254,
381b3101faf1,split_comparison,PaySim,random_matched,1,O,IsolationForest,0.005,0.0007777196547228,Precision,0.0370762711864406,1272524,4254,
381b3101faf1,split_comparison,PaySim,random_matched,1,O,IsolationForest,0.005,0.0007777196547228,Recall,0.0082275505406676,1272524,4254,
381b3101faf1,split_comparison,PaySim,random_matched,1,O,IsolationForest,0.005,0.0007777196547228,F1,0.0134667179684494,1272524,4254,
381b3101faf1,split_comparison,PaySim,random_matched,1,O,IsolationForest,0.005,0.0007777196547228,TN,1267361.0,1272524,4254,
381b3101faf1,split_comparison,PaySim,random_matched,1,O,IsolationForest,0.005,0.0007777196547228,FP,909.0,1272524,4254,
381b3101faf1,split_comparison,PaySim,random_matched,1,O,IsolationForest,0.005,0.0007777196547228,FN,4219.0,1272524,4254,
381b3101faf1,split_comparison,PaySim,random_matched,1,O,IsolationForest,0.005,0.0007777196547228,TP,35.0,1272524,4254,
381b3101faf1,split_comparison,PaySim,random_matched,1,O,IsolationForest,0.005,0.0007777196547228,n_alerts,944.0,1272524,4254,
381b3101faf1,split_comparison,PaySim,random_matched,1,O,IsolationForest,0.005,0.0007777196547228,alert_rate,0.0007418327670047,1272524,4254,
381b3101faf1,split_comparison,PaySim,random_matched,1,O,IsolationForest,0.005,0.0007777196547228,prevalence,0.0033429624902948,1272524,4254,
381b3101faf1,split_comparison,PaySim,random_matched,1,O,IsolationForest,0.005,0.0007777196547228,lift,11.090842716326806,1272524,4254,
381b3101faf1,split_comparison,PaySim,random_matched,1,O,IsolationForest,0.005,0.0007777196547228,tie_ratio,0.2202400738688827,1272524,4254,
381b3101faf1,split_comparison,PaySim,random_matched,1,O,IsolationForest,0.005,0.0007777196547228,fit_seconds,10.89633059501648,1272524,4254,
381b3101faf1,split_comparison,PaySim,random_matched,1,O,IsolationForest,0.005,0.0007777196547228,score_seconds,56.82403683662415,1272524,4254,
a0cec66fcccd,split_comparison,PaySim,random_matched,1,O,LOF,0.005,0.0007777196547228,PR_AUC,0.3029711198719674,1272524,4254,
a0cec66fcccd,split_comparison,PaySim,random_matched,1,O,LOF,0.005,0.0007777196547228,ROC_AUC,0.8937927788116494,1272524,4254,
a0cec66fcccd,split_comparison,PaySim,random_matched,1,O,LOF,0.005,0.0007777196547228,Precision,0.6034090909090909,1272524,4254,
a0cec66fcccd,split_comparison,PaySim,random_matched,1,O,LOF,0.005,0.0007777196547228,Recall,0.2496473906911142,1272524,4254,
a0cec66fcccd,split_comparison,PaySim,random_matched,1,O,LOF,0.005,0.0007777196547228,F1,0.3531759228466911,1272524,4254,
a0cec66fcccd,split_comparison,PaySim,random_matched,1,O,LOF,0.005,0.0007777196547228,TN,1267572.0,1272524,4254,
a0cec66fcccd,split_comparison,PaySim,random_matched,1,O,LOF,0.005,0.0007777196547228,FP,698.0,1272524,4254,
a0cec66fcccd,split_comparison,PaySim,random_matched,1,O,LOF,0.005,0.0007777196547228,FN,3192.0,1272524,4254,
a0cec66fcccd,split_comparison,PaySim,random_matched,1,O,LOF,0.005,0.0007777196547228,TP,1062.0,1272524,4254,
a0cec66fcccd,split_comparison,PaySim,random_matched,1,O,LOF,0.005,0.0007777196547228,n_alerts,1760.0,1272524,4254,
a0cec66fcccd,split_comparison,PaySim,random_matched,1,O,LOF,0.005,0.0007777196547228,alert_rate,0.0013830780401784,1272524,4254,
a0cec66fcccd,split_comparison,PaySim,random_matched,1,O,LOF,0.005,0.0007777196547228,prevalence,0.0033429624902948,1272524,4254,
a0cec66fcccd,split_comparison,PaySim,random_matched,1,O,LOF,0.005,0.0007777196547228,lift,180.5013046544429,1272524,4254,
a0cec66fcccd,split_comparison,PaySim,random_matched,1,O,LOF,0.005,0.0007777196547228,tie_ratio,0.2681126107542091,1272524,4254,
a0cec66fcccd,split_comparison,PaySim,random_matched,1,O,LOF,0.005,0.0007777196547228,fit_seconds,1.5507349967956543,1272524,4254,
a0cec66fcccd,split_comparison,PaySim,random_matched,1,O,LOF,0.005,0.0007777196547228,score_seconds,251.8703474998474,1272524,4254,
1babd9e7c746,split_comparison,PaySim,random_matched,1,O,OneClassSVM,0.005,0.0007777196547228,PR_AUC,0.1063417733445883,1272524,4254,
1babd9e7c746,split_comparison,PaySim,random_matched,1,O,OneClassSVM,0.005,0.0007777196547228,ROC_AUC,0.7688891348349653,1272524,4254,
1babd9e7c746,split_comparison,PaySim,random_matched,1,O,OneClassSVM,0.005,0.0007777196547228,Precision,0.3333333333333333,1272524,4254,
1babd9e7c746,split_comparison,PaySim,random_matched,1,O,OneClassSVM,0.005,0.0007777196547228,Recall,0.1036671368124118,1272524,4254,
1babd9e7c746,split_comparison,PaySim,random_matched,1,O,OneClassSVM,0.005,0.0007777196547228,F1,0.1581495427649273,1272524,4254,
1babd9e7c746,split_comparison,PaySim,random_matched,1,O,OneClassSVM,0.005,0.0007777196547228,TN,1267388.0,1272524,4254,
1babd9e7c746,split_comparison,PaySim,random_matched,1,O,OneClassSVM,0.005,0.0007777196547228,FP,882.0,1272524,4254,
1babd9e7c746,split_comparison,PaySim,random_matched,1,O,OneClassSVM,0.005,0.0007777196547228,FN,3813.0,1272524,4254,
1babd9e7c746,split_comparison,PaySim,random_matched,1,O,OneClassSVM,0.005,0.0007777196547228,TP,441.0,1272524,4254,
1babd9e7c746,split_comparison,PaySim,random_matched,1,O,OneClassSVM,0.005,0.0007777196547228,n_alerts,1323.0,1272524,4254,
1babd9e7c746,split_comparison,PaySim,random_matched,1,O,OneClassSVM,0.005,0.0007777196547228,alert_rate,0.0010396660495204,1272524,4254,
1babd9e7c746,split_comparison,PaySim,random_matched,1,O,OneClassSVM,0.005,0.0007777196547228,prevalence,0.0033429624902948,1272524,4254,
1babd9e7c746,split_comparison,PaySim,random_matched,1,O,OneClassSVM,0.005,0.0007777196547228,lift,99.71195737345244,1272524,4254,
1babd9e7c746,split_comparison,PaySim,random_matched,1,O,OneClassSVM,0.005,0.0007777196547228,tie_ratio,0.0001532386397123,1272524,4254,
1babd9e7c746,split_comparison,PaySim,random_matched,1,O,OneClassSVM,0.005,0.0007777196547228,fit_seconds,0.359278917312622,1272524,4254,
1babd9e7c746,split_comparison,PaySim,random_matched,1,O,OneClassSVM,0.005,0.0007777196547228,score_seconds,89.13698267936707,1272524,4254,
cf5e88567b04,split_comparison,PaySim,random_matched,1,O,DBSCAN,0.005,0.0007777196547228,PR_AUC,0.1094736330818034,1272524,4254,
cf5e88567b04,split_comparison,PaySim,random_matched,1,O,DBSCAN,0.005,0.0007777196547228,ROC_AUC,0.8855245508794377,1272524,4254,
cf5e88567b04,split_comparison,PaySim,random_matched,1,O,DBSCAN,0.005,0.0007777196547228,Precision,0.3216995447647951,1272524,4254,
cf5e88567b04,split_comparison,PaySim,random_matched,1,O,DBSCAN,0.005,0.0007777196547228,Recall,0.0996708979783733,1272524,4254,
cf5e88567b04,split_comparison,PaySim,random_matched,1,O,DBSCAN,0.005,0.0007777196547228,F1,0.1521895190236898,1272524,4254,
cf5e88567b04,split_comparison,PaySim,random_matched,1,O,DBSCAN,0.005,0.0007777196547228,TN,1267376.0,1272524,4254,
cf5e88567b04,split_comparison,PaySim,random_matched,1,O,DBSCAN,0.005,0.0007777196547228,FP,894.0,1272524,4254,
cf5e88567b04,split_comparison,PaySim,random_matched,1,O,DBSCAN,0.005,0.0007777196547228,FN,3830.0,1272524,4254,
cf5e88567b04,split_comparison,PaySim,random_matched,1,O,DBSCAN,0.005,0.0007777196547228,TP,424.0,1272524,4254,
cf5e88567b04,split_comparison,PaySim,random_matched,1,O,DBSCAN,0.005,0.0007777196547228,n_alerts,1318.0,1272524,4254,
cf5e88567b04,split_comparison,PaySim,random_matched,1,O,DBSCAN,0.005,0.0007777196547228,alert_rate,0.0010357368505427,1272524,4254,
cf5e88567b04,split_comparison,PaySim,random_matched,1,O,DBSCAN,0.005,0.0007777196547228,prevalence,0.0033429624902948,1272524,4254,
cf5e88567b04,split_comparison,PaySim,random_matched,1,O,DBSCAN,0.005,0.0007777196547228,lift,96.23187388393892,1272524,4254,
cf5e88567b04,split_comparison,PaySim,random_matched,1,O,DBSCAN,0.005,0.0007777196547228,tie_ratio,0.0033861810180546,1272524,4254,
cf5e88567b04,split_comparison,PaySim,random_matched,1,O,DBSCAN,0.005,0.0007777196547228,fit_seconds,1.0802514553070068,1272524,4254,
cf5e88567b04,split_comparison,PaySim,random_matched,1,O,DBSCAN,0.005,0.0007777196547228,score_seconds,147.97952914237976,1272524,4254,
a713151ce470,split_comparison,PaySim,random_matched,1,O,KMeans,0.005,0.0007777196547228,PR_AUC,0.0372567658026256,1272524,4254,
a713151ce470,split_comparison,PaySim,random_matched,1,O,KMeans,0.005,0.0007777196547228,ROC_AUC,0.8456739099627321,1272524,4254,
a713151ce470,split_comparison,PaySim,random_matched,1,O,KMeans,0.005,0.0007777196547228,Precision,0.1414141414141414,1272524,4254,
a713151ce470,split_comparison,PaySim,random_matched,1,O,KMeans,0.005,0.0007777196547228,Recall,0.0362012223789374,1272524,4254,
a713151ce470,split_comparison,PaySim,random_matched,1,O,KMeans,0.005,0.0007777196547228,F1,0.057645517499532,1272524,4254,
a713151ce470,split_comparison,PaySim,random_matched,1,O,KMeans,0.005,0.0007777196547228,TN,1267335.0,1272524,4254,
a713151ce470,split_comparison,PaySim,random_matched,1,O,KMeans,0.005,0.0007777196547228,FP,935.0,1272524,4254,
a713151ce470,split_comparison,PaySim,random_matched,1,O,KMeans,0.005,0.0007777196547228,FN,4100.0,1272524,4254,
a713151ce470,split_comparison,PaySim,random_matched,1,O,KMeans,0.005,0.0007777196547228,TP,154.0,1272524,4254,
a713151ce470,split_comparison,PaySim,random_matched,1,O,KMeans,0.005,0.0007777196547228,n_alerts,1089.0,1272524,4254,
a713151ce470,split_comparison,PaySim,random_matched,1,O,KMeans,0.005,0.0007777196547228,alert_rate,0.0008557795373603,1272524,4254,
a713151ce470,split_comparison,PaySim,random_matched,1,O,KMeans,0.005,0.0007777196547228,prevalence,0.0033429624902948,1272524,4254,
a713151ce470,split_comparison,PaySim,random_matched,1,O,KMeans,0.005,0.0007777196547228,lift,42.30204252207073,1272524,4254,
a713151ce470,split_comparison,PaySim,random_matched,1,O,KMeans,0.005,0.0007777196547228,tie_ratio,0.0348291782086795,1272524,4254,
a713151ce470,split_comparison,PaySim,random_matched,1,O,KMeans,0.005,0.0007777196547228,fit_seconds,104.13307571411131,1272524,4254,
a713151ce470,split_comparison,PaySim,random_matched,1,O,KMeans,0.005,0.0007777196547228,score_seconds,1.752796649932861,1272524,4254,
8a441ba30f3d,split_comparison,PaySim,random_matched,1,O,Ensemble,0.005,0.0007777196547228,PR_AUC,0.1275057929525541,1272524,4254,
8a441ba30f3d,split_comparison,PaySim,random_matched,1,O,Ensemble,0.005,0.0007777196547228,ROC_AUC,0.9115330427324252,1272524,4254,
8a441ba30f3d,split_comparison,PaySim,random_matched,1,O,Ensemble,0.005,0.0007777196547228,Precision,0.3531225905936777,1272524,4254,
8a441ba30f3d,split_comparison,PaySim,random_matched,1,O,Ensemble,0.005,0.0007777196547228,Recall,0.1076633756464504,1272524,4254,
8a441ba30f3d,split_comparison,PaySim,random_matched,1,O,Ensemble,0.005,0.0007777196547228,F1,0.1650153125562961,1272524,4254,
8a441ba30f3d,split_comparison,PaySim,random_matched,1,O,Ensemble,0.005,0.0007777196547228,TN,1267431.0,1272524,4254,
8a441ba30f3d,split_comparison,PaySim,random_matched,1,O,Ensemble,0.005,0.0007777196547228,FP,839.0,1272524,4254,
8a441ba30f3d,split_comparison,PaySim,random_matched,1,O,Ensemble,0.005,0.0007777196547228,FN,3796.0,1272524,4254,
8a441ba30f3d,split_comparison,PaySim,random_matched,1,O,Ensemble,0.005,0.0007777196547228,TP,458.0,1272524,4254,
8a441ba30f3d,split_comparison,PaySim,random_matched,1,O,Ensemble,0.005,0.0007777196547228,n_alerts,1297.0,1272524,4254,
8a441ba30f3d,split_comparison,PaySim,random_matched,1,O,Ensemble,0.005,0.0007777196547228,alert_rate,0.001019234214836,1272524,4254,
8a441ba30f3d,split_comparison,PaySim,random_matched,1,O,Ensemble,0.005,0.0007777196547228,prevalence,0.0033429624902948,1272524,4254,
8a441ba30f3d,split_comparison,PaySim,random_matched,1,O,Ensemble,0.005,0.0007777196547228,lift,105.63163410263968,1272524,4254,
8a441ba30f3d,split_comparison,PaySim,random_matched,1,O,Ensemble,0.005,0.0007777196547228,tie_ratio,0.0943981454195398,1272524,4254,
8a441ba30f3d,split_comparison,PaySim,random_matched,1,O,Ensemble,0.005,0.0007777196547228,fit_seconds,0.0,1272524,4254,
8a441ba30f3d,split_comparison,PaySim,random_matched,1,O,Ensemble,0.005,0.0007777196547228,score_seconds,0.0,1272524,4254,
c9bafb48f08f,split_comparison,PaySim,random_matched,1,O,Ensemble,0.005,0.0007777196547228,single_point_invariant,1.0,1272524,4254,invariance
3a557abd78a4,split_comparison,PaySim,random_matched,2,U,IsolationForest,0.005,0.005,PR_AUC,0.0186360895796649,1272524,4254,
3a557abd78a4,split_comparison,PaySim,random_matched,2,U,IsolationForest,0.005,0.005,ROC_AUC,0.8167421659894394,1272524,4254,
3a557abd78a4,split_comparison,PaySim,random_matched,2,U,IsolationForest,0.005,0.005,Precision,0.0352201257861635,1272524,4254,
3a557abd78a4,split_comparison,PaySim,random_matched,2,U,IsolationForest,0.005,0.005,Recall,0.0526563234602726,1272524,4254,
3a557abd78a4,split_comparison,PaySim,random_matched,2,U,IsolationForest,0.005,0.005,F1,0.0422084039947239,1272524,4254,
3a557abd78a4,split_comparison,PaySim,random_matched,2,U,IsolationForest,0.005,0.005,TN,1262134.0,1272524,4254,
3a557abd78a4,split_comparison,PaySim,random_matched,2,U,IsolationForest,0.005,0.005,FP,6136.0,1272524,4254,
3a557abd78a4,split_comparison,PaySim,random_matched,2,U,IsolationForest,0.005,0.005,FN,4030.0,1272524,4254,
3a557abd78a4,split_comparison,PaySim,random_matched,2,U,IsolationForest,0.005,0.005,TP,224.0,1272524,4254,
3a557abd78a4,split_comparison,PaySim,random_matched,2,U,IsolationForest,0.005,0.005,n_alerts,6360.0,1272524,4254,
3a557abd78a4,split_comparison,PaySim,random_matched,2,U,IsolationForest,0.005,0.005,alert_rate,0.0049979410997356,1272524,4254,
3a557abd78a4,split_comparison,PaySim,random_matched,2,U,IsolationForest,0.005,0.005,prevalence,0.0033429624902948,1272524,4254,
3a557abd78a4,split_comparison,PaySim,random_matched,2,U,IsolationForest,0.005,0.005,lift,10.53560304323271,1272524,4254,
3a557abd78a4,split_comparison,PaySim,random_matched,2,U,IsolationForest,0.005,0.005,tie_ratio,0.207144849806487,1272524,4254,
3a557abd78a4,split_comparison,PaySim,random_matched,2,U,IsolationForest,0.005,0.005,fit_seconds,10.885138273239136,1272524,4254,
3a557abd78a4,split_comparison,PaySim,random_matched,2,U,IsolationForest,0.005,0.005,score_seconds,56.88196897506714,1272524,4254,
f2edb95d6364,split_comparison,PaySim,random_matched,2,U,LOF,0.005,0.005,PR_AUC,0.291477590619389,1272524,4254,
f2edb95d6364,split_comparison,PaySim,random_matched,2,U,LOF,0.005,0.005,ROC_AUC,0.8793203896215862,1272524,4254,
f2edb95d6364,split_comparison,PaySim,random_matched,2,U,LOF,0.005,0.005,Precision,0.2454978813559322,1272524,4254,
f2edb95d6364,split_comparison,PaySim,random_matched,2,U,LOF,0.005,0.005,Recall,0.4358251057827926,1272524,4254,
f2edb95d6364,split_comparison,PaySim,random_matched,2,U,LOF,0.005,0.005,F1,0.3140775876672878,1272524,4254,
f2edb95d6364,split_comparison,PaySim,random_matched,2,U,LOF,0.005,0.005,TN,1262572.0,1272524,4254,
f2edb95d6364,split_comparison,PaySim,random_matched,2,U,LOF,0.005,0.005,FP,5698.0,1272524,4254,
f2edb95d6364,split_comparison,PaySim,random_matched,2,U,LOF,0.005,0.005,FN,2400.0,1272524,4254,
f2edb95d6364,split_comparison,PaySim,random_matched,2,U,LOF,0.005,0.005,TP,1854.0,1272524,4254,
f2edb95d6364,split_comparison,PaySim,random_matched,2,U,LOF,0.005,0.005,n_alerts,7552.0,1272524,4254,
f2edb95d6364,split_comparison,PaySim,random_matched,2,U,LOF,0.005,0.005,alert_rate,0.0059346621360382,1272524,4254,
f2edb95d6364,split_comparison,PaySim,random_matched,2,U,LOF,0.005,0.005,prevalence,0.0033429624902948,1272524,4254,
f2edb95d6364,split_comparison,PaySim,random_matched,2,U,LOF,0.005,0.005,lift,73.43722284310678,1272524,4254,
f2edb95d6364,split_comparison,PaySim,random_matched,2,U,LOF,0.005,0.005,tie_ratio,0.2653558869177422,1272524,4254,
f2edb95d6364,split_comparison,PaySim,random_matched,2,U,LOF,0.005,0.005,fit_seconds,2.5008909702301025,1272524,4254,
f2edb95d6364,split_comparison,PaySim,random_matched,2,U,LOF,0.005,0.005,score_seconds,283.755464553833,1272524,4254,
73936e52f092,split_comparison,PaySim,random_matched,2,U,OneClassSVM,0.005,0.005,PR_AUC,0.047799575356681,1272524,4254,
73936e52f092,split_comparison,PaySim,random_matched,2,U,OneClassSVM,0.005,0.005,ROC_AUC,0.6824962626458546,1272524,4254,
73936e52f092,split_comparison,PaySim,random_matched,2,U,OneClassSVM,0.005,0.005,Precision,0.1284063347125124,1272524,4254,
73936e52f092,split_comparison,PaySim,random_matched,2,U,OneClassSVM,0.005,0.005,Recall,0.2115655853314527,1272524,4254,
73936e52f092,split_comparison,PaySim,random_matched,2,U,OneClassSVM,0.005,0.005,F1,0.159815324513895,1272524,4254,
73936e52f092,split_comparison,PaySim,random_matched,2,U,OneClassSVM,0.005,0.005,TN,1262161.0,1272524,4254,
73936e52f092,split_comparison,PaySim,random_matched,2,U,OneClassSVM,0.005,0.005,FP,6109.0,1272524,4254,
73936e52f092,split_comparison,PaySim,random_matched,2,U,OneClassSVM,0.005,0.005,FN,3354.0,1272524,4254,
73936e52f092,split_comparison,PaySim,random_matched,2,U,OneClassSVM,0.005,0.005,TP,900.0,1272524,4254,
73936e52f092,split_comparison,PaySim,random_matched,2,U,OneClassSVM,0.005,0.005,n_alerts,7009.0,1272524,4254,
73936e52f092,split_comparison,PaySim,random_matched,2,U,OneClassSVM,0.005,0.005,alert_rate,0.0055079511270514,1272524,4254,
73936e52f092,split_comparison,PaySim,random_matched,2,U,OneClassSVM,0.005,0.005,prevalence,0.0033429624902948,1272524,4254,
73936e52f092,split_comparison,PaySim,random_matched,2,U,OneClassSVM,0.005,0.005,lift,38.41094092000593,1272524,4254,
73936e52f092,split_comparison,PaySim,random_matched,2,U,OneClassSVM,0.005,0.005,tie_ratio,0.0001194475550578,1272524,4254,
73936e52f092,split_comparison,PaySim,random_matched,2,U,OneClassSVM,0.005,0.005,fit_seconds,0.5184061527252197,1272524,4254,
73936e52f092,split_comparison,PaySim,random_matched,2,U,OneClassSVM,0.005,0.005,score_seconds,90.68648028373718,1272524,4254,
11b6ea4b9307,split_comparison,PaySim,random_matched,2,U,DBSCAN,0.005,0.005,PR_AUC,0.0161757074921002,1272524,4254,
11b6ea4b9307,split_comparison,PaySim,random_matched,2,U,DBSCAN,0.005,0.005,ROC_AUC,0.8175840994994129,1272524,4254,
11b6ea4b9307,split_comparison,PaySim,random_matched,2,U,DBSCAN,0.005,0.005,Precision,0.0512088902237573,1272524,4254,
11b6ea4b9307,split_comparison,PaySim,random_matched,2,U,DBSCAN,0.005,0.005,Recall,0.0801598495533615,1272524,4254,
11b6ea4b9307,split_comparison,PaySim,random_matched,2,U,DBSCAN,0.005,0.005,F1,0.0624942728855493,1272524,4254,
11b6ea4b9307,split_comparison,PaySim,random_matched,2,U,DBSCAN,0.005,0.005,TN,1261952.0,1272524,4254,
11b6ea4b9307,split_comparison,PaySim,random_matched,2,U,DBSCAN,0.005,0.005,FP,6318.0,1272524,4254,
11b6ea4b9307,split_comparison,PaySim,random_matched,2,U,DBSCAN,0.005,0.005,FN,3913.0,1272524,4254,
11b6ea4b9307,split_comparison,PaySim,random_matched,2,U,DBSCAN,0.005,0.005,TP,341.0,1272524,4254,
11b6ea4b9307,split_comparison,PaySim,random_matched,2,U,DBSCAN,0.005,0.005,n_alerts,6659.0,1272524,4254,
11b6ea4b9307,split_comparison,PaySim,random_matched,2,U,DBSCAN,0.005,0.005,alert_rate,0.0052329071986068,1272524,4254,
11b6ea4b9307,split_comparison,PaySim,random_matched,2,U,DBSCAN,0.005,0.005,prevalence,0.0033429624902948,1272524,4254,
11b6ea4b9307,split_comparison,PaySim,random_matched,2,U,DBSCAN,0.005,0.005,lift,15.318416037399285,1272524,4254,
11b6ea4b9307,split_comparison,PaySim,random_matched,2,U,DBSCAN,0.005,0.005,tie_ratio,0.0751238679004341,1272524,4254,
11b6ea4b9307,split_comparison,PaySim,random_matched,2,U,DBSCAN,0.005,0.005,fit_seconds,1.0835087299346924,1272524,4254,
11b6ea4b9307,split_comparison,PaySim,random_matched,2,U,DBSCAN,0.005,0.005,score_seconds,0.169163703918457,1272524,4254,
e8af2390a13c,split_comparison,PaySim,random_matched,2,U,KMeans,0.005,0.005,PR_AUC,0.0352701310983283,1272524,4254,
e8af2390a13c,split_comparison,PaySim,random_matched,2,U,KMeans,0.005,0.005,ROC_AUC,0.8467902332734651,1272524,4254,
e8af2390a13c,split_comparison,PaySim,random_matched,2,U,KMeans,0.005,0.005,Precision,0.087052911616908,1272524,4254,
e8af2390a13c,split_comparison,PaySim,random_matched,2,U,KMeans,0.005,0.005,Recall,0.1384579219558063,1272524,4254,
e8af2390a13c,split_comparison,PaySim,random_matched,2,U,KMeans,0.005,0.005,F1,0.1068965517241379,1272524,4254,
e8af2390a13c,split_comparison,PaySim,random_matched,2,U,KMeans,0.005,0.005,TN,1262093.0,1272524,4254,
e8af2390a13c,split_comparison,PaySim,random_matched,2,U,KMeans,0.005,0.005,FP,6177.0,1272524,4254,
e8af2390a13c,split_comparison,PaySim,random_matched,2,U,KMeans,0.005,0.005,FN,3665.0,1272524,4254,
e8af2390a13c,split_comparison,PaySim,random_matched,2,U,KMeans,0.005,0.005,TP,589.0,1272524,4254,
e8af2390a13c,split_comparison,PaySim,random_matched,2,U,KMeans,0.005,0.005,n_alerts,6766.0,1272524,4254,
e8af2390a13c,split_comparison,PaySim,random_matched,2,U,KMeans,0.005,0.005,alert_rate,0.0053169920567313,1272524,4254,
e8af2390a13c,split_comparison,PaySim,random_matched,2,U,KMeans,0.005,0.005,prevalence,0.0033429624902948,1272524,4254,
e8af2390a13c,split_comparison,PaySim,random_matched,2,U,KMeans,0.005,0.005,lift,26.040648637140176,1272524,4254,
e8af2390a13c,split_comparison,PaySim,random_matched,2,U,KMeans,0.005,0.005,tie_ratio,0.0354531345160212,1272524,4254,
e8af2390a13c,split_comparison,PaySim,random_matched,2,U,KMeans,0.005,0.005,fit_seconds,114.17800164222716,1272524,4254,
e8af2390a13c,split_comparison,PaySim,random_matched,2,U,KMeans,0.005,0.005,score_seconds,1.773918390274048,1272524,4254,
f6f3e1015b3b,split_comparison,PaySim,random_matched,2,U,Ensemble,0.005,0.005,PR_AUC,0.0712963251615837,1272524,4254,
f6f3e1015b3b,split_comparison,PaySim,random_matched,2,U,Ensemble,0.005,0.005,ROC_AUC,0.891089516862719,1272524,4254,
f6f3e1015b3b,split_comparison,PaySim,random_matched,2,U,Ensemble,0.005,0.005,Precision,0.1346537475064121,1272524,4254,
f6f3e1015b3b,split_comparison,PaySim,random_matched,2,U,Ensemble,0.005,0.005,Recall,0.2221438645980253,1272524,4254,
f6f3e1015b3b,split_comparison,PaySim,random_matched,2,U,Ensemble,0.005,0.005,F1,0.1676721078779276,1272524,4254,
f6f3e1015b3b,split_comparison,PaySim,random_matched,2,U,Ensemble,0.005,0.005,TN,1262197.0,1272524,4254,
f6f3e1015b3b,split_comparison,PaySim,random_matched,2,U,Ensemble,0.005,0.005,FP,6073.0,1272524,4254,
f6f3e1015b3b,split_comparison,PaySim,random_matched,2,U,Ensemble,0.005,0.005,FN,3309.0,1272524,4254,
f6f3e1015b3b,split_comparison,PaySim,random_matched,2,U,Ensemble,0.005,0.005,TP,945.0,1272524,4254,
f6f3e1015b3b,split_comparison,PaySim,random_matched,2,U,Ensemble,0.005,0.005,n_alerts,7018.0,1272524,4254,
f6f3e1015b3b,split_comparison,PaySim,random_matched,2,U,Ensemble,0.005,0.005,alert_rate,0.0055150236852114,1272524,4254,
f6f3e1015b3b,split_comparison,PaySim,random_matched,2,U,Ensemble,0.005,0.005,prevalence,0.0033429624902948,1272524,4254,
f6f3e1015b3b,split_comparison,PaySim,random_matched,2,U,Ensemble,0.005,0.005,lift,40.27976619460497,1272524,4254,
f6f3e1015b3b,split_comparison,PaySim,random_matched,2,U,Ensemble,0.005,0.005,tie_ratio,0.0960876996522661,1272524,4254,
f6f3e1015b3b,split_comparison,PaySim,random_matched,2,U,Ensemble,0.005,0.005,fit_seconds,0.0,1272524,4254,
f6f3e1015b3b,split_comparison,PaySim,random_matched,2,U,Ensemble,0.005,0.005,score_seconds,0.0,1272524,4254,
36b0837322e1,split_comparison,PaySim,random_matched,2,U,Ensemble,0.005,0.005,single_point_invariant,1.0,1272524,4254,invariance
65ca1391e06d,split_comparison,PaySim,random_matched,2,N,IsolationForest,0.005,0.005,PR_AUC,0.0167338229281233,1272524,4254,
65ca1391e06d,split_comparison,PaySim,random_matched,2,N,IsolationForest,0.005,0.005,ROC_AUC,0.8028991187233349,1272524,4254,
65ca1391e06d,split_comparison,PaySim,random_matched,2,N,IsolationForest,0.005,0.005,Precision,0.0335612181479179,1272524,4254,
65ca1391e06d,split_comparison,PaySim,random_matched,2,N,IsolationForest,0.005,0.005,Recall,0.0507757404795486,1272524,4254,
65ca1391e06d,split_comparison,PaySim,random_matched,2,N,IsolationForest,0.005,0.005,F1,0.0404115996258185,1272524,4254,
65ca1391e06d,split_comparison,PaySim,random_matched,2,N,IsolationForest,0.005,0.005,TN,1262050.0,1272524,4254,
65ca1391e06d,split_comparison,PaySim,random_matched,2,N,IsolationForest,0.005,0.005,FP,6220.0,1272524,4254,
65ca1391e06d,split_comparison,PaySim,random_matched,2,N,IsolationForest,0.005,0.005,FN,4038.0,1272524,4254,
65ca1391e06d,split_comparison,PaySim,random_matched,2,N,IsolationForest,0.005,0.005,TP,216.0,1272524,4254,
65ca1391e06d,split_comparison,PaySim,random_matched,2,N,IsolationForest,0.005,0.005,n_alerts,6436.0,1272524,4254,
65ca1391e06d,split_comparison,PaySim,random_matched,2,N,IsolationForest,0.005,0.005,alert_rate,0.0050576649241978,1272524,4254,
65ca1391e06d,split_comparison,PaySim,random_matched,2,N,IsolationForest,0.005,0.005,prevalence,0.0033429624902948,1272524,4254,
65ca1391e06d,split_comparison,PaySim,random_matched,2,N,IsolationForest,0.005,0.005,lift,10.039364260099,1272524,4254,
65ca1391e06d,split_comparison,PaySim,random_matched,2,N,IsolationForest,0.005,0.005,tie_ratio,0.2028203768098858,1272524,4254,
65ca1391e06d,split_comparison,PaySim,random_matched,2,N,IsolationForest,0.005,0.005,fit_seconds,10.52028751373291,1272524,4254,
65ca1391e06d,split_comparison,PaySim,random_matched,2,N,IsolationForest,0.005,0.005,score_seconds,57.88086795806885,1272524,4254,
80551522d4b3,split_comparison,PaySim,random_matched,2,N,LOF,0.005,0.005,PR_AUC,0.306873374417105,1272524,4254,
80551522d4b3,split_comparison,PaySim,random_matched,2,N,LOF,0.005,0.005,ROC_AUC,0.8986430445444364,1272524,4254,
80551522d4b3,split_comparison,PaySim,random_matched,2,N,LOF,0.005,0.005,Precision,0.2447706898791737,1272524,4254,
80551522d4b3,split_comparison,PaySim,random_matched,2,N,LOF,0.005,0.005,Recall,0.4428772919605077,1272524,4254,
80551522d4b3,split_comparison,PaySim,random_matched,2,N,LOF,0.005,0.005,F1,0.3152874236465567,1272524,4254,
80551522d4b3,split_comparison,PaySim,random_matched,2,N,LOF,0.005,0.005,TN,1262457.0,1272524,4254,
80551522d4b3,split_comparison,PaySim,random_matched,2,N,LOF,0.005,0.005,FP,5813.0,1272524,4254,
80551522d4b3,split_comparison,PaySim,random_matched,2,N,LOF,0.005,0.005,FN,2370.0,1272524,4254,
80551522d4b3,split_comparison,PaySim,random_matched,2,N,LOF,0.005,0.005,TP,1884.0,1272524,4254,
80551522d4b3,split_comparison,PaySim,random_matched,2,N,LOF,0.005,0.005,n_alerts,7697.0,1272524,4254,
80551522d4b3,split_comparison,PaySim,random_matched,2,N,LOF,0.005,0.005,alert_rate,0.0060486089063939,1272524,4254,
80551522d4b3,split_comparison,PaySim,random_matched,2,N,LOF,0.005,0.005,prevalence,0.0033429624902948,1272524,4254,
80551522d4b3,split_comparison,PaySim,random_matched,2,N,LOF,0.005,0.005,lift,73.21969378650813,1272524,4254,
80551522d4b3,split_comparison,PaySim,random_matched,2,N,LOF,0.005,0.005,tie_ratio,0.2687161352429225,1272524,4254,
80551522d4b3,split_comparison,PaySim,random_matched,2,N,LOF,0.005,0.005,fit_seconds,3.012616872787476,1272524,4254,
80551522d4b3,split_comparison,PaySim,random_matched,2,N,LOF,0.005,0.005,score_seconds,404.2614705562592,1272524,4254,
3f56bf83563f,split_comparison,PaySim,random_matched,2,N,OneClassSVM,0.005,0.005,PR_AUC,0.1447772559659337,1272524,4254,
3f56bf83563f,split_comparison,PaySim,random_matched,2,N,OneClassSVM,0.005,0.005,ROC_AUC,0.8304186468498382,1272524,4254,
3f56bf83563f,split_comparison,PaySim,random_matched,2,N,OneClassSVM,0.005,0.005,Precision,0.2125181950509461,1272524,4254,
3f56bf83563f,split_comparison,PaySim,random_matched,2,N,OneClassSVM,0.005,0.005,Recall,0.3775270333803479,1272524,4254,
3f56bf83563f,split_comparison,PaySim,random_matched,2,N,OneClassSVM,0.005,0.005,F1,0.2719498772330878,1272524,4254,
3f56bf83563f,split_comparison,PaySim,random_matched,2,N,OneClassSVM,0.005,0.005,TN,1262319.0,1272524,4254,
3f56bf83563f,split_comparison,PaySim,random_matched,2,N,OneClassSVM,0.005,0.005,FP,5951.0,1272524,4254,
3f56bf83563f,split_comparison,PaySim,random_matched,2,N,OneClassSVM,0.005,0.005,FN,2648.0,1272524,4254,
3f56bf83563f,split_comparison,PaySim,random_matched,2,N,OneClassSVM,0.005,0.005,TP,1606.0,1272524,4254,
3f56bf83563f,split_comparison,PaySim,random_matched,2,N,OneClassSVM,0.005,0.005,n_alerts,7557.0,1272524,4254,
3f56bf83563f,split_comparison,PaySim,random_matched,2,N,OneClassSVM,0.005,0.005,alert_rate,0.005938591335016,1272524,4254,
3f56bf83563f,split_comparison,PaySim,random_matched,2,N,OneClassSVM,0.005,0.005,prevalence,0.0033429624902948,1272524,4254,
3f56bf83563f,split_comparison,PaySim,random_matched,2,N,OneClassSVM,0.005,0.005,lift,63.57181561800897,1272524,4254,
3f56bf83563f,split_comparison,PaySim,random_matched,2,N,OneClassSVM,0.005,0.005,tie_ratio,0.0002137482564192,1272524,4254,
3f56bf83563f,split_comparison,PaySim,random_matched,2,N,OneClassSVM,0.005,0.005,fit_seconds,0.562767505645752,1272524,4254,
3f56bf83563f,split_comparison,PaySim,random_matched,2,N,OneClassSVM,0.005,0.005,score_seconds,89.04655361175537,1272524,4254,
eb53e0e75415,split_comparison,PaySim,random_matched,2,N,DBSCAN,0.005,0.005,PR_AUC,0.1358306440433002,1272524,4254,
eb53e0e75415,split_comparison,PaySim,random_matched,2,N,DBSCAN,0.005,0.005,ROC_AUC,0.8824058140733144,1272524,4254,
eb53e0e75415,split_comparison,PaySim,random_matched,2,N,DBSCAN,0.005,0.005,Precision,0.1922462030375699,1272524,4254,
eb53e0e75415,split_comparison,PaySim,random_matched,2,N,DBSCAN,0.005,0.005,Recall,0.3392101551480959,1272524,4254,
eb53e0e75415,split_comparison,PaySim,random_matched,2,N,DBSCAN,0.005,0.005,F1,0.2454081632653061,1272524,4254,
eb53e0e75415,split_comparison,PaySim,random_matched,2,N,DBSCAN,0.005,0.005,TN,1262207.0,1272524,4254,
eb53e0e75415,split_comparison,PaySim,random_matched,2,N,DBSCAN,0.005,0.005,FP,6063.0,1272524,4254,
eb53e0e75415,split_comparison,PaySim,random_matched,2,N,DBSCAN,0.005,0.005,FN,2811.0,1272524,4254,
eb53e0e75415,split_comparison,PaySim,random_matched,2,N,DBSCAN,0.005,0.005,TP,1443.0,1272524,4254,
eb53e0e75415,split_comparison,PaySim,random_matched,2,N,DBSCAN,0.005,0.005,n_alerts,7506.0,1272524,4254,
eb53e0e75415,split_comparison,PaySim,random_matched,2,N,DBSCAN,0.005,0.005,alert_rate,0.0058985135054427,1272524,4254,
eb53e0e75415,split_comparison,PaySim,random_matched,2,N,DBSCAN,0.005,0.005,prevalence,0.0033429624902948,1272524,4254,
eb53e0e75415,split_comparison,PaySim,random_matched,2,N,DBSCAN,0.005,0.005,lift,57.50773560747077,1272524,4254,
eb53e0e75415,split_comparison,PaySim,random_matched,2,N,DBSCAN,0.005,0.005,tie_ratio,0.0032832360857351,1272524,4254,
eb53e0e75415,split_comparison,PaySim,random_matched,2,N,DBSCAN,0.005,0.005,fit_seconds,1.1835520267486572,1272524,4254,
eb53e0e75415,split_comparison,PaySim,random_matched,2,N,DBSCAN,0.005,0.005,score_seconds,168.73590993881226,1272524,4254,
46e54b81b7d0,split_comparison,PaySim,random_matched,2,N,KMeans,0.005,0.005,PR_AUC,0.035390983471909,1272524,4254,
46e54b81b7d0,split_comparison,PaySim,random_matched,2,N,KMeans,0.005,0.005,ROC_AUC,0.8470352328022889,1272524,4254,
46e54b81b7d0,split_comparison,PaySim,random_matched,2,N,KMeans,0.005,0.005,Precision,0.0872968980797636,1272524,4254,
46e54b81b7d0,split_comparison,PaySim,random_matched,2,N,KMeans,0.005,0.005,Recall,0.1389280677009873,1272524,4254,
46e54b81b7d0,split_comparison,PaySim,random_matched,2,N,KMeans,0.005,0.005,F1,0.1072206095791001,1272524,4254,
46e54b81b7d0,split_comparison,PaySim,random_matched,2,N,KMeans,0.005,0.005,TN,1262091.0,1272524,4254,
46e54b81b7d0,split_comparison,PaySim,random_matched,2,N,KMeans,0.005,0.005,FP,6179.0,1272524,4254,
46e54b81b7d0,split_comparison,PaySim,random_matched,2,N,KMeans,0.005,0.005,FN,3663.0,1272524,4254,
46e54b81b7d0,split_comparison,PaySim,random_matched,2,N,KMeans,0.005,0.005,TP,591.0,1272524,4254,
46e54b81b7d0,split_comparison,PaySim,random_matched,2,N,KMeans,0.005,0.005,n_alerts,6770.0,1272524,4254,
46e54b81b7d0,split_comparison,PaySim,random_matched,2,N,KMeans,0.005,0.005,alert_rate,0.0053201354159135,1272524,4254,
46e54b81b7d0,split_comparison,PaySim,random_matched,2,N,KMeans,0.005,0.005,prevalence,0.0033429624902948,1272524,4254,
46e54b81b7d0,split_comparison,PaySim,random_matched,2,N,KMeans,0.005,0.005,lift,26.113633740492048,1272524,4254,
46e54b81b7d0,split_comparison,PaySim,random_matched,2,N,KMeans,0.005,0.005,tie_ratio,0.0353808373116442,1272524,4254,
46e54b81b7d0,split_comparison,PaySim,random_matched,2,N,KMeans,0.005,0.005,fit_seconds,112.06347036361694,1272524,4254,
46e54b81b7d0,split_comparison,PaySim,random_matched,2,N,KMeans,0.005,0.005,score_seconds,1.445584774017334,1272524,4254,
d309df091b2c,split_comparison,PaySim,random_matched,2,N,Ensemble,0.005,0.005,PR_AUC,0.1290428697810737,1272524,4254,
d309df091b2c,split_comparison,PaySim,random_matched,2,N,Ensemble,0.005,0.005,ROC_AUC,0.9138262564790262,1272524,4254,
d309df091b2c,split_comparison,PaySim,random_matched,2,N,Ensemble,0.005,0.005,Precision,0.1735997824904839,1272524,4254,
d309df091b2c,split_comparison,PaySim,random_matched,2,N,Ensemble,0.005,0.005,Recall,0.3001880582980724,1272524,4254,
d309df091b2c,split_comparison,PaySim,random_matched,2,N,Ensemble,0.005,0.005,F1,0.2199827734711455,1272524,4254,
d309df091b2c,split_comparison,PaySim,random_matched,2,N,Ensemble,0.005,0.005,TN,1262191.0,1272524,4254,
d309df091b2c,split_comparison,PaySim,random_matched,2,N,Ensemble,0.005,0.005,FP,6079.0,1272524,4254,
d309df091b2c,split_comparison,PaySim,random_matched,2,N,Ensemble,0.005,0.005,FN,2977.0,1272524,4254,
d309df091b2c,split_comparison,PaySim,random_matched,2,N,Ensemble,0.005,0.005,TP,1277.0,1272524,4254,
d309df091b2c,split_comparison,PaySim,random_matched,2,N,Ensemble,0.005,0.005,n_alerts,7356.0,1272524,4254,
d309df091b2c,split_comparison,PaySim,random_matched,2,N,Ensemble,0.005,0.005,alert_rate,0.0057806375361093,1272524,4254,
d309df091b2c,split_comparison,PaySim,random_matched,2,N,Ensemble,0.005,0.005,prevalence,0.0033429624902948,1272524,4254,
d309df091b2c,split_comparison,PaySim,random_matched,2,N,Ensemble,0.005,0.005,lift,51.92992233519526,1272524,4254,
d309df091b2c,split_comparison,PaySim,random_matched,2,N,Ensemble,0.005,0.005,tie_ratio,0.0950181725309915,1272524,4254,
d309df091b2c,split_comparison,PaySim,random_matched,2,N,Ensemble,0.005,0.005,fit_seconds,0.0,1272524,4254,
d309df091b2c,split_comparison,PaySim,random_matched,2,N,Ensemble,0.005,0.005,score_seconds,0.0,1272524,4254,
eb0064784602,split_comparison,PaySim,random_matched,2,N,Ensemble,0.005,0.005,single_point_invariant,1.0,1272524,4254,invariance
ba4cb02f3b0e,split_comparison,PaySim,random_matched,2,O,IsolationForest,0.005,0.0007777196547228,PR_AUC,0.0186360895796649,1272524,4254,
ba4cb02f3b0e,split_comparison,PaySim,random_matched,2,O,IsolationForest,0.005,0.0007777196547228,ROC_AUC,0.8167421659894394,1272524,4254,
ba4cb02f3b0e,split_comparison,PaySim,random_matched,2,O,IsolationForest,0.005,0.0007777196547228,Precision,0.0199203187250996,1272524,4254,
ba4cb02f3b0e,split_comparison,PaySim,random_matched,2,O,IsolationForest,0.005,0.0007777196547228,Recall,0.00470145745181,1272524,4254,
ba4cb02f3b0e,split_comparison,PaySim,random_matched,2,O,IsolationForest,0.005,0.0007777196547228,F1,0.0076074553062,1272524,4254,
ba4cb02f3b0e,split_comparison,PaySim,random_matched,2,O,IsolationForest,0.005,0.0007777196547228,TN,1267286.0,1272524,4254,
ba4cb02f3b0e,split_comparison,PaySim,random_matched,2,O,IsolationForest,0.005,0.0007777196547228,FP,984.0,1272524,4254,
ba4cb02f3b0e,split_comparison,PaySim,random_matched,2,O,IsolationForest,0.005,0.0007777196547228,FN,4234.0,1272524,4254,
ba4cb02f3b0e,split_comparison,PaySim,random_matched,2,O,IsolationForest,0.005,0.0007777196547228,TP,20.0,1272524,4254,
ba4cb02f3b0e,split_comparison,PaySim,random_matched,2,O,IsolationForest,0.005,0.0007777196547228,n_alerts,1004.0,1272524,4254,
ba4cb02f3b0e,split_comparison,PaySim,random_matched,2,O,IsolationForest,0.005,0.0007777196547228,alert_rate,0.0007889831547381,1272524,4254,
ba4cb02f3b0e,split_comparison,PaySim,random_matched,2,O,IsolationForest,0.005,0.0007777196547228,prevalence,0.0033429624902948,1272524,4254,
ba4cb02f3b0e,split_comparison,PaySim,random_matched,2,O,IsolationForest,0.005,0.0007777196547228,lift,5.9588819147481535,1272524,4254,
ba4cb02f3b0e,split_comparison,PaySim,random_matched,2,O,IsolationForest,0.005,0.0007777196547228,tie_ratio,0.207144849806487,1272524,4254,
ba4cb02f3b0e,split_comparison,PaySim,random_matched,2,O,IsolationForest,0.005,0.0007777196547228,fit_seconds,10.86194896697998,1272524,4254,
ba4cb02f3b0e,split_comparison,PaySim,random_matched,2,O,IsolationForest,0.005,0.0007777196547228,score_seconds,57.63066911697388,1272524,4254,
4f2a761d36c2,split_comparison,PaySim,random_matched,2,O,LOF,0.005,0.0007777196547228,PR_AUC,0.291477590619389,1272524,4254,
4f2a761d36c2,split_comparison,PaySim,random_matched,2,O,LOF,0.005,0.0007777196547228,ROC_AUC,0.8793203896215862,1272524,4254,
4f2a761d36c2,split_comparison,PaySim,random_matched,2,O,LOF,0.005,0.0007777196547228,Precision,0.6185226019845645,1272524,4254,
4f2a761d36c2,split_comparison,PaySim,random_matched,2,O,LOF,0.005,0.0007777196547228,Recall,0.2637517630465444,1272524,4254,
4f2a761d36c2,split_comparison,PaySim,random_matched,2,O,LOF,0.005,0.0007777196547228,F1,0.3698088332234673,1272524,4254,
4f2a761d36c2,split_comparison,PaySim,random_matched,2,O,LOF,0.005,0.0007777196547228,TN,1267578.0,1272524,4254,
4f2a761d36c2,split_comparison,PaySim,random_matched,2,O,LOF,0.005,0.0007777196547228,FP,692.0,1272524,4254,
4f2a761d36c2,split_comparison,PaySim,random_matched,2,O,LOF,0.005,0.0007777196547228,FN,3132.0,1272524,4254,
4f2a761d36c2,split_comparison,PaySim,random_matched,2,O,LOF,0.005,0.0007777196547228,TP,1122.0,1272524,4254,
4f2a761d36c2,split_comparison,PaySim,random_matched,2,O,LOF,0.005,0.0007777196547228,n_alerts,1814.0,1272524,4254,
4f2a761d36c2,split_comparison,PaySim,random_matched,2,O,LOF,0.005,0.0007777196547228,alert_rate,0.0014255133891384,1272524,4254,
4f2a761d36c2,split_comparison,PaySim,random_matched,2,O,LOF,0.005,0.0007777196547228,prevalence,0.0033429624902948,1272524,4254,
4f2a761d36c2,split_comparison,PaySim,random_matched,2,O,LOF,0.005,0.0007777196547228,lift,185.02229797080537,1272524,4254,
4f2a761d36c2,split_comparison,PaySim,random_matched,2,O,LOF,0.005,0.0007777196547228,tie_ratio,0.2653558869177422,1272524,4254,
4f2a761d36c2,split_comparison,PaySim,random_matched,2,O,LOF,0.005,0.0007777196547228,fit_seconds,2.07079815864563,1272524,4254,
4f2a761d36c2,split_comparison,PaySim,random_matched,2,O,LOF,0.005,0.0007777196547228,score_seconds,351.41925168037415,1272524,4254,
e8018246eee2,split_comparison,PaySim,random_matched,2,O,OneClassSVM,0.005,0.0007777196547228,PR_AUC,0.0415849024808594,1272524,4254,
e8018246eee2,split_comparison,PaySim,random_matched,2,O,OneClassSVM,0.005,0.0007777196547228,ROC_AUC,0.6904193870790728,1272524,4254,
e8018246eee2,split_comparison,PaySim,random_matched,2,O,OneClassSVM,0.005,0.0007777196547228,Precision,0.1896995708154506,1272524,4254,
e8018246eee2,split_comparison,PaySim,random_matched,2,O,OneClassSVM,0.005,0.0007777196547228,Recall,0.0519511048425011,1272524,4254,
e8018246eee2,split_comparison,PaySim,random_matched,2,O,OneClassSVM,0.005,0.0007777196547228,F1,0.0815648643661192,1272524,4254,
e8018246eee2,split_comparison,PaySim,random_matched,2,O,OneClassSVM,0.005,0.0007777196547228,TN,1267326.0,1272524,4254,
e8018246eee2,split_comparison,PaySim,random_matched,2,O,OneClassSVM,0.005,0.0007777196547228,FP,944.0,1272524,4254,
e8018246eee2,split_comparison,PaySim,random_matched,2,O,OneClassSVM,0.005,0.0007777196547228,FN,4033.0,1272524,4254,
e8018246eee2,split_comparison,PaySim,random_matched,2,O,OneClassSVM,0.005,0.0007777196547228,TP,221.0,1272524,4254,
e8018246eee2,split_comparison,PaySim,random_matched,2,O,OneClassSVM,0.005,0.0007777196547228,n_alerts,1165.0,1272524,4254,
e8018246eee2,split_comparison,PaySim,random_matched,2,O,OneClassSVM,0.005,0.0007777196547228,alert_rate,0.0009155033618226,1272524,4254,
e8018246eee2,split_comparison,PaySim,random_matched,2,O,OneClassSVM,0.005,0.0007777196547228,prevalence,0.0033429624902948,1272524,4254,
e8018246eee2,split_comparison,PaySim,random_matched,2,O,OneClassSVM,0.005,0.0007777196547228,lift,56.74594655673731,1272524,4254,
e8018246eee2,split_comparison,PaySim,random_matched,2,O,OneClassSVM,0.005,0.0007777196547228,tie_ratio,0.0001178758767018,1272524,4254,
e8018246eee2,split_comparison,PaySim,random_matched,2,O,OneClassSVM,0.005,0.0007777196547228,fit_seconds,0.3178296089172363,1272524,4254,
e8018246eee2,split_comparison,PaySim,random_matched,2,O,OneClassSVM,0.005,0.0007777196547228,score_seconds,77.78743100166321,1272524,4254,
f4a1a78dc6b1,split_comparison,PaySim,random_matched,2,O,DBSCAN,0.005,0.0007777196547228,PR_AUC,0.0161757074921002,1272524,4254,
f4a1a78dc6b1,split_comparison,PaySim,random_matched,2,O,DBSCAN,0.005,0.0007777196547228,ROC_AUC,0.8175840994994129,1272524,4254,
f4a1a78dc6b1,split_comparison,PaySim,random_matched,2,O,DBSCAN,0.005,0.0007777196547228,Precision,0.0214592274678111,1272524,4254,
f4a1a78dc6b1,split_comparison,PaySim,random_matched,2,O,DBSCAN,0.005,0.0007777196547228,Recall,0.00470145745181,1272524,4254,
f4a1a78dc6b1,split_comparison,PaySim,random_matched,2,O,DBSCAN,0.005,0.0007777196547228,F1,0.0077130736598534,1272524,4254,
f4a1a78dc6b1,split_comparison,PaySim,random_matched,2,O,DBSCAN,0.005,0.0007777196547228,TN,1267358.0,1272524,4254,
f4a1a78dc6b1,split_comparison,PaySim,random_matched,2,O,DBSCAN,0.005,0.0007777196547228,FP,912.0,1272524,4254,
f4a1a78dc6b1,split_comparison,PaySim,random_matched,2,O,DBSCAN,0.005,0.0007777196547228,FN,4234.0,1272524,4254,
f4a1a78dc6b1,split_comparison,PaySim,random_matched,2,O,DBSCAN,0.005,0.0007777196547228,TP,20.0,1272524,4254,
f4a1a78dc6b1,split_comparison,PaySim,random_matched,2,O,DBSCAN,0.005,0.0007777196547228,n_alerts,932.0,1272524,4254,
f4a1a78dc6b1,split_comparison,PaySim,random_matched,2,O,DBSCAN,0.005,0.0007777196547228,alert_rate,0.0007324026894581,1272524,4254,
f4a1a78dc6b1,split_comparison,PaySim,random_matched,2,O,DBSCAN,0.005,0.0007777196547228,prevalence,0.0033429624902948,1272524,4254,
f4a1a78dc6b1,split_comparison,PaySim,random_matched,2,O,DBSCAN,0.005,0.0007777196547228,lift,6.4192247236128175,1272524,4254,
f4a1a78dc6b1,split_comparison,PaySim,random_matched,2,O,DBSCAN,0.005,0.0007777196547228,tie_ratio,0.0751238679004341,1272524,4254,
f4a1a78dc6b1,split_comparison,PaySim,random_matched,2,O,DBSCAN,0.005,0.0007777196547228,fit_seconds,1.532803297042847,1272524,4254,
f4a1a78dc6b1,split_comparison,PaySim,random_matched,2,O,DBSCAN,0.005,0.0007777196547228,score_seconds,0.1809704303741455,1272524,4254,
a982d0485c88,split_comparison,PaySim,random_matched,2,O,KMeans,0.005,0.0007777196547228,PR_AUC,0.0352701320323992,1272524,4254,
a982d0485c88,split_comparison,PaySim,random_matched,2,O,KMeans,0.005,0.0007777196547228,ROC_AUC,0.8467902304005521,1272524,4254,
a982d0485c88,split_comparison,PaySim,random_matched,2,O,KMeans,0.005,0.0007777196547228,Precision,0.1352140077821011,1272524,4254,
a982d0485c88,split_comparison,PaySim,random_matched,2,O,KMeans,0.005,0.0007777196547228,Recall,0.0326751292900799,1272524,4254,
a982d0485c88,split_comparison,PaySim,random_matched,2,O,KMeans,0.005,0.0007777196547228,F1,0.0526315789473684,1272524,4254,
a982d0485c88,split_comparison,PaySim,random_matched,2,O,KMeans,0.005,0.0007777196547228,TN,1267381.0,1272524,4254,
a982d0485c88,split_comparison,PaySim,random_matched,2,O,KMeans,0.005,0.0007777196547228,FP,889.0,1272524,4254,
a982d0485c88,split_comparison,PaySim,random_matched,2,O,KMeans,0.005,0.0007777196547228,FN,4115.0,1272524,4254,
a982d0485c88,split_comparison,PaySim,random_matched,2,O,KMeans,0.005,0.0007777196547228,TP,139.0,1272524,4254,
a982d0485c88,split_comparison,PaySim,random_matched,2,O,KMeans,0.005,0.0007777196547228,n_alerts,1028.0,1272524,4254,
a982d0485c88,split_comparison,PaySim,random_matched,2,O,KMeans,0.005,0.0007777196547228,alert_rate,0.0008078433098314,1272524,4254,
a982d0485c88,split_comparison,PaySim,random_matched,2,O,KMeans,0.005,0.0007777196547228,prevalence,0.0033429624902948,1272524,4254,
a982d0485c88,split_comparison,PaySim,random_matched,2,O,KMeans,0.005,0.0007777196547228,lift,40.44736014078761,1272524,4254,
a982d0485c88,split_comparison,PaySim,random_matched,2,O,KMeans,0.005,0.0007777196547228,tie_ratio,0.0353501895837017,1272524,4254,
a982d0485c88,split_comparison,PaySim,random_matched,2,O,KMeans,0.005,0.0007777196547228,fit_seconds,103.32585763931274,1272524,4254,
a982d0485c88,split_comparison,PaySim,random_matched,2,O,KMeans,0.005,0.0007777196547228,score_seconds,1.7640063762664795,1272524,4254,
fbeb3278bdf9,split_comparison,PaySim,random_matched,2,O,Ensemble,0.005,0.0007777196547228,PR_AUC,0.0689663632354439,1272524,4254,
fbeb3278bdf9,split_comparison,PaySim,random_matched,2,O,Ensemble,0.005,0.0007777196547228,ROC_AUC,0.8922510101523967,1272524,4254,
fbeb3278bdf9,split_comparison,PaySim,random_matched,2,O,Ensemble,0.005,0.0007777196547228,Precision,0.2338352524357838,1272524,4254,
fbeb3278bdf9,split_comparison,PaySim,random_matched,2,O,Ensemble,0.005,0.0007777196547228,Recall,0.0620592383638928,1272524,4254,
fbeb3278bdf9,split_comparison,PaySim,random_matched,2,O,Ensemble,0.005,0.0007777196547228,F1,0.0980865688277912,1272524,4254,
fbeb3278bdf9,split_comparison,PaySim,random_matched,2,O,Ensemble,0.005,0.0007777196547228,TN,1267405.0,1272524,4254,
fbeb3278bdf9,split_comparison,PaySim,random_matched,2,O,Ensemble,0.005,0.0007777196547228,FP,865.0,1272524,4254,
fbeb3278bdf9,split_comparison,PaySim,random_matched,2,O,Ensemble,0.005,0.0007777196547228,FN,3990.0,1272524,4254,
fbeb3278bdf9,split_comparison,PaySim,random_matched,2,O,Ensemble,0.005,0.0007777196547228,TP,264.0,1272524,4254,
fbeb3278bdf9,split_comparison,PaySim,random_matched,2,O,Ensemble,0.005,0.0007777196547228,n_alerts,1129.0,1272524,4254,
fbeb3278bdf9,split_comparison,PaySim,random_matched,2,O,Ensemble,0.005,0.0007777196547228,alert_rate,0.0008872131291826,1272524,4254,
fbeb3278bdf9,split_comparison,PaySim,random_matched,2,O,Ensemble,0.005,0.0007777196547228,prevalence,0.0033429624902948,1272524,4254,
fbeb3278bdf9,split_comparison,PaySim,random_matched,2,O,Ensemble,0.005,0.0007777196547228,lift,69.94851216986211,1272524,4254,
fbeb3278bdf9,split_comparison,PaySim,random_matched,2,O,Ensemble,0.005,0.0007777196547228,tie_ratio,0.0952924304041178,1272524,4254,
fbeb3278bdf9,split_comparison,PaySim,random_matched,2,O,Ensemble,0.005,0.0007777196547228,fit_seconds,0.0,1272524,4254,
fbeb3278bdf9,split_comparison,PaySim,random_matched,2,O,Ensemble,0.005,0.0007777196547228,score_seconds,0.0,1272524,4254,
7cc27a4ac0a0,split_comparison,PaySim,random_matched,2,O,Ensemble,0.005,0.0007777196547228,single_point_invariant,1.0,1272524,4254,invariance
47a5701bd6bf,rho_sweep,ULB,chronological,0,U,IsolationForest,0.001,0.001,PR_AUC,0.054562789355073,56962,75,
47a5701bd6bf,rho_sweep,ULB,chronological,0,U,IsolationForest,0.001,0.001,ROC_AUC,0.9484357879070204,56962,75,
47a5701bd6bf,rho_sweep,ULB,chronological,0,U,IsolationForest,0.001,0.001,Precision,0.0,56962,75,
47a5701bd6bf,rho_sweep,ULB,chronological,0,U,IsolationForest,0.001,0.001,Recall,0.0,56962,75,
47a5701bd6bf,rho_sweep,ULB,chronological,0,U,IsolationForest,0.001,0.001,F1,0.0,56962,75,
47a5701bd6bf,rho_sweep,ULB,chronological,0,U,IsolationForest,0.001,0.001,TN,56841.0,56962,75,
47a5701bd6bf,rho_sweep,ULB,chronological,0,U,IsolationForest,0.001,0.001,FP,46.0,56962,75,
47a5701bd6bf,rho_sweep,ULB,chronological,0,U,IsolationForest,0.001,0.001,FN,75.0,56962,75,
47a5701bd6bf,rho_sweep,ULB,chronological,0,U,IsolationForest,0.001,0.001,TP,0.0,56962,75,
47a5701bd6bf,rho_sweep,ULB,chronological,0,U,IsolationForest,0.001,0.001,n_alerts,46.0,56962,75,
47a5701bd6bf,rho_sweep,ULB,chronological,0,U,IsolationForest,0.001,0.001,alert_rate,0.0008075559144692,56962,75,
47a5701bd6bf,rho_sweep,ULB,chronological,0,U,IsolationForest,0.001,0.001,prevalence,0.0013166672518521,56962,75,
47a5701bd6bf,rho_sweep,ULB,chronological,0,U,IsolationForest,0.001,0.001,lift,0.0,56962,75,
47a5701bd6bf,rho_sweep,ULB,chronological,0,U,IsolationForest,0.001,0.001,tie_ratio,0.0196274644054703,56962,75,
47a5701bd6bf,rho_sweep,ULB,chronological,0,U,IsolationForest,0.001,0.001,fit_seconds,1.4199533462524414,56962,75,
47a5701bd6bf,rho_sweep,ULB,chronological,0,U,IsolationForest,0.001,0.001,score_seconds,2.5683884620666504,56962,75,
2693040e6dac,rho_sweep,ULB,chronological,0,U,LOF,0.001,0.001,PR_AUC,0.0762793993340145,56962,75,
2693040e6dac,rho_sweep,ULB,chronological,0,U,LOF,0.001,0.001,ROC_AUC,0.8178164900006446,56962,75,
2693040e6dac,rho_sweep,ULB,chronological,0,U,LOF,0.001,0.001,Precision,0.1780821917808219,56962,75,
2693040e6dac,rho_sweep,ULB,chronological,0,U,LOF,0.001,0.001,Recall,0.1733333333333333,56962,75,
2693040e6dac,rho_sweep,ULB,chronological,0,U,LOF,0.001,0.001,F1,0.1756756756756756,56962,75,
2693040e6dac,rho_sweep,ULB,chronological,0,U,LOF,0.001,0.001,TN,56827.0,56962,75,
2693040e6dac,rho_sweep,ULB,chronological,0,U,LOF,0.001,0.001,FP,60.0,56962,75,
2693040e6dac,rho_sweep,ULB,chronological,0,U,LOF,0.001,0.001,FN,62.0,56962,75,
2693040e6dac,rho_sweep,ULB,chronological,0,U,LOF,0.001,0.001,TP,13.0,56962,75,
2693040e6dac,rho_sweep,ULB,chronological,0,U,LOF,0.001,0.001,n_alerts,73.0,56962,75,
2693040e6dac,rho_sweep,ULB,chronological,0,U,LOF,0.001,0.001,alert_rate,0.001281556125136,56962,75,
2693040e6dac,rho_sweep,ULB,chronological,0,U,LOF,0.001,0.001,prevalence,0.0013166672518521,56962,75,
2693040e6dac,rho_sweep,ULB,chronological,0,U,LOF,0.001,0.001,lift,135.25223744292236,56962,75,
2693040e6dac,rho_sweep,ULB,chronological,0,U,LOF,0.001,0.001,tie_ratio,0.0202243640385526,56962,75,
2693040e6dac,rho_sweep,ULB,chronological,0,U,LOF,0.001,0.001,fit_seconds,1.070444107055664,56962,75,
2693040e6dac,rho_sweep,ULB,chronological,0,U,LOF,0.001,0.001,score_seconds,5.9360833168029785,56962,75,
46aa77e7ca5c,rho_sweep,ULB,chronological,0,U,OneClassSVM,0.001,0.001,PR_AUC,0.0840000633095529,56962,75,
46aa77e7ca5c,rho_sweep,ULB,chronological,0,U,OneClassSVM,0.001,0.001,ROC_AUC,0.94736676803722,56962,75,
46aa77e7ca5c,rho_sweep,ULB,chronological,0,U,OneClassSVM,0.001,0.001,Precision,0.0,56962,75,
46aa77e7ca5c,rho_sweep,ULB,chronological,0,U,OneClassSVM,0.001,0.001,Recall,0.0,56962,75,
46aa77e7ca5c,rho_sweep,ULB,chronological,0,U,OneClassSVM,0.001,0.001,F1,0.0,56962,75,
46aa77e7ca5c,rho_sweep,ULB,chronological,0,U,OneClassSVM,0.001,0.001,TN,56851.0,56962,75,
46aa77e7ca5c,rho_sweep,ULB,chronological,0,U,OneClassSVM,0.001,0.001,FP,36.0,56962,75,
46aa77e7ca5c,rho_sweep,ULB,chronological,0,U,OneClassSVM,0.001,0.001,FN,75.0,56962,75,
46aa77e7ca5c,rho_sweep,ULB,chronological,0,U,OneClassSVM,0.001,0.001,TP,0.0,56962,75,
46aa77e7ca5c,rho_sweep,ULB,chronological,0,U,OneClassSVM,0.001,0.001,n_alerts,36.0,56962,75,
46aa77e7ca5c,rho_sweep,ULB,chronological,0,U,OneClassSVM,0.001,0.001,alert_rate,0.000632000280889,56962,75,
46aa77e7ca5c,rho_sweep,ULB,chronological,0,U,OneClassSVM,0.001,0.001,prevalence,0.0013166672518521,56962,75,
46aa77e7ca5c,rho_sweep,ULB,chronological,0,U,OneClassSVM,0.001,0.001,lift,0.0,56962,75,
46aa77e7ca5c,rho_sweep,ULB,chronological,0,U,OneClassSVM,0.001,0.001,tie_ratio,0.0035638419269324,56962,75,
46aa77e7ca5c,rho_sweep,ULB,chronological,0,U,OneClassSVM,0.001,0.001,fit_seconds,1.0869576930999756,56962,75,
46aa77e7ca5c,rho_sweep,ULB,chronological,0,U,OneClassSVM,0.001,0.001,score_seconds,10.12545657157898,56962,75,
c180e71b2fa0,rho_sweep,ULB,chronological,0,U,DBSCAN,0.001,0.001,PR_AUC,0.0247251001182242,56962,75,
c180e71b2fa0,rho_sweep,ULB,chronological,0,U,DBSCAN,0.001,0.001,ROC_AUC,0.9381904477297096,56962,75,
c180e71b2fa0,rho_sweep,ULB,chronological,0,U,DBSCAN,0.001,0.001,Precision,0.0,56962,75,
c180e71b2fa0,rho_sweep,ULB,chronological,0,U,DBSCAN,0.001,0.001,Recall,0.0,56962,75,
c180e71b2fa0,rho_sweep,ULB,chronological,0,U,DBSCAN,0.001,0.001,F1,0.0,56962,75,
c180e71b2fa0,rho_sweep,ULB,chronological,0,U,DBSCAN,0.001,0.001,TN,56857.0,56962,75,
c180e71b2fa0,rho_sweep,ULB,chronological,0,U,DBSCAN,0.001,0.001,FP,30.0,56962,75,
c180e71b2fa0,rho_sweep,ULB,chronological,0,U,DBSCAN,0.001,0.001,FN,75.0,56962,75,
c180e71b2fa0,rho_sweep,ULB,chronological,0,U,DBSCAN,0.001,0.001,TP,0.0,56962,75,
c180e71b2fa0,rho_sweep,ULB,chronological,0,U,DBSCAN,0.001,0.001,n_alerts,30.0,56962,75,
c180e71b2fa0,rho_sweep,ULB,chronological,0,U,DBSCAN,0.001,0.001,alert_rate,0.0005266669007408,56962,75,
c180e71b2fa0,rho_sweep,ULB,chronological,0,U,DBSCAN,0.001,0.001,prevalence,0.0013166672518521,56962,75,
c180e71b2fa0,rho_sweep,ULB,chronological,0,U,DBSCAN,0.001,0.001,lift,0.0,56962,75,
c180e71b2fa0,rho_sweep,ULB,chronological,0,U,DBSCAN,0.001,0.001,tie_ratio,0.0060392198170677,56962,75,
c180e71b2fa0,rho_sweep,ULB,chronological,0,U,DBSCAN,0.001,0.001,fit_seconds,0.7933204174041748,56962,75,
c180e71b2fa0,rho_sweep,ULB,chronological,0,U,DBSCAN,0.001,0.001,score_seconds,0.0337767601013183,56962,75,
e42a90b8e6bd,rho_sweep,ULB,chronological,0,U,KMeans,0.001,0.001,PR_AUC,0.0678859550353649,56962,75,
e42a90b8e6bd,rho_sweep,ULB,chronological,0,U,KMeans,0.001,0.001,ROC_AUC,0.9667539742530512,56962,75,
e42a90b8e6bd,rho_sweep,ULB,chronological,0,U,KMeans,0.001,0.001,Precision,0.0,56962,75,
e42a90b8e6bd,rho_sweep,ULB,chronological,0,U,KMeans,0.001,0.001,Recall,0.0,56962,75,
e42a90b8e6bd,rho_sweep,ULB,chronological,0,U,KMeans,0.001,0.001,F1,0.0,56962,75,
e42a90b8e6bd,rho_sweep,ULB,chronological,0,U,KMeans,0.001,0.001,TN,56842.0,56962,75,
e42a90b8e6bd,rho_sweep,ULB,chronological,0,U,KMeans,0.001,0.001,FP,45.0,56962,75,
e42a90b8e6bd,rho_sweep,ULB,chronological,0,U,KMeans,0.001,0.001,FN,75.0,56962,75,
e42a90b8e6bd,rho_sweep,ULB,chronological,0,U,KMeans,0.001,0.001,TP,0.0,56962,75,
e42a90b8e6bd,rho_sweep,ULB,chronological,0,U,KMeans,0.001,0.001,n_alerts,45.0,56962,75,
e42a90b8e6bd,rho_sweep,ULB,chronological,0,U,KMeans,0.001,0.001,alert_rate,0.0007900003511112,56962,75,
e42a90b8e6bd,rho_sweep,ULB,chronological,0,U,KMeans,0.001,0.001,prevalence,0.0013166672518521,56962,75,
e42a90b8e6bd,rho_sweep,ULB,chronological,0,U,KMeans,0.001,0.001,lift,0.0,56962,75,
e42a90b8e6bd,rho_sweep,ULB,chronological,0,U,KMeans,0.001,0.001,tie_ratio,0.0066887870648337,56962,75,
e42a90b8e6bd,rho_sweep,ULB,chronological,0,U,KMeans,0.001,0.001,fit_seconds,9.070039510726929,56962,75,
e42a90b8e6bd,rho_sweep,ULB,chronological,0,U,KMeans,0.001,0.001,score_seconds,0.1532447338104248,56962,75,
d9aae5364add,rho_sweep,ULB,chronological,0,U,Ensemble,0.001,0.001,PR_AUC,0.0695048652072305,56962,75,
d9aae5364add,rho_sweep,ULB,chronological,0,U,Ensemble,0.001,0.001,ROC_AUC,0.9585167085625892,56962,75,
d9aae5364add,rho_sweep,ULB,chronological,0,U,Ensemble,0.001,0.001,Precision,0.0,56962,75,
d9aae5364add,rho_sweep,ULB,chronological,0,U,Ensemble,0.001,0.001,Recall,0.0,56962,75,
d9aae5364add,rho_sweep,ULB,chronological,0,U,Ensemble,0.001,0.001,F1,0.0,56962,75,
d9aae5364add,rho_sweep,ULB,chronological,0,U,Ensemble,0.001,0.001,TN,56843.0,56962,75,
d9aae5364add,rho_sweep,ULB,chronological,0,U,Ensemble,0.001,0.001,FP,44.0,56962,75,
d9aae5364add,rho_sweep,ULB,chronological,0,U,Ensemble,0.001,0.001,FN,75.0,56962,75,
d9aae5364add,rho_sweep,ULB,chronological,0,U,Ensemble,0.001,0.001,TP,0.0,56962,75,
d9aae5364add,rho_sweep,ULB,chronological,0,U,Ensemble,0.001,0.001,n_alerts,44.0,56962,75,
d9aae5364add,rho_sweep,ULB,chronological,0,U,Ensemble,0.001,0.001,alert_rate,0.0007724447877532,56962,75,
d9aae5364add,rho_sweep,ULB,chronological,0,U,Ensemble,0.001,0.001,prevalence,0.0013166672518521,56962,75,
d9aae5364add,rho_sweep,ULB,chronological,0,U,Ensemble,0.001,0.001,lift,0.0,56962,75,
d9aae5364add,rho_sweep,ULB,chronological,0,U,Ensemble,0.001,0.001,tie_ratio,0.0720141851442215,56962,75,
d9aae5364add,rho_sweep,ULB,chronological,0,U,Ensemble,0.001,0.001,fit_seconds,0.0,56962,75,
d9aae5364add,rho_sweep,ULB,chronological,0,U,Ensemble,0.001,0.001,score_seconds,0.0,56962,75,
2cd977f222ec,rho_sweep,ULB,chronological,0,U,Ensemble,0.001,0.001,single_point_invariant,1.0,56962,75,invariance
3f516f1f105f,rho_sweep,ULB,chronological,0,N,IsolationForest,0.001,0.001,PR_AUC,0.0368963757988218,56962,75,
3f516f1f105f,rho_sweep,ULB,chronological,0,N,IsolationForest,0.001,0.001,ROC_AUC,0.9442236949273708,56962,75,
3f516f1f105f,rho_sweep,ULB,chronological,0,N,IsolationForest,0.001,0.001,Precision,0.0,56962,75,
3f516f1f105f,rho_sweep,ULB,chronological,0,N,IsolationForest,0.001,0.001,Recall,0.0,56962,75,
3f516f1f105f,rho_sweep,ULB,chronological,0,N,IsolationForest,0.001,0.001,F1,0.0,56962,75,
3f516f1f105f,rho_sweep,ULB,chronological,0,N,IsolationForest,0.001,0.001,TN,56848.0,56962,75,
3f516f1f105f,rho_sweep,ULB,chronological,0,N,IsolationForest,0.001,0.001,FP,39.0,56962,75,
3f516f1f105f,rho_sweep,ULB,chronological,0,N,IsolationForest,0.001,0.001,FN,75.0,56962,75,
3f516f1f105f,rho_sweep,ULB,chronological,0,N,IsolationForest,0.001,0.001,TP,0.0,56962,75,
3f516f1f105f,rho_sweep,ULB,chronological,0,N,IsolationForest,0.001,0.001,n_alerts,39.0,56962,75,
3f516f1f105f,rho_sweep,ULB,chronological,0,N,IsolationForest,0.001,0.001,alert_rate,0.000684666970963,56962,75,
3f516f1f105f,rho_sweep,ULB,chronological,0,N,IsolationForest,0.001,0.001,prevalence,0.0013166672518521,56962,75,
3f516f1f105f,rho_sweep,ULB,chronological,0,N,IsolationForest,0.001,0.001,lift,0.0,56962,75,
3f516f1f105f,rho_sweep,ULB,chronological,0,N,IsolationForest,0.001,0.001,tie_ratio,0.0182405505521321,56962,75,
3f516f1f105f,rho_sweep,ULB,chronological,0,N,IsolationForest,0.001,0.001,fit_seconds,1.5286550521850586,56962,75,
3f516f1f105f,rho_sweep,ULB,chronological,0,N,IsolationForest,0.001,0.001,score_seconds,2.533896207809448,56962,75,
12642e5f88a9,rho_sweep,ULB,chronological,0,N,LOF,0.001,0.001,PR_AUC,0.603157863943587,56962,75,
12642e5f88a9,rho_sweep,ULB,chronological,0,N,LOF,0.001,0.001,ROC_AUC,0.9266049068035462,56962,75,
12642e5f88a9,rho_sweep,ULB,chronological,0,N,LOF,0.001,0.001,Precision,0.6923076923076923,56962,75,
12642e5f88a9,rho_sweep,ULB,chronological,0,N,LOF,0.001,0.001,Recall,0.6,56962,75,
12642e5f88a9,rho_sweep,ULB,chronological,0,N,LOF,0.001,0.001,F1,0.6428571428571429,56962,75,
12642e5f88a9,rho_sweep,ULB,chronological,0,N,LOF,0.001,0.001,TN,56867.0,56962,75,
12642e5f88a9,rho_sweep,ULB,chronological,0,N,LOF,0.001,0.001,FP,20.0,56962,75,
12642e5f88a9,rho_sweep,ULB,chronological,0,N,LOF,0.001,0.001,FN,30.0,56962,75,
12642e5f88a9,rho_sweep,ULB,chronological,0,N,LOF,0.001,0.001,TP,45.0,56962,75,
12642e5f88a9,rho_sweep,ULB,chronological,0,N,LOF,0.001,0.001,n_alerts,65.0,56962,75,
12642e5f88a9,rho_sweep,ULB,chronological,0,N,LOF,0.001,0.001,alert_rate,0.0011411116182718,56962,75,
12642e5f88a9,rho_sweep,ULB,chronological,0,N,LOF,0.001,0.001,prevalence,0.0013166672518521,56962,75,
12642e5f88a9,rho_sweep,ULB,chronological,0,N,LOF,0.001,0.001,lift,525.8030769230769,56962,75,
12642e5f88a9,rho_sweep,ULB,chronological,0,N,LOF,0.001,0.001,tie_ratio,0.021541054405646,56962,75,
12642e5f88a9,rho_sweep,ULB,chronological,0,N,LOF,0.001,0.001,fit_seconds,1.0597703456878662,56962,75,
12642e5f88a9,rho_sweep,ULB,chronological,0,N,LOF,0.001,0.001,score_seconds,5.973980188369751,56962,75,
d1f578e4e1fa,rho_sweep,ULB,chronological,0,N,OneClassSVM,0.001,0.001,PR_AUC,0.124703707473433,56962,75,
d1f578e4e1fa,rho_sweep,ULB,chronological,0,N,OneClassSVM,0.001,0.001,ROC_AUC,0.9538748747517009,56962,75,
d1f578e4e1fa,rho_sweep,ULB,chronological,0,N,OneClassSVM,0.001,0.001,Precision,0.0,56962,75,
d1f578e4e1fa,rho_sweep,ULB,chronological,0,N,OneClassSVM,0.001,0.001,Recall,0.0,56962,75,
d1f578e4e1fa,rho_sweep,ULB,chronological,0,N,OneClassSVM,0.001,0.001,F1,0.0,56962,75,
d1f578e4e1fa,rho_sweep,ULB,chronological,0,N,OneClassSVM,0.001,0.001,TN,56849.0,56962,75,
d1f578e4e1fa,rho_sweep,ULB,chronological,0,N,OneClassSVM,0.001,0.001,FP,38.0,56962,75,
d1f578e4e1fa,rho_sweep,ULB,chronological,0,N,OneClassSVM,0.001,0.001,FN,75.0,56962,75,
d1f578e4e1fa,rho_sweep,ULB,chronological,0,N,OneClassSVM,0.001,0.001,TP,0.0,56962,75,
d1f578e4e1fa,rho_sweep,ULB,chronological,0,N,OneClassSVM,0.001,0.001,n_alerts,38.0,56962,75,
d1f578e4e1fa,rho_sweep,ULB,chronological,0,N,OneClassSVM,0.001,0.001,alert_rate,0.000667111407605,56962,75,
d1f578e4e1fa,rho_sweep,ULB,chronological,0,N,OneClassSVM,0.001,0.001,prevalence,0.0013166672518521,56962,75,
d1f578e4e1fa,rho_sweep,ULB,chronological,0,N,OneClassSVM,0.001,0.001,lift,0.0,56962,75,
d1f578e4e1fa,rho_sweep,ULB,chronological,0,N,OneClassSVM,0.001,0.001,tie_ratio,0.0036867330278611,56962,75,
d1f578e4e1fa,rho_sweep,ULB,chronological,0,N,OneClassSVM,0.001,0.001,fit_seconds,1.0771737098693848,56962,75,
d1f578e4e1fa,rho_sweep,ULB,chronological,0,N,OneClassSVM,0.001,0.001,score_seconds,11.499539613723757,56962,75,
ff7f5a140e10,rho_sweep,ULB,chronological,0,N,DBSCAN,0.001,0.001,PR_AUC,0.0250214983874059,56962,75,
ff7f5a140e10,rho_sweep,ULB,chronological,0,N,DBSCAN,0.001,0.001,ROC_AUC,0.9437054745958362,56962,75,
ff7f5a140e10,rho_sweep,ULB,chronological,0,N,DBSCAN,0.001,0.001,Precision,0.0,56962,75,
ff7f5a140e10,rho_sweep,ULB,chronological,0,N,DBSCAN,0.001,0.001,Recall,0.0,56962,75,
ff7f5a140e10,rho_sweep,ULB,chronological,0,N,DBSCAN,0.001,0.001,F1,0.0,56962,75,
ff7f5a140e10,rho_sweep,ULB,chronological,0,N,DBSCAN,0.001,0.001,TN,56857.0,56962,75,
ff7f5a140e10,rho_sweep,ULB,chronological,0,N,DBSCAN,0.001,0.001,FP,30.0,56962,75,
ff7f5a140e10,rho_sweep,ULB,chronological,0,N,DBSCAN,0.001,0.001,FN,75.0,56962,75,
ff7f5a140e10,rho_sweep,ULB,chronological,0,N,DBSCAN,0.001,0.001,TP,0.0,56962,75,
ff7f5a140e10,rho_sweep,ULB,chronological,0,N,DBSCAN,0.001,0.001,n_alerts,30.0,56962,75,
ff7f5a140e10,rho_sweep,ULB,chronological,0,N,DBSCAN,0.001,0.001,alert_rate,0.0005266669007408,56962,75,
ff7f5a140e10,rho_sweep,ULB,chronological,0,N,DBSCAN,0.001,0.001,prevalence,0.0013166672518521,56962,75,
ff7f5a140e10,rho_sweep,ULB,chronological,0,N,DBSCAN,0.001,0.001,lift,0.0,56962,75,
ff7f5a140e10,rho_sweep,ULB,chronological,0,N,DBSCAN,0.001,0.001,tie_ratio,0.0061094433033127,56962,75,
ff7f5a140e10,rho_sweep,ULB,chronological,0,N,DBSCAN,0.001,0.001,fit_seconds,0.7955572605133057,56962,75,
ff7f5a140e10,rho_sweep,ULB,chronological,0,N,DBSCAN,0.001,0.001,score_seconds,0.0481135845184326,56962,75,
decb44a0a118,rho_sweep,ULB,chronological,0,N,KMeans,0.001,0.001,PR_AUC,0.0673482356157087,56962,75,
decb44a0a118,rho_sweep,ULB,chronological,0,N,KMeans,0.001,0.001,ROC_AUC,0.9670830476793174,56962,75,
decb44a0a118,rho_sweep,ULB,chronological,0,N,KMeans,0.001,0.001,Precision,0.0,56962,75,
decb44a0a118,rho_sweep,ULB,chronological,0,N,KMeans,0.001,0.001,Recall,0.0,56962,75,
decb44a0a118,rho_sweep,ULB,chronological,0,N,KMeans,0.001,0.001,F1,0.0,56962,75,
decb44a0a118,rho_sweep,ULB,chronological,0,N,KMeans,0.001,0.001,TN,56846.0,56962,75,
decb44a0a118,rho_sweep,ULB,chronological,0,N,KMeans,0.001,0.001,FP,41.0,56962,75,
decb44a0a118,rho_sweep,ULB,chronological,0,N,KMeans,0.001,0.001,FN,75.0,56962,75,
decb44a0a118,rho_sweep,ULB,chronological,0,N,KMeans,0.001,0.001,TP,0.0,56962,75,
decb44a0a118,rho_sweep,ULB,chronological,0,N,KMeans,0.001,0.001,n_alerts,41.0,56962,75,
decb44a0a118,rho_sweep,ULB,chronological,0,N,KMeans,0.001,0.001,alert_rate,0.0007197780976791,56962,75,
decb44a0a118,rho_sweep,ULB,chronological,0,N,KMeans,0.001,0.001,prevalence,0.0013166672518521,56962,75,
decb44a0a118,rho_sweep,ULB,chronological,0,N,KMeans,0.001,0.001,lift,0.0,56962,75,
decb44a0a118,rho_sweep,ULB,chronological,0,N,KMeans,0.001,0.001,tie_ratio,0.0070047927529361,56962,75,
decb44a0a118,rho_sweep,ULB,chronological,0,N,KMeans,0.001,0.001,fit_seconds,8.796410083770752,56962,75,
decb44a0a118,rho_sweep,ULB,chronological,0,N,KMeans,0.001,0.001,score_seconds,0.1546733379364013,56962,75,
beb5d51c90a7,rho_sweep,ULB,chronological,0,N,Ensemble,0.001,0.001,PR_AUC,0.1399516429567654,56962,75,
beb5d51c90a7,rho_sweep,ULB,chronological,0,N,Ensemble,0.001,0.001,ROC_AUC,0.963880441342779,56962,75,
beb5d51c90a7,rho_sweep,ULB,chronological,0,N,Ensemble,0.001,0.001,Precision,0.0,56962,75,
beb5d51c90a7,rho_sweep,ULB,chronological,0,N,Ensemble,0.001,0.001,Recall,0.0,56962,75,
beb5d51c90a7,rho_sweep,ULB,chronological,0,N,Ensemble,0.001,0.001,F1,0.0,56962,75,
beb5d51c90a7,rho_sweep,ULB,chronological,0,N,Ensemble,0.001,0.001,TN,56847.0,56962,75,
beb5d51c90a7,rho_sweep,ULB,chronological,0,N,Ensemble,0.001,0.001,FP,40.0,56962,75,
beb5d51c90a7,rho_sweep,ULB,chronological,0,N,Ensemble,0.001,0.001,FN,75.0,56962,75,
beb5d51c90a7,rho_sweep,ULB,chronological,0,N,Ensemble,0.001,0.001,TP,0.0,56962,75,
beb5d51c90a7,rho_sweep,ULB,chronological,0,N,Ensemble,0.001,0.001,n_alerts,40.0,56962,75,
beb5d51c90a7,rho_sweep,ULB,chronological,0,N,Ensemble,0.001,0.001,alert_rate,0.0007022225343211,56962,75,
beb5d51c90a7,rho_sweep,ULB,chronological,0,N,Ensemble,0.001,0.001,prevalence,0.0013166672518521,56962,75,
beb5d51c90a7,rho_sweep,ULB,chronological,0,N,Ensemble,0.001,0.001,lift,0.0,56962,75,
beb5d51c90a7,rho_sweep,ULB,chronological,0,N,Ensemble,0.001,0.001,tie_ratio,0.0717859588139253,56962,75,
beb5d51c90a7,rho_sweep,ULB,chronological,0,N,Ensemble,0.001,0.001,fit_seconds,0.0,56962,75,
beb5d51c90a7,rho_sweep,ULB,chronological,0,N,Ensemble,0.001,0.001,score_seconds,0.0,56962,75,
5203cb8c9fe0,rho_sweep,ULB,chronological,0,N,Ensemble,0.001,0.001,single_point_invariant,1.0,56962,75,invariance
958ff364625b,rho_sweep,ULB,chronological,0,U,IsolationForest,0.005,0.005,PR_AUC,0.054562789355073,56962,75,
958ff364625b,rho_sweep,ULB,chronological,0,U,IsolationForest,0.005,0.005,ROC_AUC,0.9484357879070204,56962,75,
958ff364625b,rho_sweep,ULB,chronological,0,U,IsolationForest,0.005,0.005,Precision,0.0654761904761904,56962,75,
958ff364625b,rho_sweep,ULB,chronological,0,U,IsolationForest,0.005,0.005,Recall,0.1466666666666666,56962,75,
958ff364625b,rho_sweep,ULB,chronological,0,U,IsolationForest,0.005,0.005,F1,0.0905349794238683,56962,75,
958ff364625b,rho_sweep,ULB,chronological,0,U,IsolationForest,0.005,0.005,TN,56730.0,56962,75,
958ff364625b,rho_sweep,ULB,chronological,0,U,IsolationForest,0.005,0.005,FP,157.0,56962,75,
958ff364625b,rho_sweep,ULB,chronological,0,U,IsolationForest,0.005,0.005,FN,64.0,56962,75,
958ff364625b,rho_sweep,ULB,chronological,0,U,IsolationForest,0.005,0.005,TP,11.0,56962,75,
958ff364625b,rho_sweep,ULB,chronological,0,U,IsolationForest,0.005,0.005,n_alerts,168.0,56962,75,
958ff364625b,rho_sweep,ULB,chronological,0,U,IsolationForest,0.005,0.005,alert_rate,0.0029493346441487,56962,75,
958ff364625b,rho_sweep,ULB,chronological,0,U,IsolationForest,0.005,0.005,prevalence,0.0013166672518521,56962,75,
958ff364625b,rho_sweep,ULB,chronological,0,U,IsolationForest,0.005,0.005,lift,49.72873015873016,56962,75,
958ff364625b,rho_sweep,ULB,chronological,0,U,IsolationForest,0.005,0.005,tie_ratio,0.0196274644054703,56962,75,
958ff364625b,rho_sweep,ULB,chronological,0,U,IsolationForest,0.005,0.005,fit_seconds,1.5163109302520752,56962,75,
958ff364625b,rho_sweep,ULB,chronological,0,U,IsolationForest,0.005,0.005,score_seconds,2.549325942993164,56962,75,
46ab2de1dcde,rho_sweep,ULB,chronological,0,U,LOF,0.005,0.005,PR_AUC,0.0762793993340145,56962,75,
46ab2de1dcde,rho_sweep,ULB,chronological,0,U,LOF,0.005,0.005,ROC_AUC,0.8178164900006446,56962,75,
46ab2de1dcde,rho_sweep,ULB,chronological,0,U,LOF,0.005,0.005,Precision,0.0431309904153354,56962,75,
46ab2de1dcde,rho_sweep,ULB,chronological,0,U,LOF,0.005,0.005,Recall,0.36,56962,75,
46ab2de1dcde,rho_sweep,ULB,chronological,0,U,LOF,0.005,0.005,F1,0.0770328102710413,56962,75,
46ab2de1dcde,rho_sweep,ULB,chronological,0,U,LOF,0.005,0.005,TN,56288.0,56962,75,
46ab2de1dcde,rho_sweep,ULB,chronological,0,U,LOF,0.005,0.005,FP,599.0,56962,75,
46ab2de1dcde,rho_sweep,ULB,chronological,0,U,LOF,0.005,0.005,FN,48.0,56962,75,
46ab2de1dcde,rho_sweep,ULB,chronological,0,U,LOF,0.005,0.005,TP,27.0,56962,75,
46ab2de1dcde,rho_sweep,ULB,chronological,0,U,LOF,0.005,0.005,n_alerts,626.0,56962,75,
46ab2de1dcde,rho_sweep,ULB,chronological,0,U,LOF,0.005,0.005,alert_rate,0.0109897826621256,56962,75,
46ab2de1dcde,rho_sweep,ULB,chronological,0,U,LOF,0.005,0.005,prevalence,0.0013166672518521,56962,75,
46ab2de1dcde,rho_sweep,ULB,chronological,0,U,LOF,0.005,0.005,lift,32.75769968051118,56962,75,
46ab2de1dcde,rho_sweep,ULB,chronological,0,U,LOF,0.005,0.005,tie_ratio,0.0202243640385526,56962,75,
46ab2de1dcde,rho_sweep,ULB,chronological,0,U,LOF,0.005,0.005,fit_seconds,1.05564546585083,56962,75,
46ab2de1dcde,rho_sweep,ULB,chronological,0,U,LOF,0.005,0.005,score_seconds,6.357959508895874,56962,75,
240433d6751a,rho_sweep,ULB,chronological,0,U,OneClassSVM,0.005,0.005,PR_AUC,0.0838610899727195,56962,75,
240433d6751a,rho_sweep,ULB,chronological,0,U,OneClassSVM,0.005,0.005,ROC_AUC,0.9473752058173808,56962,75,
240433d6751a,rho_sweep,ULB,chronological,0,U,OneClassSVM,0.005,0.005,Precision,0.1313131313131313,56962,75,
240433d6751a,rho_sweep,ULB,chronological,0,U,OneClassSVM,0.005,0.005,Recall,0.3466666666666667,56962,75,
240433d6751a,rho_sweep,ULB,chronological,0,U,OneClassSVM,0.005,0.005,F1,0.1904761904761904,56962,75,
240433d6751a,rho_sweep,ULB,chronological,0,U,OneClassSVM,0.005,0.005,TN,56715.0,56962,75,
240433d6751a,rho_sweep,ULB,chronological,0,U,OneClassSVM,0.005,0.005,FP,172.0,56962,75,
240433d6751a,rho_sweep,ULB,chronological,0,U,OneClassSVM,0.005,0.005,FN,49.0,56962,75,
240433d6751a,rho_sweep,ULB,chronological,0,U,OneClassSVM,0.005,0.005,TP,26.0,56962,75,
240433d6751a,rho_sweep,ULB,chronological,0,U,OneClassSVM,0.005,0.005,n_alerts,198.0,56962,75,
240433d6751a,rho_sweep,ULB,chronological,0,U,OneClassSVM,0.005,0.005,alert_rate,0.0034760015448895,56962,75,
240433d6751a,rho_sweep,ULB,chronological,0,U,OneClassSVM,0.005,0.005,prevalence,0.0013166672518521,56962,75,
240433d6751a,rho_sweep,ULB,chronological,0,U,OneClassSVM,0.005,0.005,lift,99.73144781144782,56962,75,
240433d6751a,rho_sweep,ULB,chronological,0,U,OneClassSVM,0.005,0.005,tie_ratio,0.0035638419269324,56962,75,
240433d6751a,rho_sweep,ULB,chronological,0,U,OneClassSVM,0.005,0.005,fit_seconds,1.2066080570220947,56962,75,
240433d6751a,rho_sweep,ULB,chronological,0,U,OneClassSVM,0.005,0.005,score_seconds,10.16366720199585,56962,75,
80b9a02be84d,rho_sweep,ULB,chronological,0,U,DBSCAN,0.005,0.005,PR_AUC,0.0247251001182242,56962,75,
80b9a02be84d,rho_sweep,ULB,chronological,0,U,DBSCAN,0.005,0.005,ROC_AUC,0.9381904477297096,56962,75,
80b9a02be84d,rho_sweep,ULB,chronological,0,U,DBSCAN,0.005,0.005,Precision,0.0,56962,75,
80b9a02be84d,rho_sweep,ULB,chronological,0,U,DBSCAN,0.005,0.005,Recall,0.0,56962,75,
80b9a02be84d,rho_sweep,ULB,chronological,0,U,DBSCAN,0.005,0.005,F1,0.0,56962,75,
80b9a02be84d,rho_sweep,ULB,chronological,0,U,DBSCAN,0.005,0.005,TN,56712.0,56962,75,
80b9a02be84d,rho_sweep,ULB,chronological,0,U,DBSCAN,0.005,0.005,FP,175.0,56962,75,
80b9a02be84d,rho_sweep,ULB,chronological,0,U,DBSCAN,0.005,0.005,FN,75.0,56962,75,
80b9a02be84d,rho_sweep,ULB,chronological,0,U,DBSCAN,0.005,0.005,TP,0.0,56962,75,
80b9a02be84d,rho_sweep,ULB,chronological,0,U,DBSCAN,0.005,0.005,n_alerts,175.0,56962,75,
80b9a02be84d,rho_sweep,ULB,chronological,0,U,DBSCAN,0.005,0.005,alert_rate,0.0030722235876549,56962,75,
80b9a02be84d,rho_sweep,ULB,chronological,0,U,DBSCAN,0.005,0.005,prevalence,0.0013166672518521,56962,75,
80b9a02be84d,rho_sweep,ULB,chronological,0,U,DBSCAN,0.005,0.005,lift,0.0,56962,75,
80b9a02be84d,rho_sweep,ULB,chronological,0,U,DBSCAN,0.005,0.005,tie_ratio,0.0060392198170677,56962,75,
80b9a02be84d,rho_sweep,ULB,chronological,0,U,DBSCAN,0.005,0.005,fit_seconds,0.8077070713043213,56962,75,
80b9a02be84d,rho_sweep,ULB,chronological,0,U,DBSCAN,0.005,0.005,score_seconds,0.0328733921051025,56962,75,
a098309efbb8,rho_sweep,ULB,chronological,0,U,KMeans,0.005,0.005,PR_AUC,0.067885955035365,56962,75,
a098309efbb8,rho_sweep,ULB,chronological,0,U,KMeans,0.005,0.005,ROC_AUC,0.9667539742530514,56962,75,
a098309efbb8,rho_sweep,ULB,chronological,0,U,KMeans,0.005,0.005,Precision,0.0909090909090909,56962,75,
a098309efbb8,rho_sweep,ULB,chronological,0,U,KMeans,0.005,0.005,Recall,0.24,56962,75,
a098309efbb8,rho_sweep,ULB,chronological,0,U,KMeans,0.005,0.005,F1,0.1318681318681318,56962,75,
a098309efbb8,rho_sweep,ULB,chronological,0,U,KMeans,0.005,0.005,TN,56707.0,56962,75,
a098309efbb8,rho_sweep,ULB,chronological,0,U,KMeans,0.005,0.005,FP,180.0,56962,75,
a098309efbb8,rho_sweep,ULB,chronological,0,U,KMeans,0.005,0.005,FN,57.0,56962,75,
a098309efbb8,rho_sweep,ULB,chronological,0,U,KMeans,0.005,0.005,TP,18.0,56962,75,
a098309efbb8,rho_sweep,ULB,chronological,0,U,KMeans,0.005,0.005,n_alerts,198.0,56962,75,
a098309efbb8,rho_sweep,ULB,chronological,0,U,KMeans,0.005,0.005,alert_rate,0.0034760015448895,56962,75,
a098309efbb8,rho_sweep,ULB,chronological,0,U,KMeans,0.005,0.005,prevalence,0.0013166672518521,56962,75,
a098309efbb8,rho_sweep,ULB,chronological,0,U,KMeans,0.005,0.005,lift,69.04484848484849,56962,75,
a098309efbb8,rho_sweep,ULB,chronological,0,U,KMeans,0.005,0.005,tie_ratio,0.00663611945015,56962,75,
a098309efbb8,rho_sweep,ULB,chronological,0,U,KMeans,0.005,0.005,fit_seconds,8.998883247375488,56962,75,
a098309efbb8,rho_sweep,ULB,chronological,0,U,KMeans,0.005,0.005,score_seconds,0.1662406921386718,56962,75,
3430003e4311,rho_sweep,ULB,chronological,0,U,Ensemble,0.005,0.005,PR_AUC,0.0695126568790514,56962,75,
3430003e4311,rho_sweep,ULB,chronological,0,U,Ensemble,0.005,0.005,ROC_AUC,0.958523505663274,56962,75,
3430003e4311,rho_sweep,ULB,chronological,0,U,Ensemble,0.005,0.005,Precision,0.1117021276595744,56962,75,
3430003e4311,rho_sweep,ULB,chronological,0,U,Ensemble,0.005,0.005,Recall,0.28,56962,75,
3430003e4311,rho_sweep,ULB,chronological,0,U,Ensemble,0.005,0.005,F1,0.1596958174904943,56962,75,
3430003e4311,rho_sweep,ULB,chronological,0,U,Ensemble,0.005,0.005,TN,56720.0,56962,75,
3430003e4311,rho_sweep,ULB,chronological,0,U,Ensemble,0.005,0.005,FP,167.0,56962,75,
3430003e4311,rho_sweep,ULB,chronological,0,U,Ensemble,0.005,0.005,FN,54.0,56962,75,
3430003e4311,rho_sweep,ULB,chronological,0,U,Ensemble,0.005,0.005,TP,21.0,56962,75,
3430003e4311,rho_sweep,ULB,chronological,0,U,Ensemble,0.005,0.005,n_alerts,188.0,56962,75,
3430003e4311,rho_sweep,ULB,chronological,0,U,Ensemble,0.005,0.005,alert_rate,0.0033004459113092,56962,75,
3430003e4311,rho_sweep,ULB,chronological,0,U,Ensemble,0.005,0.005,prevalence,0.0013166672518521,56962,75,
3430003e4311,rho_sweep,ULB,chronological,0,U,Ensemble,0.005,0.005,lift,84.83702127659573,56962,75,
3430003e4311,rho_sweep,ULB,chronological,0,U,Ensemble,0.005,0.005,tie_ratio,0.0709959445936693,56962,75,
3430003e4311,rho_sweep,ULB,chronological,0,U,Ensemble,0.005,0.005,fit_seconds,0.0,56962,75,
3430003e4311,rho_sweep,ULB,chronological,0,U,Ensemble,0.005,0.005,score_seconds,0.0,56962,75,
493a8cade3a5,rho_sweep,ULB,chronological,0,U,Ensemble,0.005,0.005,single_point_invariant,1.0,56962,75,invariance
9839f882d492,rho_sweep,ULB,chronological,0,N,IsolationForest,0.005,0.005,PR_AUC,0.0368963757988218,56962,75,
9839f882d492,rho_sweep,ULB,chronological,0,N,IsolationForest,0.005,0.005,ROC_AUC,0.9442236949273708,56962,75,
9839f882d492,rho_sweep,ULB,chronological,0,N,IsolationForest,0.005,0.005,Precision,0.0271739130434782,56962,75,
9839f882d492,rho_sweep,ULB,chronological,0,N,IsolationForest,0.005,0.005,Recall,0.0666666666666666,56962,75,
9839f882d492,rho_sweep,ULB,chronological,0,N,IsolationForest,0.005,0.005,F1,0.0386100386100386,56962,75,
9839f882d492,rho_sweep,ULB,chronological,0,N,IsolationForest,0.005,0.005,TN,56708.0,56962,75,
9839f882d492,rho_sweep,ULB,chronological,0,N,IsolationForest,0.005,0.005,FP,179.0,56962,75,
9839f882d492,rho_sweep,ULB,chronological,0,N,IsolationForest,0.005,0.005,FN,70.0,56962,75,
9839f882d492,rho_sweep,ULB,chronological,0,N,IsolationForest,0.005,0.005,TP,5.0,56962,75,
9839f882d492,rho_sweep,ULB,chronological,0,N,IsolationForest,0.005,0.005,n_alerts,184.0,56962,75,
9839f882d492,rho_sweep,ULB,chronological,0,N,IsolationForest,0.005,0.005,alert_rate,0.0032302236578771,56962,75,
9839f882d492,rho_sweep,ULB,chronological,0,N,IsolationForest,0.005,0.005,prevalence,0.0013166672518521,56962,75,
9839f882d492,rho_sweep,ULB,chronological,0,N,IsolationForest,0.005,0.005,lift,20.63840579710145,56962,75,
9839f882d492,rho_sweep,ULB,chronological,0,N,IsolationForest,0.005,0.005,tie_ratio,0.0182405505521321,56962,75,
9839f882d492,rho_sweep,ULB,chronological,0,N,IsolationForest,0.005,0.005,fit_seconds,1.822746753692627,56962,75,
9839f882d492,rho_sweep,ULB,chronological,0,N,IsolationForest,0.005,0.005,score_seconds,2.4833695888519287,56962,75,
67ce40842214,rho_sweep,ULB,chronological,0,N,LOF,0.005,0.005,PR_AUC,0.603157863943587,56962,75,
67ce40842214,rho_sweep,ULB,chronological,0,N,LOF,0.005,0.005,ROC_AUC,0.9266049068035462,56962,75,
67ce40842214,rho_sweep,ULB,chronological,0,N,LOF,0.005,0.005,Precision,0.0932069510268562,56962,75,
67ce40842214,rho_sweep,ULB,chronological,0,N,LOF,0.005,0.005,Recall,0.7866666666666666,56962,75,
67ce40842214,rho_sweep,ULB,chronological,0,N,LOF,0.005,0.005,F1,0.1666666666666666,56962,75,
67ce40842214,rho_sweep,ULB,chronological,0,N,LOF,0.005,0.005,TN,56313.0,56962,75,
67ce40842214,rho_sweep,ULB,chronological,0,N,LOF,0.005,0.005,FP,574.0,56962,75,
67ce40842214,rho_sweep,ULB,chronological,0,N,LOF,0.005,0.005,FN,16.0,56962,75,
67ce40842214,rho_sweep,ULB,chronological,0,N,LOF,0.005,0.005,TP,59.0,56962,75,
67ce40842214,rho_sweep,ULB,chronological,0,N,LOF,0.005,0.005,n_alerts,633.0,56962,75,
67ce40842214,rho_sweep,ULB,chronological,0,N,LOF,0.005,0.005,alert_rate,0.0111126716056318,56962,75,
67ce40842214,rho_sweep,ULB,chronological,0,N,LOF,0.005,0.005,prevalence,0.0013166672518521,56962,75,
67ce40842214,rho_sweep,ULB,chronological,0,N,LOF,0.005,0.005,lift,70.79005792522379,56962,75,
67ce40842214,rho_sweep,ULB,chronological,0,N,LOF,0.005,0.005,tie_ratio,0.021541054405646,56962,75,
67ce40842214,rho_sweep,ULB,chronological,0,N,LOF,0.005,0.005,fit_seconds,1.0637092590332031,56962,75,
67ce40842214,rho_sweep,ULB,chronological,0,N,LOF,0.005,0.005,score_seconds,6.07103419303894,56962,75,
e6448c96c9fa,rho_sweep,ULB,chronological,0,N,OneClassSVM,0.005,0.005,PR_AUC,0.1247601733214725,56962,75,
e6448c96c9fa,rho_sweep,ULB,chronological,0,N,OneClassSVM,0.005,0.005,ROC_AUC,0.9539025319200052,56962,75,
e6448c96c9fa,rho_sweep,ULB,chronological,0,N,OneClassSVM,0.005,0.005,Precision,0.1938775510204081,56962,75,
e6448c96c9fa,rho_sweep,ULB,chronological,0,N,OneClassSVM,0.005,0.005,Recall,0.5066666666666667,56962,75,
e6448c96c9fa,rho_sweep,ULB,chronological,0,N,OneClassSVM,0.005,0.005,F1,0.2804428044280442,56962,75,
e6448c96c9fa,rho_sweep,ULB,chronological,0,N,OneClassSVM,0.005,0.005,TN,56729.0,56962,75,
e6448c96c9fa,rho_sweep,ULB,chronological,0,N,OneClassSVM,0.005,0.005,FP,158.0,56962,75,
e6448c96c9fa,rho_sweep,ULB,chronological,0,N,OneClassSVM,0.005,0.005,FN,37.0,56962,75,
e6448c96c9fa,rho_sweep,ULB,chronological,0,N,OneClassSVM,0.005,0.005,TP,38.0,56962,75,
e6448c96c9fa,rho_sweep,ULB,chronological,0,N,OneClassSVM,0.005,0.005,n_alerts,196.0,56962,75,
e6448c96c9fa,rho_sweep,ULB,chronological,0,N,OneClassSVM,0.005,0.005,alert_rate,0.0034408904181735,56962,75,
e6448c96c9fa,rho_sweep,ULB,chronological,0,N,OneClassSVM,0.005,0.005,prevalence,0.0013166672518521,56962,75,
e6448c96c9fa,rho_sweep,ULB,chronological,0,N,OneClassSVM,0.005,0.005,lift,147.24870748299318,56962,75,
e6448c96c9fa,rho_sweep,ULB,chronological,0,N,OneClassSVM,0.005,0.005,tie_ratio,0.0036867330278611,56962,75,
e6448c96c9fa,rho_sweep,ULB,chronological,0,N,OneClassSVM,0.005,0.005,fit_seconds,1.2630221843719482,56962,75,
e6448c96c9fa,rho_sweep,ULB,chronological,0,N,OneClassSVM,0.005,0.005,score_seconds,11.773479461669922,56962,75,
edc4ccc0e794,rho_sweep,ULB,chronological,0,N,DBSCAN,0.005,0.005,PR_AUC,0.0250214983874059,56962,75,
edc4ccc0e794,rho_sweep,ULB,chronological,0,N,DBSCAN,0.005,0.005,ROC_AUC,0.9437054745958362,56962,75,
edc4ccc0e794,rho_sweep,ULB,chronological,0,N,DBSCAN,0.005,0.005,Precision,0.0,56962,75,
edc4ccc0e794,rho_sweep,ULB,chronological,0,N,DBSCAN,0.005,0.005,Recall,0.0,56962,75,
edc4ccc0e794,rho_sweep,ULB,chronological,0,N,DBSCAN,0.005,0.005,F1,0.0,56962,75,
edc4ccc0e794,rho_sweep,ULB,chronological,0,N,DBSCAN,0.005,0.005,TN,56708.0,56962,75,
edc4ccc0e794,rho_sweep,ULB,chronological,0,N,DBSCAN,0.005,0.005,FP,179.0,56962,75,
edc4ccc0e794,rho_sweep,ULB,chronological,0,N,DBSCAN,0.005,0.005,FN,75.0,56962,75,
edc4ccc0e794,rho_sweep,ULB,chronological,0,N,DBSCAN,0.005,0.005,TP,0.0,56962,75,
edc4ccc0e794,rho_sweep,ULB,chronological,0,N,DBSCAN,0.005,0.005,n_alerts,179.0,56962,75,
edc4ccc0e794,rho_sweep,ULB,chronological,0,N,DBSCAN,0.005,0.005,alert_rate,0.003142445841087,56962,75,
edc4ccc0e794,rho_sweep,ULB,chronological,0,N,DBSCAN,0.005,0.005,prevalence,0.0013166672518521,56962,75,
edc4ccc0e794,rho_sweep,ULB,chronological,0,N,DBSCAN,0.005,0.005,lift,0.0,56962,75,
edc4ccc0e794,rho_sweep,ULB,chronological,0,N,DBSCAN,0.005,0.005,tie_ratio,0.0061094433033127,56962,75,
edc4ccc0e794,rho_sweep,ULB,chronological,0,N,DBSCAN,0.005,0.005,fit_seconds,0.8126447200775146,56962,75,
edc4ccc0e794,rho_sweep,ULB,chronological,0,N,DBSCAN,0.005,0.005,score_seconds,0.0490093231201171,56962,75,
7258dc261e2a,rho_sweep,ULB,chronological,0,N,KMeans,0.005,0.005,PR_AUC,0.0673482356157087,56962,75,
7258dc261e2a,rho_sweep,ULB,chronological,0,N,KMeans,0.005,0.005,ROC_AUC,0.9670830476793176,56962,75,
7258dc261e2a,rho_sweep,ULB,chronological,0,N,KMeans,0.005,0.005,Precision,0.0893854748603352,56962,75,
7258dc261e2a,rho_sweep,ULB,chronological,0,N,KMeans,0.005,0.005,Recall,0.2133333333333333,56962,75,
7258dc261e2a,rho_sweep,ULB,chronological,0,N,KMeans,0.005,0.005,F1,0.1259842519685039,56962,75,
7258dc261e2a,rho_sweep,ULB,chronological,0,N,KMeans,0.005,0.005,TN,56724.0,56962,75,
7258dc261e2a,rho_sweep,ULB,chronological,0,N,KMeans,0.005,0.005,FP,163.0,56962,75,
7258dc261e2a,rho_sweep,ULB,chronological,0,N,KMeans,0.005,0.005,FN,59.0,56962,75,
7258dc261e2a,rho_sweep,ULB,chronological,0,N,KMeans,0.005,0.005,TP,16.0,56962,75,
7258dc261e2a,rho_sweep,ULB,chronological,0,N,KMeans,0.005,0.005,n_alerts,179.0,56962,75,
7258dc261e2a,rho_sweep,ULB,chronological,0,N,KMeans,0.005,0.005,alert_rate,0.003142445841087,56962,75,
7258dc261e2a,rho_sweep,ULB,chronological,0,N,KMeans,0.005,0.005,prevalence,0.0013166672518521,56962,75,
7258dc261e2a,rho_sweep,ULB,chronological,0,N,KMeans,0.005,0.005,lift,67.88767225325884,56962,75,
7258dc261e2a,rho_sweep,ULB,chronological,0,N,KMeans,0.005,0.005,tie_ratio,0.0070399044960587,56962,75,
7258dc261e2a,rho_sweep,ULB,chronological,0,N,KMeans,0.005,0.005,fit_seconds,9.001765727996826,56962,75,
7258dc261e2a,rho_sweep,ULB,chronological,0,N,KMeans,0.005,0.005,score_seconds,0.159839391708374,56962,75,
fea5baeef708,rho_sweep,ULB,chronological,0,N,Ensemble,0.005,0.005,PR_AUC,0.1399664083152083,56962,75,
fea5baeef708,rho_sweep,ULB,chronological,0,N,Ensemble,0.005,0.005,ROC_AUC,0.9638818476394724,56962,75,
fea5baeef708,rho_sweep,ULB,chronological,0,N,Ensemble,0.005,0.005,Precision,0.2176165803108808,56962,75,
fea5baeef708,rho_sweep,ULB,chronological,0,N,Ensemble,0.005,0.005,Recall,0.56,56962,75,
fea5baeef708,rho_sweep,ULB,chronological,0,N,Ensemble,0.005,0.005,F1,0.3134328358208955,56962,75,
fea5baeef708,rho_sweep,ULB,chronological,0,N,Ensemble,0.005,0.005,TN,56736.0,56962,75,
fea5baeef708,rho_sweep,ULB,chronological,0,N,Ensemble,0.005,0.005,FP,151.0,56962,75,
fea5baeef708,rho_sweep,ULB,chronological,0,N,Ensemble,0.005,0.005,FN,33.0,56962,75,
fea5baeef708,rho_sweep,ULB,chronological,0,N,Ensemble,0.005,0.005,TP,42.0,56962,75,
fea5baeef708,rho_sweep,ULB,chronological,0,N,Ensemble,0.005,0.005,n_alerts,193.0,56962,75,
fea5baeef708,rho_sweep,ULB,chronological,0,N,Ensemble,0.005,0.005,alert_rate,0.0033882237280994,56962,75,
fea5baeef708,rho_sweep,ULB,chronological,0,N,Ensemble,0.005,0.005,prevalence,0.0013166672518521,56962,75,
fea5baeef708,rho_sweep,ULB,chronological,0,N,Ensemble,0.005,0.005,lift,165.27834196891192,56962,75,
fea5baeef708,rho_sweep,ULB,chronological,0,N,Ensemble,0.005,0.005,tie_ratio,0.0723126349607626,56962,75,
fea5baeef708,rho_sweep,ULB,chronological,0,N,Ensemble,0.005,0.005,fit_seconds,0.0,56962,75,
fea5baeef708,rho_sweep,ULB,chronological,0,N,Ensemble,0.005,0.005,score_seconds,0.0,56962,75,
18f214fbe960,rho_sweep,ULB,chronological,0,N,Ensemble,0.005,0.005,single_point_invariant,1.0,56962,75,invariance
474d6d78b72f,rho_sweep,ULB,chronological,0,U,IsolationForest,0.01,0.01,PR_AUC,0.054562789355073,56962,75,
474d6d78b72f,rho_sweep,ULB,chronological,0,U,IsolationForest,0.01,0.01,ROC_AUC,0.9484357879070204,56962,75,
474d6d78b72f,rho_sweep,ULB,chronological,0,U,IsolationForest,0.01,0.01,Precision,0.0898058252427184,56962,75,
474d6d78b72f,rho_sweep,ULB,chronological,0,U,IsolationForest,0.01,0.01,Recall,0.4933333333333333,56962,75,
474d6d78b72f,rho_sweep,ULB,chronological,0,U,IsolationForest,0.01,0.01,F1,0.1519507186858316,56962,75,
474d6d78b72f,rho_sweep,ULB,chronological,0,U,IsolationForest,0.01,0.01,TN,56512.0,56962,75,
474d6d78b72f,rho_sweep,ULB,chronological,0,U,IsolationForest,0.01,0.01,FP,375.0,56962,75,
474d6d78b72f,rho_sweep,ULB,chronological,0,U,IsolationForest,0.01,0.01,FN,38.0,56962,75,
474d6d78b72f,rho_sweep,ULB,chronological,0,U,IsolationForest,0.01,0.01,TP,37.0,56962,75,
474d6d78b72f,rho_sweep,ULB,chronological,0,U,IsolationForest,0.01,0.01,n_alerts,412.0,56962,75,
474d6d78b72f,rho_sweep,ULB,chronological,0,U,IsolationForest,0.01,0.01,alert_rate,0.0072328921035076,56962,75,
474d6d78b72f,rho_sweep,ULB,chronological,0,U,IsolationForest,0.01,0.01,prevalence,0.0013166672518521,56962,75,
474d6d78b72f,rho_sweep,ULB,chronological,0,U,IsolationForest,0.01,0.01,lift,68.20692556634305,56962,75,
474d6d78b72f,rho_sweep,ULB,chronological,0,U,IsolationForest,0.01,0.01,tie_ratio,0.0196274644054703,56962,75,
474d6d78b72f,rho_sweep,ULB,chronological,0,U,IsolationForest,0.01,0.01,fit_seconds,1.6793699264526367,56962,75,
474d6d78b72f,rho_sweep,ULB,chronological,0,U,IsolationForest,0.01,0.01,score_seconds,2.5991432666778564,56962,75,
2d853b8587b0,rho_sweep,ULB,chronological,0,U,LOF,0.01,0.01,PR_AUC,0.0762793993340145,56962,75,
2d853b8587b0,rho_sweep,ULB,chronological,0,U,LOF,0.01,0.01,ROC_AUC,0.8178164900006446,56962,75,
2d853b8587b0,rho_sweep,ULB,chronological,0,U,LOF,0.01,0.01,Precision,0.0232383808095952,56962,75,
2d853b8587b0,rho_sweep,ULB,chronological,0,U,LOF,0.01,0.01,Recall,0.4133333333333333,56962,75,
2d853b8587b0,rho_sweep,ULB,chronological,0,U,LOF,0.01,0.01,F1,0.0440028388928318,56962,75,
2d853b8587b0,rho_sweep,ULB,chronological,0,U,LOF,0.01,0.01,TN,55584.0,56962,75,
2d853b8587b0,rho_sweep,ULB,chronological,0,U,LOF,0.01,0.01,FP,1303.0,56962,75,
2d853b8587b0,rho_sweep,ULB,chronological,0,U,LOF,0.01,0.01,FN,44.0,56962,75,
2d853b8587b0,rho_sweep,ULB,chronological,0,U,LOF,0.01,0.01,TP,31.0,56962,75,
2d853b8587b0,rho_sweep,ULB,chronological,0,U,LOF,0.01,0.01,n_alerts,1334.0,56962,75,
2d853b8587b0,rho_sweep,ULB,chronological,0,U,LOF,0.01,0.01,alert_rate,0.0234191215196095,56962,75,
2d853b8587b0,rho_sweep,ULB,chronological,0,U,LOF,0.01,0.01,prevalence,0.0013166672518521,56962,75,
2d853b8587b0,rho_sweep,ULB,chronological,0,U,LOF,0.01,0.01,lift,17.649395302348825,56962,75,
2d853b8587b0,rho_sweep,ULB,chronological,0,U,LOF,0.01,0.01,tie_ratio,0.0202243640385526,56962,75,
2d853b8587b0,rho_sweep,ULB,chronological,0,U,LOF,0.01,0.01,fit_seconds,1.0820448398590088,56962,75,
2d853b8587b0,rho_sweep,ULB,chronological,0,U,LOF,0.01,0.01,score_seconds,5.957900047302246,56962,75,
e98a7c70b099,rho_sweep,ULB,chronological,0,U,OneClassSVM,0.01,0.01,PR_AUC,0.0822250476345071,56962,75,
e98a7c70b099,rho_sweep,ULB,chronological,0,U,OneClassSVM,0.01,0.01,ROC_AUC,0.94732176654303,56962,75,
e98a7c70b099,rho_sweep,ULB,chronological,0,U,OneClassSVM,0.01,0.01,Precision,0.1038647342995169,56962,75,
e98a7c70b099,rho_sweep,ULB,chronological,0,U,OneClassSVM,0.01,0.01,Recall,0.5733333333333334,56962,75,
e98a7c70b099,rho_sweep,ULB,chronological,0,U,OneClassSVM,0.01,0.01,F1,0.1758691206543967,56962,75,
e98a7c70b099,rho_sweep,ULB,chronological,0,U,OneClassSVM,0.01,0.01,TN,56516.0,56962,75,
e98a7c70b099,rho_sweep,ULB,chronological,0,U,OneClassSVM,0.01,0.01,FP,371.0,56962,75,
e98a7c70b099,rho_sweep,ULB,chronological,0,U,OneClassSVM,0.01,0.01,FN,32.0,56962,75,
e98a7c70b099,rho_sweep,ULB,chronological,0,U,OneClassSVM,0.01,0.01,TP,43.0,56962,75,
e98a7c70b099,rho_sweep,ULB,chronological,0,U,OneClassSVM,0.01,0.01,n_alerts,414.0,56962,75,
e98a7c70b099,rho_sweep,ULB,chronological,0,U,OneClassSVM,0.01,0.01,alert_rate,0.0072680032302236,56962,75,
e98a7c70b099,rho_sweep,ULB,chronological,0,U,OneClassSVM,0.01,0.01,prevalence,0.0013166672518521,56962,75,
e98a7c70b099,rho_sweep,ULB,chronological,0,U,OneClassSVM,0.01,0.01,lift,78.8845732689211,56962,75,
e98a7c70b099,rho_sweep,ULB,chronological,0,U,OneClassSVM,0.01,0.01,tie_ratio,0.0035638419269324,56962,75,
e98a7c70b099,rho_sweep,ULB,chronological,0,U,OneClassSVM,0.01,0.01,fit_seconds,1.405489206314087,56962,75,
e98a7c70b099,rho_sweep,ULB,chronological,0,U,OneClassSVM,0.01,0.01,score_seconds,10.371381521224976,56962,75,
d0dfedd6d4ea,rho_sweep,ULB,chronological,0,U,DBSCAN,0.01,0.01,PR_AUC,0.0247251001182242,56962,75,
d0dfedd6d4ea,rho_sweep,ULB,chronological,0,U,DBSCAN,0.01,0.01,ROC_AUC,0.9381904477297096,56962,75,
d0dfedd6d4ea,rho_sweep,ULB,chronological,0,U,DBSCAN,0.01,0.01,Precision,0.0151515151515151,56962,75,
d0dfedd6d4ea,rho_sweep,ULB,chronological,0,U,DBSCAN,0.01,0.01,Recall,0.08,56962,75,
d0dfedd6d4ea,rho_sweep,ULB,chronological,0,U,DBSCAN,0.01,0.01,F1,0.0254777070063694,56962,75,
d0dfedd6d4ea,rho_sweep,ULB,chronological,0,U,DBSCAN,0.01,0.01,TN,56497.0,56962,75,
d0dfedd6d4ea,rho_sweep,ULB,chronological,0,U,DBSCAN,0.01,0.01,FP,390.0,56962,75,
d0dfedd6d4ea,rho_sweep,ULB,chronological,0,U,DBSCAN,0.01,0.01,FN,69.0,56962,75,
d0dfedd6d4ea,rho_sweep,ULB,chronological,0,U,DBSCAN,0.01,0.01,TP,6.0,56962,75,
d0dfedd6d4ea,rho_sweep,ULB,chronological,0,U,DBSCAN,0.01,0.01,n_alerts,396.0,56962,75,
d0dfedd6d4ea,rho_sweep,ULB,chronological,0,U,DBSCAN,0.01,0.01,alert_rate,0.0069520030897791,56962,75,
d0dfedd6d4ea,rho_sweep,ULB,chronological,0,U,DBSCAN,0.01,0.01,prevalence,0.0013166672518521,56962,75,
d0dfedd6d4ea,rho_sweep,ULB,chronological,0,U,DBSCAN,0.01,0.01,lift,11.507474747474747,56962,75,
d0dfedd6d4ea,rho_sweep,ULB,chronological,0,U,DBSCAN,0.01,0.01,tie_ratio,0.0060392198170677,56962,75,
d0dfedd6d4ea,rho_sweep,ULB,chronological,0,U,DBSCAN,0.01,0.01,fit_seconds,0.7933781147003174,56962,75,
d0dfedd6d4ea,rho_sweep,ULB,chronological,0,U,DBSCAN,0.01,0.01,score_seconds,0.0337555408477783,56962,75,
f584ac846b53,rho_sweep,ULB,chronological,0,U,KMeans,0.01,0.01,PR_AUC,0.067885955035365,56962,75,
f584ac846b53,rho_sweep,ULB,chronological,0,U,KMeans,0.01,0.01,ROC_AUC,0.9667539742530514,56962,75,
f584ac846b53,rho_sweep,ULB,chronological,0,U,KMeans,0.01,0.01,Precision,0.0904645476772616,56962,75,
f584ac846b53,rho_sweep,ULB,chronological,0,U,KMeans,0.01,0.01,Recall,0.4933333333333333,56962,75,
f584ac846b53,rho_sweep,ULB,chronological,0,U,KMeans,0.01,0.01,F1,0.152892561983471,56962,75,
f584ac846b53,rho_sweep,ULB,chronological,0,U,KMeans,0.01,0.01,TN,56515.0,56962,75,
f584ac846b53,rho_sweep,ULB,chronological,0,U,KMeans,0.01,0.01,FP,372.0,56962,75,
f584ac846b53,rho_sweep,ULB,chronological,0,U,KMeans,0.01,0.01,FN,38.0,56962,75,
f584ac846b53,rho_sweep,ULB,chronological,0,U,KMeans,0.01,0.01,TP,37.0,56962,75,
f584ac846b53,rho_sweep,ULB,chronological,0,U,KMeans,0.01,0.01,n_alerts,409.0,56962,75,
f584ac846b53,rho_sweep,ULB,chronological,0,U,KMeans,0.01,0.01,alert_rate,0.0071802254134335,56962,75,
f584ac846b53,rho_sweep,ULB,chronological,0,U,KMeans,0.01,0.01,prevalence,0.0013166672518521,56962,75,
f584ac846b53,rho_sweep,ULB,chronological,0,U,KMeans,0.01,0.01,lift,68.70722086389569,56962,75,
f584ac846b53,rho_sweep,ULB,chronological,0,U,KMeans,0.01,0.01,tie_ratio,0.0065834518354663,56962,75,
f584ac846b53,rho_sweep,ULB,chronological,0,U,KMeans,0.01,0.01,fit_seconds,8.79152512550354,56962,75,
f584ac846b53,rho_sweep,ULB,chronological,0,U,KMeans,0.01,0.01,score_seconds,0.1764981746673584,56962,75,
06c7f7d3e67d,rho_sweep,ULB,chronological,0,U,Ensemble,0.01,0.01,PR_AUC,0.0695231051677495,56962,75,
06c7f7d3e67d,rho_sweep,ULB,chronological,0,U,Ensemble,0.01,0.01,ROC_AUC,0.9585122552897264,56962,75,
06c7f7d3e67d,rho_sweep,ULB,chronological,0,U,Ensemble,0.01,0.01,Precision,0.0932754880694143,56962,75,
06c7f7d3e67d,rho_sweep,ULB,chronological,0,U,Ensemble,0.01,0.01,Recall,0.5733333333333334,56962,75,
06c7f7d3e67d,rho_sweep,ULB,chronological,0,U,Ensemble,0.01,0.01,F1,0.1604477611940298,56962,75,
06c7f7d3e67d,rho_sweep,ULB,chronological,0,U,Ensemble,0.01,0.01,TN,56469.0,56962,75,
06c7f7d3e67d,rho_sweep,ULB,chronological,0,U,Ensemble,0.01,0.01,FP,418.0,56962,75,
06c7f7d3e67d,rho_sweep,ULB,chronological,0,U,Ensemble,0.01,0.01,FN,32.0,56962,75,
06c7f7d3e67d,rho_sweep,ULB,chronological,0,U,Ensemble,0.01,0.01,TP,43.0,56962,75,
06c7f7d3e67d,rho_sweep,ULB,chronological,0,U,Ensemble,0.01,0.01,n_alerts,461.0,56962,75,
06c7f7d3e67d,rho_sweep,ULB,chronological,0,U,Ensemble,0.01,0.01,alert_rate,0.0080931147080509,56962,75,
06c7f7d3e67d,rho_sweep,ULB,chronological,0,U,Ensemble,0.01,0.01,prevalence,0.0013166672518521,56962,75,
06c7f7d3e67d,rho_sweep,ULB,chronological,0,U,Ensemble,0.01,0.01,lift,70.84211135213305,56962,75,
06c7f7d3e67d,rho_sweep,ULB,chronological,0,U,Ensemble,0.01,0.01,tie_ratio,0.0709608328505468,56962,75,
06c7f7d3e67d,rho_sweep,ULB,chronological,0,U,Ensemble,0.01,0.01,fit_seconds,0.0,56962,75,
06c7f7d3e67d,rho_sweep,ULB,chronological,0,U,Ensemble,0.01,0.01,score_seconds,0.0,56962,75,
30429638e6a4,rho_sweep,ULB,chronological,0,U,Ensemble,0.01,0.01,single_point_invariant,1.0,56962,75,invariance
3e030a3b51ae,rho_sweep,ULB,chronological,0,N,IsolationForest,0.01,0.01,PR_AUC,0.0368963757988218,56962,75,
3e030a3b51ae,rho_sweep,ULB,chronological,0,N,IsolationForest,0.01,0.01,ROC_AUC,0.9442236949273708,56962,75,
3e030a3b51ae,rho_sweep,ULB,chronological,0,N,IsolationForest,0.01,0.01,Precision,0.0575,56962,75,
3e030a3b51ae,rho_sweep,ULB,chronological,0,N,IsolationForest,0.01,0.01,Recall,0.3066666666666666,56962,75,
3e030a3b51ae,rho_sweep,ULB,chronological,0,N,IsolationForest,0.01,0.01,F1,0.0968421052631579,56962,75,
3e030a3b51ae,rho_sweep,ULB,chronological,0,N,IsolationForest,0.01,0.01,TN,56510.0,56962,75,
3e030a3b51ae,rho_sweep,ULB,chronological,0,N,IsolationForest,0.01,0.01,FP,377.0,56962,75,
3e030a3b51ae,rho_sweep,ULB,chronological,0,N,IsolationForest,0.01,0.01,FN,52.0,56962,75,
3e030a3b51ae,rho_sweep,ULB,chronological,0,N,IsolationForest,0.01,0.01,TP,23.0,56962,75,
3e030a3b51ae,rho_sweep,ULB,chronological,0,N,IsolationForest,0.01,0.01,n_alerts,400.0,56962,75,
3e030a3b51ae,rho_sweep,ULB,chronological,0,N,IsolationForest,0.01,0.01,alert_rate,0.0070222253432112,56962,75,
3e030a3b51ae,rho_sweep,ULB,chronological,0,N,IsolationForest,0.01,0.01,prevalence,0.0013166672518521,56962,75,
3e030a3b51ae,rho_sweep,ULB,chronological,0,N,IsolationForest,0.01,0.01,lift,43.67086666666667,56962,75,
3e030a3b51ae,rho_sweep,ULB,chronological,0,N,IsolationForest,0.01,0.01,tie_ratio,0.0182405505521321,56962,75,
3e030a3b51ae,rho_sweep,ULB,chronological,0,N,IsolationForest,0.01,0.01,fit_seconds,1.7962703704833984,56962,75,
3e030a3b51ae,rho_sweep,ULB,chronological,0,N,IsolationForest,0.01,0.01,score_seconds,2.5136265754699707,56962,75,
a3121e7e779f,rho_sweep,ULB,chronological,0,N,LOF,0.01,0.01,PR_AUC,0.603157863943587,56962,75,
a3121e7e779f,rho_sweep,ULB,chronological,0,N,LOF,0.01,0.01,ROC_AUC,0.9266049068035462,56962,75,
a3121e7e779f,rho_sweep,ULB,chronological,0,N,LOF,0.01,0.01,Precision,0.0434782608695652,56962,75,
a3121e7e779f,rho_sweep,ULB,chronological,0,N,LOF,0.01,0.01,Recall,0.8266666666666667,56962,75,
a3121e7e779f,rho_sweep,ULB,chronological,0,N,LOF,0.01,0.01,F1,0.0826115922718187,56962,75,
a3121e7e779f,rho_sweep,ULB,chronological,0,N,LOF,0.01,0.01,TN,55523.0,56962,75,
a3121e7e779f,rho_sweep,ULB,chronological,0,N,LOF,0.01,0.01,FP,1364.0,56962,75,
a3121e7e779f,rho_sweep,ULB,chronological,0,N,LOF,0.01,0.01,FN,13.0,56962,75,
a3121e7e779f,rho_sweep,ULB,chronological,0,N,LOF,0.01,0.01,TP,62.0,56962,75,
a3121e7e779f,rho_sweep,ULB,chronological,0,N,LOF,0.01,0.01,n_alerts,1426.0,56962,75,
a3121e7e779f,rho_sweep,ULB,chronological,0,N,LOF,0.01,0.01,alert_rate,0.0250342333485481,56962,75,
a3121e7e779f,rho_sweep,ULB,chronological,0,N,LOF,0.01,0.01,prevalence,0.0013166672518521,56962,75,
a3121e7e779f,rho_sweep,ULB,chronological,0,N,LOF,0.01,0.01,lift,33.021449275362315,56962,75,
a3121e7e779f,rho_sweep,ULB,chronological,0,N,LOF,0.01,0.01,tie_ratio,0.021541054405646,56962,75,
a3121e7e779f,rho_sweep,ULB,chronological,0,N,LOF,0.01,0.01,fit_seconds,1.0818803310394287,56962,75,
a3121e7e779f,rho_sweep,ULB,chronological,0,N,LOF,0.01,0.01,score_seconds,5.981619834899902,56962,75,
52ee289fabcd,rho_sweep,ULB,chronological,0,N,OneClassSVM,0.01,0.01,PR_AUC,0.1349400539664619,56962,75,
52ee289fabcd,rho_sweep,ULB,chronological,0,N,OneClassSVM,0.01,0.01,ROC_AUC,0.9539744874341533,56962,75,
52ee289fabcd,rho_sweep,ULB,chronological,0,N,OneClassSVM,0.01,0.01,Precision,0.1380145278450363,56962,75,
52ee289fabcd,rho_sweep,ULB,chronological,0,N,OneClassSVM,0.01,0.01,Recall,0.76,56962,75,
52ee289fabcd,rho_sweep,ULB,chronological,0,N,OneClassSVM,0.01,0.01,F1,0.2336065573770492,56962,75,
52ee289fabcd,rho_sweep,ULB,chronological,0,N,OneClassSVM,0.01,0.01,TN,56531.0,56962,75,
52ee289fabcd,rho_sweep,ULB,chronological,0,N,OneClassSVM,0.01,0.01,FP,356.0,56962,75,
52ee289fabcd,rho_sweep,ULB,chronological,0,N,OneClassSVM,0.01,0.01,FN,18.0,56962,75,
52ee289fabcd,rho_sweep,ULB,chronological,0,N,OneClassSVM,0.01,0.01,TP,57.0,56962,75,
52ee289fabcd,rho_sweep,ULB,chronological,0,N,OneClassSVM,0.01,0.01,n_alerts,413.0,56962,75,
52ee289fabcd,rho_sweep,ULB,chronological,0,N,OneClassSVM,0.01,0.01,alert_rate,0.0072504476668656,56962,75,
52ee289fabcd,rho_sweep,ULB,chronological,0,N,OneClassSVM,0.01,0.01,prevalence,0.0013166672518521,56962,75,
52ee289fabcd,rho_sweep,ULB,chronological,0,N,OneClassSVM,0.01,0.01,lift,104.82111380145278,56962,75,
52ee289fabcd,rho_sweep,ULB,chronological,0,N,OneClassSVM,0.01,0.01,tie_ratio,0.0036867330278611,56962,75,
52ee289fabcd,rho_sweep,ULB,chronological,0,N,OneClassSVM,0.01,0.01,fit_seconds,1.514906644821167,56962,75,
52ee289fabcd,rho_sweep,ULB,chronological,0,N,OneClassSVM,0.01,0.01,score_seconds,11.629364967346191,56962,75,
72d06075b05b,rho_sweep,ULB,chronological,0,N,DBSCAN,0.01,0.01,PR_AUC,0.0250214983874059,56962,75,
72d06075b05b,rho_sweep,ULB,chronological,0,N,DBSCAN,0.01,0.01,ROC_AUC,0.9437054745958362,56962,75,
72d06075b05b,rho_sweep,ULB,chronological,0,N,DBSCAN,0.01,0.01,Precision,0.0151898734177215,56962,75,
72d06075b05b,rho_sweep,ULB,chronological,0,N,DBSCAN,0.01,0.01,Recall,0.08,56962,75,
72d06075b05b,rho_sweep,ULB,chronological,0,N,DBSCAN,0.01,0.01,F1,0.025531914893617,56962,75,
72d06075b05b,rho_sweep,ULB,chronological,0,N,DBSCAN,0.01,0.01,TN,56498.0,56962,75,
72d06075b05b,rho_sweep,ULB,chronological,0,N,DBSCAN,0.01,0.01,FP,389.0,56962,75,
72d06075b05b,rho_sweep,ULB,chronological,0,N,DBSCAN,0.01,0.01,FN,69.0,56962,75,
72d06075b05b,rho_sweep,ULB,chronological,0,N,DBSCAN,0.01,0.01,TP,6.0,56962,75,
72d06075b05b,rho_sweep,ULB,chronological,0,N,DBSCAN,0.01,0.01,n_alerts,395.0,56962,75,
72d06075b05b,rho_sweep,ULB,chronological,0,N,DBSCAN,0.01,0.01,alert_rate,0.0069344475264211,56962,75,
72d06075b05b,rho_sweep,ULB,chronological,0,N,DBSCAN,0.01,0.01,prevalence,0.0013166672518521,56962,75,
72d06075b05b,rho_sweep,ULB,chronological,0,N,DBSCAN,0.01,0.01,lift,11.536607594936708,56962,75,
72d06075b05b,rho_sweep,ULB,chronological,0,N,DBSCAN,0.01,0.01,tie_ratio,0.0061094433033127,56962,75,
72d06075b05b,rho_sweep,ULB,chronological,0,N,DBSCAN,0.01,0.01,fit_seconds,0.7926349639892578,56962,75,
72d06075b05b,rho_sweep,ULB,chronological,0,N,DBSCAN,0.01,0.01,score_seconds,0.0497798919677734,56962,75,
b9ea70cc1ddf,rho_sweep,ULB,chronological,0,N,KMeans,0.01,0.01,PR_AUC,0.0673482356157087,56962,75,
b9ea70cc1ddf,rho_sweep,ULB,chronological,0,N,KMeans,0.01,0.01,ROC_AUC,0.9670830476793176,56962,75,
b9ea70cc1ddf,rho_sweep,ULB,chronological,0,N,KMeans,0.01,0.01,Precision,0.0984455958549222,56962,75,
b9ea70cc1ddf,rho_sweep,ULB,chronological,0,N,KMeans,0.01,0.01,Recall,0.5066666666666667,56962,75,
b9ea70cc1ddf,rho_sweep,ULB,chronological,0,N,KMeans,0.01,0.01,F1,0.1648590021691974,56962,75,
b9ea70cc1ddf,rho_sweep,ULB,chronological,0,N,KMeans,0.01,0.01,TN,56539.0,56962,75,
b9ea70cc1ddf,rho_sweep,ULB,chronological,0,N,KMeans,0.01,0.01,FP,348.0,56962,75,
b9ea70cc1ddf,rho_sweep,ULB,chronological,0,N,KMeans,0.01,0.01,FN,37.0,56962,75,
b9ea70cc1ddf,rho_sweep,ULB,chronological,0,N,KMeans,0.01,0.01,TP,38.0,56962,75,
b9ea70cc1ddf,rho_sweep,ULB,chronological,0,N,KMeans,0.01,0.01,n_alerts,386.0,56962,75,
b9ea70cc1ddf,rho_sweep,ULB,chronological,0,N,KMeans,0.01,0.01,alert_rate,0.0067764474561988,56962,75,
b9ea70cc1ddf,rho_sweep,ULB,chronological,0,N,KMeans,0.01,0.01,prevalence,0.0013166672518521,56962,75,
b9ea70cc1ddf,rho_sweep,ULB,chronological,0,N,KMeans,0.01,0.01,lift,74.76877374784111,56962,75,
b9ea70cc1ddf,rho_sweep,ULB,chronological,0,N,KMeans,0.01,0.01,tie_ratio,0.0070223486244974,56962,75,
b9ea70cc1ddf,rho_sweep,ULB,chronological,0,N,KMeans,0.01,0.01,fit_seconds,8.851516008377075,56962,75,
b9ea70cc1ddf,rho_sweep,ULB,chronological,0,N,KMeans,0.01,0.01,score_seconds,0.1590666770935058,56962,75,
e35dced08329,rho_sweep,ULB,chronological,0,N,Ensemble,0.01,0.01,PR_AUC,0.1406848201639823,56962,75,
e35dced08329,rho_sweep,ULB,chronological,0,N,Ensemble,0.01,0.01,ROC_AUC,0.963874698964614,56962,75,
e35dced08329,rho_sweep,ULB,chronological,0,N,Ensemble,0.01,0.01,Precision,0.1278026905829596,56962,75,
e35dced08329,rho_sweep,ULB,chronological,0,N,Ensemble,0.01,0.01,Recall,0.76,56962,75,
e35dced08329,rho_sweep,ULB,chronological,0,N,Ensemble,0.01,0.01,F1,0.218809980806142,56962,75,
e35dced08329,rho_sweep,ULB,chronological,0,N,Ensemble,0.01,0.01,TN,56498.0,56962,75,
e35dced08329,rho_sweep,ULB,chronological,0,N,Ensemble,0.01,0.01,FP,389.0,56962,75,
e35dced08329,rho_sweep,ULB,chronological,0,N,Ensemble,0.01,0.01,FN,18.0,56962,75,
e35dced08329,rho_sweep,ULB,chronological,0,N,Ensemble,0.01,0.01,TP,57.0,56962,75,
e35dced08329,rho_sweep,ULB,chronological,0,N,Ensemble,0.01,0.01,n_alerts,446.0,56962,75,
e35dced08329,rho_sweep,ULB,chronological,0,N,Ensemble,0.01,0.01,alert_rate,0.0078297812576805,56962,75,
e35dced08329,rho_sweep,ULB,chronological,0,N,Ensemble,0.01,0.01,prevalence,0.0013166672518521,56962,75,
e35dced08329,rho_sweep,ULB,chronological,0,N,Ensemble,0.01,0.01,lift,97.06529147982064,56962,75,
e35dced08329,rho_sweep,ULB,chronological,0,N,Ensemble,0.01,0.01,tie_ratio,0.0702234862449746,56962,75,
e35dced08329,rho_sweep,ULB,chronological,0,N,Ensemble,0.01,0.01,fit_seconds,0.0,56962,75,
e35dced08329,rho_sweep,ULB,chronological,0,N,Ensemble,0.01,0.01,score_seconds,0.0,56962,75,
3def01e48bca,rho_sweep,ULB,chronological,0,N,Ensemble,0.01,0.01,single_point_invariant,1.0,56962,75,invariance
2c05be5bb8b2,rho_sweep,ULB,chronological,0,U,IsolationForest,0.02,0.02,PR_AUC,0.054562789355073,56962,75,
2c05be5bb8b2,rho_sweep,ULB,chronological,0,U,IsolationForest,0.02,0.02,ROC_AUC,0.9484357879070204,56962,75,
2c05be5bb8b2,rho_sweep,ULB,chronological,0,U,IsolationForest,0.02,0.02,Precision,0.048076923076923,56962,75,
2c05be5bb8b2,rho_sweep,ULB,chronological,0,U,IsolationForest,0.02,0.02,Recall,0.6,56962,75,
2c05be5bb8b2,rho_sweep,ULB,chronological,0,U,IsolationForest,0.02,0.02,F1,0.0890207715133531,56962,75,
2c05be5bb8b2,rho_sweep,ULB,chronological,0,U,IsolationForest,0.02,0.02,TN,55996.0,56962,75,
2c05be5bb8b2,rho_sweep,ULB,chronological,0,U,IsolationForest,0.02,0.02,FP,891.0,56962,75,
2c05be5bb8b2,rho_sweep,ULB,chronological,0,U,IsolationForest,0.02,0.02,FN,30.0,56962,75,
2c05be5bb8b2,rho_sweep,ULB,chronological,0,U,IsolationForest,0.02,0.02,TP,45.0,56962,75,
2c05be5bb8b2,rho_sweep,ULB,chronological,0,U,IsolationForest,0.02,0.02,n_alerts,936.0,56962,75,
2c05be5bb8b2,rho_sweep,ULB,chronological,0,U,IsolationForest,0.02,0.02,alert_rate,0.0164320073031143,56962,75,
2c05be5bb8b2,rho_sweep,ULB,chronological,0,U,IsolationForest,0.02,0.02,prevalence,0.0013166672518521,56962,75,
2c05be5bb8b2,rho_sweep,ULB,chronological,0,U,IsolationForest,0.02,0.02,lift,36.514102564102565,56962,75,
2c05be5bb8b2,rho_sweep,ULB,chronological,0,U,IsolationForest,0.02,0.02,tie_ratio,0.0196274644054703,56962,75,
2c05be5bb8b2,rho_sweep,ULB,chronological,0,U,IsolationForest,0.02,0.02,fit_seconds,1.4912195205688477,56962,75,
2c05be5bb8b2,rho_sweep,ULB,chronological,0,U,IsolationForest,0.02,0.02,score_seconds,2.5935065746307373,56962,75,
1da0e4308dea,rho_sweep,ULB,chronological,0,U,LOF,0.02,0.02,PR_AUC,0.0762793993340145,56962,75,
1da0e4308dea,rho_sweep,ULB,chronological,0,U,LOF,0.02,0.02,ROC_AUC,0.8178164900006446,56962,75,
1da0e4308dea,rho_sweep,ULB,chronological,0,U,LOF,0.02,0.02,Precision,0.0127630217316315,56962,75,
1da0e4308dea,rho_sweep,ULB,chronological,0,U,LOF,0.02,0.02,Recall,0.4933333333333333,56962,75,
1da0e4308dea,rho_sweep,ULB,chronological,0,U,LOF,0.02,0.02,F1,0.0248823133826496,56962,75,
1da0e4308dea,rho_sweep,ULB,chronological,0,U,LOF,0.02,0.02,TN,54025.0,56962,75,
1da0e4308dea,rho_sweep,ULB,chronological,0,U,LOF,0.02,0.02,FP,2862.0,56962,75,
1da0e4308dea,rho_sweep,ULB,chronological,0,U,LOF,0.02,0.02,FN,38.0,56962,75,
1da0e4308dea,rho_sweep,ULB,chronological,0,U,LOF,0.02,0.02,TP,37.0,56962,75,
1da0e4308dea,rho_sweep,ULB,chronological,0,U,LOF,0.02,0.02,n_alerts,2899.0,56962,75,
1da0e4308dea,rho_sweep,ULB,chronological,0,U,LOF,0.02,0.02,alert_rate,0.0508935781749236,56962,75,
1da0e4308dea,rho_sweep,ULB,chronological,0,U,LOF,0.02,0.02,prevalence,0.0013166672518521,56962,75,
1da0e4308dea,rho_sweep,ULB,chronological,0,U,LOF,0.02,0.02,lift,9.693429918362654,56962,75,
1da0e4308dea,rho_sweep,ULB,chronological,0,U,LOF,0.02,0.02,tie_ratio,0.0202243640385526,56962,75,
1da0e4308dea,rho_sweep,ULB,chronological,0,U,LOF,0.02,0.02,fit_seconds,0.966120719909668,56962,75,
1da0e4308dea,rho_sweep,ULB,chronological,0,U,LOF,0.02,0.02,score_seconds,5.937625169754028,56962,75,
02c55bc15bd9,rho_sweep,ULB,chronological,0,U,OneClassSVM,0.02,0.02,PR_AUC,0.0802135266005183,56962,75,
02c55bc15bd9,rho_sweep,ULB,chronological,0,U,OneClassSVM,0.02,0.02,ROC_AUC,0.95036241437704,56962,75,
02c55bc15bd9,rho_sweep,ULB,chronological,0,U,OneClassSVM,0.02,0.02,Precision,0.0566801619433198,56962,75,
02c55bc15bd9,rho_sweep,ULB,chronological,0,U,OneClassSVM,0.02,0.02,Recall,0.7466666666666667,56962,75,
02c55bc15bd9,rho_sweep,ULB,chronological,0,U,OneClassSVM,0.02,0.02,F1,0.1053621825023518,56962,75,
02c55bc15bd9,rho_sweep,ULB,chronological,0,U,OneClassSVM,0.02,0.02,TN,55955.0,56962,75,
02c55bc15bd9,rho_sweep,ULB,chronological,0,U,OneClassSVM,0.02,0.02,FP,932.0,56962,75,
02c55bc15bd9,rho_sweep,ULB,chronological,0,U,OneClassSVM,0.02,0.02,FN,19.0,56962,75,
02c55bc15bd9,rho_sweep,ULB,chronological,0,U,OneClassSVM,0.02,0.02,TP,56.0,56962,75,
02c55bc15bd9,rho_sweep,ULB,chronological,0,U,OneClassSVM,0.02,0.02,n_alerts,988.0,56962,75,
02c55bc15bd9,rho_sweep,ULB,chronological,0,U,OneClassSVM,0.02,0.02,alert_rate,0.0173448965977318,56962,75,
02c55bc15bd9,rho_sweep,ULB,chronological,0,U,OneClassSVM,0.02,0.02,prevalence,0.0013166672518521,56962,75,
02c55bc15bd9,rho_sweep,ULB,chronological,0,U,OneClassSVM,0.02,0.02,lift,43.048205128205126,56962,75,
02c55bc15bd9,rho_sweep,ULB,chronological,0,U,OneClassSVM,0.02,0.02,tie_ratio,0.0035638419269324,56962,75,
02c55bc15bd9,rho_sweep,ULB,chronological,0,U,OneClassSVM,0.02,0.02,fit_seconds,2.022219657897949,56962,75,
02c55bc15bd9,rho_sweep,ULB,chronological,0,U,OneClassSVM,0.02,0.02,score_seconds,12.553985834121704,56962,75,
1d02df6ac6c9,rho_sweep,ULB,chronological,0,U,DBSCAN,0.02,0.02,PR_AUC,0.0247251001182242,56962,75,
1d02df6ac6c9,rho_sweep,ULB,chronological,0,U,DBSCAN,0.02,0.02,ROC_AUC,0.9381904477297096,56962,75,
1d02df6ac6c9,rho_sweep,ULB,chronological,0,U,DBSCAN,0.02,0.02,Precision,0.0330969267139479,56962,75,
1d02df6ac6c9,rho_sweep,ULB,chronological,0,U,DBSCAN,0.02,0.02,Recall,0.3733333333333333,56962,75,
1d02df6ac6c9,rho_sweep,ULB,chronological,0,U,DBSCAN,0.02,0.02,F1,0.0608034744842562,56962,75,
1d02df6ac6c9,rho_sweep,ULB,chronological,0,U,DBSCAN,0.02,0.02,TN,56069.0,56962,75,
1d02df6ac6c9,rho_sweep,ULB,chronological,0,U,DBSCAN,0.02,0.02,FP,818.0,56962,75,
1d02df6ac6c9,rho_sweep,ULB,chronological,0,U,DBSCAN,0.02,0.02,FN,47.0,56962,75,
1d02df6ac6c9,rho_sweep,ULB,chronological,0,U,DBSCAN,0.02,0.02,TP,28.0,56962,75,
1d02df6ac6c9,rho_sweep,ULB,chronological,0,U,DBSCAN,0.02,0.02,n_alerts,846.0,56962,75,
1d02df6ac6c9,rho_sweep,ULB,chronological,0,U,DBSCAN,0.02,0.02,alert_rate,0.0148520066008918,56962,75,
1d02df6ac6c9,rho_sweep,ULB,chronological,0,U,DBSCAN,0.02,0.02,prevalence,0.0013166672518521,56962,75,
1d02df6ac6c9,rho_sweep,ULB,chronological,0,U,DBSCAN,0.02,0.02,lift,25.136895193065406,56962,75,
1d02df6ac6c9,rho_sweep,ULB,chronological,0,U,DBSCAN,0.02,0.02,tie_ratio,0.0060392198170677,56962,75,
1d02df6ac6c9,rho_sweep,ULB,chronological,0,U,DBSCAN,0.02,0.02,fit_seconds,0.7908623218536377,56962,75,
1d02df6ac6c9,rho_sweep,ULB,chronological,0,U,DBSCAN,0.02,0.02,score_seconds,0.0340123176574707,56962,75,
fbb86f625f8c,rho_sweep,ULB,chronological,0,U,KMeans,0.02,0.02,PR_AUC,0.067885955035365,56962,75,
fbb86f625f8c,rho_sweep,ULB,chronological,0,U,KMeans,0.02,0.02,ROC_AUC,0.9667539742530514,56962,75,
fbb86f625f8c,rho_sweep,ULB,chronological,0,U,KMeans,0.02,0.02,Precision,0.0633879781420765,56962,75,
fbb86f625f8c,rho_sweep,ULB,chronological,0,U,KMeans,0.02,0.02,Recall,0.7733333333333333,56962,75,
fbb86f625f8c,rho_sweep,ULB,chronological,0,U,KMeans,0.02,0.02,F1,0.1171717171717171,56962,75,
fbb86f625f8c,rho_sweep,ULB,chronological,0,U,KMeans,0.02,0.02,TN,56030.0,56962,75,
fbb86f625f8c,rho_sweep,ULB,chronological,0,U,KMeans,0.02,0.02,FP,857.0,56962,75,
fbb86f625f8c,rho_sweep,ULB,chronological,0,U,KMeans,0.02,0.02,FN,17.0,56962,75,
fbb86f625f8c,rho_sweep,ULB,chronological,0,U,KMeans,0.02,0.02,TP,58.0,56962,75,
fbb86f625f8c,rho_sweep,ULB,chronological,0,U,KMeans,0.02,0.02,n_alerts,915.0,56962,75,
fbb86f625f8c,rho_sweep,ULB,chronological,0,U,KMeans,0.02,0.02,alert_rate,0.0160633404725957,56962,75,
fbb86f625f8c,rho_sweep,ULB,chronological,0,U,KMeans,0.02,0.02,prevalence,0.0013166672518521,56962,75,
fbb86f625f8c,rho_sweep,ULB,chronological,0,U,KMeans,0.02,0.02,lift,48.14274681238616,56962,75,
fbb86f625f8c,rho_sweep,ULB,chronological,0,U,KMeans,0.02,0.02,tie_ratio,0.0065307842207826,56962,75,
fbb86f625f8c,rho_sweep,ULB,chronological,0,U,KMeans,0.02,0.02,fit_seconds,9.07271146774292,56962,75,
fbb86f625f8c,rho_sweep,ULB,chronological,0,U,KMeans,0.02,0.02,score_seconds,0.1696453094482422,56962,75,
25e21ec6cd57,rho_sweep,ULB,chronological,0,U,Ensemble,0.02,0.02,PR_AUC,0.0693073907236634,56962,75,
25e21ec6cd57,rho_sweep,ULB,chronological,0,U,Ensemble,0.02,0.02,ROC_AUC,0.9584909264565424,56962,75,
25e21ec6cd57,rho_sweep,ULB,chronological,0,U,Ensemble,0.02,0.02,Precision,0.0488888888888888,56962,75,
25e21ec6cd57,rho_sweep,ULB,chronological,0,U,Ensemble,0.02,0.02,Recall,0.7333333333333333,56962,75,
25e21ec6cd57,rho_sweep,ULB,chronological,0,U,Ensemble,0.02,0.02,F1,0.0916666666666666,56962,75,
25e21ec6cd57,rho_sweep,ULB,chronological,0,U,Ensemble,0.02,0.02,TN,55817.0,56962,75,
25e21ec6cd57,rho_sweep,ULB,chronological,0,U,Ensemble,0.02,0.02,FP,1070.0,56962,75,
25e21ec6cd57,rho_sweep,ULB,chronological,0,U,Ensemble,0.02,0.02,FN,20.0,56962,75,
25e21ec6cd57,rho_sweep,ULB,chronological,0,U,Ensemble,0.02,0.02,TP,55.0,56962,75,
25e21ec6cd57,rho_sweep,ULB,chronological,0,U,Ensemble,0.02,0.02,n_alerts,1125.0,56962,75,
25e21ec6cd57,rho_sweep,ULB,chronological,0,U,Ensemble,0.02,0.02,alert_rate,0.0197500087777816,56962,75,
25e21ec6cd57,rho_sweep,ULB,chronological,0,U,Ensemble,0.02,0.02,prevalence,0.0013166672518521,56962,75,
25e21ec6cd57,rho_sweep,ULB,chronological,0,U,Ensemble,0.02,0.02,lift,37.13078518518519,56962,75,
25e21ec6cd57,rho_sweep,ULB,chronological,0,U,Ensemble,0.02,0.02,tie_ratio,0.0724530819332526,56962,75,
25e21ec6cd57,rho_sweep,ULB,chronological,0,U,Ensemble,0.02,0.02,fit_seconds,0.0,56962,75,
25e21ec6cd57,rho_sweep,ULB,chronological,0,U,Ensemble,0.02,0.02,score_seconds,0.0,56962,75,
4c597f623f00,rho_sweep,ULB,chronological,0,U,Ensemble,0.02,0.02,single_point_invariant,1.0,56962,75,invariance
d9c661a80810,rho_sweep,ULB,chronological,0,N,IsolationForest,0.02,0.02,PR_AUC,0.0368963757988218,56962,75,
d9c661a80810,rho_sweep,ULB,chronological,0,N,IsolationForest,0.02,0.02,ROC_AUC,0.9442236949273708,56962,75,
d9c661a80810,rho_sweep,ULB,chronological,0,N,IsolationForest,0.02,0.02,Precision,0.0436205016357688,56962,75,
d9c661a80810,rho_sweep,ULB,chronological,0,N,IsolationForest,0.02,0.02,Recall,0.5333333333333333,56962,75,
d9c661a80810,rho_sweep,ULB,chronological,0,N,IsolationForest,0.02,0.02,F1,0.0806451612903225,56962,75,
d9c661a80810,rho_sweep,ULB,chronological,0,N,IsolationForest,0.02,0.02,TN,56010.0,56962,75,
d9c661a80810,rho_sweep,ULB,chronological,0,N,IsolationForest,0.02,0.02,FP,877.0,56962,75,
d9c661a80810,rho_sweep,ULB,chronological,0,N,IsolationForest,0.02,0.02,FN,35.0,56962,75,
d9c661a80810,rho_sweep,ULB,chronological,0,N,IsolationForest,0.02,0.02,TP,40.0,56962,75,
d9c661a80810,rho_sweep,ULB,chronological,0,N,IsolationForest,0.02,0.02,n_alerts,917.0,56962,75,
d9c661a80810,rho_sweep,ULB,chronological,0,N,IsolationForest,0.02,0.02,alert_rate,0.0160984515993118,56962,75,
d9c661a80810,rho_sweep,ULB,chronological,0,N,IsolationForest,0.02,0.02,prevalence,0.0013166672518521,56962,75,
d9c661a80810,rho_sweep,ULB,chronological,0,N,IsolationForest,0.02,0.02,lift,33.129480189022175,56962,75,
d9c661a80810,rho_sweep,ULB,chronological,0,N,IsolationForest,0.02,0.02,tie_ratio,0.0182405505521321,56962,75,
d9c661a80810,rho_sweep,ULB,chronological,0,N,IsolationForest,0.02,0.02,fit_seconds,1.530162334442139,56962,75,
d9c661a80810,rho_sweep,ULB,chronological,0,N,IsolationForest,0.02,0.02,score_seconds,2.5596349239349365,56962,75,
bfa600a3e5e5,rho_sweep,ULB,chronological,0,N,LOF,0.02,0.02,PR_AUC,0.603157863943587,56962,75,
bfa600a3e5e5,rho_sweep,ULB,chronological,0,N,LOF,0.02,0.02,ROC_AUC,0.9266049068035462,56962,75,
bfa600a3e5e5,rho_sweep,ULB,chronological,0,N,LOF,0.02,0.02,Precision,0.0224231464737793,56962,75,
bfa600a3e5e5,rho_sweep,ULB,chronological,0,N,LOF,0.02,0.02,Recall,0.8266666666666667,56962,75,
bfa600a3e5e5,rho_sweep,ULB,chronological,0,N,LOF,0.02,0.02,F1,0.0436619718309859,56962,75,
bfa600a3e5e5,rho_sweep,ULB,chronological,0,N,LOF,0.02,0.02,TN,54184.0,56962,75,
bfa600a3e5e5,rho_sweep,ULB,chronological,0,N,LOF,0.02,0.02,FP,2703.0,56962,75,
bfa600a3e5e5,rho_sweep,ULB,chronological,0,N,LOF,0.02,0.02,FN,13.0,56962,75,
bfa600a3e5e5,rho_sweep,ULB,chronological,0,N,LOF,0.02,0.02,TP,62.0,56962,75,
bfa600a3e5e5,rho_sweep,ULB,chronological,0,N,LOF,0.02,0.02,n_alerts,2765.0,56962,75,
bfa600a3e5e5,rho_sweep,ULB,chronological,0,N,LOF,0.02,0.02,alert_rate,0.0485411326849478,56962,75,
bfa600a3e5e5,rho_sweep,ULB,chronological,0,N,LOF,0.02,0.02,prevalence,0.0013166672518521,56962,75,
bfa600a3e5e5,rho_sweep,ULB,chronological,0,N,LOF,0.02,0.02,lift,17.030230259192283,56962,75,
bfa600a3e5e5,rho_sweep,ULB,chronological,0,N,LOF,0.02,0.02,tie_ratio,0.021541054405646,56962,75,
bfa600a3e5e5,rho_sweep,ULB,chronological,0,N,LOF,0.02,0.02,fit_seconds,0.8840386867523193,56962,75,
bfa600a3e5e5,rho_sweep,ULB,chronological,0,N,LOF,0.02,0.02,score_seconds,5.993348121643066,56962,75,
14811af3562e,rho_sweep,ULB,chronological,0,N,OneClassSVM,0.02,0.02,PR_AUC,0.1376229883076097,56962,75,
14811af3562e,rho_sweep,ULB,chronological,0,N,OneClassSVM,0.02,0.02,ROC_AUC,0.95754718418385,56962,75,
14811af3562e,rho_sweep,ULB,chronological,0,N,OneClassSVM,0.02,0.02,Precision,0.065126050420168,56962,75,
14811af3562e,rho_sweep,ULB,chronological,0,N,OneClassSVM,0.02,0.02,Recall,0.8266666666666667,56962,75,
14811af3562e,rho_sweep,ULB,chronological,0,N,OneClassSVM,0.02,0.02,F1,0.1207400194741966,56962,75,
14811af3562e,rho_sweep,ULB,chronological,0,N,OneClassSVM,0.02,0.02,TN,55997.0,56962,75,
14811af3562e,rho_sweep,ULB,chronological,0,N,OneClassSVM,0.02,0.02,FP,890.0,56962,75,
14811af3562e,rho_sweep,ULB,chronological,0,N,OneClassSVM,0.02,0.02,FN,13.0,56962,75,
14811af3562e,rho_sweep,ULB,chronological,0,N,OneClassSVM,0.02,0.02,TP,62.0,56962,75,
14811af3562e,rho_sweep,ULB,chronological,0,N,OneClassSVM,0.02,0.02,n_alerts,952.0,56962,75,
14811af3562e,rho_sweep,ULB,chronological,0,N,OneClassSVM,0.02,0.02,alert_rate,0.0167128963168428,56962,75,
14811af3562e,rho_sweep,ULB,chronological,0,N,OneClassSVM,0.02,0.02,prevalence,0.0013166672518521,56962,75,
14811af3562e,rho_sweep,ULB,chronological,0,N,OneClassSVM,0.02,0.02,lift,49.46280112044818,56962,75,
14811af3562e,rho_sweep,ULB,chronological,0,N,OneClassSVM,0.02,0.02,tie_ratio,0.0037042888994224,56962,75,
14811af3562e,rho_sweep,ULB,chronological,0,N,OneClassSVM,0.02,0.02,fit_seconds,2.0780258178710938,56962,75,
14811af3562e,rho_sweep,ULB,chronological,0,N,OneClassSVM,0.02,0.02,score_seconds,13.334359884262083,56962,75,
4b7b66d17036,rho_sweep,ULB,chronological,0,N,DBSCAN,0.02,0.02,PR_AUC,0.0250214983874059,56962,75,
4b7b66d17036,rho_sweep,ULB,chronological,0,N,DBSCAN,0.02,0.02,ROC_AUC,0.9437054745958362,56962,75,
4b7b66d17036,rho_sweep,ULB,chronological,0,N,DBSCAN,0.02,0.02,Precision,0.0331360946745562,56962,75,
4b7b66d17036,rho_sweep,ULB,chronological,0,N,DBSCAN,0.02,0.02,Recall,0.3733333333333333,56962,75,
4b7b66d17036,rho_sweep,ULB,chronological,0,N,DBSCAN,0.02,0.02,F1,0.0608695652173913,56962,75,
4b7b66d17036,rho_sweep,ULB,chronological,0,N,DBSCAN,0.02,0.02,TN,56070.0,56962,75,
4b7b66d17036,rho_sweep,ULB,chronological,0,N,DBSCAN,0.02,0.02,FP,817.0,56962,75,
4b7b66d17036,rho_sweep,ULB,chronological,0,N,DBSCAN,0.02,0.02,FN,47.0,56962,75,
4b7b66d17036,rho_sweep,ULB,chronological,0,N,DBSCAN,0.02,0.02,TP,28.0,56962,75,
4b7b66d17036,rho_sweep,ULB,chronological,0,N,DBSCAN,0.02,0.02,n_alerts,845.0,56962,75,
4b7b66d17036,rho_sweep,ULB,chronological,0,N,DBSCAN,0.02,0.02,alert_rate,0.0148344510375337,56962,75,
4b7b66d17036,rho_sweep,ULB,chronological,0,N,DBSCAN,0.02,0.02,prevalence,0.0013166672518521,56962,75,
4b7b66d17036,rho_sweep,ULB,chronological,0,N,DBSCAN,0.02,0.02,lift,25.166642998027616,56962,75,
4b7b66d17036,rho_sweep,ULB,chronological,0,N,DBSCAN,0.02,0.02,tie_ratio,0.0061094433033127,56962,75,
4b7b66d17036,rho_sweep,ULB,chronological,0,N,DBSCAN,0.02,0.02,fit_seconds,0.7987780570983887,56962,75,
4b7b66d17036,rho_sweep,ULB,chronological,0,N,DBSCAN,0.02,0.02,score_seconds,0.0497543811798095,56962,75,
7954031a48de,rho_sweep,ULB,chronological,0,N,KMeans,0.02,0.02,PR_AUC,0.0673482356157087,56962,75,
7954031a48de,rho_sweep,ULB,chronological,0,N,KMeans,0.02,0.02,ROC_AUC,0.9670830476793176,56962,75,
7954031a48de,rho_sweep,ULB,chronological,0,N,KMeans,0.02,0.02,Precision,0.0613207547169811,56962,75,
7954031a48de,rho_sweep,ULB,chronological,0,N,KMeans,0.02,0.02,Recall,0.6933333333333334,56962,75,
7954031a48de,rho_sweep,ULB,chronological,0,N,KMeans,0.02,0.02,F1,0.1126760563380281,56962,75,
7954031a48de,rho_sweep,ULB,chronological,0,N,KMeans,0.02,0.02,TN,56091.0,56962,75,
7954031a48de,rho_sweep,ULB,chronological,0,N,KMeans,0.02,0.02,FP,796.0,56962,75,
7954031a48de,rho_sweep,ULB,chronological,0,N,KMeans,0.02,0.02,FN,23.0,56962,75,
7954031a48de,rho_sweep,ULB,chronological,0,N,KMeans,0.02,0.02,TP,52.0,56962,75,
7954031a48de,rho_sweep,ULB,chronological,0,N,KMeans,0.02,0.02,n_alerts,848.0,56962,75,
7954031a48de,rho_sweep,ULB,chronological,0,N,KMeans,0.02,0.02,alert_rate,0.0148871177276078,56962,75,
7954031a48de,rho_sweep,ULB,chronological,0,N,KMeans,0.02,0.02,prevalence,0.0013166672518521,56962,75,
7954031a48de,rho_sweep,ULB,chronological,0,N,KMeans,0.02,0.02,lift,46.572704402515726,56962,75,
7954031a48de,rho_sweep,ULB,chronological,0,N,KMeans,0.02,0.02,tie_ratio,0.0070223486244974,56962,75,
7954031a48de,rho_sweep,ULB,chronological,0,N,KMeans,0.02,0.02,fit_seconds,8.83733344078064,56962,75,
7954031a48de,rho_sweep,ULB,chronological,0,N,KMeans,0.02,0.02,score_seconds,0.1668753623962402,56962,75,
ce151a485c59,rho_sweep,ULB,chronological,0,N,Ensemble,0.02,0.02,PR_AUC,0.1415057028125305,56962,75,
ce151a485c59,rho_sweep,ULB,chronological,0,N,Ensemble,0.02,0.02,ROC_AUC,0.9643511991609096,56962,75,
ce151a485c59,rho_sweep,ULB,chronological,0,N,Ensemble,0.02,0.02,Precision,0.0547085201793721,56962,75,
ce151a485c59,rho_sweep,ULB,chronological,0,N,Ensemble,0.02,0.02,Recall,0.8133333333333334,56962,75,
ce151a485c59,rho_sweep,ULB,chronological,0,N,Ensemble,0.02,0.02,F1,0.1025210084033613,56962,75,
ce151a485c59,rho_sweep,ULB,chronological,0,N,Ensemble,0.02,0.02,TN,55833.0,56962,75,
ce151a485c59,rho_sweep,ULB,chronological,0,N,Ensemble,0.02,0.02,FP,1054.0,56962,75,
ce151a485c59,rho_sweep,ULB,chronological,0,N,Ensemble,0.02,0.02,FN,14.0,56962,75,
ce151a485c59,rho_sweep,ULB,chronological,0,N,Ensemble,0.02,0.02,TP,61.0,56962,75,
ce151a485c59,rho_sweep,ULB,chronological,0,N,Ensemble,0.02,0.02,n_alerts,1115.0,56962,75,
ce151a485c59,rho_sweep,ULB,chronological,0,N,Ensemble,0.02,0.02,alert_rate,0.0195744531442013,56962,75,
ce151a485c59,rho_sweep,ULB,chronological,0,N,Ensemble,0.02,0.02,prevalence,0.0013166672518521,56962,75,
ce151a485c59,rho_sweep,ULB,chronological,0,N,Ensemble,0.02,0.02,lift,41.55075635276532,56962,75,
ce151a485c59,rho_sweep,ULB,chronological,0,N,Ensemble,0.02,0.02,tie_ratio,0.0725233054194975,56962,75,
ce151a485c59,rho_sweep,ULB,chronological,0,N,Ensemble,0.02,0.02,fit_seconds,0.0,56962,75,
ce151a485c59,rho_sweep,ULB,chronological,0,N,Ensemble,0.02,0.02,score_seconds,0.0,56962,75,
1e451ea58c4b,rho_sweep,ULB,chronological,0,N,Ensemble,0.02,0.02,single_point_invariant,1.0,56962,75,invariance
4ecd16950095,rho_sweep,PaySim,chronological,0,U,IsolationForest,0.001,0.001,PR_AUC,0.0160953854190835,1272524,4254,
4ecd16950095,rho_sweep,PaySim,chronological,0,U,IsolationForest,0.001,0.001,ROC_AUC,0.813015355620548,1272524,4254,
4ecd16950095,rho_sweep,PaySim,chronological,0,U,IsolationForest,0.001,0.001,Precision,0.0,1272524,4254,
4ecd16950095,rho_sweep,PaySim,chronological,0,U,IsolationForest,0.001,0.001,Recall,0.0,1272524,4254,
4ecd16950095,rho_sweep,PaySim,chronological,0,U,IsolationForest,0.001,0.001,F1,0.0,1272524,4254,
4ecd16950095,rho_sweep,PaySim,chronological,0,U,IsolationForest,0.001,0.001,TN,1268216.0,1272524,4254,
4ecd16950095,rho_sweep,PaySim,chronological,0,U,IsolationForest,0.001,0.001,FP,54.0,1272524,4254,
4ecd16950095,rho_sweep,PaySim,chronological,0,U,IsolationForest,0.001,0.001,FN,4254.0,1272524,4254,
4ecd16950095,rho_sweep,PaySim,chronological,0,U,IsolationForest,0.001,0.001,TP,0.0,1272524,4254,
4ecd16950095,rho_sweep,PaySim,chronological,0,U,IsolationForest,0.001,0.001,n_alerts,54.0,1272524,4254,
4ecd16950095,rho_sweep,PaySim,chronological,0,U,IsolationForest,0.001,0.001,alert_rate,4.2435348960019615e-05,1272524,4254,
4ecd16950095,rho_sweep,PaySim,chronological,0,U,IsolationForest,0.001,0.001,prevalence,0.0033429624902948,1272524,4254,
4ecd16950095,rho_sweep,PaySim,chronological,0,U,IsolationForest,0.001,0.001,lift,0.0,1272524,4254,
4ecd16950095,rho_sweep,PaySim,chronological,0,U,IsolationForest,0.001,0.001,tie_ratio,0.5940076572229679,1272524,4254,
4ecd16950095,rho_sweep,PaySim,chronological,0,U,IsolationForest,0.001,0.001,fit_seconds,11.244717597961426,1272524,4254,
4ecd16950095,rho_sweep,PaySim,chronological,0,U,IsolationForest,0.001,0.001,score_seconds,50.67986869812012,1272524,4254,
190f95857e04,rho_sweep,PaySim,chronological,0,U,LOF,0.001,0.001,PR_AUC,0.0030799352569791,1272524,4254,
190f95857e04,rho_sweep,PaySim,chronological,0,U,LOF,0.001,0.001,ROC_AUC,0.4998612955691239,1272524,4254,
190f95857e04,rho_sweep,PaySim,chronological,0,U,LOF,0.001,0.001,Precision,0.0,1272524,4254,
190f95857e04,rho_sweep,PaySim,chronological,0,U,LOF,0.001,0.001,Recall,0.0,1272524,4254,
190f95857e04,rho_sweep,PaySim,chronological,0,U,LOF,0.001,0.001,F1,0.0,1272524,4254,
190f95857e04,rho_sweep,PaySim,chronological,0,U,LOF,0.001,0.001,TN,921765.0,1272524,4254,
190f95857e04,rho_sweep,PaySim,chronological,0,U,LOF,0.001,0.001,FP,346505.0,1272524,4254,
190f95857e04,rho_sweep,PaySim,chronological,0,U,LOF,0.001,0.001,FN,4254.0,1272524,4254,
190f95857e04,rho_sweep,PaySim,chronological,0,U,LOF,0.001,0.001,TP,0.0,1272524,4254,
190f95857e04,rho_sweep,PaySim,chronological,0,U,LOF,0.001,0.001,n_alerts,346505.0,1272524,4254,
190f95857e04,rho_sweep,PaySim,chronological,0,U,LOF,0.001,0.001,alert_rate,0.2722974183591036,1272524,4254,
190f95857e04,rho_sweep,PaySim,chronological,0,U,LOF,0.001,0.001,prevalence,0.0033429624902948,1272524,4254,
190f95857e04,rho_sweep,PaySim,chronological,0,U,LOF,0.001,0.001,lift,0.0,1272524,4254,
190f95857e04,rho_sweep,PaySim,chronological,0,U,LOF,0.001,0.001,tie_ratio,0.042048715780606,1272524,4254,
190f95857e04,rho_sweep,PaySim,chronological,0,U,LOF,0.001,0.001,fit_seconds,2.052662849426269,1272524,4254,
190f95857e04,rho_sweep,PaySim,chronological,0,U,LOF,0.001,0.001,score_seconds,395.2291522026062,1272524,4254,
8fe3a02cd18b,rho_sweep,PaySim,chronological,0,U,OneClassSVM,0.001,0.001,PR_AUC,0.1044964830855958,1272524,4254,
8fe3a02cd18b,rho_sweep,PaySim,chronological,0,U,OneClassSVM,0.001,0.001,ROC_AUC,0.8735134478968792,1272524,4254,
8fe3a02cd18b,rho_sweep,PaySim,chronological,0,U,OneClassSVM,0.001,0.001,Precision,0.2813852813852814,1272524,4254,
8fe3a02cd18b,rho_sweep,PaySim,chronological,0,U,OneClassSVM,0.001,0.001,Recall,0.0611189468735308,1272524,4254,
8fe3a02cd18b,rho_sweep,PaySim,chronological,0,U,OneClassSVM,0.001,0.001,F1,0.1004248744689069,1272524,4254,
8fe3a02cd18b,rho_sweep,PaySim,chronological,0,U,OneClassSVM,0.001,0.001,TN,1267606.0,1272524,4254,
8fe3a02cd18b,rho_sweep,PaySim,chronological,0,U,OneClassSVM,0.001,0.001,FP,664.0,1272524,4254,
8fe3a02cd18b,rho_sweep,PaySim,chronological,0,U,OneClassSVM,0.001,0.001,FN,3994.0,1272524,4254,
8fe3a02cd18b,rho_sweep,PaySim,chronological,0,U,OneClassSVM,0.001,0.001,TP,260.0,1272524,4254,
8fe3a02cd18b,rho_sweep,PaySim,chronological,0,U,OneClassSVM,0.001,0.001,n_alerts,924.0,1272524,4254,
8fe3a02cd18b,rho_sweep,PaySim,chronological,0,U,OneClassSVM,0.001,0.001,alert_rate,0.0007261159710936,1272524,4254,
8fe3a02cd18b,rho_sweep,PaySim,chronological,0,U,OneClassSVM,0.001,0.001,prevalence,0.0033429624902948,1272524,4254,
8fe3a02cd18b,rho_sweep,PaySim,chronological,0,U,OneClassSVM,0.001,0.001,lift,84.1724315490183,1272524,4254,
8fe3a02cd18b,rho_sweep,PaySim,chronological,0,U,OneClassSVM,0.001,0.001,tie_ratio,0.0040777226991396,1272524,4254,
8fe3a02cd18b,rho_sweep,PaySim,chronological,0,U,OneClassSVM,0.001,0.001,fit_seconds,0.2878954410552978,1272524,4254,
8fe3a02cd18b,rho_sweep,PaySim,chronological,0,U,OneClassSVM,0.001,0.001,score_seconds,103.21315670013428,1272524,4254,
c0a5e6ba7a11,rho_sweep,PaySim,chronological,0,U,DBSCAN,0.001,0.001,PR_AUC,0.0248001905160756,1272524,4254,
c0a5e6ba7a11,rho_sweep,PaySim,chronological,0,U,DBSCAN,0.001,0.001,ROC_AUC,0.8407100109704875,1272524,4254,
c0a5e6ba7a11,rho_sweep,PaySim,chronological,0,U,DBSCAN,0.001,0.001,Precision,0.0101010101010101,1272524,4254,
c0a5e6ba7a11,rho_sweep,PaySim,chronological,0,U,DBSCAN,0.001,0.001,Recall,0.0002350728725905,1272524,4254,
c0a5e6ba7a11,rho_sweep,PaySim,chronological,0,U,DBSCAN,0.001,0.001,F1,0.0004594532506317,1272524,4254,
c0a5e6ba7a11,rho_sweep,PaySim,chronological,0,U,DBSCAN,0.001,0.001,TN,1268172.0,1272524,4254,
c0a5e6ba7a11,rho_sweep,PaySim,chronological,0,U,DBSCAN,0.001,0.001,FP,98.0,1272524,4254,
c0a5e6ba7a11,rho_sweep,PaySim,chronological,0,U,DBSCAN,0.001,0.001,FN,4253.0,1272524,4254,
c0a5e6ba7a11,rho_sweep,PaySim,chronological,0,U,DBSCAN,0.001,0.001,TP,1.0,1272524,4254,
c0a5e6ba7a11,rho_sweep,PaySim,chronological,0,U,DBSCAN,0.001,0.001,n_alerts,99.0,1272524,4254,
c0a5e6ba7a11,rho_sweep,PaySim,chronological,0,U,DBSCAN,0.001,0.001,alert_rate,7.779813976003596e-05,1272524,4254,
c0a5e6ba7a11,rho_sweep,PaySim,chronological,0,U,DBSCAN,0.001,0.001,prevalence,0.0033429624902948,1272524,4254,
c0a5e6ba7a11,rho_sweep,PaySim,chronological,0,U,DBSCAN,0.001,0.001,lift,3.0215744658621952,1272524,4254,
c0a5e6ba7a11,rho_sweep,PaySim,chronological,0,U,DBSCAN,0.001,0.001,tie_ratio,0.1043273054182082,1272524,4254,
c0a5e6ba7a11,rho_sweep,PaySim,chronological,0,U,DBSCAN,0.001,0.001,fit_seconds,1.4786453247070312,1272524,4254,
c0a5e6ba7a11,rho_sweep,PaySim,chronological,0,U,DBSCAN,0.001,0.001,score_seconds,0.1701464653015136,1272524,4254,
011fd406d594,rho_sweep,PaySim,chronological,0,U,KMeans,0.001,0.001,PR_AUC,0.0419499365021045,1272524,4254,
011fd406d594,rho_sweep,PaySim,chronological,0,U,KMeans,0.001,0.001,ROC_AUC,0.868853212578011,1272524,4254,
011fd406d594,rho_sweep,PaySim,chronological,0,U,KMeans,0.001,0.001,Precision,0.0052631578947368,1272524,4254,
011fd406d594,rho_sweep,PaySim,chronological,0,U,KMeans,0.001,0.001,Recall,0.0002350728725905,1272524,4254,
011fd406d594,rho_sweep,PaySim,chronological,0,U,KMeans,0.001,0.001,F1,0.0004500450045004,1272524,4254,
011fd406d594,rho_sweep,PaySim,chronological,0,U,KMeans,0.001,0.001,TN,1268081.0,1272524,4254,
011fd406d594,rho_sweep,PaySim,chronological,0,U,KMeans,0.001,0.001,FP,189.0,1272524,4254,
011fd406d594,rho_sweep,PaySim,chronological,0,U,KMeans,0.001,0.001,FN,4253.0,1272524,4254,
011fd406d594,rho_sweep,PaySim,chronological,0,U,KMeans,0.001,0.001,TP,1.0,1272524,4254,
011fd406d594,rho_sweep,PaySim,chronological,0,U,KMeans,0.001,0.001,n_alerts,190.0,1272524,4254,
011fd406d594,rho_sweep,PaySim,chronological,0,U,KMeans,0.001,0.001,alert_rate,0.0001493095611556,1272524,4254,
011fd406d594,rho_sweep,PaySim,chronological,0,U,KMeans,0.001,0.001,prevalence,0.0033429624902948,1272524,4254,
011fd406d594,rho_sweep,PaySim,chronological,0,U,KMeans,0.001,0.001,lift,1.574399326949249,1272524,4254,
011fd406d594,rho_sweep,PaySim,chronological,0,U,KMeans,0.001,0.001,tie_ratio,0.1504702465336607,1272524,4254,
011fd406d594,rho_sweep,PaySim,chronological,0,U,KMeans,0.001,0.001,fit_seconds,102.07148933410645,1272524,4254,
011fd406d594,rho_sweep,PaySim,chronological,0,U,KMeans,0.001,0.001,score_seconds,1.582207441329956,1272524,4254,
5a463940c81c,rho_sweep,PaySim,chronological,0,U,Ensemble,0.001,0.001,PR_AUC,0.1501995984328332,1272524,4254,
5a463940c81c,rho_sweep,PaySim,chronological,0,U,Ensemble,0.001,0.001,ROC_AUC,0.9177308458628396,1272524,4254,
5a463940c81c,rho_sweep,PaySim,chronological,0,U,Ensemble,0.001,0.001,Precision,0.0495049504950495,1272524,4254,
5a463940c81c,rho_sweep,PaySim,chronological,0,U,Ensemble,0.001,0.001,Recall,0.0011753643629525,1272524,4254,
5a463940c81c,rho_sweep,PaySim,chronological,0,U,Ensemble,0.001,0.001,F1,0.0022962112514351,1272524,4254,
5a463940c81c,rho_sweep,PaySim,chronological,0,U,Ensemble,0.001,0.001,TN,1268174.0,1272524,4254,
5a463940c81c,rho_sweep,PaySim,chronological,0,U,Ensemble,0.001,0.001,FP,96.0,1272524,4254,
5a463940c81c,rho_sweep,PaySim,chronological,0,U,Ensemble,0.001,0.001,FN,4249.0,1272524,4254,
5a463940c81c,rho_sweep,PaySim,chronological,0,U,Ensemble,0.001,0.001,TP,5.0,1272524,4254,
5a463940c81c,rho_sweep,PaySim,chronological,0,U,Ensemble,0.001,0.001,n_alerts,101.0,1272524,4254,
5a463940c81c,rho_sweep,PaySim,chronological,0,U,Ensemble,0.001,0.001,alert_rate,7.93698193511478e-05,1272524,4254,
5a463940c81c,rho_sweep,PaySim,chronological,0,U,Ensemble,0.001,0.001,prevalence,0.0033429624902948,1272524,4254,
5a463940c81c,rho_sweep,PaySim,chronological,0,U,Ensemble,0.001,0.001,lift,14.808706540611748,1272524,4254,
5a463940c81c,rho_sweep,PaySim,chronological,0,U,Ensemble,0.001,0.001,tie_ratio,0.1007847396198421,1272524,4254,
5a463940c81c,rho_sweep,PaySim,chronological,0,U,Ensemble,0.001,0.001,fit_seconds,0.0,1272524,4254,
5a463940c81c,rho_sweep,PaySim,chronological,0,U,Ensemble,0.001,0.001,score_seconds,0.0,1272524,4254,
cab6ab453cc0,rho_sweep,PaySim,chronological,0,U,Ensemble,0.001,0.001,single_point_invariant,1.0,1272524,4254,invariance
216ec9eec70b,rho_sweep,PaySim,chronological,0,N,IsolationForest,0.001,0.001,PR_AUC,0.0164758600576137,1272524,4254,
216ec9eec70b,rho_sweep,PaySim,chronological,0,N,IsolationForest,0.001,0.001,ROC_AUC,0.8133172071344671,1272524,4254,
216ec9eec70b,rho_sweep,PaySim,chronological,0,N,IsolationForest,0.001,0.001,Precision,0.0689655172413793,1272524,4254,
216ec9eec70b,rho_sweep,PaySim,chronological,0,N,IsolationForest,0.001,0.001,Recall,0.000940291490362,1272524,4254,
216ec9eec70b,rho_sweep,PaySim,chronological,0,N,IsolationForest,0.001,0.001,F1,0.0018552875695732,1272524,4254,
216ec9eec70b,rho_sweep,PaySim,chronological,0,N,IsolationForest,0.001,0.001,TN,1268216.0,1272524,4254,
216ec9eec70b,rho_sweep,PaySim,chronological,0,N,IsolationForest,0.001,0.001,FP,54.0,1272524,4254,
216ec9eec70b,rho_sweep,PaySim,chronological,0,N,IsolationForest,0.001,0.001,FN,4250.0,1272524,4254,
216ec9eec70b,rho_sweep,PaySim,chronological,0,N,IsolationForest,0.001,0.001,TP,4.0,1272524,4254,
216ec9eec70b,rho_sweep,PaySim,chronological,0,N,IsolationForest,0.001,0.001,n_alerts,58.0,1272524,4254,
216ec9eec70b,rho_sweep,PaySim,chronological,0,N,IsolationForest,0.001,0.001,alert_rate,4.557870814224329e-05,1272524,4254,
216ec9eec70b,rho_sweep,PaySim,chronological,0,N,IsolationForest,0.001,0.001,prevalence,0.0033429624902948,1272524,4254,
216ec9eec70b,rho_sweep,PaySim,chronological,0,N,IsolationForest,0.001,0.001,lift,20.63006014623154,1272524,4254,
216ec9eec70b,rho_sweep,PaySim,chronological,0,N,IsolationForest,0.001,0.001,tie_ratio,0.5972382446224983,1272524,4254,
216ec9eec70b,rho_sweep,PaySim,chronological,0,N,IsolationForest,0.001,0.001,fit_seconds,11.00371551513672,1272524,4254,
216ec9eec70b,rho_sweep,PaySim,chronological,0,N,IsolationForest,0.001,0.001,score_seconds,51.66640305519104,1272524,4254,
75f9d891b50e,rho_sweep,PaySim,chronological,0,N,LOF,0.001,0.001,PR_AUC,0.0030319200122619,1272524,4254,
75f9d891b50e,rho_sweep,PaySim,chronological,0,N,LOF,0.001,0.001,ROC_AUC,0.4930260335157603,1272524,4254,
75f9d891b50e,rho_sweep,PaySim,chronological,0,N,LOF,0.001,0.001,Precision,7.125532702084218e-05,1272524,4254,
75f9d891b50e,rho_sweep,PaySim,chronological,0,N,LOF,0.001,0.001,Recall,0.006111894687353,1272524,4254,
75f9d891b50e,rho_sweep,PaySim,chronological,0,N,LOF,0.001,0.001,F1,0.0001408683449865,1272524,4254,
75f9d891b50e,rho_sweep,PaySim,chronological,0,N,LOF,0.001,0.001,TN,903411.0,1272524,4254,
75f9d891b50e,rho_sweep,PaySim,chronological,0,N,LOF,0.001,0.001,FP,364859.0,1272524,4254,
75f9d891b50e,rho_sweep,PaySim,chronological,0,N,LOF,0.001,0.001,FN,4228.0,1272524,4254,
75f9d891b50e,rho_sweep,PaySim,chronological,0,N,LOF,0.001,0.001,TP,26.0,1272524,4254,
75f9d891b50e,rho_sweep,PaySim,chronological,0,N,LOF,0.001,0.001,n_alerts,364885.0,1272524,4254,
75f9d891b50e,rho_sweep,PaySim,chronological,0,N,LOF,0.001,0.001,alert_rate,0.2867411538014214,1272524,4254,
75f9d891b50e,rho_sweep,PaySim,chronological,0,N,LOF,0.001,0.001,prevalence,0.0033429624902948,1272524,4254,
75f9d891b50e,rho_sweep,PaySim,chronological,0,N,LOF,0.001,0.001,lift,0.0213150243916008,1272524,4254,
75f9d891b50e,rho_sweep,PaySim,chronological,0,N,LOF,0.001,0.001,tie_ratio,0.0376865190754751,1272524,4254,
75f9d891b50e,rho_sweep,PaySim,chronological,0,N,LOF,0.001,0.001,fit_seconds,2.904188632965088,1272524,4254,
75f9d891b50e,rho_sweep,PaySim,chronological,0,N,LOF,0.001,0.001,score_seconds,419.14701747894287,1272524,4254,
8299ea3362e0,rho_sweep,PaySim,chronological,0,N,OneClassSVM,0.001,0.001,PR_AUC,0.1041658004408333,1272524,4254,
8299ea3362e0,rho_sweep,PaySim,chronological,0,N,OneClassSVM,0.001,0.001,ROC_AUC,0.8709990729424448,1272524,4254,
8299ea3362e0,rho_sweep,PaySim,chronological,0,N,OneClassSVM,0.001,0.001,Precision,0.2828571428571428,1272524,4254,
8299ea3362e0,rho_sweep,PaySim,chronological,0,N,OneClassSVM,0.001,0.001,Recall,0.0698166431593794,1272524,4254,
8299ea3362e0,rho_sweep,PaySim,chronological,0,N,OneClassSVM,0.001,0.001,F1,0.1119909502262443,1272524,4254,
8299ea3362e0,rho_sweep,PaySim,chronological,0,N,OneClassSVM,0.001,0.001,TN,1267517.0,1272524,4254,
8299ea3362e0,rho_sweep,PaySim,chronological,0,N,OneClassSVM,0.001,0.001,FP,753.0,1272524,4254,
8299ea3362e0,rho_sweep,PaySim,chronological,0,N,OneClassSVM,0.001,0.001,FN,3957.0,1272524,4254,
8299ea3362e0,rho_sweep,PaySim,chronological,0,N,OneClassSVM,0.001,0.001,TP,297.0,1272524,4254,
8299ea3362e0,rho_sweep,PaySim,chronological,0,N,OneClassSVM,0.001,0.001,n_alerts,1050.0,1272524,4254,
8299ea3362e0,rho_sweep,PaySim,chronological,0,N,OneClassSVM,0.001,0.001,alert_rate,0.0008251317853337,1272524,4254,
8299ea3362e0,rho_sweep,PaySim,chronological,0,N,OneClassSVM,0.001,0.001,prevalence,0.0033429624902948,1272524,4254,
8299ea3362e0,rho_sweep,PaySim,chronological,0,N,OneClassSVM,0.001,0.001,lift,84.61271811404393,1272524,4254,
8299ea3362e0,rho_sweep,PaySim,chronological,0,N,OneClassSVM,0.001,0.001,tie_ratio,0.0044352798061175,1272524,4254,
8299ea3362e0,rho_sweep,PaySim,chronological,0,N,OneClassSVM,0.001,0.001,fit_seconds,0.3430216312408447,1272524,4254,
8299ea3362e0,rho_sweep,PaySim,chronological,0,N,OneClassSVM,0.001,0.001,score_seconds,102.19283080101012,1272524,4254,
20124ba115de,rho_sweep,PaySim,chronological,0,N,DBSCAN,0.001,0.001,PR_AUC,0.0248049647828882,1272524,4254,
20124ba115de,rho_sweep,PaySim,chronological,0,N,DBSCAN,0.001,0.001,ROC_AUC,0.8406674069663339,1272524,4254,
20124ba115de,rho_sweep,PaySim,chronological,0,N,DBSCAN,0.001,0.001,Precision,0.0101010101010101,1272524,4254,
20124ba115de,rho_sweep,PaySim,chronological,0,N,DBSCAN,0.001,0.001,Recall,0.0002350728725905,1272524,4254,
20124ba115de,rho_sweep,PaySim,chronological,0,N,DBSCAN,0.001,0.001,F1,0.0004594532506317,1272524,4254,
20124ba115de,rho_sweep,PaySim,chronological,0,N,DBSCAN,0.001,0.001,TN,1268172.0,1272524,4254,
20124ba115de,rho_sweep,PaySim,chronological,0,N,DBSCAN,0.001,0.001,FP,98.0,1272524,4254,
20124ba115de,rho_sweep,PaySim,chronological,0,N,DBSCAN,0.001,0.001,FN,4253.0,1272524,4254,
20124ba115de,rho_sweep,PaySim,chronological,0,N,DBSCAN,0.001,0.001,TP,1.0,1272524,4254,
20124ba115de,rho_sweep,PaySim,chronological,0,N,DBSCAN,0.001,0.001,n_alerts,99.0,1272524,4254,
20124ba115de,rho_sweep,PaySim,chronological,0,N,DBSCAN,0.001,0.001,alert_rate,7.779813976003596e-05,1272524,4254,
20124ba115de,rho_sweep,PaySim,chronological,0,N,DBSCAN,0.001,0.001,prevalence,0.0033429624902948,1272524,4254,
20124ba115de,rho_sweep,PaySim,chronological,0,N,DBSCAN,0.001,0.001,lift,3.0215744658621952,1272524,4254,
20124ba115de,rho_sweep,PaySim,chronological,0,N,DBSCAN,0.001,0.001,tie_ratio,0.0998142274723306,1272524,4254,
20124ba115de,rho_sweep,PaySim,chronological,0,N,DBSCAN,0.001,0.001,fit_seconds,1.2497785091400146,1272524,4254,
20124ba115de,rho_sweep,PaySim,chronological,0,N,DBSCAN,0.001,0.001,score_seconds,0.1740775108337402,1272524,4254,
47835d0ef2c7,rho_sweep,PaySim,chronological,0,N,KMeans,0.001,0.001,PR_AUC,0.0458005380391882,1272524,4254,
47835d0ef2c7,rho_sweep,PaySim,chronological,0,N,KMeans,0.001,0.001,ROC_AUC,0.8627522785175912,1272524,4254,
47835d0ef2c7,rho_sweep,PaySim,chronological,0,N,KMeans,0.001,0.001,Precision,0.0101010101010101,1272524,4254,
47835d0ef2c7,rho_sweep,PaySim,chronological,0,N,KMeans,0.001,0.001,Recall,0.0002350728725905,1272524,4254,
47835d0ef2c7,rho_sweep,PaySim,chronological,0,N,KMeans,0.001,0.001,F1,0.0004594532506317,1272524,4254,
47835d0ef2c7,rho_sweep,PaySim,chronological,0,N,KMeans,0.001,0.001,TN,1268172.0,1272524,4254,
47835d0ef2c7,rho_sweep,PaySim,chronological,0,N,KMeans,0.001,0.001,FP,98.0,1272524,4254,
47835d0ef2c7,rho_sweep,PaySim,chronological,0,N,KMeans,0.001,0.001,FN,4253.0,1272524,4254,
47835d0ef2c7,rho_sweep,PaySim,chronological,0,N,KMeans,0.001,0.001,TP,1.0,1272524,4254,
47835d0ef2c7,rho_sweep,PaySim,chronological,0,N,KMeans,0.001,0.001,n_alerts,99.0,1272524,4254,
47835d0ef2c7,rho_sweep,PaySim,chronological,0,N,KMeans,0.001,0.001,alert_rate,7.779813976003596e-05,1272524,4254,
47835d0ef2c7,rho_sweep,PaySim,chronological,0,N,KMeans,0.001,0.001,prevalence,0.0033429624902948,1272524,4254,
47835d0ef2c7,rho_sweep,PaySim,chronological,0,N,KMeans,0.001,0.001,lift,3.0215744658621952,1272524,4254,
47835d0ef2c7,rho_sweep,PaySim,chronological,0,N,KMeans,0.001,0.001,tie_ratio,0.152731107625475,1272524,4254,
47835d0ef2c7,rho_sweep,PaySim,chronological,0,N,KMeans,0.001,0.001,fit_seconds,109.05505418777466,1272524,4254,
47835d0ef2c7,rho_sweep,PaySim,chronological,0,N,KMeans,0.001,0.001,score_seconds,1.5627496242523191,1272524,4254,
b5b07753e792,rho_sweep,PaySim,chronological,0,N,Ensemble,0.001,0.001,PR_AUC,0.1706926066516339,1272524,4254,
b5b07753e792,rho_sweep,PaySim,chronological,0,N,Ensemble,0.001,0.001,ROC_AUC,0.9162210594918808,1272524,4254,
b5b07753e792,rho_sweep,PaySim,chronological,0,N,Ensemble,0.001,0.001,Precision,0.19,1272524,4254,
b5b07753e792,rho_sweep,PaySim,chronological,0,N,Ensemble,0.001,0.001,Recall,0.0044663845792195,1272524,4254,
b5b07753e792,rho_sweep,PaySim,chronological,0,N,Ensemble,0.001,0.001,F1,0.0087276067983463,1272524,4254,
b5b07753e792,rho_sweep,PaySim,chronological,0,N,Ensemble,0.001,0.001,TN,1268189.0,1272524,4254,
b5b07753e792,rho_sweep,PaySim,chronological,0,N,Ensemble,0.001,0.001,FP,81.0,1272524,4254,
b5b07753e792,rho_sweep,PaySim,chronological,0,N,Ensemble,0.001,0.001,FN,4235.0,1272524,4254,
b5b07753e792,rho_sweep,PaySim,chronological,0,N,Ensemble,0.001,0.001,TP,19.0,1272524,4254,
b5b07753e792,rho_sweep,PaySim,chronological,0,N,Ensemble,0.001,0.001,n_alerts,100.0,1272524,4254,
b5b07753e792,rho_sweep,PaySim,chronological,0,N,Ensemble,0.001,0.001,alert_rate,7.858397955559188e-05,1272524,4254,
b5b07753e792,rho_sweep,PaySim,chronological,0,N,Ensemble,0.001,0.001,prevalence,0.0033429624902948,1272524,4254,
b5b07753e792,rho_sweep,PaySim,chronological,0,N,Ensemble,0.001,0.001,lift,56.83581570286789,1272524,4254,
b5b07753e792,rho_sweep,PaySim,chronological,0,N,Ensemble,0.001,0.001,tie_ratio,0.1014747069603402,1272524,4254,
b5b07753e792,rho_sweep,PaySim,chronological,0,N,Ensemble,0.001,0.001,fit_seconds,0.0,1272524,4254,
b5b07753e792,rho_sweep,PaySim,chronological,0,N,Ensemble,0.001,0.001,score_seconds,0.0,1272524,4254,
7cd08157a26f,rho_sweep,PaySim,chronological,0,N,Ensemble,0.001,0.001,single_point_invariant,1.0,1272524,4254,invariance
6a2f3b69057e,rho_sweep,PaySim,chronological,0,U,IsolationForest,0.005,0.005,PR_AUC,0.0160953854190835,1272524,4254,
6a2f3b69057e,rho_sweep,PaySim,chronological,0,U,IsolationForest,0.005,0.005,ROC_AUC,0.813015355620548,1272524,4254,
6a2f3b69057e,rho_sweep,PaySim,chronological,0,U,IsolationForest,0.005,0.005,Precision,0.0385064177362893,1272524,4254,
6a2f3b69057e,rho_sweep,PaySim,chronological,0,U,IsolationForest,0.005,0.005,Recall,0.0077574047954866,1272524,4254,
6a2f3b69057e,rho_sweep,PaySim,chronological,0,U,IsolationForest,0.005,0.005,F1,0.0129133242027,1272524,4254,
6a2f3b69057e,rho_sweep,PaySim,chronological,0,U,IsolationForest,0.005,0.005,TN,1267446.0,1272524,4254,
6a2f3b69057e,rho_sweep,PaySim,chronological,0,U,IsolationForest,0.005,0.005,FP,824.0,1272524,4254,
6a2f3b69057e,rho_sweep,PaySim,chronological,0,U,IsolationForest,0.005,0.005,FN,4221.0,1272524,4254,
6a2f3b69057e,rho_sweep,PaySim,chronological,0,U,IsolationForest,0.005,0.005,TP,33.0,1272524,4254,
6a2f3b69057e,rho_sweep,PaySim,chronological,0,U,IsolationForest,0.005,0.005,n_alerts,857.0,1272524,4254,
6a2f3b69057e,rho_sweep,PaySim,chronological,0,U,IsolationForest,0.005,0.005,alert_rate,0.0006734647047914,1272524,4254,
6a2f3b69057e,rho_sweep,PaySim,chronological,0,U,IsolationForest,0.005,0.005,prevalence,0.0033429624902948,1272524,4254,
6a2f3b69057e,rho_sweep,PaySim,chronological,0,U,IsolationForest,0.005,0.005,lift,11.51865085177572,1272524,4254,
6a2f3b69057e,rho_sweep,PaySim,chronological,0,U,IsolationForest,0.005,0.005,tie_ratio,0.5940076572229679,1272524,4254,
6a2f3b69057e,rho_sweep,PaySim,chronological,0,U,IsolationForest,0.005,0.005,fit_seconds,10.868972539901732,1272524,4254,
6a2f3b69057e,rho_sweep,PaySim,chronological,0,U,IsolationForest,0.005,0.005,score_seconds,36.713730812072754,1272524,4254,
e02649cbc906,rho_sweep,PaySim,chronological,0,U,LOF,0.005,0.005,PR_AUC,0.0030799352569791,1272524,4254,
e02649cbc906,rho_sweep,PaySim,chronological,0,U,LOF,0.005,0.005,ROC_AUC,0.4998612955691239,1272524,4254,
e02649cbc906,rho_sweep,PaySim,chronological,0,U,LOF,0.005,0.005,Precision,0.0,1272524,4254,
e02649cbc906,rho_sweep,PaySim,chronological,0,U,LOF,0.005,0.005,Recall,0.0,1272524,4254,
e02649cbc906,rho_sweep,PaySim,chronological,0,U,LOF,0.005,0.005,F1,0.0,1272524,4254,
e02649cbc906,rho_sweep,PaySim,chronological,0,U,LOF,0.005,0.005,TN,910268.0,1272524,4254,
e02649cbc906,rho_sweep,PaySim,chronological,0,U,LOF,0.005,0.005,FP,358002.0,1272524,4254,
e02649cbc906,rho_sweep,PaySim,chronological,0,U,LOF,0.005,0.005,FN,4254.0,1272524,4254,
e02649cbc906,rho_sweep,PaySim,chronological,0,U,LOF,0.005,0.005,TP,0.0,1272524,4254,
e02649cbc906,rho_sweep,PaySim,chronological,0,U,LOF,0.005,0.005,n_alerts,358002.0,1272524,4254,
e02649cbc906,rho_sweep,PaySim,chronological,0,U,LOF,0.005,0.005,alert_rate,0.28133221848861,1272524,4254,
e02649cbc906,rho_sweep,PaySim,chronological,0,U,LOF,0.005,0.005,prevalence,0.0033429624902948,1272524,4254,
e02649cbc906,rho_sweep,PaySim,chronological,0,U,LOF,0.005,0.005,lift,0.0,1272524,4254,
e02649cbc906,rho_sweep,PaySim,chronological,0,U,LOF,0.005,0.005,tie_ratio,0.042048715780606,1272524,4254,
e02649cbc906,rho_sweep,PaySim,chronological,0,U,LOF,0.005,0.005,fit_seconds,2.0312345027923584,1272524,4254,
e02649cbc906,rho_sweep,PaySim,chronological,0,U,LOF,0.005,0.005,score_seconds,354.7413845062256,1272524,4254,
efbd51a3afde,rho_sweep,PaySim,chronological,0,U,OneClassSVM,0.005,0.005,PR_AUC,0.1054356828019987,1272524,4254,
efbd51a3afde,rho_sweep,PaySim,chronological,0,U,OneClassSVM,0.005,0.005,ROC_AUC,0.8757167375165967,1272524,4254,
efbd51a3afde,rho_sweep,PaySim,chronological,0,U,OneClassSVM,0.005,0.005,Precision,0.2609289617486339,1272524,4254,
efbd51a3afde,rho_sweep,PaySim,chronological,0,U,OneClassSVM,0.005,0.005,Recall,0.0897978373295721,1272524,4254,
efbd51a3afde,rho_sweep,PaySim,chronological,0,U,OneClassSVM,0.005,0.005,F1,0.1336131514515565,1272524,4254,
efbd51a3afde,rho_sweep,PaySim,chronological,0,U,OneClassSVM,0.005,0.005,TN,1267188.0,1272524,4254,
efbd51a3afde,rho_sweep,PaySim,chronological,0,U,OneClassSVM,0.005,0.005,FP,1082.0,1272524,4254,
efbd51a3afde,rho_sweep,PaySim,chronological,0,U,OneClassSVM,0.005,0.005,FN,3872.0,1272524,4254,
efbd51a3afde,rho_sweep,PaySim,chronological,0,U,OneClassSVM,0.005,0.005,TP,382.0,1272524,4254,
efbd51a3afde,rho_sweep,PaySim,chronological,0,U,OneClassSVM,0.005,0.005,n_alerts,1464.0,1272524,4254,
efbd51a3afde,rho_sweep,PaySim,chronological,0,U,OneClassSVM,0.005,0.005,alert_rate,0.0011504694606938,1272524,4254,
efbd51a3afde,rho_sweep,PaySim,chronological,0,U,OneClassSVM,0.005,0.005,prevalence,0.0033429624902948,1272524,4254,
efbd51a3afde,rho_sweep,PaySim,chronological,0,U,OneClassSVM,0.005,0.005,lift,78.05321253413695,1272524,4254,
efbd51a3afde,rho_sweep,PaySim,chronological,0,U,OneClassSVM,0.005,0.005,tie_ratio,0.0041264447664641,1272524,4254,
efbd51a3afde,rho_sweep,PaySim,chronological,0,U,OneClassSVM,0.005,0.005,fit_seconds,0.593360185623169,1272524,4254,
efbd51a3afde,rho_sweep,PaySim,chronological,0,U,OneClassSVM,0.005,0.005,score_seconds,88.14158892631531,1272524,4254,
c8ba431267e2,rho_sweep,PaySim,chronological,0,U,DBSCAN,0.005,0.005,PR_AUC,0.0248001905160756,1272524,4254,
c8ba431267e2,rho_sweep,PaySim,chronological,0,U,DBSCAN,0.005,0.005,ROC_AUC,0.8407100109704875,1272524,4254,
c8ba431267e2,rho_sweep,PaySim,chronological,0,U,DBSCAN,0.005,0.005,Precision,0.1179245283018868,1272524,4254,
c8ba431267e2,rho_sweep,PaySim,chronological,0,U,DBSCAN,0.005,0.005,Recall,0.0293841090738128,1272524,4254,
c8ba431267e2,rho_sweep,PaySim,chronological,0,U,DBSCAN,0.005,0.005,F1,0.0470455400828001,1272524,4254,
c8ba431267e2,rho_sweep,PaySim,chronological,0,U,DBSCAN,0.005,0.005,TN,1267335.0,1272524,4254,
c8ba431267e2,rho_sweep,PaySim,chronological,0,U,DBSCAN,0.005,0.005,FP,935.0,1272524,4254,
c8ba431267e2,rho_sweep,PaySim,chronological,0,U,DBSCAN,0.005,0.005,FN,4129.0,1272524,4254,
c8ba431267e2,rho_sweep,PaySim,chronological,0,U,DBSCAN,0.005,0.005,TP,125.0,1272524,4254,
c8ba431267e2,rho_sweep,PaySim,chronological,0,U,DBSCAN,0.005,0.005,n_alerts,1060.0,1272524,4254,
c8ba431267e2,rho_sweep,PaySim,chronological,0,U,DBSCAN,0.005,0.005,alert_rate,0.0008329901832892,1272524,4254,
c8ba431267e2,rho_sweep,PaySim,chronological,0,U,DBSCAN,0.005,0.005,prevalence,0.0033429624902948,1272524,4254,
c8ba431267e2,rho_sweep,PaySim,chronological,0,U,DBSCAN,0.005,0.005,lift,35.27545661796666,1272524,4254,
c8ba431267e2,rho_sweep,PaySim,chronological,0,U,DBSCAN,0.005,0.005,tie_ratio,0.1043273054182082,1272524,4254,
c8ba431267e2,rho_sweep,PaySim,chronological,0,U,DBSCAN,0.005,0.005,fit_seconds,1.1995339393615725,1272524,4254,
c8ba431267e2,rho_sweep,PaySim,chronological,0,U,DBSCAN,0.005,0.005,score_seconds,0.1808242797851562,1272524,4254,
d283ba893fce,rho_sweep,PaySim,chronological,0,U,KMeans,0.005,0.005,PR_AUC,0.0419499380385752,1272524,4254,
d283ba893fce,rho_sweep,PaySim,chronological,0,U,KMeans,0.005,0.005,ROC_AUC,0.8688532105391693,1272524,4254,
d283ba893fce,rho_sweep,PaySim,chronological,0,U,KMeans,0.005,0.005,Precision,0.1213826366559485,1272524,4254,
d283ba893fce,rho_sweep,PaySim,chronological,0,U,KMeans,0.005,0.005,Recall,0.0354960037611659,1272524,4254,
d283ba893fce,rho_sweep,PaySim,chronological,0,U,KMeans,0.005,0.005,F1,0.0549290651145871,1272524,4254,
d283ba893fce,rho_sweep,PaySim,chronological,0,U,KMeans,0.005,0.005,TN,1267177.0,1272524,4254,
d283ba893fce,rho_sweep,PaySim,chronological,0,U,KMeans,0.005,0.005,FP,1093.0,1272524,4254,
d283ba893fce,rho_sweep,PaySim,chronological,0,U,KMeans,0.005,0.005,FN,4103.0,1272524,4254,
d283ba893fce,rho_sweep,PaySim,chronological,0,U,KMeans,0.005,0.005,TP,151.0,1272524,4254,
d283ba893fce,rho_sweep,PaySim,chronological,0,U,KMeans,0.005,0.005,n_alerts,1244.0,1272524,4254,
d283ba893fce,rho_sweep,PaySim,chronological,0,U,KMeans,0.005,0.005,alert_rate,0.0009775847056715,1272524,4254,
d283ba893fce,rho_sweep,PaySim,chronological,0,U,KMeans,0.005,0.005,prevalence,0.0033429624902948,1272524,4254,
d283ba893fce,rho_sweep,PaySim,chronological,0,U,KMeans,0.005,0.005,lift,36.30990087634562,1272524,4254,
d283ba893fce,rho_sweep,PaySim,chronological,0,U,KMeans,0.005,0.005,tie_ratio,0.1504466713397939,1272524,4254,
d283ba893fce,rho_sweep,PaySim,chronological,0,U,KMeans,0.005,0.005,fit_seconds,96.2109432220459,1272524,4254,
d283ba893fce,rho_sweep,PaySim,chronological,0,U,KMeans,0.005,0.005,score_seconds,1.6634562015533447,1272524,4254,
704f9c253aa2,rho_sweep,PaySim,chronological,0,U,Ensemble,0.005,0.005,PR_AUC,0.1501849397559059,1272524,4254,
704f9c253aa2,rho_sweep,PaySim,chronological,0,U,Ensemble,0.005,0.005,ROC_AUC,0.9177841422009108,1272524,4254,
704f9c253aa2,rho_sweep,PaySim,chronological,0,U,Ensemble,0.005,0.005,Precision,0.2455958549222797,1272524,4254,
704f9c253aa2,rho_sweep,PaySim,chronological,0,U,Ensemble,0.005,0.005,Recall,0.0557122708039492,1272524,4254,
704f9c253aa2,rho_sweep,PaySim,chronological,0,U,Ensemble,0.005,0.005,F1,0.0908219965510634,1272524,4254,
704f9c253aa2,rho_sweep,PaySim,chronological,0,U,Ensemble,0.005,0.005,TN,1267542.0,1272524,4254,
704f9c253aa2,rho_sweep,PaySim,chronological,0,U,Ensemble,0.005,0.005,FP,728.0,1272524,4254,
704f9c253aa2,rho_sweep,PaySim,chronological,0,U,Ensemble,0.005,0.005,FN,4017.0,1272524,4254,
704f9c253aa2,rho_sweep,PaySim,chronological,0,U,Ensemble,0.005,0.005,TP,237.0,1272524,4254,
704f9c253aa2,rho_sweep,PaySim,chronological,0,U,Ensemble,0.005,0.005,n_alerts,965.0,1272524,4254,
704f9c253aa2,rho_sweep,PaySim,chronological,0,U,Ensemble,0.005,0.005,alert_rate,0.0007583354027114,1272524,4254,
704f9c253aa2,rho_sweep,PaySim,chronological,0,U,Ensemble,0.005,0.005,prevalence,0.0033429624902948,1272524,4254,
704f9c253aa2,rho_sweep,PaySim,chronological,0,U,Ensemble,0.005,0.005,lift,73.4665302513209,1272524,4254,
704f9c253aa2,rho_sweep,PaySim,chronological,0,U,Ensemble,0.005,0.005,tie_ratio,0.100811458172891,1272524,4254,
704f9c253aa2,rho_sweep,PaySim,chronological,0,U,Ensemble,0.005,0.005,fit_seconds,0.0,1272524,4254,
704f9c253aa2,rho_sweep,PaySim,chronological,0,U,Ensemble,0.005,0.005,score_seconds,0.0,1272524,4254,
e5cd1738a807,rho_sweep,PaySim,chronological,0,U,Ensemble,0.005,0.005,single_point_invariant,1.0,1272524,4254,invariance
2292cbe1eb1f,rho_sweep,PaySim,chronological,0,N,IsolationForest,0.005,0.005,PR_AUC,0.0164758600576137,1272524,4254,
2292cbe1eb1f,rho_sweep,PaySim,chronological,0,N,IsolationForest,0.005,0.005,ROC_AUC,0.8133172071344671,1272524,4254,
2292cbe1eb1f,rho_sweep,PaySim,chronological,0,N,IsolationForest,0.005,0.005,Precision,0.0309072781655034,1272524,4254,
2292cbe1eb1f,rho_sweep,PaySim,chronological,0,N,IsolationForest,0.005,0.005,Recall,0.0072872590503055,1272524,4254,
2292cbe1eb1f,rho_sweep,PaySim,chronological,0,N,IsolationForest,0.005,0.005,F1,0.0117937987445311,1272524,4254,
2292cbe1eb1f,rho_sweep,PaySim,chronological,0,N,IsolationForest,0.005,0.005,TN,1267298.0,1272524,4254,
2292cbe1eb1f,rho_sweep,PaySim,chronological,0,N,IsolationForest,0.005,0.005,FP,972.0,1272524,4254,
2292cbe1eb1f,rho_sweep,PaySim,chronological,0,N,IsolationForest,0.005,0.005,FN,4223.0,1272524,4254,
2292cbe1eb1f,rho_sweep,PaySim,chronological,0,N,IsolationForest,0.005,0.005,TP,31.0,1272524,4254,
2292cbe1eb1f,rho_sweep,PaySim,chronological,0,N,IsolationForest,0.005,0.005,n_alerts,1003.0,1272524,4254,
2292cbe1eb1f,rho_sweep,PaySim,chronological,0,N,IsolationForest,0.005,0.005,alert_rate,0.0007881973149425,1272524,4254,
2292cbe1eb1f,rho_sweep,PaySim,chronological,0,N,IsolationForest,0.005,0.005,prevalence,0.0033429624902948,1272524,4254,
2292cbe1eb1f,rho_sweep,PaySim,chronological,0,N,IsolationForest,0.005,0.005,lift,9.245475608904364,1272524,4254,
2292cbe1eb1f,rho_sweep,PaySim,chronological,0,N,IsolationForest,0.005,0.005,tie_ratio,0.5972382446224983,1272524,4254,
2292cbe1eb1f,rho_sweep,PaySim,chronological,0,N,IsolationForest,0.005,0.005,fit_seconds,13.022560119628906,1272524,4254,
2292cbe1eb1f,rho_sweep,PaySim,chronological,0,N,IsolationForest,0.005,0.005,score_seconds,49.35569071769714,1272524,4254,
a20f970b677b,rho_sweep,PaySim,chronological,0,N,LOF,0.005,0.005,PR_AUC,0.0030319200122619,1272524,4254,
a20f970b677b,rho_sweep,PaySim,chronological,0,N,LOF,0.005,0.005,ROC_AUC,0.4930260335157603,1272524,4254,
a20f970b677b,rho_sweep,PaySim,chronological,0,N,LOF,0.005,0.005,Precision,9.353861942342797e-05,1272524,4254,
a20f970b677b,rho_sweep,PaySim,chronological,0,N,LOF,0.005,0.005,Recall,0.0082275505406676,1272524,4254,
a20f970b677b,rho_sweep,PaySim,chronological,0,N,LOF,0.005,0.005,F1,0.0001849742753632,1272524,4254,
a20f970b677b,rho_sweep,PaySim,chronological,0,N,LOF,0.005,0.005,TN,894128.0,1272524,4254,
a20f970b677b,rho_sweep,PaySim,chronological,0,N,LOF,0.005,0.005,FP,374142.0,1272524,4254,
a20f970b677b,rho_sweep,PaySim,chronological,0,N,LOF,0.005,0.005,FN,4219.0,1272524,4254,
a20f970b677b,rho_sweep,PaySim,chronological,0,N,LOF,0.005,0.005,TP,35.0,1272524,4254,
a20f970b677b,rho_sweep,PaySim,chronological,0,N,LOF,0.005,0.005,n_alerts,374177.0,1272524,4254,
a20f970b677b,rho_sweep,PaySim,chronological,0,N,LOF,0.005,0.005,alert_rate,0.294043177181727,1272524,4254,
a20f970b677b,rho_sweep,PaySim,chronological,0,N,LOF,0.005,0.005,prevalence,0.0033429624902948,1272524,4254,
a20f970b677b,rho_sweep,PaySim,chronological,0,N,LOF,0.005,0.005,lift,0.0279807564981613,1272524,4254,
a20f970b677b,rho_sweep,PaySim,chronological,0,N,LOF,0.005,0.005,tie_ratio,0.0376865190754751,1272524,4254,
a20f970b677b,rho_sweep,PaySim,chronological,0,N,LOF,0.005,0.005,fit_seconds,3.128434419631958,1272524,4254,
a20f970b677b,rho_sweep,PaySim,chronological,0,N,LOF,0.005,0.005,score_seconds,280.5929493904114,1272524,4254,
091cf1ea733e,rho_sweep,PaySim,chronological,0,N,OneClassSVM,0.005,0.005,PR_AUC,0.1017694721507266,1272524,4254,
091cf1ea733e,rho_sweep,PaySim,chronological,0,N,OneClassSVM,0.005,0.005,ROC_AUC,0.8708153097421645,1272524,4254,
091cf1ea733e,rho_sweep,PaySim,chronological,0,N,OneClassSVM,0.005,0.005,Precision,0.2674982674982675,1272524,4254,
091cf1ea733e,rho_sweep,PaySim,chronological,0,N,OneClassSVM,0.005,0.005,Recall,0.0907381288199341,1272524,4254,
091cf1ea733e,rho_sweep,PaySim,chronological,0,N,OneClassSVM,0.005,0.005,F1,0.1355099175004388,1272524,4254,
091cf1ea733e,rho_sweep,PaySim,chronological,0,N,OneClassSVM,0.005,0.005,TN,1267213.0,1272524,4254,
091cf1ea733e,rho_sweep,PaySim,chronological,0,N,OneClassSVM,0.005,0.005,FP,1057.0,1272524,4254,
091cf1ea733e,rho_sweep,PaySim,chronological,0,N,OneClassSVM,0.005,0.005,FN,3868.0,1272524,4254,
091cf1ea733e,rho_sweep,PaySim,chronological,0,N,OneClassSVM,0.005,0.005,TP,386.0,1272524,4254,
091cf1ea733e,rho_sweep,PaySim,chronological,0,N,OneClassSVM,0.005,0.005,n_alerts,1443.0,1272524,4254,
091cf1ea733e,rho_sweep,PaySim,chronological,0,N,OneClassSVM,0.005,0.005,alert_rate,0.0011339668249871,1272524,4254,
091cf1ea733e,rho_sweep,PaySim,chronological,0,N,OneClassSVM,0.005,0.005,prevalence,0.0033429624902948,1272524,4254,
091cf1ea733e,rho_sweep,PaySim,chronological,0,N,OneClassSVM,0.005,0.005,lift,80.01832753877888,1272524,4254,
091cf1ea733e,rho_sweep,PaySim,chronological,0,N,OneClassSVM,0.005,0.005,tie_ratio,0.0044376373255042,1272524,4254,
091cf1ea733e,rho_sweep,PaySim,chronological,0,N,OneClassSVM,0.005,0.005,fit_seconds,0.3259472846984863,1272524,4254,
091cf1ea733e,rho_sweep,PaySim,chronological,0,N,OneClassSVM,0.005,0.005,score_seconds,64.14778733253479,1272524,4254,
431dd3ea8c21,rho_sweep,PaySim,chronological,0,N,DBSCAN,0.005,0.005,PR_AUC,0.0248049647828882,1272524,4254,
431dd3ea8c21,rho_sweep,PaySim,chronological,0,N,DBSCAN,0.005,0.005,ROC_AUC,0.8406674069663339,1272524,4254,
431dd3ea8c21,rho_sweep,PaySim,chronological,0,N,DBSCAN,0.005,0.005,Precision,0.1179245283018868,1272524,4254,
431dd3ea8c21,rho_sweep,PaySim,chronological,0,N,DBSCAN,0.005,0.005,Recall,0.0293841090738128,1272524,4254,
431dd3ea8c21,rho_sweep,PaySim,chronological,0,N,DBSCAN,0.005,0.005,F1,0.0470455400828001,1272524,4254,
431dd3ea8c21,rho_sweep,PaySim,chronological,0,N,DBSCAN,0.005,0.005,TN,1267335.0,1272524,4254,
431dd3ea8c21,rho_sweep,PaySim,chronological,0,N,DBSCAN,0.005,0.005,FP,935.0,1272524,4254,
431dd3ea8c21,rho_sweep,PaySim,chronological,0,N,DBSCAN,0.005,0.005,FN,4129.0,1272524,4254,
431dd3ea8c21,rho_sweep,PaySim,chronological,0,N,DBSCAN,0.005,0.005,TP,125.0,1272524,4254,
431dd3ea8c21,rho_sweep,PaySim,chronological,0,N,DBSCAN,0.005,0.005,n_alerts,1060.0,1272524,4254,
431dd3ea8c21,rho_sweep,PaySim,chronological,0,N,DBSCAN,0.005,0.005,alert_rate,0.0008329901832892,1272524,4254,
431dd3ea8c21,rho_sweep,PaySim,chronological,0,N,DBSCAN,0.005,0.005,prevalence,0.0033429624902948,1272524,4254,
431dd3ea8c21,rho_sweep,PaySim,chronological,0,N,DBSCAN,0.005,0.005,lift,35.27545661796666,1272524,4254,
431dd3ea8c21,rho_sweep,PaySim,chronological,0,N,DBSCAN,0.005,0.005,tie_ratio,0.0998142274723306,1272524,4254,
431dd3ea8c21,rho_sweep,PaySim,chronological,0,N,DBSCAN,0.005,0.005,fit_seconds,1.0281996726989746,1272524,4254,
431dd3ea8c21,rho_sweep,PaySim,chronological,0,N,DBSCAN,0.005,0.005,score_seconds,0.1368167400360107,1272524,4254,
52f47b53d177,rho_sweep,PaySim,chronological,0,N,KMeans,0.005,0.005,PR_AUC,0.045800539016992,1272524,4254,
52f47b53d177,rho_sweep,PaySim,chronological,0,N,KMeans,0.005,0.005,ROC_AUC,0.8627522782395675,1272524,4254,
52f47b53d177,rho_sweep,PaySim,chronological,0,N,KMeans,0.005,0.005,Precision,0.1257918552036199,1272524,4254,
52f47b53d177,rho_sweep,PaySim,chronological,0,N,KMeans,0.005,0.005,Recall,0.0326751292900799,1272524,4254,
52f47b53d177,rho_sweep,PaySim,chronological,0,N,KMeans,0.005,0.005,F1,0.0518753498787087,1272524,4254,
52f47b53d177,rho_sweep,PaySim,chronological,0,N,KMeans,0.005,0.005,TN,1267304.0,1272524,4254,
52f47b53d177,rho_sweep,PaySim,chronological,0,N,KMeans,0.005,0.005,FP,966.0,1272524,4254,
52f47b53d177,rho_sweep,PaySim,chronological,0,N,KMeans,0.005,0.005,FN,4115.0,1272524,4254,
52f47b53d177,rho_sweep,PaySim,chronological,0,N,KMeans,0.005,0.005,TP,139.0,1272524,4254,
52f47b53d177,rho_sweep,PaySim,chronological,0,N,KMeans,0.005,0.005,n_alerts,1105.0,1272524,4254,
52f47b53d177,rho_sweep,PaySim,chronological,0,N,KMeans,0.005,0.005,alert_rate,0.0008683529740892,1272524,4254,
52f47b53d177,rho_sweep,PaySim,chronological,0,N,KMeans,0.005,0.005,prevalence,0.0033429624902948,1272524,4254,
52f47b53d177,rho_sweep,PaySim,chronological,0,N,KMeans,0.005,0.005,lift,37.62885631197255,1272524,4254,
52f47b53d177,rho_sweep,PaySim,chronological,0,N,KMeans,0.005,0.005,tie_ratio,0.1527821872121861,1272524,4254,
52f47b53d177,rho_sweep,PaySim,chronological,0,N,KMeans,0.005,0.005,fit_seconds,74.00487565994263,1272524,4254,
52f47b53d177,rho_sweep,PaySim,chronological,0,N,KMeans,0.005,0.005,score_seconds,1.1966745853424072,1272524,4254,
6da711302ec6,rho_sweep,PaySim,chronological,0,N,Ensemble,0.005,0.005,PR_AUC,0.1705869781017269,1272524,4254,
6da711302ec6,rho_sweep,PaySim,chronological,0,N,Ensemble,0.005,0.005,ROC_AUC,0.9162555533549658,1272524,4254,
6da711302ec6,rho_sweep,PaySim,chronological,0,N,Ensemble,0.005,0.005,Precision,0.3146747352496218,1272524,4254,
6da711302ec6,rho_sweep,PaySim,chronological,0,N,Ensemble,0.005,0.005,Recall,0.0977903149976492,1272524,4254,
6da711302ec6,rho_sweep,PaySim,chronological,0,N,Ensemble,0.005,0.005,F1,0.1492109038737446,1272524,4254,
6da711302ec6,rho_sweep,PaySim,chronological,0,N,Ensemble,0.005,0.005,TN,1267364.0,1272524,4254,
6da711302ec6,rho_sweep,PaySim,chronological,0,N,Ensemble,0.005,0.005,FP,906.0,1272524,4254,
6da711302ec6,rho_sweep,PaySim,chronological,0,N,Ensemble,0.005,0.005,FN,3838.0,1272524,4254,
6da711302ec6,rho_sweep,PaySim,chronological,0,N,Ensemble,0.005,0.005,TP,416.0,1272524,4254,
6da711302ec6,rho_sweep,PaySim,chronological,0,N,Ensemble,0.005,0.005,n_alerts,1322.0,1272524,4254,
6da711302ec6,rho_sweep,PaySim,chronological,0,N,Ensemble,0.005,0.005,alert_rate,0.0010388802097249,1272524,4254,
6da711302ec6,rho_sweep,PaySim,chronological,0,N,Ensemble,0.005,0.005,prevalence,0.0033429624902948,1272524,4254,
6da711302ec6,rho_sweep,PaySim,chronological,0,N,Ensemble,0.005,0.005,lift,94.13050136313817,1272524,4254,
6da711302ec6,rho_sweep,PaySim,chronological,0,N,Ensemble,0.005,0.005,tie_ratio,0.1019556409152204,1272524,4254,
6da711302ec6,rho_sweep,PaySim,chronological,0,N,Ensemble,0.005,0.005,fit_seconds,0.0,1272524,4254,
6da711302ec6,rho_sweep,PaySim,chronological,0,N,Ensemble,0.005,0.005,score_seconds,0.0,1272524,4254,
aec3eb32d513,rho_sweep,PaySim,chronological,0,N,Ensemble,0.005,0.005,single_point_invariant,1.0,1272524,4254,invariance
b9f113e2887b,rho_sweep,PaySim,chronological,0,U,IsolationForest,0.01,0.01,PR_AUC,0.0160953854190835,1272524,4254,
b9f113e2887b,rho_sweep,PaySim,chronological,0,U,IsolationForest,0.01,0.01,ROC_AUC,0.813015355620548,1272524,4254,
b9f113e2887b,rho_sweep,PaySim,chronological,0,U,IsolationForest,0.01,0.01,Precision,0.0258266956311851,1272524,4254,
b9f113e2887b,rho_sweep,PaySim,chronological,0,U,IsolationForest,0.01,0.01,Recall,0.0251527973671838,1272524,4254,
b9f113e2887b,rho_sweep,PaySim,chronological,0,U,IsolationForest,0.01,0.01,F1,0.0254852923663213,1272524,4254,
b9f113e2887b,rho_sweep,PaySim,chronological,0,U,IsolationForest,0.01,0.01,TN,1264234.0,1272524,4254,
b9f113e2887b,rho_sweep,PaySim,chronological,0,U,IsolationForest,0.01,0.01,FP,4036.0,1272524,4254,
b9f113e2887b,rho_sweep,PaySim,chronological,0,U,IsolationForest,0.01,0.01,FN,4147.0,1272524,4254,
b9f113e2887b,rho_sweep,PaySim,chronological,0,U,IsolationForest,0.01,0.01,TP,107.0,1272524,4254,
b9f113e2887b,rho_sweep,PaySim,chronological,0,U,IsolationForest,0.01,0.01,n_alerts,4143.0,1272524,4254,
b9f113e2887b,rho_sweep,PaySim,chronological,0,U,IsolationForest,0.01,0.01,alert_rate,0.0032557342729881,1272524,4254,
b9f113e2887b,rho_sweep,PaySim,chronological,0,U,IsolationForest,0.01,0.01,prevalence,0.0033429624902948,1272524,4254,
b9f113e2887b,rho_sweep,PaySim,chronological,0,U,IsolationForest,0.01,0.01,lift,7.725691121621586,1272524,4254,
b9f113e2887b,rho_sweep,PaySim,chronological,0,U,IsolationForest,0.01,0.01,tie_ratio,0.5940076572229679,1272524,4254,
b9f113e2887b,rho_sweep,PaySim,chronological,0,U,IsolationForest,0.01,0.01,fit_seconds,8.595725297927856,1272524,4254,
b9f113e2887b,rho_sweep,PaySim,chronological,0,U,IsolationForest,0.01,0.01,score_seconds,31.70349669456482,1272524,4254,
dbb19b977f76,rho_sweep,PaySim,chronological,0,U,LOF,0.01,0.01,PR_AUC,0.0030799352569791,1272524,4254,
dbb19b977f76,rho_sweep,PaySim,chronological,0,U,LOF,0.01,0.01,ROC_AUC,0.4998612955691239,1272524,4254,
dbb19b977f76,rho_sweep,PaySim,chronological,0,U,LOF,0.01,0.01,Precision,0.0,1272524,4254,
dbb19b977f76,rho_sweep,PaySim,chronological,0,U,LOF,0.01,0.01,Recall,0.0,1272524,4254,
dbb19b977f76,rho_sweep,PaySim,chronological,0,U,LOF,0.01,0.01,F1,0.0,1272524,4254,
dbb19b977f76,rho_sweep,PaySim,chronological,0,U,LOF,0.01,0.01,TN,898960.0,1272524,4254,
dbb19b977f76,rho_sweep,PaySim,chronological,0,U,LOF,0.01,0.01,FP,369310.0,1272524,4254,
dbb19b977f76,rho_sweep,PaySim,chronological,0,U,LOF,0.01,0.01,FN,4254.0,1272524,4254,
dbb19b977f76,rho_sweep,PaySim,chronological,0,U,LOF,0.01,0.01,TP,0.0,1272524,4254,
dbb19b977f76,rho_sweep,PaySim,chronological,0,U,LOF,0.01,0.01,n_alerts,369310.0,1272524,4254,
dbb19b977f76,rho_sweep,PaySim,chronological,0,U,LOF,0.01,0.01,alert_rate,0.2902184948967564,1272524,4254,
dbb19b977f76,rho_sweep,PaySim,chronological,0,U,LOF,0.01,0.01,prevalence,0.0033429624902948,1272524,4254,
dbb19b977f76,rho_sweep,PaySim,chronological,0,U,LOF,0.01,0.01,lift,0.0,1272524,4254,
dbb19b977f76,rho_sweep,PaySim,chronological,0,U,LOF,0.01,0.01,tie_ratio,0.042048715780606,1272524,4254,
dbb19b977f76,rho_sweep,PaySim,chronological,0,U,LOF,0.01,0.01,fit_seconds,1.9031634330749512,1272524,4254,
dbb19b977f76,rho_sweep,PaySim,chronological,0,U,LOF,0.01,0.01,score_seconds,253.9518609046936,1272524,4254,
83cd4c8f5abb,rho_sweep,PaySim,chronological,0,U,OneClassSVM,0.01,0.01,PR_AUC,0.1054857077465432,1272524,4254,
83cd4c8f5abb,rho_sweep,PaySim,chronological,0,U,OneClassSVM,0.01,0.01,ROC_AUC,0.8806155254545682,1272524,4254,
83cd4c8f5abb,rho_sweep,PaySim,chronological,0,U,OneClassSVM,0.01,0.01,Precision,0.0236249023764364,1272524,4254,
83cd4c8f5abb,rho_sweep,PaySim,chronological,0,U,OneClassSVM,0.01,0.01,Recall,0.5973201692524682,1272524,4254,
83cd4c8f5abb,rho_sweep,PaySim,chronological,0,U,OneClassSVM,0.01,0.01,F1,0.0454521062516769,1272524,4254,
83cd4c8f5abb,rho_sweep,PaySim,chronological,0,U,OneClassSVM,0.01,0.01,TN,1163255.0,1272524,4254,
83cd4c8f5abb,rho_sweep,PaySim,chronological,0,U,OneClassSVM,0.01,0.01,FP,105015.0,1272524,4254,
83cd4c8f5abb,rho_sweep,PaySim,chronological,0,U,OneClassSVM,0.01,0.01,FN,1713.0,1272524,4254,
83cd4c8f5abb,rho_sweep,PaySim,chronological,0,U,OneClassSVM,0.01,0.01,TP,2541.0,1272524,4254,
83cd4c8f5abb,rho_sweep,PaySim,chronological,0,U,OneClassSVM,0.01,0.01,n_alerts,107556.0,1272524,4254,
83cd4c8f5abb,rho_sweep,PaySim,chronological,0,U,OneClassSVM,0.01,0.01,alert_rate,0.0845217850508124,1272524,4254,
83cd4c8f5abb,rho_sweep,PaySim,chronological,0,U,OneClassSVM,0.01,0.01,prevalence,0.0033429624902948,1272524,4254,
83cd4c8f5abb,rho_sweep,PaySim,chronological,0,U,OneClassSVM,0.01,0.01,lift,7.067055776133623,1272524,4254,
83cd4c8f5abb,rho_sweep,PaySim,chronological,0,U,OneClassSVM,0.01,0.01,tie_ratio,0.0041586641980819,1272524,4254,
83cd4c8f5abb,rho_sweep,PaySim,chronological,0,U,OneClassSVM,0.01,0.01,fit_seconds,0.4676265716552734,1272524,4254,
83cd4c8f5abb,rho_sweep,PaySim,chronological,0,U,OneClassSVM,0.01,0.01,score_seconds,80.81719994544983,1272524,4254,
35adfe243f32,rho_sweep,PaySim,chronological,0,U,DBSCAN,0.01,0.01,PR_AUC,0.0248001905160756,1272524,4254,
35adfe243f32,rho_sweep,PaySim,chronological,0,U,DBSCAN,0.01,0.01,ROC_AUC,0.8407100109704875,1272524,4254,
35adfe243f32,rho_sweep,PaySim,chronological,0,U,DBSCAN,0.01,0.01,Precision,0.0832850241545893,1272524,4254,
35adfe243f32,rho_sweep,PaySim,chronological,0,U,DBSCAN,0.01,0.01,Recall,0.1013164080865068,1272524,4254,
35adfe243f32,rho_sweep,PaySim,chronological,0,U,DBSCAN,0.01,0.01,F1,0.0914200869657439,1272524,4254,
35adfe243f32,rho_sweep,PaySim,chronological,0,U,DBSCAN,0.01,0.01,TN,1263526.0,1272524,4254,
35adfe243f32,rho_sweep,PaySim,chronological,0,U,DBSCAN,0.01,0.01,FP,4744.0,1272524,4254,
35adfe243f32,rho_sweep,PaySim,chronological,0,U,DBSCAN,0.01,0.01,FN,3823.0,1272524,4254,
35adfe243f32,rho_sweep,PaySim,chronological,0,U,DBSCAN,0.01,0.01,TP,431.0,1272524,4254,
35adfe243f32,rho_sweep,PaySim,chronological,0,U,DBSCAN,0.01,0.01,n_alerts,5175.0,1272524,4254,
35adfe243f32,rho_sweep,PaySim,chronological,0,U,DBSCAN,0.01,0.01,alert_rate,0.0040667209420018,1272524,4254,
35adfe243f32,rho_sweep,PaySim,chronological,0,U,DBSCAN,0.01,0.01,prevalence,0.0033429624902948,1272524,4254,
35adfe243f32,rho_sweep,PaySim,chronological,0,U,DBSCAN,0.01,0.01,lift,24.91353833504812,1272524,4254,
35adfe243f32,rho_sweep,PaySim,chronological,0,U,DBSCAN,0.01,0.01,tie_ratio,0.1043273054182082,1272524,4254,
35adfe243f32,rho_sweep,PaySim,chronological,0,U,DBSCAN,0.01,0.01,fit_seconds,0.933279037475586,1272524,4254,
35adfe243f32,rho_sweep,PaySim,chronological,0,U,DBSCAN,0.01,0.01,score_seconds,0.1227092742919921,1272524,4254,
c76532f78edb,rho_sweep,PaySim,chronological,0,U,KMeans,0.01,0.01,PR_AUC,0.0419499379764812,1272524,4254,
c76532f78edb,rho_sweep,PaySim,chronological,0,U,KMeans,0.01,0.01,ROC_AUC,0.8688532114659154,1272524,4254,
c76532f78edb,rho_sweep,PaySim,chronological,0,U,KMeans,0.01,0.01,Precision,0.0964673913043478,1272524,4254,
c76532f78edb,rho_sweep,PaySim,chronological,0,U,KMeans,0.01,0.01,Recall,0.11683121767748,1272524,4254,
c76532f78edb,rho_sweep,PaySim,chronological,0,U,KMeans,0.01,0.01,F1,0.1056772273017223,1272524,4254,
c76532f78edb,rho_sweep,PaySim,chronological,0,U,KMeans,0.01,0.01,TN,1263615.0,1272524,4254,
c76532f78edb,rho_sweep,PaySim,chronological,0,U,KMeans,0.01,0.01,FP,4655.0,1272524,4254,
c76532f78edb,rho_sweep,PaySim,chronological,0,U,KMeans,0.01,0.01,FN,3757.0,1272524,4254,
c76532f78edb,rho_sweep,PaySim,chronological,0,U,KMeans,0.01,0.01,TP,497.0,1272524,4254,
c76532f78edb,rho_sweep,PaySim,chronological,0,U,KMeans,0.01,0.01,n_alerts,5152.0,1272524,4254,
c76532f78edb,rho_sweep,PaySim,chronological,0,U,KMeans,0.01,0.01,alert_rate,0.004048646626704,1272524,4254,
c76532f78edb,rho_sweep,PaySim,chronological,0,U,KMeans,0.01,0.01,prevalence,0.0033429624902948,1272524,4254,
c76532f78edb,rho_sweep,PaySim,chronological,0,U,KMeans,0.01,0.01,lift,28.85685722900186,1272524,4254,
c76532f78edb,rho_sweep,PaySim,chronological,0,U,KMeans,0.01,0.01,tie_ratio,0.150285574181705,1272524,4254,
c76532f78edb,rho_sweep,PaySim,chronological,0,U,KMeans,0.01,0.01,fit_seconds,70.42461085319519,1272524,4254,
c76532f78edb,rho_sweep,PaySim,chronological,0,U,KMeans,0.01,0.01,score_seconds,1.211080551147461,1272524,4254,
f9687754c506,rho_sweep,PaySim,chronological,0,U,Ensemble,0.01,0.01,PR_AUC,0.1501755456755355,1272524,4254,
f9687754c506,rho_sweep,PaySim,chronological,0,U,Ensemble,0.01,0.01,ROC_AUC,0.9179050034317594,1272524,4254,
f9687754c506,rho_sweep,PaySim,chronological,0,U,Ensemble,0.01,0.01,Precision,0.0464499118256373,1272524,4254,
f9687754c506,rho_sweep,PaySim,chronological,0,U,Ensemble,0.01,0.01,Recall,0.6377527033380348,1272524,4254,
f9687754c506,rho_sweep,PaySim,chronological,0,U,Ensemble,0.01,0.01,F1,0.0865929365953304,1272524,4254,
f9687754c506,rho_sweep,PaySim,chronological,0,U,Ensemble,0.01,0.01,TN,1212576.0,1272524,4254,
f9687754c506,rho_sweep,PaySim,chronological,0,U,Ensemble,0.01,0.01,FP,55694.0,1272524,4254,
f9687754c506,rho_sweep,PaySim,chronological,0,U,Ensemble,0.01,0.01,FN,1541.0,1272524,4254,
f9687754c506,rho_sweep,PaySim,chronological,0,U,Ensemble,0.01,0.01,TP,2713.0,1272524,4254,
f9687754c506,rho_sweep,PaySim,chronological,0,U,Ensemble,0.01,0.01,n_alerts,58407.0,1272524,4254,
f9687754c506,rho_sweep,PaySim,chronological,0,U,Ensemble,0.01,0.01,alert_rate,0.0458985449390345,1272524,4254,
f9687754c506,rho_sweep,PaySim,chronological,0,U,Ensemble,0.01,0.01,prevalence,0.0033429624902948,1272524,4254,
f9687754c506,rho_sweep,PaySim,chronological,0,U,Ensemble,0.01,0.01,lift,13.894834883875724,1272524,4254,
f9687754c506,rho_sweep,PaySim,chronological,0,U,Ensemble,0.01,0.01,tie_ratio,0.1002362234425441,1272524,4254,
f9687754c506,rho_sweep,PaySim,chronological,0,U,Ensemble,0.01,0.01,fit_seconds,0.0,1272524,4254,
f9687754c506,rho_sweep,PaySim,chronological,0,U,Ensemble,0.01,0.01,score_seconds,0.0,1272524,4254,
4820867acf62,rho_sweep,PaySim,chronological,0,U,Ensemble,0.01,0.01,single_point_invariant,1.0,1272524,4254,invariance
a9575280f751,rho_sweep,PaySim,chronological,0,N,IsolationForest,0.01,0.01,PR_AUC,0.0164758600576137,1272524,4254,
a9575280f751,rho_sweep,PaySim,chronological,0,N,IsolationForest,0.01,0.01,ROC_AUC,0.8133172071344671,1272524,4254,
a9575280f751,rho_sweep,PaySim,chronological,0,N,IsolationForest,0.01,0.01,Precision,0.0218891268141803,1272524,4254,
a9575280f751,rho_sweep,PaySim,chronological,0,N,IsolationForest,0.01,0.01,Recall,0.0216267042783262,1272524,4254,
a9575280f751,rho_sweep,PaySim,chronological,0,N,IsolationForest,0.01,0.01,F1,0.0217571242757479,1272524,4254,
a9575280f751,rho_sweep,PaySim,chronological,0,N,IsolationForest,0.01,0.01,TN,1264159.0,1272524,4254,
a9575280f751,rho_sweep,PaySim,chronological,0,N,IsolationForest,0.01,0.01,FP,4111.0,1272524,4254,
a9575280f751,rho_sweep,PaySim,chronological,0,N,IsolationForest,0.01,0.01,FN,4162.0,1272524,4254,
a9575280f751,rho_sweep,PaySim,chronological,0,N,IsolationForest,0.01,0.01,TP,92.0,1272524,4254,
a9575280f751,rho_sweep,PaySim,chronological,0,N,IsolationForest,0.01,0.01,n_alerts,4203.0,1272524,4254,
a9575280f751,rho_sweep,PaySim,chronological,0,N,IsolationForest,0.01,0.01,alert_rate,0.0033028846607215,1272524,4254,
a9575280f751,rho_sweep,PaySim,chronological,0,N,IsolationForest,0.01,0.01,prevalence,0.0033429624902948,1272524,4254,
a9575280f751,rho_sweep,PaySim,chronological,0,N,IsolationForest,0.01,0.01,lift,6.547823039512936,1272524,4254,
a9575280f751,rho_sweep,PaySim,chronological,0,N,IsolationForest,0.01,0.01,tie_ratio,0.5972382446224983,1272524,4254,
a9575280f751,rho_sweep,PaySim,chronological,0,N,IsolationForest,0.01,0.01,fit_seconds,7.854638576507568,1272524,4254,
a9575280f751,rho_sweep,PaySim,chronological,0,N,IsolationForest,0.01,0.01,score_seconds,31.38127374649048,1272524,4254,
a1aa574615e2,rho_sweep,PaySim,chronological,0,N,LOF,0.01,0.01,PR_AUC,0.0030319200122619,1272524,4254,
a1aa574615e2,rho_sweep,PaySim,chronological,0,N,LOF,0.01,0.01,ROC_AUC,0.4930260335157603,1272524,4254,
a1aa574615e2,rho_sweep,PaySim,chronological,0,N,LOF,0.01,0.01,Precision,0.0001191037186252,1272524,4254,
a1aa574615e2,rho_sweep,PaySim,chronological,0,N,LOF,0.01,0.01,Recall,0.0108133521391631,1272524,4254,
a1aa574615e2,rho_sweep,PaySim,chronological,0,N,LOF,0.01,0.01,F1,0.0002356122846196,1272524,4254,
a1aa574615e2,rho_sweep,PaySim,chronological,0,N,LOF,0.01,0.01,TN,882098.0,1272524,4254,
a1aa574615e2,rho_sweep,PaySim,chronological,0,N,LOF,0.01,0.01,FP,386172.0,1272524,4254,
a1aa574615e2,rho_sweep,PaySim,chronological,0,N,LOF,0.01,0.01,FN,4208.0,1272524,4254,
a1aa574615e2,rho_sweep,PaySim,chronological,0,N,LOF,0.01,0.01,TP,46.0,1272524,4254,
a1aa574615e2,rho_sweep,PaySim,chronological,0,N,LOF,0.01,0.01,n_alerts,386218.0,1272524,4254,
a1aa574615e2,rho_sweep,PaySim,chronological,0,N,LOF,0.01,0.01,alert_rate,0.3035054741600158,1272524,4254,
a1aa574615e2,rho_sweep,PaySim,chronological,0,N,LOF,0.01,0.01,prevalence,0.0033429624902948,1272524,4254,
a1aa574615e2,rho_sweep,PaySim,chronological,0,N,LOF,0.01,0.01,lift,0.0356281947437365,1272524,4254,
a1aa574615e2,rho_sweep,PaySim,chronological,0,N,LOF,0.01,0.01,tie_ratio,0.0376865190754751,1272524,4254,
a1aa574615e2,rho_sweep,PaySim,chronological,0,N,LOF,0.01,0.01,fit_seconds,1.9322917461395264,1272524,4254,
a1aa574615e2,rho_sweep,PaySim,chronological,0,N,LOF,0.01,0.01,score_seconds,239.98603796958923,1272524,4254,
e5dbc95a36a0,rho_sweep,PaySim,chronological,0,N,OneClassSVM,0.01,0.01,PR_AUC,0.0986410298559997,1272524,4254,
e5dbc95a36a0,rho_sweep,PaySim,chronological,0,N,OneClassSVM,0.01,0.01,ROC_AUC,0.8726941744428176,1272524,4254,
e5dbc95a36a0,rho_sweep,PaySim,chronological,0,N,OneClassSVM,0.01,0.01,Precision,0.0175259383888154,1272524,4254,
e5dbc95a36a0,rho_sweep,PaySim,chronological,0,N,OneClassSVM,0.01,0.01,Recall,0.6170662905500706,1272524,4254,
e5dbc95a36a0,rho_sweep,PaySim,chronological,0,N,OneClassSVM,0.01,0.01,F1,0.0340838267373013,1272524,4254,
e5dbc95a36a0,rho_sweep,PaySim,chronological,0,N,OneClassSVM,0.01,0.01,TN,1121117.0,1272524,4254,
e5dbc95a36a0,rho_sweep,PaySim,chronological,0,N,OneClassSVM,0.01,0.01,FP,147153.0,1272524,4254,
e5dbc95a36a0,rho_sweep,PaySim,chronological,0,N,OneClassSVM,0.01,0.01,FN,1629.0,1272524,4254,
e5dbc95a36a0,rho_sweep,PaySim,chronological,0,N,OneClassSVM,0.01,0.01,TP,2625.0,1272524,4254,
e5dbc95a36a0,rho_sweep,PaySim,chronological,0,N,OneClassSVM,0.01,0.01,n_alerts,149778.0,1272524,4254,
e5dbc95a36a0,rho_sweep,PaySim,chronological,0,N,OneClassSVM,0.01,0.01,alert_rate,0.1177015128987744,1272524,4254,
e5dbc95a36a0,rho_sweep,PaySim,chronological,0,N,OneClassSVM,0.01,0.01,prevalence,0.0033429624902948,1272524,4254,
e5dbc95a36a0,rho_sweep,PaySim,chronological,0,N,OneClassSVM,0.01,0.01,lift,5.242636864665959,1272524,4254,
e5dbc95a36a0,rho_sweep,PaySim,chronological,0,N,OneClassSVM,0.01,0.01,tie_ratio,0.004512292106082,1272524,4254,
e5dbc95a36a0,rho_sweep,PaySim,chronological,0,N,OneClassSVM,0.01,0.01,fit_seconds,0.4614200592041015,1272524,4254,
e5dbc95a36a0,rho_sweep,PaySim,chronological,0,N,OneClassSVM,0.01,0.01,score_seconds,81.96655201911926,1272524,4254,
760ab135dcb1,rho_sweep,PaySim,chronological,0,N,DBSCAN,0.01,0.01,PR_AUC,0.0248049647828882,1272524,4254,
760ab135dcb1,rho_sweep,PaySim,chronological,0,N,DBSCAN,0.01,0.01,ROC_AUC,0.8406674069663339,1272524,4254,
760ab135dcb1,rho_sweep,PaySim,chronological,0,N,DBSCAN,0.01,0.01,Precision,0.0833011209895632,1272524,4254,
760ab135dcb1,rho_sweep,PaySim,chronological,0,N,DBSCAN,0.01,0.01,Recall,0.1013164080865068,1272524,4254,
760ab135dcb1,rho_sweep,PaySim,chronological,0,N,DBSCAN,0.01,0.01,F1,0.0914297836232499,1272524,4254,
760ab135dcb1,rho_sweep,PaySim,chronological,0,N,DBSCAN,0.01,0.01,TN,1263527.0,1272524,4254,
760ab135dcb1,rho_sweep,PaySim,chronological,0,N,DBSCAN,0.01,0.01,FP,4743.0,1272524,4254,
760ab135dcb1,rho_sweep,PaySim,chronological,0,N,DBSCAN,0.01,0.01,FN,3823.0,1272524,4254,
760ab135dcb1,rho_sweep,PaySim,chronological,0,N,DBSCAN,0.01,0.01,TP,431.0,1272524,4254,
760ab135dcb1,rho_sweep,PaySim,chronological,0,N,DBSCAN,0.01,0.01,n_alerts,5174.0,1272524,4254,
760ab135dcb1,rho_sweep,PaySim,chronological,0,N,DBSCAN,0.01,0.01,alert_rate,0.0040659351022063,1272524,4254,
760ab135dcb1,rho_sweep,PaySim,chronological,0,N,DBSCAN,0.01,0.01,prevalence,0.0033429624902948,1272524,4254,
760ab135dcb1,rho_sweep,PaySim,chronological,0,N,DBSCAN,0.01,0.01,lift,24.91835347581639,1272524,4254,
760ab135dcb1,rho_sweep,PaySim,chronological,0,N,DBSCAN,0.01,0.01,tie_ratio,0.0998142274723306,1272524,4254,
760ab135dcb1,rho_sweep,PaySim,chronological,0,N,DBSCAN,0.01,0.01,fit_seconds,0.9989132881164552,1272524,4254,
760ab135dcb1,rho_sweep,PaySim,chronological,0,N,DBSCAN,0.01,0.01,score_seconds,0.1586446762084961,1272524,4254,
d25956ccb7cf,rho_sweep,PaySim,chronological,0,N,KMeans,0.01,0.01,PR_AUC,0.0458005382118496,1272524,4254,
d25956ccb7cf,rho_sweep,PaySim,chronological,0,N,KMeans,0.01,0.01,ROC_AUC,0.8627522774981704,1272524,4254,
d25956ccb7cf,rho_sweep,PaySim,chronological,0,N,KMeans,0.01,0.01,Precision,0.1025919883994924,1272524,4254,
d25956ccb7cf,rho_sweep,PaySim,chronological,0,N,KMeans,0.01,0.01,Recall,0.1330512458862247,1272524,4254,
d25956ccb7cf,rho_sweep,PaySim,chronological,0,N,KMeans,0.01,0.01,F1,0.1158530344898168,1272524,4254,
d25956ccb7cf,rho_sweep,PaySim,chronological,0,N,KMeans,0.01,0.01,TN,1263319.0,1272524,4254,
d25956ccb7cf,rho_sweep,PaySim,chronological,0,N,KMeans,0.01,0.01,FP,4951.0,1272524,4254,
d25956ccb7cf,rho_sweep,PaySim,chronological,0,N,KMeans,0.01,0.01,FN,3688.0,1272524,4254,
d25956ccb7cf,rho_sweep,PaySim,chronological,0,N,KMeans,0.01,0.01,TP,566.0,1272524,4254,
d25956ccb7cf,rho_sweep,PaySim,chronological,0,N,KMeans,0.01,0.01,n_alerts,5517.0,1272524,4254,
d25956ccb7cf,rho_sweep,PaySim,chronological,0,N,KMeans,0.01,0.01,alert_rate,0.004335478152082,1272524,4254,
d25956ccb7cf,rho_sweep,PaySim,chronological,0,N,KMeans,0.01,0.01,prevalence,0.0033429624902948,1272524,4254,
d25956ccb7cf,rho_sweep,PaySim,chronological,0,N,KMeans,0.01,0.01,lift,30.68894392244376,1272524,4254,
d25956ccb7cf,rho_sweep,PaySim,chronological,0,N,KMeans,0.01,0.01,tie_ratio,0.1525472211133149,1272524,4254,
d25956ccb7cf,rho_sweep,PaySim,chronological,0,N,KMeans,0.01,0.01,fit_seconds,73.59696197509766,1272524,4254,
d25956ccb7cf,rho_sweep,PaySim,chronological,0,N,KMeans,0.01,0.01,score_seconds,1.1831133365631104,1272524,4254,
fe440949ca3a,rho_sweep,PaySim,chronological,0,N,Ensemble,0.01,0.01,PR_AUC,0.1705288236356865,1272524,4254,
fe440949ca3a,rho_sweep,PaySim,chronological,0,N,Ensemble,0.01,0.01,ROC_AUC,0.916101485696809,1272524,4254,
fe440949ca3a,rho_sweep,PaySim,chronological,0,N,Ensemble,0.01,0.01,Precision,0.0381557598702001,1272524,4254,
fe440949ca3a,rho_sweep,PaySim,chronological,0,N,Ensemble,0.01,0.01,Recall,0.6633756464503996,1272524,4254,
fe440949ca3a,rho_sweep,PaySim,chronological,0,N,Ensemble,0.01,0.01,F1,0.0721609941954125,1272524,4254,
fe440949ca3a,rho_sweep,PaySim,chronological,0,N,Ensemble,0.01,0.01,TN,1197132.0,1272524,4254,
fe440949ca3a,rho_sweep,PaySim,chronological,0,N,Ensemble,0.01,0.01,FP,71138.0,1272524,4254,
fe440949ca3a,rho_sweep,PaySim,chronological,0,N,Ensemble,0.01,0.01,FN,1432.0,1272524,4254,
fe440949ca3a,rho_sweep,PaySim,chronological,0,N,Ensemble,0.01,0.01,TP,2822.0,1272524,4254,
fe440949ca3a,rho_sweep,PaySim,chronological,0,N,Ensemble,0.01,0.01,n_alerts,73960.0,1272524,4254,
fe440949ca3a,rho_sweep,PaySim,chronological,0,N,Ensemble,0.01,0.01,alert_rate,0.0581207112793157,1272524,4254,
fe440949ca3a,rho_sweep,PaySim,chronological,0,N,Ensemble,0.01,0.01,prevalence,0.0033429624902948,1272524,4254,
fe440949ca3a,rho_sweep,PaySim,chronological,0,N,Ensemble,0.01,0.01,lift,11.41375650518724,1272524,4254,
fe440949ca3a,rho_sweep,PaySim,chronological,0,N,Ensemble,0.01,0.01,tie_ratio,0.1016161581235403,1272524,4254,
fe440949ca3a,rho_sweep,PaySim,chronological,0,N,Ensemble,0.01,0.01,fit_seconds,0.0,1272524,4254,
fe440949ca3a,rho_sweep,PaySim,chronological,0,N,Ensemble,0.01,0.01,score_seconds,0.0,1272524,4254,
36372b76b664,rho_sweep,PaySim,chronological,0,N,Ensemble,0.01,0.01,single_point_invariant,1.0,1272524,4254,invariance
7d0586b71bde,rho_sweep,PaySim,chronological,0,U,IsolationForest,0.02,0.02,PR_AUC,0.0160953854190835,1272524,4254,
7d0586b71bde,rho_sweep,PaySim,chronological,0,U,IsolationForest,0.02,0.02,ROC_AUC,0.813015355620548,1272524,4254,
7d0586b71bde,rho_sweep,PaySim,chronological,0,U,IsolationForest,0.02,0.02,Precision,0.0278418926716676,1272524,4254,
7d0586b71bde,rho_sweep,PaySim,chronological,0,U,IsolationForest,0.02,0.02,Recall,0.0907381288199341,1272524,4254,
7d0586b71bde,rho_sweep,PaySim,chronological,0,U,IsolationForest,0.02,0.02,F1,0.0426095595540346,1272524,4254,
7d0586b71bde,rho_sweep,PaySim,chronological,0,U,IsolationForest,0.02,0.02,TN,1254792.0,1272524,4254,
7d0586b71bde,rho_sweep,PaySim,chronological,0,U,IsolationForest,0.02,0.02,FP,13478.0,1272524,4254,
7d0586b71bde,rho_sweep,PaySim,chronological,0,U,IsolationForest,0.02,0.02,FN,3868.0,1272524,4254,
7d0586b71bde,rho_sweep,PaySim,chronological,0,U,IsolationForest,0.02,0.02,TP,386.0,1272524,4254,
7d0586b71bde,rho_sweep,PaySim,chronological,0,U,IsolationForest,0.02,0.02,n_alerts,13864.0,1272524,4254,
7d0586b71bde,rho_sweep,PaySim,chronological,0,U,IsolationForest,0.02,0.02,alert_rate,0.0108948829255872,1272524,4254,
7d0586b71bde,rho_sweep,PaySim,chronological,0,U,IsolationForest,0.02,0.02,prevalence,0.0033429624902948,1272524,4254,
7d0586b71bde,rho_sweep,PaySim,chronological,0,U,IsolationForest,0.02,0.02,lift,8.32850884582068,1272524,4254,
7d0586b71bde,rho_sweep,PaySim,chronological,0,U,IsolationForest,0.02,0.02,tie_ratio,0.5940076572229679,1272524,4254,
7d0586b71bde,rho_sweep,PaySim,chronological,0,U,IsolationForest,0.02,0.02,fit_seconds,8.331825017929077,1272524,4254,
7d0586b71bde,rho_sweep,PaySim,chronological,0,U,IsolationForest,0.02,0.02,score_seconds,31.69146704673767,1272524,4254,
8eea8b391455,rho_sweep,PaySim,chronological,0,U,LOF,0.02,0.02,PR_AUC,0.0030799352569791,1272524,4254,
8eea8b391455,rho_sweep,PaySim,chronological,0,U,LOF,0.02,0.02,ROC_AUC,0.4998612955691239,1272524,4254,
8eea8b391455,rho_sweep,PaySim,chronological,0,U,LOF,0.02,0.02,Precision,7.17323359122816e-05,1272524,4254,
8eea8b391455,rho_sweep,PaySim,chronological,0,U,LOF,0.02,0.02,Recall,0.006582040432534,1272524,4254,
8eea8b391455,rho_sweep,PaySim,chronological,0,U,LOF,0.02,0.02,F1,0.0001419180220682,1272524,4254,
8eea8b391455,rho_sweep,PaySim,chronological,0,U,LOF,0.02,0.02,TN,877958.0,1272524,4254,
8eea8b391455,rho_sweep,PaySim,chronological,0,U,LOF,0.02,0.02,FP,390312.0,1272524,4254,
8eea8b391455,rho_sweep,PaySim,chronological,0,U,LOF,0.02,0.02,FN,4226.0,1272524,4254,
8eea8b391455,rho_sweep,PaySim,chronological,0,U,LOF,0.02,0.02,TP,28.0,1272524,4254,
8eea8b391455,rho_sweep,PaySim,chronological,0,U,LOF,0.02,0.02,n_alerts,390340.0,1272524,4254,
8eea8b391455,rho_sweep,PaySim,chronological,0,U,LOF,0.02,0.02,alert_rate,0.3067447057972973,1272524,4254,
8eea8b391455,rho_sweep,PaySim,chronological,0,U,LOF,0.02,0.02,prevalence,0.0033429624902948,1272524,4254,
8eea8b391455,rho_sweep,PaySim,chronological,0,U,LOF,0.02,0.02,lift,0.0214577148623507,1272524,4254,
8eea8b391455,rho_sweep,PaySim,chronological,0,U,LOF,0.02,0.02,tie_ratio,0.042048715780606,1272524,4254,
8eea8b391455,rho_sweep,PaySim,chronological,0,U,LOF,0.02,0.02,fit_seconds,1.4568099975585938,1272524,4254,
8eea8b391455,rho_sweep,PaySim,chronological,0,U,LOF,0.02,0.02,score_seconds,212.58705115318293,1272524,4254,
ca38c013e373,rho_sweep,PaySim,chronological,0,U,OneClassSVM,0.02,0.02,PR_AUC,0.0981210664948734,1272524,4254,
ca38c013e373,rho_sweep,PaySim,chronological,0,U,OneClassSVM,0.02,0.02,ROC_AUC,0.8806680034757726,1272524,4254,
ca38c013e373,rho_sweep,PaySim,chronological,0,U,OneClassSVM,0.02,0.02,Precision,0.0096231803167469,1272524,4254,
ca38c013e373,rho_sweep,PaySim,chronological,0,U,OneClassSVM,0.02,0.02,Recall,0.9402914903620122,1272524,4254,
ca38c013e373,rho_sweep,PaySim,chronological,0,U,OneClassSVM,0.02,0.02,F1,0.0190513839639738,1272524,4254,
ca38c013e373,rho_sweep,PaySim,chronological,0,U,OneClassSVM,0.02,0.02,TN,856607.0,1272524,4254,
ca38c013e373,rho_sweep,PaySim,chronological,0,U,OneClassSVM,0.02,0.02,FP,411663.0,1272524,4254,
ca38c013e373,rho_sweep,PaySim,chronological,0,U,OneClassSVM,0.02,0.02,FN,254.0,1272524,4254,
ca38c013e373,rho_sweep,PaySim,chronological,0,U,OneClassSVM,0.02,0.02,TP,4000.0,1272524,4254,
ca38c013e373,rho_sweep,PaySim,chronological,0,U,OneClassSVM,0.02,0.02,n_alerts,415663.0,1272524,4254,
ca38c013e373,rho_sweep,PaySim,chronological,0,U,OneClassSVM,0.02,0.02,alert_rate,0.3266445269401599,1272524,4254,
ca38c013e373,rho_sweep,PaySim,chronological,0,U,OneClassSVM,0.02,0.02,prevalence,0.0033429624902948,1272524,4254,
ca38c013e373,rho_sweep,PaySim,chronological,0,U,OneClassSVM,0.02,0.02,lift,2.878638436621564,1272524,4254,
ca38c013e373,rho_sweep,PaySim,chronological,0,U,OneClassSVM,0.02,0.02,tie_ratio,0.0041963845082686,1272524,4254,
ca38c013e373,rho_sweep,PaySim,chronological,0,U,OneClassSVM,0.02,0.02,fit_seconds,0.8312897682189941,1272524,4254,
ca38c013e373,rho_sweep,PaySim,chronological,0,U,OneClassSVM,0.02,0.02,score_seconds,146.67287683486938,1272524,4254,
cf1b820c4630,rho_sweep,PaySim,chronological,0,U,DBSCAN,0.02,0.02,PR_AUC,0.0248001905160756,1272524,4254,
cf1b820c4630,rho_sweep,PaySim,chronological,0,U,DBSCAN,0.02,0.02,ROC_AUC,0.8407100109704875,1272524,4254,
cf1b820c4630,rho_sweep,PaySim,chronological,0,U,DBSCAN,0.02,0.02,Precision,0.0297920433996383,1272524,4254,
cf1b820c4630,rho_sweep,PaySim,chronological,0,U,DBSCAN,0.02,0.02,Recall,0.1549130230371415,1272524,4254,
cf1b820c4630,rho_sweep,PaySim,chronological,0,U,DBSCAN,0.02,0.02,F1,0.0499734587093349,1272524,4254,
cf1b820c4630,rho_sweep,PaySim,chronological,0,U,DBSCAN,0.02,0.02,TN,1246809.0,1272524,4254,
cf1b820c4630,rho_sweep,PaySim,chronological,0,U,DBSCAN,0.02,0.02,FP,21461.0,1272524,4254,
cf1b820c4630,rho_sweep,PaySim,chronological,0,U,DBSCAN,0.02,0.02,FN,3595.0,1272524,4254,
cf1b820c4630,rho_sweep,PaySim,chronological,0,U,DBSCAN,0.02,0.02,TP,659.0,1272524,4254,
cf1b820c4630,rho_sweep,PaySim,chronological,0,U,DBSCAN,0.02,0.02,n_alerts,22120.0,1272524,4254,
cf1b820c4630,rho_sweep,PaySim,chronological,0,U,DBSCAN,0.02,0.02,alert_rate,0.0173827762776969,1272524,4254,
cf1b820c4630,rho_sweep,PaySim,chronological,0,U,DBSCAN,0.02,0.02,prevalence,0.0033429624902948,1272524,4254,
cf1b820c4630,rho_sweep,PaySim,chronological,0,U,DBSCAN,0.02,0.02,lift,8.911868884598348,1272524,4254,
cf1b820c4630,rho_sweep,PaySim,chronological,0,U,DBSCAN,0.02,0.02,tie_ratio,0.1043273054182082,1272524,4254,
cf1b820c4630,rho_sweep,PaySim,chronological,0,U,DBSCAN,0.02,0.02,fit_seconds,0.974452018737793,1272524,4254,
cf1b820c4630,rho_sweep,PaySim,chronological,0,U,DBSCAN,0.02,0.02,score_seconds,0.1162631511688232,1272524,4254,
b3d13a7e5bb5,rho_sweep,PaySim,chronological,0,U,KMeans,0.02,0.02,PR_AUC,0.0419499380473953,1272524,4254,
b3d13a7e5bb5,rho_sweep,PaySim,chronological,0,U,KMeans,0.02,0.02,ROC_AUC,0.8688532155435986,1272524,4254,
b3d13a7e5bb5,rho_sweep,PaySim,chronological,0,U,KMeans,0.02,0.02,Precision,0.0612952265126178,1272524,4254,
b3d13a7e5bb5,rho_sweep,PaySim,chronological,0,U,KMeans,0.02,0.02,Recall,0.236953455571227,1272524,4254,
b3d13a7e5bb5,rho_sweep,PaySim,chronological,0,U,KMeans,0.02,0.02,F1,0.0973960094690564,1272524,4254,
b3d13a7e5bb5,rho_sweep,PaySim,chronological,0,U,KMeans,0.02,0.02,TN,1252833.0,1272524,4254,
b3d13a7e5bb5,rho_sweep,PaySim,chronological,0,U,KMeans,0.02,0.02,FP,15437.0,1272524,4254,
b3d13a7e5bb5,rho_sweep,PaySim,chronological,0,U,KMeans,0.02,0.02,FN,3246.0,1272524,4254,
b3d13a7e5bb5,rho_sweep,PaySim,chronological,0,U,KMeans,0.02,0.02,TP,1008.0,1272524,4254,
b3d13a7e5bb5,rho_sweep,PaySim,chronological,0,U,KMeans,0.02,0.02,n_alerts,16445.0,1272524,4254,
b3d13a7e5bb5,rho_sweep,PaySim,chronological,0,U,KMeans,0.02,0.02,alert_rate,0.012923135437917,1272524,4254,
b3d13a7e5bb5,rho_sweep,PaySim,chronological,0,U,KMeans,0.02,0.02,prevalence,0.0033429624902948,1272524,4254,
b3d13a7e5bb5,rho_sweep,PaySim,chronological,0,U,KMeans,0.02,0.02,lift,18.335601039666777,1272524,4254,
b3d13a7e5bb5,rho_sweep,PaySim,chronological,0,U,KMeans,0.02,0.02,tie_ratio,0.1503908767143095,1272524,4254,
b3d13a7e5bb5,rho_sweep,PaySim,chronological,0,U,KMeans,0.02,0.02,fit_seconds,70.52833724021912,1272524,4254,
b3d13a7e5bb5,rho_sweep,PaySim,chronological,0,U,KMeans,0.02,0.02,score_seconds,1.19171142578125,1272524,4254,
0271da0e28c9,rho_sweep,PaySim,chronological,0,U,Ensemble,0.02,0.02,PR_AUC,0.1500482389275062,1272524,4254,
0271da0e28c9,rho_sweep,PaySim,chronological,0,U,Ensemble,0.02,0.02,ROC_AUC,0.9179457464369324,1272524,4254,
0271da0e28c9,rho_sweep,PaySim,chronological,0,U,Ensemble,0.02,0.02,Precision,0.0141874097357913,1272524,4254,
0271da0e28c9,rho_sweep,PaySim,chronological,0,U,Ensemble,0.02,0.02,Recall,0.8636577338975082,1272524,4254,
0271da0e28c9,rho_sweep,PaySim,chronological,0,U,Ensemble,0.02,0.02,F1,0.0279162360950702,1272524,4254,
0271da0e28c9,rho_sweep,PaySim,chronological,0,U,Ensemble,0.02,0.02,TN,1012982.0,1272524,4254,
0271da0e28c9,rho_sweep,PaySim,chronological,0,U,Ensemble,0.02,0.02,FP,255288.0,1272524,4254,
0271da0e28c9,rho_sweep,PaySim,chronological,0,U,Ensemble,0.02,0.02,FN,580.0,1272524,4254,
0271da0e28c9,rho_sweep,PaySim,chronological,0,U,Ensemble,0.02,0.02,TP,3674.0,1272524,4254,
0271da0e28c9,rho_sweep,PaySim,chronological,0,U,Ensemble,0.02,0.02,n_alerts,258962.0,1272524,4254,
0271da0e28c9,rho_sweep,PaySim,chronological,0,U,Ensemble,0.02,0.02,alert_rate,0.2035026451367518,1272524,4254,
0271da0e28c9,rho_sweep,PaySim,chronological,0,U,Ensemble,0.02,0.02,prevalence,0.0033429624902948,1272524,4254,
0271da0e28c9,rho_sweep,PaySim,chronological,0,U,Ensemble,0.02,0.02,lift,4.243963184444794,1272524,4254,
0271da0e28c9,rho_sweep,PaySim,chronological,0,U,Ensemble,0.02,0.02,tie_ratio,0.0988940090717346,1272524,4254,
0271da0e28c9,rho_sweep,PaySim,chronological,0,U,Ensemble,0.02,0.02,fit_seconds,0.0,1272524,4254,
0271da0e28c9,rho_sweep,PaySim,chronological,0,U,Ensemble,0.02,0.02,score_seconds,0.0,1272524,4254,
1caba040b0bf,rho_sweep,PaySim,chronological,0,U,Ensemble,0.02,0.02,single_point_invariant,1.0,1272524,4254,invariance
c78f505ad705,rho_sweep,PaySim,chronological,0,N,IsolationForest,0.02,0.02,PR_AUC,0.0164758600576137,1272524,4254,
c78f505ad705,rho_sweep,PaySim,chronological,0,N,IsolationForest,0.02,0.02,ROC_AUC,0.8133172071344671,1272524,4254,
c78f505ad705,rho_sweep,PaySim,chronological,0,N,IsolationForest,0.02,0.02,Precision,0.0283457592086808,1272524,4254,
c78f505ad705,rho_sweep,PaySim,chronological,0,N,IsolationForest,0.02,0.02,Recall,0.0902679830747531,1272524,4254,
c78f505ad705,rho_sweep,PaySim,chronological,0,N,IsolationForest,0.02,0.02,F1,0.0431436436155272,1272524,4254,
c78f505ad705,rho_sweep,PaySim,chronological,0,N,IsolationForest,0.02,0.02,TN,1255107.0,1272524,4254,
c78f505ad705,rho_sweep,PaySim,chronological,0,N,IsolationForest,0.02,0.02,FP,13163.0,1272524,4254,
c78f505ad705,rho_sweep,PaySim,chronological,0,N,IsolationForest,0.02,0.02,FN,3870.0,1272524,4254,
c78f505ad705,rho_sweep,PaySim,chronological,0,N,IsolationForest,0.02,0.02,TP,384.0,1272524,4254,
c78f505ad705,rho_sweep,PaySim,chronological,0,N,IsolationForest,0.02,0.02,n_alerts,13547.0,1272524,4254,
c78f505ad705,rho_sweep,PaySim,chronological,0,N,IsolationForest,0.02,0.02,alert_rate,0.010645771710396,1272524,4254,
c78f505ad705,rho_sweep,PaySim,chronological,0,N,IsolationForest,0.02,0.02,prevalence,0.0033429624902948,1272524,4254,
c78f505ad705,rho_sweep,PaySim,chronological,0,N,IsolationForest,0.02,0.02,lift,8.479233401802407,1272524,4254,
c78f505ad705,rho_sweep,PaySim,chronological,0,N,IsolationForest,0.02,0.02,tie_ratio,0.5972382446224983,1272524,4254,
c78f505ad705,rho_sweep,PaySim,chronological,0,N,IsolationForest,0.02,0.02,fit_seconds,8.039412260055542,1272524,4254,
c78f505ad705,rho_sweep,PaySim,chronological,0,N,IsolationForest,0.02,0.02,score_seconds,31.32770109176636,1272524,4254,
afc2d03b2ee3,rho_sweep,PaySim,chronological,0,N,LOF,0.02,0.02,PR_AUC,0.0030319200122619,1272524,4254,
afc2d03b2ee3,rho_sweep,PaySim,chronological,0,N,LOF,0.02,0.02,ROC_AUC,0.4930260335157603,1272524,4254,
afc2d03b2ee3,rho_sweep,PaySim,chronological,0,N,LOF,0.02,0.02,Precision,0.0001509732826789,1272524,4254,
afc2d03b2ee3,rho_sweep,PaySim,chronological,0,N,LOF,0.02,0.02,Recall,0.0143394452280206,1272524,4254,
afc2d03b2ee3,rho_sweep,PaySim,chronological,0,N,LOF,0.02,0.02,F1,0.0002988006338492,1272524,4254,
afc2d03b2ee3,rho_sweep,PaySim,chronological,0,N,LOF,0.02,0.02,TN,864286.0,1272524,4254,
afc2d03b2ee3,rho_sweep,PaySim,chronological,0,N,LOF,0.02,0.02,FP,403984.0,1272524,4254,
afc2d03b2ee3,rho_sweep,PaySim,chronological,0,N,LOF,0.02,0.02,FN,4193.0,1272524,4254,
afc2d03b2ee3,rho_sweep,PaySim,chronological,0,N,LOF,0.02,0.02,TP,61.0,1272524,4254,
afc2d03b2ee3,rho_sweep,PaySim,chronological,0,N,LOF,0.02,0.02,n_alerts,404045.0,1272524,4254,
afc2d03b2ee3,rho_sweep,PaySim,chronological,0,N,LOF,0.02,0.02,alert_rate,0.3175146401953912,1272524,4254,
afc2d03b2ee3,rho_sweep,PaySim,chronological,0,N,LOF,0.02,0.02,prevalence,0.0033429624902948,1272524,4254,
afc2d03b2ee3,rho_sweep,PaySim,chronological,0,N,LOF,0.02,0.02,lift,0.0451615245810288,1272524,4254,
afc2d03b2ee3,rho_sweep,PaySim,chronological,0,N,LOF,0.02,0.02,tie_ratio,0.0376865190754751,1272524,4254,
afc2d03b2ee3,rho_sweep,PaySim,chronological,0,N,LOF,0.02,0.02,fit_seconds,1.6946306228637695,1272524,4254,
afc2d03b2ee3,rho_sweep,PaySim,chronological,0,N,LOF,0.02,0.02,score_seconds,222.70111799240112,1272524,4254,
acdbc7a6cc6a,rho_sweep,PaySim,chronological,0,N,OneClassSVM,0.02,0.02,PR_AUC,0.0953596380108841,1272524,4254,
acdbc7a6cc6a,rho_sweep,PaySim,chronological,0,N,OneClassSVM,0.02,0.02,ROC_AUC,0.87483182624574,1272524,4254,
acdbc7a6cc6a,rho_sweep,PaySim,chronological,0,N,OneClassSVM,0.02,0.02,Precision,0.0096314395256258,1272524,4254,
acdbc7a6cc6a,rho_sweep,PaySim,chronological,0,N,OneClassSVM,0.02,0.02,Recall,0.924776680771039,1272524,4254,
acdbc7a6cc6a,rho_sweep,PaySim,chronological,0,N,OneClassSVM,0.02,0.02,F1,0.0190643263518032,1272524,4254,
acdbc7a6cc6a,rho_sweep,PaySim,chronological,0,N,OneClassSVM,0.02,0.02,TN,863750.0,1272524,4254,
acdbc7a6cc6a,rho_sweep,PaySim,chronological,0,N,OneClassSVM,0.02,0.02,FP,404520.0,1272524,4254,
acdbc7a6cc6a,rho_sweep,PaySim,chronological,0,N,OneClassSVM,0.02,0.02,FN,320.0,1272524,4254,
acdbc7a6cc6a,rho_sweep,PaySim,chronological,0,N,OneClassSVM,0.02,0.02,TP,3934.0,1272524,4254,
acdbc7a6cc6a,rho_sweep,PaySim,chronological,0,N,OneClassSVM,0.02,0.02,n_alerts,408454.0,1272524,4254,
acdbc7a6cc6a,rho_sweep,PaySim,chronological,0,N,OneClassSVM,0.02,0.02,alert_rate,0.3209794078539972,1272524,4254,
acdbc7a6cc6a,rho_sweep,PaySim,chronological,0,N,OneClassSVM,0.02,0.02,prevalence,0.0033429624902948,1272524,4254,
acdbc7a6cc6a,rho_sweep,PaySim,chronological,0,N,OneClassSVM,0.02,0.02,lift,2.8811090622725835,1272524,4254,
acdbc7a6cc6a,rho_sweep,PaySim,chronological,0,N,OneClassSVM,0.02,0.02,tie_ratio,0.0045484407366777,1272524,4254,
acdbc7a6cc6a,rho_sweep,PaySim,chronological,0,N,OneClassSVM,0.02,0.02,fit_seconds,0.8444004058837891,1272524,4254,
acdbc7a6cc6a,rho_sweep,PaySim,chronological,0,N,OneClassSVM,0.02,0.02,score_seconds,148.3606882095337,1272524,4254,
af60d76e7bce,rho_sweep,PaySim,chronological,0,N,DBSCAN,0.02,0.02,PR_AUC,0.0248049647828882,1272524,4254,
af60d76e7bce,rho_sweep,PaySim,chronological,0,N,DBSCAN,0.02,0.02,ROC_AUC,0.8406674069663339,1272524,4254,
af60d76e7bce,rho_sweep,PaySim,chronological,0,N,DBSCAN,0.02,0.02,Precision,0.0299333303097646,1272524,4254,
af60d76e7bce,rho_sweep,PaySim,chronological,0,N,DBSCAN,0.02,0.02,Recall,0.155148095909732,1272524,4254,
af60d76e7bce,rho_sweep,PaySim,chronological,0,N,DBSCAN,0.02,0.02,F1,0.050184389613352,1272524,4254,
af60d76e7bce,rho_sweep,PaySim,chronological,0,N,DBSCAN,0.02,0.02,TN,1246881.0,1272524,4254,
af60d76e7bce,rho_sweep,PaySim,chronological,0,N,DBSCAN,0.02,0.02,FP,21389.0,1272524,4254,
af60d76e7bce,rho_sweep,PaySim,chronological,0,N,DBSCAN,0.02,0.02,FN,3594.0,1272524,4254,
af60d76e7bce,rho_sweep,PaySim,chronological,0,N,DBSCAN,0.02,0.02,TP,660.0,1272524,4254,
af60d76e7bce,rho_sweep,PaySim,chronological,0,N,DBSCAN,0.02,0.02,n_alerts,22049.0,1272524,4254,
af60d76e7bce,rho_sweep,PaySim,chronological,0,N,DBSCAN,0.02,0.02,alert_rate,0.0173269816522124,1272524,4254,
af60d76e7bce,rho_sweep,PaySim,chronological,0,N,DBSCAN,0.02,0.02,prevalence,0.0033429624902948,1272524,4254,
af60d76e7bce,rho_sweep,PaySim,chronological,0,N,DBSCAN,0.02,0.02,lift,8.954132867678164,1272524,4254,
af60d76e7bce,rho_sweep,PaySim,chronological,0,N,DBSCAN,0.02,0.02,tie_ratio,0.0998142274723306,1272524,4254,
af60d76e7bce,rho_sweep,PaySim,chronological,0,N,DBSCAN,0.02,0.02,fit_seconds,0.8433225154876709,1272524,4254,
af60d76e7bce,rho_sweep,PaySim,chronological,0,N,DBSCAN,0.02,0.02,score_seconds,0.1193633079528808,1272524,4254,
b09f1dda41dc,rho_sweep,PaySim,chronological,0,N,KMeans,0.02,0.02,PR_AUC,0.0458005387138837,1272524,4254,
b09f1dda41dc,rho_sweep,PaySim,chronological,0,N,KMeans,0.02,0.02,ROC_AUC,0.8627522766640987,1272524,4254,
b09f1dda41dc,rho_sweep,PaySim,chronological,0,N,KMeans,0.02,0.02,Precision,0.0214511979930692,1272524,4254,
b09f1dda41dc,rho_sweep,PaySim,chronological,0,N,KMeans,0.02,0.02,Recall,0.4743770568876351,1272524,4254,
b09f1dda41dc,rho_sweep,PaySim,chronological,0,N,KMeans,0.02,0.02,F1,0.0410462940362867,1272524,4254,
b09f1dda41dc,rho_sweep,PaySim,chronological,0,N,KMeans,0.02,0.02,TN,1176214.0,1272524,4254,
b09f1dda41dc,rho_sweep,PaySim,chronological,0,N,KMeans,0.02,0.02,FP,92056.0,1272524,4254,
b09f1dda41dc,rho_sweep,PaySim,chronological,0,N,KMeans,0.02,0.02,FN,2236.0,1272524,4254,
b09f1dda41dc,rho_sweep,PaySim,chronological,0,N,KMeans,0.02,0.02,TP,2018.0,1272524,4254,
b09f1dda41dc,rho_sweep,PaySim,chronological,0,N,KMeans,0.02,0.02,n_alerts,94074.0,1272524,4254,
b09f1dda41dc,rho_sweep,PaySim,chronological,0,N,KMeans,0.02,0.02,alert_rate,0.0739270929271275,1272524,4254,
b09f1dda41dc,rho_sweep,PaySim,chronological,0,N,KMeans,0.02,0.02,prevalence,0.0033429624902948,1272524,4254,
b09f1dda41dc,rho_sweep,PaySim,chronological,0,N,KMeans,0.02,0.02,lift,6.416822819683238,1272524,4254,
b09f1dda41dc,rho_sweep,PaySim,chronological,0,N,KMeans,0.02,0.02,tie_ratio,0.1525330759969949,1272524,4254,
b09f1dda41dc,rho_sweep,PaySim,chronological,0,N,KMeans,0.02,0.02,fit_seconds,74.19874382019043,1272524,4254,
b09f1dda41dc,rho_sweep,PaySim,chronological,0,N,KMeans,0.02,0.02,score_seconds,1.1974387168884275,1272524,4254,
cd0086abadf8,rho_sweep,PaySim,chronological,0,N,Ensemble,0.02,0.02,PR_AUC,0.1705833344956514,1272524,4254,
cd0086abadf8,rho_sweep,PaySim,chronological,0,N,Ensemble,0.02,0.02,ROC_AUC,0.916020519961762,1272524,4254,
cd0086abadf8,rho_sweep,PaySim,chronological,0,N,Ensemble,0.02,0.02,Precision,0.0136278021937437,1272524,4254,
cd0086abadf8,rho_sweep,PaySim,chronological,0,N,Ensemble,0.02,0.02,Recall,0.8674188998589563,1272524,4254,
cd0086abadf8,rho_sweep,PaySim,chronological,0,N,Ensemble,0.02,0.02,F1,0.0268340217581011,1272524,4254,
cd0086abadf8,rho_sweep,PaySim,chronological,0,N,Ensemble,0.02,0.02,TN,1001190.0,1272524,4254,
cd0086abadf8,rho_sweep,PaySim,chronological,0,N,Ensemble,0.02,0.02,FP,267080.0,1272524,4254,
cd0086abadf8,rho_sweep,PaySim,chronological,0,N,Ensemble,0.02,0.02,FN,564.0,1272524,4254,
cd0086abadf8,rho_sweep,PaySim,chronological,0,N,Ensemble,0.02,0.02,TP,3690.0,1272524,4254,
cd0086abadf8,rho_sweep,PaySim,chronological,0,N,Ensemble,0.02,0.02,n_alerts,270770.0,1272524,4254,
cd0086abadf8,rho_sweep,PaySim,chronological,0,N,Ensemble,0.02,0.02,alert_rate,0.2127818414426761,1272524,4254,
cd0086abadf8,rho_sweep,PaySim,chronological,0,N,Ensemble,0.02,0.02,prevalence,0.0033429624902948,1272524,4254,
cd0086abadf8,rho_sweep,PaySim,chronological,0,N,Ensemble,0.02,0.02,lift,4.0765644943092605,1272524,4254,
cd0086abadf8,rho_sweep,PaySim,chronological,0,N,Ensemble,0.02,0.02,tie_ratio,0.0998653070590417,1272524,4254,
cd0086abadf8,rho_sweep,PaySim,chronological,0,N,Ensemble,0.02,0.02,fit_seconds,0.0,1272524,4254,
cd0086abadf8,rho_sweep,PaySim,chronological,0,N,Ensemble,0.02,0.02,score_seconds,0.0,1272524,4254,
c85cf2560744,rho_sweep,PaySim,chronological,0,N,Ensemble,0.02,0.02,single_point_invariant,1.0,1272524,4254,invariance
0068fbd797dd,clock_ablation_ref,ULB,chronological,0,U,IsolationForest,0.005,0.005,PR_AUC,0.054562789355073034,56962,75,
0068fbd797dd,clock_ablation_ref,ULB,chronological,0,U,IsolationForest,0.005,0.005,ROC_AUC,0.9484357879070203,56962,75,
0068fbd797dd,clock_ablation_ref,ULB,chronological,0,U,IsolationForest,0.005,0.005,Precision,0.06547619047619048,56962,75,
0068fbd797dd,clock_ablation_ref,ULB,chronological,0,U,IsolationForest,0.005,0.005,Recall,0.14666666666666667,56962,75,
0068fbd797dd,clock_ablation_ref,ULB,chronological,0,U,IsolationForest,0.005,0.005,F1,0.09053497942386832,56962,75,
0068fbd797dd,clock_ablation_ref,ULB,chronological,0,U,IsolationForest,0.005,0.005,TN,56730.0,56962,75,
0068fbd797dd,clock_ablation_ref,ULB,chronological,0,U,IsolationForest,0.005,0.005,FP,157.0,56962,75,
0068fbd797dd,clock_ablation_ref,ULB,chronological,0,U,IsolationForest,0.005,0.005,FN,64.0,56962,75,
0068fbd797dd,clock_ablation_ref,ULB,chronological,0,U,IsolationForest,0.005,0.005,TP,11.0,56962,75,
0068fbd797dd,clock_ablation_ref,ULB,chronological,0,U,IsolationForest,0.005,0.005,n_alerts,168.0,56962,75,
0068fbd797dd,clock_ablation_ref,ULB,chronological,0,U,IsolationForest,0.005,0.005,alert_rate,0.0029493346441487305,56962,75,
0068fbd797dd,clock_ablation_ref,ULB,chronological,0,U,IsolationForest,0.005,0.005,prevalence,0.001316667251852112,56962,75,
0068fbd797dd,clock_ablation_ref,ULB,chronological,0,U,IsolationForest,0.005,0.005,lift,49.72873015873016,56962,75,
0068fbd797dd,clock_ablation_ref,ULB,chronological,0,U,IsolationForest,0.005,0.005,tie_ratio,0.019627464405470363,56962,75,
0068fbd797dd,clock_ablation_ref,ULB,chronological,0,U,IsolationForest,0.005,0.005,fit_seconds,2.3316407203674316,56962,75,
0068fbd797dd,clock_ablation_ref,ULB,chronological,0,U,IsolationForest,0.005,0.005,score_seconds,3.5868778228759766,56962,75,
79bfdddbb8b2,clock_ablation_ref,ULB,chronological,0,U,LOF,0.005,0.005,PR_AUC,0.07627939933401451,56962,75,
79bfdddbb8b2,clock_ablation_ref,ULB,chronological,0,U,LOF,0.005,0.005,ROC_AUC,0.8178164900006446,56962,75,
79bfdddbb8b2,clock_ablation_ref,ULB,chronological,0,U,LOF,0.005,0.005,Precision,0.04313099041533546,56962,75,
79bfdddbb8b2,clock_ablation_ref,ULB,chronological,0,U,LOF,0.005,0.005,Recall,0.36,56962,75,
79bfdddbb8b2,clock_ablation_ref,ULB,chronological,0,U,LOF,0.005,0.005,F1,0.07703281027104136,56962,75,
79bfdddbb8b2,clock_ablation_ref,ULB,chronological,0,U,LOF,0.005,0.005,TN,56288.0,56962,75,
79bfdddbb8b2,clock_ablation_ref,ULB,chronological,0,U,LOF,0.005,0.005,FP,599.0,56962,75,
79bfdddbb8b2,clock_ablation_ref,ULB,chronological,0,U,LOF,0.005,0.005,FN,48.0,56962,75,
79bfdddbb8b2,clock_ablation_ref,ULB,chronological,0,U,LOF,0.005,0.005,TP,27.0,56962,75,
79bfdddbb8b2,clock_ablation_ref,ULB,chronological,0,U,LOF,0.005,0.005,n_alerts,626.0,56962,75,
79bfdddbb8b2,clock_ablation_ref,ULB,chronological,0,U,LOF,0.005,0.005,alert_rate,0.010989782662125627,56962,75,
79bfdddbb8b2,clock_ablation_ref,ULB,chronological,0,U,LOF,0.005,0.005,prevalence,0.001316667251852112,56962,75,
79bfdddbb8b2,clock_ablation_ref,ULB,chronological,0,U,LOF,0.005,0.005,lift,32.75769968051118,56962,75,
79bfdddbb8b2,clock_ablation_ref,ULB,chronological,0,U,LOF,0.005,0.005,tie_ratio,0.020224364038552656,56962,75,
79bfdddbb8b2,clock_ablation_ref,ULB,chronological,0,U,LOF,0.005,0.005,fit_seconds,6.880746841430664,56962,75,
79bfdddbb8b2,clock_ablation_ref,ULB,chronological,0,U,LOF,0.005,0.005,score_seconds,5.040297746658325,56962,75,
52277a17d46a,clock_ablation_ref,ULB,chronological,0,U,OneClassSVM,0.005,0.005,PR_AUC,0.0838610899727195,56962,75,
52277a17d46a,clock_ablation_ref,ULB,chronological,0,U,OneClassSVM,0.005,0.005,ROC_AUC,0.9473752058173807,56962,75,
52277a17d46a,clock_ablation_ref,ULB,chronological,0,U,OneClassSVM,0.005,0.005,Precision,0.13131313131313133,56962,75,
52277a17d46a,clock_ablation_ref,ULB,chronological,0,U,OneClassSVM,0.005,0.005,Recall,0.3466666666666667,56962,75,
52277a17d46a,clock_ablation_ref,ULB,chronological,0,U,OneClassSVM,0.005,0.005,F1,0.19047619047619047,56962,75,
52277a17d46a,clock_ablation_ref,ULB,chronological,0,U,OneClassSVM,0.005,0.005,TN,56715.0,56962,75,
52277a17d46a,clock_ablation_ref,ULB,chronological,0,U,OneClassSVM,0.005,0.005,FP,172.0,56962,75,
52277a17d46a,clock_ablation_ref,ULB,chronological,0,U,OneClassSVM,0.005,0.005,FN,49.0,56962,75,
52277a17d46a,clock_ablation_ref,ULB,chronological,0,U,OneClassSVM,0.005,0.005,TP,26.0,56962,75,
52277a17d46a,clock_ablation_ref,ULB,chronological,0,U,OneClassSVM,0.005,0.005,n_alerts,198.0,56962,75,
52277a17d46a,clock_ablation_ref,ULB,chronological,0,U,OneClassSVM,0.005,0.005,alert_rate,0.0034760015448895756,56962,75,
52277a17d46a,clock_ablation_ref,ULB,chronological,0,U,OneClassSVM,0.005,0.005,prevalence,0.001316667251852112,56962,75,
52277a17d46a,clock_ablation_ref,ULB,chronological,0,U,OneClassSVM,0.005,0.005,lift,99.73144781144782,56962,75,
52277a17d46a,clock_ablation_ref,ULB,chronological,0,U,OneClassSVM,0.005,0.005,tie_ratio,0.0035638419269324872,56962,75,
52277a17d46a,clock_ablation_ref,ULB,chronological,0,U,OneClassSVM,0.005,0.005,fit_seconds,1.0644776821136475,56962,75,
52277a17d46a,clock_ablation_ref,ULB,chronological,0,U,OneClassSVM,0.005,0.005,score_seconds,11.576613426208496,56962,75,
895b1db67b8c,clock_ablation_ref,ULB,chronological,0,U,DBSCAN,0.005,0.005,PR_AUC,0.024725100118224274,56962,75,
895b1db67b8c,clock_ablation_ref,ULB,chronological,0,U,DBSCAN,0.005,0.005,ROC_AUC,0.9381904477297097,56962,75,
895b1db67b8c,clock_ablation_ref,ULB,chronological,0,U,DBSCAN,0.005,0.005,Precision,0.0,56962,75,
895b1db67b8c,clock_ablation_ref,ULB,chronological,0,U,DBSCAN,0.005,0.005,Recall,0.0,56962,75,
895b1db67b8c,clock_ablation_ref,ULB,chronological,0,U,DBSCAN,0.005,0.005,F1,0.0,56962,75,
895b1db67b8c,clock_ablation_ref,ULB,chronological,0,U,DBSCAN,0.005,0.005,TN,56712.0,56962,75,
895b1db67b8c,clock_ablation_ref,ULB,chronological,0,U,DBSCAN,0.005,0.005,FP,175.0,56962,75,
895b1db67b8c,clock_ablation_ref,ULB,chronological,0,U,DBSCAN,0.005,0.005,FN,75.0,56962,75,
895b1db67b8c,clock_ablation_ref,ULB,chronological,0,U,DBSCAN,0.005,0.005,TP,0.0,56962,75,
895b1db67b8c,clock_ablation_ref,ULB,chronological,0,U,DBSCAN,0.005,0.005,n_alerts,175.0,56962,75,
895b1db67b8c,clock_ablation_ref,ULB,chronological,0,U,DBSCAN,0.005,0.005,alert_rate,0.003072223587654928,56962,75,
895b1db67b8c,clock_ablation_ref,ULB,chronological,0,U,DBSCAN,0.005,0.005,prevalence,0.001316667251852112,56962,75,
895b1db67b8c,clock_ablation_ref,ULB,chronological,0,U,DBSCAN,0.005,0.005,lift,0.0,56962,75,
895b1db67b8c,clock_ablation_ref,ULB,chronological,0,U,DBSCAN,0.005,0.005,tie_ratio,0.006039219817067787,56962,75,
895b1db67b8c,clock_ablation_ref,ULB,chronological,0,U,DBSCAN,0.005,0.005,fit_seconds,0.860133171081543,56962,75,
895b1db67b8c,clock_ablation_ref,ULB,chronological,0,U,DBSCAN,0.005,0.005,score_seconds,0.0621190071105957,56962,75,
219c8297d779,clock_ablation_ref,ULB,chronological,0,U,KMeans,0.005,0.005,PR_AUC,0.06788595503536499,56962,75,
219c8297d779,clock_ablation_ref,ULB,chronological,0,U,KMeans,0.005,0.005,ROC_AUC,0.9667539742530514,56962,75,
219c8297d779,clock_ablation_ref,ULB,chronological,0,U,KMeans,0.005,0.005,Precision,0.09090909090909091,56962,75,
219c8297d779,clock_ablation_ref,ULB,chronological,0,U,KMeans,0.005,0.005,Recall,0.24,56962,75,
219c8297d779,clock_ablation_ref,ULB,chronological,0,U,KMeans,0.005,0.005,F1,0.13186813186813187,56962,75,
219c8297d779,clock_ablation_ref,ULB,chronological,0,U,KMeans,0.005,0.005,TN,56707.0,56962,75,
219c8297d779,clock_ablation_ref,ULB,chronological,0,U,KMeans,0.005,0.005,FP,180.0,56962,75,
219c8297d779,clock_ablation_ref,ULB,chronological,0,U,KMeans,0.005,0.005,FN,57.0,56962,75,
219c8297d779,clock_ablation_ref,ULB,chronological,0,U,KMeans,0.005,0.005,TP,18.0,56962,75,
219c8297d779,clock_ablation_ref,ULB,chronological,0,U,KMeans,0.005,0.005,n_alerts,198.0,56962,75,
219c8297d779,clock_ablation_ref,ULB,chronological,0,U,KMeans,0.005,0.005,alert_rate,0.0034760015448895756,56962,75,
219c8297d779,clock_ablation_ref,ULB,chronological,0,U,KMeans,0.005,0.005,prevalence,0.001316667251852112,56962,75,
219c8297d779,clock_ablation_ref,ULB,chronological,0,U,KMeans,0.005,0.005,lift,69.04484848484849,56962,75,
219c8297d779,clock_ablation_ref,ULB,chronological,0,U,KMeans,0.005,0.005,tie_ratio,0.0064430048629764425,56962,75,
219c8297d779,clock_ablation_ref,ULB,chronological,0,U,KMeans,0.005,0.005,fit_seconds,8.970710039138794,56962,75,
219c8297d779,clock_ablation_ref,ULB,chronological,0,U,KMeans,0.005,0.005,score_seconds,0.1527106761932373,56962,75,
67ef8f815bf9,clock_ablation_ref,ULB,chronological,0,U,Ensemble,0.005,0.005,PR_AUC,0.06951265687905143,56962,75,
67ef8f815bf9,clock_ablation_ref,ULB,chronological,0,U,Ensemble,0.005,0.005,ROC_AUC,0.958523505663274,56962,75,
67ef8f815bf9,clock_ablation_ref,ULB,chronological,0,U,Ensemble,0.005,0.005,Precision,0.11170212765957446,56962,75,
67ef8f815bf9,clock_ablation_ref,ULB,chronological,0,U,Ensemble,0.005,0.005,Recall,0.28,56962,75,
67ef8f815bf9,clock_ablation_ref,ULB,chronological,0,U,Ensemble,0.005,0.005,F1,0.1596958174904943,56962,75,
67ef8f815bf9,clock_ablation_ref,ULB,chronological,0,U,Ensemble,0.005,0.005,TN,56720.0,56962,75,
67ef8f815bf9,clock_ablation_ref,ULB,chronological,0,U,Ensemble,0.005,0.005,FP,167.0,56962,75,
67ef8f815bf9,clock_ablation_ref,ULB,chronological,0,U,Ensemble,0.005,0.005,FN,54.0,56962,75,
67ef8f815bf9,clock_ablation_ref,ULB,chronological,0,U,Ensemble,0.005,0.005,TP,21.0,56962,75,
67ef8f815bf9,clock_ablation_ref,ULB,chronological,0,U,Ensemble,0.005,0.005,n_alerts,188.0,56962,75,
67ef8f815bf9,clock_ablation_ref,ULB,chronological,0,U,Ensemble,0.005,0.005,alert_rate,0.003300445911309294,56962,75,
67ef8f815bf9,clock_ablation_ref,ULB,chronological,0,U,Ensemble,0.005,0.005,prevalence,0.001316667251852112,56962,75,
67ef8f815bf9,clock_ablation_ref,ULB,chronological,0,U,Ensemble,0.005,0.005,lift,84.83702127659573,56962,75,
67ef8f815bf9,clock_ablation_ref,ULB,chronological,0,U,Ensemble,0.005,0.005,tie_ratio,0.07099594459366931,56962,75,
67ef8f815bf9,clock_ablation_ref,ULB,chronological,0,U,Ensemble,0.005,0.005,fit_seconds,0.0,56962,75,
67ef8f815bf9,clock_ablation_ref,ULB,chronological,0,U,Ensemble,0.005,0.005,score_seconds,0.0,56962,75,
4acca1b810b0,clock_ablation_ref,ULB,chronological,0,U,Ensemble,0.005,0.005,single_point_invariant,1.0,56962,75,invariance
ad21c8bbeca4,clock_ablation_ref,ULB,chronological,0,U,IsolationForest,0.005,0.005,single_point_invariant,1.0,56962,75,invariance
c1fde619095d,clock_ablation_ref,ULB,chronological,0,U,LOF,0.005,0.005,single_point_invariant,1.0,56962,75,invariance
978d15105eec,clock_ablation_ref,ULB,chronological,0,U,OneClassSVM,0.005,0.005,single_point_invariant,1.0,56962,75,invariance
f0236f1e0032,clock_ablation_ref,ULB,chronological,0,U,DBSCAN,0.005,0.005,single_point_invariant,1.0,56962,75,invariance
e53195b2f159,clock_ablation_ref,ULB,chronological,0,U,KMeans,0.005,0.005,single_point_invariant,1.0,56962,75,invariance
cc3a3dba5d93,clock_ablation_ref,ULB,chronological,0,N,IsolationForest,0.005,0.005,PR_AUC,0.03689637579882185,56962,75,
cc3a3dba5d93,clock_ablation_ref,ULB,chronological,0,N,IsolationForest,0.005,0.005,ROC_AUC,0.9442236949273707,56962,75,
cc3a3dba5d93,clock_ablation_ref,ULB,chronological,0,N,IsolationForest,0.005,0.005,Precision,0.02717391304347826,56962,75,
cc3a3dba5d93,clock_ablation_ref,ULB,chronological,0,N,IsolationForest,0.005,0.005,Recall,0.06666666666666667,56962,75,
cc3a3dba5d93,clock_ablation_ref,ULB,chronological,0,N,IsolationForest,0.005,0.005,F1,0.03861003861003861,56962,75,
cc3a3dba5d93,clock_ablation_ref,ULB,chronological,0,N,IsolationForest,0.005,0.005,TN,56708.0,56962,75,
cc3a3dba5d93,clock_ablation_ref,ULB,chronological,0,N,IsolationForest,0.005,0.005,FP,179.0,56962,75,
cc3a3dba5d93,clock_ablation_ref,ULB,chronological,0,N,IsolationForest,0.005,0.005,FN,70.0,56962,75,
cc3a3dba5d93,clock_ablation_ref,ULB,chronological,0,N,IsolationForest,0.005,0.005,TP,5.0,56962,75,
cc3a3dba5d93,clock_ablation_ref,ULB,chronological,0,N,IsolationForest,0.005,0.005,n_alerts,184.0,56962,75,
cc3a3dba5d93,clock_ablation_ref,ULB,chronological,0,N,IsolationForest,0.005,0.005,alert_rate,0.003230223657877181,56962,75,
cc3a3dba5d93,clock_ablation_ref,ULB,chronological,0,N,IsolationForest,0.005,0.005,prevalence,0.001316667251852112,56962,75,
cc3a3dba5d93,clock_ablation_ref,ULB,chronological,0,N,IsolationForest,0.005,0.005,lift,20.63840579710145,56962,75,
cc3a3dba5d93,clock_ablation_ref,ULB,chronological,0,N,IsolationForest,0.005,0.005,tie_ratio,0.01824055055213214,56962,75,
cc3a3dba5d93,clock_ablation_ref,ULB,chronological,0,N,IsolationForest,0.005,0.005,fit_seconds,1.30419921875,56962,75,
cc3a3dba5d93,clock_ablation_ref,ULB,chronological,0,N,IsolationForest,0.005,0.005,score_seconds,2.7284975051879883,56962,75,
6de07f73b682,clock_ablation_ref,ULB,chronological,0,N,LOF,0.005,0.005,PR_AUC,0.603157863943587,56962,75,
6de07f73b682,clock_ablation_ref,ULB,chronological,0,N,LOF,0.005,0.005,ROC_AUC,0.9266049068035462,56962,75,
6de07f73b682,clock_ablation_ref,ULB,chronological,0,N,LOF,0.005,0.005,Precision,0.09320695102685624,56962,75,
6de07f73b682,clock_ablation_ref,ULB,chronological,0,N,LOF,0.005,0.005,Recall,0.7866666666666666,56962,75,
6de07f73b682,clock_ablation_ref,ULB,chronological,0,N,LOF,0.005,0.005,F1,0.16666666666666666,56962,75,
6de07f73b682,clock_ablation_ref,ULB,chronological,0,N,LOF,0.005,0.005,TN,56313.0,56962,75,
6de07f73b682,clock_ablation_ref,ULB,chronological,0,N,LOF,0.005,0.005,FP,574.0,56962,75,
6de07f73b682,clock_ablation_ref,ULB,chronological,0,N,LOF,0.005,0.005,FN,16.0,56962,75,
6de07f73b682,clock_ablation_ref,ULB,chronological,0,N,LOF,0.005,0.005,TP,59.0,56962,75,
6de07f73b682,clock_ablation_ref,ULB,chronological,0,N,LOF,0.005,0.005,n_alerts,633.0,56962,75,
6de07f73b682,clock_ablation_ref,ULB,chronological,0,N,LOF,0.005,0.005,alert_rate,0.011112671605631825,56962,75,
6de07f73b682,clock_ablation_ref,ULB,chronological,0,N,LOF,0.005,0.005,prevalence,0.001316667251852112,56962,75,
6de07f73b682,clock_ablation_ref,ULB,chronological,0,N,LOF,0.005,0.005,lift,70.79005792522379,56962,75,
6de07f73b682,clock_ablation_ref,ULB,chronological,0,N,LOF,0.005,0.005,tie_ratio,0.02154105440564602,56962,75,
6de07f73b682,clock_ablation_ref,ULB,chronological,0,N,LOF,0.005,0.005,fit_seconds,0.8276774883270264,56962,75,
6de07f73b682,clock_ablation_ref,ULB,chronological,0,N,LOF,0.005,0.005,score_seconds,5.57100248336792,56962,75,
544fb49a0cc9,clock_ablation_ref,ULB,chronological,0,N,OneClassSVM,0.005,0.005,PR_AUC,0.12476017332147252,56962,75,
544fb49a0cc9,clock_ablation_ref,ULB,chronological,0,N,OneClassSVM,0.005,0.005,ROC_AUC,0.9539025319200052,56962,75,
544fb49a0cc9,clock_ablation_ref,ULB,chronological,0,N,OneClassSVM,0.005,0.005,Precision,0.19387755102040816,56962,75,
544fb49a0cc9,clock_ablation_ref,ULB,chronological,0,N,OneClassSVM,0.005,0.005,Recall,0.5066666666666667,56962,75,
544fb49a0cc9,clock_ablation_ref,ULB,chronological,0,N,OneClassSVM,0.005,0.005,F1,0.28044280442804426,56962,75,
544fb49a0cc9,clock_ablation_ref,ULB,chronological,0,N,OneClassSVM,0.005,0.005,TN,56729.0,56962,75,
544fb49a0cc9,clock_ablation_ref,ULB,chronological,0,N,OneClassSVM,0.005,0.005,FP,158.0,56962,75,
544fb49a0cc9,clock_ablation_ref,ULB,chronological,0,N,OneClassSVM,0.005,0.005,FN,37.0,56962,75,
544fb49a0cc9,clock_ablation_ref,ULB,chronological,0,N,OneClassSVM,0.005,0.005,TP,38.0,56962,75,
544fb49a0cc9,clock_ablation_ref,ULB,chronological,0,N,OneClassSVM,0.005,0.005,n_alerts,196.0,56962,75,
544fb49a0cc9,clock_ablation_ref,ULB,chronological,0,N,OneClassSVM,0.005,0.005,alert_rate,0.003440890418173519,56962,75,
544fb49a0cc9,clock_ablation_ref,ULB,chronological,0,N,OneClassSVM,0.005,0.005,prevalence,0.001316667251852112,56962,75,
544fb49a0cc9,clock_ablation_ref,ULB,chronological,0,N,OneClassSVM,0.005,0.005,lift,147.24870748299318,56962,75,
544fb49a0cc9,clock_ablation_ref,ULB,chronological,0,N,OneClassSVM,0.005,0.005,tie_ratio,0.0036867330278611554,56962,75,
544fb49a0cc9,clock_ablation_ref,ULB,chronological,0,N,OneClassSVM,0.005,0.005,fit_seconds,2.1912007331848145,56962,75,
544fb49a0cc9,clock_ablation_ref,ULB,chronological,0,N,OneClassSVM,0.005,0.005,score_seconds,12.318358182907104,56962,75,
de31bc08633d,clock_ablation_ref,ULB,chronological,0,N,DBSCAN,0.005,0.005,PR_AUC,0.025021498387405985,56962,75,
de31bc08633d,clock_ablation_ref,ULB,chronological,0,N,DBSCAN,0.005,0.005,ROC_AUC,0.9437054745958362,56962,75,
de31bc08633d,clock_ablation_ref,ULB,chronological,0,N,DBSCAN,0.005,0.005,Precision,0.0,56962,75,
de31bc08633d,clock_ablation_ref,ULB,chronological,0,N,DBSCAN,0.005,0.005,Recall,0.0,56962,75,
de31bc08633d,clock_ablation_ref,ULB,chronological,0,N,DBSCAN,0.005,0.005,F1,0.0,56962,75,
de31bc08633d,clock_ablation_ref,ULB,chronological,0,N,DBSCAN,0.005,0.005,TN,56708.0,56962,75,
de31bc08633d,clock_ablation_ref,ULB,chronological,0,N,DBSCAN,0.005,0.005,FP,179.0,56962,75,
de31bc08633d,clock_ablation_ref,ULB,chronological,0,N,DBSCAN,0.005,0.005,FN,75.0,56962,75,
de31bc08633d,clock_ablation_ref,ULB,chronological,0,N,DBSCAN,0.005,0.005,TP,0.0,56962,75,
de31bc08633d,clock_ablation_ref,ULB,chronological,0,N,DBSCAN,0.005,0.005,n_alerts,179.0,56962,75,
de31bc08633d,clock_ablation_ref,ULB,chronological,0,N,DBSCAN,0.005,0.005,alert_rate,0.0031424458410870405,56962,75,
de31bc08633d,clock_ablation_ref,ULB,chronological,0,N,DBSCAN,0.005,0.005,prevalence,0.001316667251852112,56962,75,
de31bc08633d,clock_ablation_ref,ULB,chronological,0,N,DBSCAN,0.005,0.005,lift,0.0,56962,75,
de31bc08633d,clock_ablation_ref,ULB,chronological,0,N,DBSCAN,0.005,0.005,tie_ratio,0.006109443303312756,56962,75,
de31bc08633d,clock_ablation_ref,ULB,chronological,0,N,DBSCAN,0.005,0.005,fit_seconds,0.8292121887207031,56962,75,
de31bc08633d,clock_ablation_ref,ULB,chronological,0,N,DBSCAN,0.005,0.005,score_seconds,0.04795098304748535,56962,75,
7e0c6f93fc92,clock_ablation_ref,ULB,chronological,0,N,KMeans,0.005,0.005,PR_AUC,0.06734823561570871,56962,75,
7e0c6f93fc92,clock_ablation_ref,ULB,chronological,0,N,KMeans,0.005,0.005,ROC_AUC,0.9670830476793174,56962,75,
7e0c6f93fc92,clock_ablation_ref,ULB,chronological,0,N,KMeans,0.005,0.005,Precision,0.0893854748603352,56962,75,
7e0c6f93fc92,clock_ablation_ref,ULB,chronological,0,N,KMeans,0.005,0.005,Recall,0.21333333333333335,56962,75,
7e0c6f93fc92,clock_ablation_ref,ULB,chronological,0,N,KMeans,0.005,0.005,F1,0.12598425196850394,56962,75,
7e0c6f93fc92,clock_ablation_ref,ULB,chronological,0,N,KMeans,0.005,0.005,TN,56724.0,56962,75,
7e0c6f93fc92,clock_ablation_ref,ULB,chronological,0,N,KMeans,0.005,0.005,FP,163.0,56962,75,
7e0c6f93fc92,clock_ablation_ref,ULB,chronological,0,N,KMeans,0.005,0.005,FN,59.0,56962,75,
7e0c6f93fc92,clock_ablation_ref,ULB,chronological,0,N,KMeans,0.005,0.005,TP,16.0,56962,75,
7e0c6f93fc92,clock_ablation_ref,ULB,chronological,0,N,KMeans,0.005,0.005,n_alerts,179.0,56962,75,
7e0c6f93fc92,clock_ablation_ref,ULB,chronological,0,N,KMeans,0.005,0.005,alert_rate,0.0031424458410870405,56962,75,
7e0c6f93fc92,clock_ablation_ref,ULB,chronological,0,N,KMeans,0.005,0.005,prevalence,0.001316667251852112,56962,75,
7e0c6f93fc92,clock_ablation_ref,ULB,chronological,0,N,KMeans,0.005,0.005,lift,67.88767225325884,56962,75,
7e0c6f93fc92,clock_ablation_ref,ULB,chronological,0,N,KMeans,0.005,0.005,tie_ratio,0.006969681009813766,56962,75,
7e0c6f93fc92,clock_ablation_ref,ULB,chronological,0,N,KMeans,0.005,0.005,fit_seconds,11.39262866973877,56962,75,
7e0c6f93fc92,clock_ablation_ref,ULB,chronological,0,N,KMeans,0.005,0.005,score_seconds,0.17525744438171387,56962,75,
d344c9f38e36,clock_ablation_ref,ULB,chronological,0,N,Ensemble,0.005,0.005,PR_AUC,0.13996640831520835,56962,75,
d344c9f38e36,clock_ablation_ref,ULB,chronological,0,N,Ensemble,0.005,0.005,ROC_AUC,0.9638818476394724,56962,75,
d344c9f38e36,clock_ablation_ref,ULB,chronological,0,N,Ensemble,0.005,0.005,Precision,0.21761658031088082,56962,75,
d344c9f38e36,clock_ablation_ref,ULB,chronological,0,N,Ensemble,0.005,0.005,Recall,0.56,56962,75,
d344c9f38e36,clock_ablation_ref,ULB,chronological,0,N,Ensemble,0.005,0.005,F1,0.31343283582089554,56962,75,
d344c9f38e36,clock_ablation_ref,ULB,chronological,0,N,Ensemble,0.005,0.005,TN,56736.0,56962,75,
d344c9f38e36,clock_ablation_ref,ULB,chronological,0,N,Ensemble,0.005,0.005,FP,151.0,56962,75,
d344c9f38e36,clock_ablation_ref,ULB,chronological,0,N,Ensemble,0.005,0.005,FN,33.0,56962,75,
d344c9f38e36,clock_ablation_ref,ULB,chronological,0,N,Ensemble,0.005,0.005,TP,42.0,56962,75,
d344c9f38e36,clock_ablation_ref,ULB,chronological,0,N,Ensemble,0.005,0.005,n_alerts,193.0,56962,75,
d344c9f38e36,clock_ablation_ref,ULB,chronological,0,N,Ensemble,0.005,0.005,alert_rate,0.0033882237280994346,56962,75,
d344c9f38e36,clock_ablation_ref,ULB,chronological,0,N,Ensemble,0.005,0.005,prevalence,0.001316667251852112,56962,75,
d344c9f38e36,clock_ablation_ref,ULB,chronological,0,N,Ensemble,0.005,0.005,lift,165.27834196891192,56962,75,
d344c9f38e36,clock_ablation_ref,ULB,chronological,0,N,Ensemble,0.005,0.005,tie_ratio,0.07233019083232384,56962,75,
d344c9f38e36,clock_ablation_ref,ULB,chronological,0,N,Ensemble,0.005,0.005,fit_seconds,0.0,56962,75,
d344c9f38e36,clock_ablation_ref,ULB,chronological,0,N,Ensemble,0.005,0.005,score_seconds,0.0,56962,75,
e03a458146db,clock_ablation_ref,ULB,chronological,0,N,Ensemble,0.005,0.005,single_point_invariant,1.0,56962,75,invariance
771e62afb335,clock_ablation_ref,ULB,chronological,0,N,IsolationForest,0.005,0.005,single_point_invariant,1.0,56962,75,invariance
0488b303e9a8,clock_ablation_ref,ULB,chronological,0,N,LOF,0.005,0.005,single_point_invariant,1.0,56962,75,invariance
ef373a9db90a,clock_ablation_ref,ULB,chronological,0,N,OneClassSVM,0.005,0.005,single_point_invariant,1.0,56962,75,invariance
f04efcce21d9,clock_ablation_ref,ULB,chronological,0,N,DBSCAN,0.005,0.005,single_point_invariant,1.0,56962,75,invariance
cab046182253,clock_ablation_ref,ULB,chronological,0,N,KMeans,0.005,0.005,single_point_invariant,1.0,56962,75,invariance
146375b1326a,clock_ablation,ULB,chronological,0,U,IsolationForest,0.005,0.005,PR_AUC,0.03767554482531717,56962,75,
146375b1326a,clock_ablation,ULB,chronological,0,U,IsolationForest,0.005,0.005,ROC_AUC,0.9491342485980979,56962,75,
146375b1326a,clock_ablation,ULB,chronological,0,U,IsolationForest,0.005,0.005,Precision,0.037037037037037035,56962,75,
146375b1326a,clock_ablation,ULB,chronological,0,U,IsolationForest,0.005,0.005,Recall,0.09333333333333334,56962,75,
146375b1326a,clock_ablation,ULB,chronological,0,U,IsolationForest,0.005,0.005,F1,0.05303030303030303,56962,75,
146375b1326a,clock_ablation,ULB,chronological,0,U,IsolationForest,0.005,0.005,TN,56705.0,56962,75,
146375b1326a,clock_ablation,ULB,chronological,0,U,IsolationForest,0.005,0.005,FP,182.0,56962,75,
146375b1326a,clock_ablation,ULB,chronological,0,U,IsolationForest,0.005,0.005,FN,68.0,56962,75,
146375b1326a,clock_ablation,ULB,chronological,0,U,IsolationForest,0.005,0.005,TP,7.0,56962,75,
146375b1326a,clock_ablation,ULB,chronological,0,U,IsolationForest,0.005,0.005,n_alerts,189.0,56962,75,
146375b1326a,clock_ablation,ULB,chronological,0,U,IsolationForest,0.005,0.005,alert_rate,0.003318001474667322,56962,75,
146375b1326a,clock_ablation,ULB,chronological,0,U,IsolationForest,0.005,0.005,prevalence,0.001316667251852112,56962,75,
146375b1326a,clock_ablation,ULB,chronological,0,U,IsolationForest,0.005,0.005,lift,28.12938271604938,56962,75,
146375b1326a,clock_ablation,ULB,chronological,0,U,IsolationForest,0.005,0.005,tie_ratio,0.015308720001404486,56962,75,
146375b1326a,clock_ablation,ULB,chronological,0,U,IsolationForest,0.005,0.005,fit_seconds,1.6690647602081299,56962,75,
146375b1326a,clock_ablation,ULB,chronological,0,U,IsolationForest,0.005,0.005,score_seconds,2.0116355419158936,56962,75,
6240e121ced6,clock_ablation,ULB,chronological,0,U,LOF,0.005,0.005,PR_AUC,0.08111442321408276,56962,75,
6240e121ced6,clock_ablation,ULB,chronological,0,U,LOF,0.005,0.005,ROC_AUC,0.8544923561915141,56962,75,
6240e121ced6,clock_ablation,ULB,chronological,0,U,LOF,0.005,0.005,Precision,0.05963302752293578,56962,75,
6240e121ced6,clock_ablation,ULB,chronological,0,U,LOF,0.005,0.005,Recall,0.3466666666666667,56962,75,
6240e121ced6,clock_ablation,ULB,chronological,0,U,LOF,0.005,0.005,F1,0.10176125244618395,56962,75,
6240e121ced6,clock_ablation,ULB,chronological,0,U,LOF,0.005,0.005,TN,56477.0,56962,75,
6240e121ced6,clock_ablation,ULB,chronological,0,U,LOF,0.005,0.005,FP,410.0,56962,75,
6240e121ced6,clock_ablation,ULB,chronological,0,U,LOF,0.005,0.005,FN,49.0,56962,75,
6240e121ced6,clock_ablation,ULB,chronological,0,U,LOF,0.005,0.005,TP,26.0,56962,75,
6240e121ced6,clock_ablation,ULB,chronological,0,U,LOF,0.005,0.005,n_alerts,436.0,56962,75,
6240e121ced6,clock_ablation,ULB,chronological,0,U,LOF,0.005,0.005,alert_rate,0.007654225624100277,56962,75,
6240e121ced6,clock_ablation,ULB,chronological,0,U,LOF,0.005,0.005,prevalence,0.001316667251852112,56962,75,
6240e121ced6,clock_ablation,ULB,chronological,0,U,LOF,0.005,0.005,lift,45.29088685015291,56962,75,
6240e121ced6,clock_ablation,ULB,chronological,0,U,LOF,0.005,0.005,tie_ratio,0.029370973121960686,56962,75,
6240e121ced6,clock_ablation,ULB,chronological,0,U,LOF,0.005,0.005,fit_seconds,0.8647944927215576,56962,75,
6240e121ced6,clock_ablation,ULB,chronological,0,U,LOF,0.005,0.005,score_seconds,5.643921613693237,56962,75,
7f600f10045d,clock_ablation,ULB,chronological,0,U,OneClassSVM,0.005,0.005,PR_AUC,0.08497717938011821,56962,75,
7f600f10045d,clock_ablation,ULB,chronological,0,U,OneClassSVM,0.005,0.005,ROC_AUC,0.9487697833717135,56962,75,
7f600f10045d,clock_ablation,ULB,chronological,0,U,OneClassSVM,0.005,0.005,Precision,0.13333333333333333,56962,75,
7f600f10045d,clock_ablation,ULB,chronological,0,U,OneClassSVM,0.005,0.005,Recall,0.3466666666666667,56962,75,
7f600f10045d,clock_ablation,ULB,chronological,0,U,OneClassSVM,0.005,0.005,F1,0.1925925925925926,56962,75,
7f600f10045d,clock_ablation,ULB,chronological,0,U,OneClassSVM,0.005,0.005,TN,56718.0,56962,75,
7f600f10045d,clock_ablation,ULB,chronological,0,U,OneClassSVM,0.005,0.005,FP,169.0,56962,75,
7f600f10045d,clock_ablation,ULB,chronological,0,U,OneClassSVM,0.005,0.005,FN,49.0,56962,75,
7f600f10045d,clock_ablation,ULB,chronological,0,U,OneClassSVM,0.005,0.005,TP,26.0,56962,75,
7f600f10045d,clock_ablation,ULB,chronological,0,U,OneClassSVM,0.005,0.005,n_alerts,195.0,56962,75,
7f600f10045d,clock_ablation,ULB,chronological,0,U,OneClassSVM,0.005,0.005,alert_rate,0.003423334854815491,56962,75,
7f600f10045d,clock_ablation,ULB,chronological,0,U,OneClassSVM,0.005,0.005,prevalence,0.001316667251852112,56962,75,
7f600f10045d,clock_ablation,ULB,chronological,0,U,OneClassSVM,0.005,0.005,lift,101.26577777777777,56962,75,
7f600f10045d,clock_ablation,ULB,chronological,0,U,OneClassSVM,0.005,0.005,tie_ratio,0.009725952844928942,56962,75,
7f600f10045d,clock_ablation,ULB,chronological,0,U,OneClassSVM,0.005,0.005,fit_seconds,1.6563045978546143,56962,75,
7f600f10045d,clock_ablation,ULB,chronological,0,U,OneClassSVM,0.005,0.005,score_seconds,10.909231901168823,56962,75,
2eb31be33072,clock_ablation,ULB,chronological,0,U,DBSCAN,0.005,0.005,PR_AUC,0.08071330288659823,56962,75,
2eb31be33072,clock_ablation,ULB,chronological,0,U,DBSCAN,0.005,0.005,ROC_AUC,0.9440190787584745,56962,75,
2eb31be33072,clock_ablation,ULB,chronological,0,U,DBSCAN,0.005,0.005,Precision,0.14130434782608695,56962,75,
2eb31be33072,clock_ablation,ULB,chronological,0,U,DBSCAN,0.005,0.005,Recall,0.3466666666666667,56962,75,
2eb31be33072,clock_ablation,ULB,chronological,0,U,DBSCAN,0.005,0.005,F1,0.20077220077220076,56962,75,
2eb31be33072,clock_ablation,ULB,chronological,0,U,DBSCAN,0.005,0.005,TN,56729.0,56962,75,
2eb31be33072,clock_ablation,ULB,chronological,0,U,DBSCAN,0.005,0.005,FP,158.0,56962,75,
2eb31be33072,clock_ablation,ULB,chronological,0,U,DBSCAN,0.005,0.005,FN,49.0,56962,75,
2eb31be33072,clock_ablation,ULB,chronological,0,U,DBSCAN,0.005,0.005,TP,26.0,56962,75,
2eb31be33072,clock_ablation,ULB,chronological,0,U,DBSCAN,0.005,0.005,n_alerts,184.0,56962,75,
2eb31be33072,clock_ablation,ULB,chronological,0,U,DBSCAN,0.005,0.005,alert_rate,0.003230223657877181,56962,75,
2eb31be33072,clock_ablation,ULB,chronological,0,U,DBSCAN,0.005,0.005,prevalence,0.001316667251852112,56962,75,
2eb31be33072,clock_ablation,ULB,chronological,0,U,DBSCAN,0.005,0.005,lift,107.31971014492753,56962,75,
2eb31be33072,clock_ablation,ULB,chronological,0,U,DBSCAN,0.005,0.005,tie_ratio,0.014466038166464745,56962,75,
2eb31be33072,clock_ablation,ULB,chronological,0,U,DBSCAN,0.005,0.005,fit_seconds,0.8872725963592529,56962,75,
2eb31be33072,clock_ablation,ULB,chronological,0,U,DBSCAN,0.005,0.005,score_seconds,5.073448419570923,56962,75,
d6d5e2932f3a,clock_ablation,ULB,chronological,0,U,KMeans,0.005,0.005,PR_AUC,0.060602978609485526,56962,75,
d6d5e2932f3a,clock_ablation,ULB,chronological,0,U,KMeans,0.005,0.005,ROC_AUC,0.9647102735833025,56962,75,
d6d5e2932f3a,clock_ablation,ULB,chronological,0,U,KMeans,0.005,0.005,Precision,0.07865168539325842,56962,75,
d6d5e2932f3a,clock_ablation,ULB,chronological,0,U,KMeans,0.005,0.005,Recall,0.18666666666666668,56962,75,
d6d5e2932f3a,clock_ablation,ULB,chronological,0,U,KMeans,0.005,0.005,F1,0.11067193675889328,56962,75,
d6d5e2932f3a,clock_ablation,ULB,chronological,0,U,KMeans,0.005,0.005,TN,56723.0,56962,75,
d6d5e2932f3a,clock_ablation,ULB,chronological,0,U,KMeans,0.005,0.005,FP,164.0,56962,75,
d6d5e2932f3a,clock_ablation,ULB,chronological,0,U,KMeans,0.005,0.005,FN,61.0,56962,75,
d6d5e2932f3a,clock_ablation,ULB,chronological,0,U,KMeans,0.005,0.005,TP,14.0,56962,75,
d6d5e2932f3a,clock_ablation,ULB,chronological,0,U,KMeans,0.005,0.005,n_alerts,178.0,56962,75,
d6d5e2932f3a,clock_ablation,ULB,chronological,0,U,KMeans,0.005,0.005,alert_rate,0.0031248902777290125,56962,75,
d6d5e2932f3a,clock_ablation,ULB,chronological,0,U,KMeans,0.005,0.005,prevalence,0.001316667251852112,56962,75,
d6d5e2932f3a,clock_ablation,ULB,chronological,0,U,KMeans,0.005,0.005,lift,59.73543071161048,56962,75,
d6d5e2932f3a,clock_ablation,ULB,chronological,0,U,KMeans,0.005,0.005,tie_ratio,0.012025772019451875,56962,75,
d6d5e2932f3a,clock_ablation,ULB,chronological,0,U,KMeans,0.005,0.005,fit_seconds,10.6979501247406,56962,75,
d6d5e2932f3a,clock_ablation,ULB,chronological,0,U,KMeans,0.005,0.005,score_seconds,0.10296058654785156,56962,75,
a8c0697f30fe,clock_ablation,ULB,chronological,0,U,Ensemble,0.005,0.005,PR_AUC,0.07904871757964782,56962,75,
a8c0697f30fe,clock_ablation,ULB,chronological,0,U,Ensemble,0.005,0.005,ROC_AUC,0.9622605047433215,56962,75,
a8c0697f30fe,clock_ablation,ULB,chronological,0,U,Ensemble,0.005,0.005,Precision,0.125,56962,75,
a8c0697f30fe,clock_ablation,ULB,chronological,0,U,Ensemble,0.005,0.005,Recall,0.29333333333333333,56962,75,
a8c0697f30fe,clock_ablation,ULB,chronological,0,U,Ensemble,0.005,0.005,F1,0.1752988047808765,56962,75,
a8c0697f30fe,clock_ablation,ULB,chronological,0,U,Ensemble,0.005,0.005,TN,56733.0,56962,75,
a8c0697f30fe,clock_ablation,ULB,chronological,0,U,Ensemble,0.005,0.005,FP,154.0,56962,75,
a8c0697f30fe,clock_ablation,ULB,chronological,0,U,Ensemble,0.005,0.005,FN,53.0,56962,75,
a8c0697f30fe,clock_ablation,ULB,chronological,0,U,Ensemble,0.005,0.005,TP,22.0,56962,75,
a8c0697f30fe,clock_ablation,ULB,chronological,0,U,Ensemble,0.005,0.005,n_alerts,176.0,56962,75,
a8c0697f30fe,clock_ablation,ULB,chronological,0,U,Ensemble,0.005,0.005,alert_rate,0.003089779151012956,56962,75,
a8c0697f30fe,clock_ablation,ULB,chronological,0,U,Ensemble,0.005,0.005,prevalence,0.001316667251852112,56962,75,
a8c0697f30fe,clock_ablation,ULB,chronological,0,U,Ensemble,0.005,0.005,lift,94.93666666666667,56962,75,
a8c0697f30fe,clock_ablation,ULB,chronological,0,U,Ensemble,0.005,0.005,tie_ratio,0.07891364266779022,56962,75,
a8c0697f30fe,clock_ablation,ULB,chronological,0,U,Ensemble,0.005,0.005,fit_seconds,0.0,56962,75,
a8c0697f30fe,clock_ablation,ULB,chronological,0,U,Ensemble,0.005,0.005,score_seconds,0.0,56962,75,
bc6e8cde5b48,clock_ablation,ULB,chronological,0,U,Ensemble,0.005,0.005,single_point_invariant,1.0,56962,75,invariance
700e760a071e,clock_ablation,ULB,chronological,0,U,IsolationForest,0.005,0.005,single_point_invariant,1.0,56962,75,invariance
7e97bc5d8d26,clock_ablation,ULB,chronological,0,U,LOF,0.005,0.005,single_point_invariant,1.0,56962,75,invariance
179b8d068d50,clock_ablation,ULB,chronological,0,U,OneClassSVM,0.005,0.005,single_point_invariant,1.0,56962,75,invariance
9f9100686de2,clock_ablation,ULB,chronological,0,U,DBSCAN,0.005,0.005,single_point_invariant,1.0,56962,75,invariance
f697b8ebc146,clock_ablation,ULB,chronological,0,U,KMeans,0.005,0.005,single_point_invariant,1.0,56962,75,invariance
e4e652d6d645,clock_ablation,ULB,chronological,0,N,IsolationForest,0.005,0.005,PR_AUC,0.03065795018477979,56962,75,
e4e652d6d645,clock_ablation,ULB,chronological,0,N,IsolationForest,0.005,0.005,ROC_AUC,0.9448028547822878,56962,75,
e4e652d6d645,clock_ablation,ULB,chronological,0,N,IsolationForest,0.005,0.005,Precision,0.016853932584269662,56962,75,
e4e652d6d645,clock_ablation,ULB,chronological,0,N,IsolationForest,0.005,0.005,Recall,0.04,56962,75,
e4e652d6d645,clock_ablation,ULB,chronological,0,N,IsolationForest,0.005,0.005,F1,0.023715415019762844,56962,75,
e4e652d6d645,clock_ablation,ULB,chronological,0,N,IsolationForest,0.005,0.005,TN,56712.0,56962,75,
e4e652d6d645,clock_ablation,ULB,chronological,0,N,IsolationForest,0.005,0.005,FP,175.0,56962,75,
e4e652d6d645,clock_ablation,ULB,chronological,0,N,IsolationForest,0.005,0.005,FN,72.0,56962,75,
e4e652d6d645,clock_ablation,ULB,chronological,0,N,IsolationForest,0.005,0.005,TP,3.0,56962,75,
e4e652d6d645,clock_ablation,ULB,chronological,0,N,IsolationForest,0.005,0.005,n_alerts,178.0,56962,75,
e4e652d6d645,clock_ablation,ULB,chronological,0,N,IsolationForest,0.005,0.005,alert_rate,0.0031248902777290125,56962,75,
e4e652d6d645,clock_ablation,ULB,chronological,0,N,IsolationForest,0.005,0.005,prevalence,0.001316667251852112,56962,75,
e4e652d6d645,clock_ablation,ULB,chronological,0,N,IsolationForest,0.005,0.005,lift,12.800449438202246,56962,75,
e4e652d6d645,clock_ablation,ULB,chronological,0,N,IsolationForest,0.005,0.005,tie_ratio,0.01644985165288526,56962,75,
e4e652d6d645,clock_ablation,ULB,chronological,0,N,IsolationForest,0.005,0.005,fit_seconds,1.4565949440002441,56962,75,
e4e652d6d645,clock_ablation,ULB,chronological,0,N,IsolationForest,0.005,0.005,score_seconds,2.994708776473999,56962,75,
e33dd76e0340,clock_ablation,ULB,chronological,0,N,LOF,0.005,0.005,PR_AUC,0.5964488251056183,56962,75,
e33dd76e0340,clock_ablation,ULB,chronological,0,N,LOF,0.005,0.005,ROC_AUC,0.9325865897891141,56962,75,
e33dd76e0340,clock_ablation,ULB,chronological,0,N,LOF,0.005,0.005,Precision,0.12236286919831224,56962,75,
e33dd76e0340,clock_ablation,ULB,chronological,0,N,LOF,0.005,0.005,Recall,0.7733333333333333,56962,75,
e33dd76e0340,clock_ablation,ULB,chronological,0,N,LOF,0.005,0.005,F1,0.21129326047358835,56962,75,
e33dd76e0340,clock_ablation,ULB,chronological,0,N,LOF,0.005,0.005,TN,56471.0,56962,75,
e33dd76e0340,clock_ablation,ULB,chronological,0,N,LOF,0.005,0.005,FP,416.0,56962,75,
e33dd76e0340,clock_ablation,ULB,chronological,0,N,LOF,0.005,0.005,FN,17.0,56962,75,
e33dd76e0340,clock_ablation,ULB,chronological,0,N,LOF,0.005,0.005,TP,58.0,56962,75,
e33dd76e0340,clock_ablation,ULB,chronological,0,N,LOF,0.005,0.005,n_alerts,474.0,56962,75,
e33dd76e0340,clock_ablation,ULB,chronological,0,N,LOF,0.005,0.005,alert_rate,0.008321337031705348,56962,75,
e33dd76e0340,clock_ablation,ULB,chronological,0,N,LOF,0.005,0.005,prevalence,0.001316667251852112,56962,75,
e33dd76e0340,clock_ablation,ULB,chronological,0,N,LOF,0.005,0.005,lift,92.93378340365682,56962,75,
e33dd76e0340,clock_ablation,ULB,chronological,0,N,LOF,0.005,0.005,tie_ratio,0.029564087709134323,56962,75,
e33dd76e0340,clock_ablation,ULB,chronological,0,N,LOF,0.005,0.005,fit_seconds,0.8242769241333008,56962,75,
e33dd76e0340,clock_ablation,ULB,chronological,0,N,LOF,0.005,0.005,score_seconds,5.816061496734619,56962,75,
3740410bd0d5,clock_ablation,ULB,chronological,0,N,OneClassSVM,0.005,0.005,PR_AUC,0.12612407101189108,56962,75,
3740410bd0d5,clock_ablation,ULB,chronological,0,N,OneClassSVM,0.005,0.005,ROC_AUC,0.953141256643287,56962,75,
3740410bd0d5,clock_ablation,ULB,chronological,0,N,OneClassSVM,0.005,0.005,Precision,0.19021739130434784,56962,75,
3740410bd0d5,clock_ablation,ULB,chronological,0,N,OneClassSVM,0.005,0.005,Recall,0.4666666666666667,56962,75,
3740410bd0d5,clock_ablation,ULB,chronological,0,N,OneClassSVM,0.005,0.005,F1,0.2702702702702703,56962,75,
3740410bd0d5,clock_ablation,ULB,chronological,0,N,OneClassSVM,0.005,0.005,TN,56738.0,56962,75,
3740410bd0d5,clock_ablation,ULB,chronological,0,N,OneClassSVM,0.005,0.005,FP,149.0,56962,75,
3740410bd0d5,clock_ablation,ULB,chronological,0,N,OneClassSVM,0.005,0.005,FN,40.0,56962,75,
3740410bd0d5,clock_ablation,ULB,chronological,0,N,OneClassSVM,0.005,0.005,TP,35.0,56962,75,
3740410bd0d5,clock_ablation,ULB,chronological,0,N,OneClassSVM,0.005,0.005,n_alerts,184.0,56962,75,
3740410bd0d5,clock_ablation,ULB,chronological,0,N,OneClassSVM,0.005,0.005,alert_rate,0.003230223657877181,56962,75,
3740410bd0d5,clock_ablation,ULB,chronological,0,N,OneClassSVM,0.005,0.005,prevalence,0.001316667251852112,56962,75,
3740410bd0d5,clock_ablation,ULB,chronological,0,N,OneClassSVM,0.005,0.005,lift,144.46884057971016,56962,75,
3740410bd0d5,clock_ablation,ULB,chronological,0,N,OneClassSVM,0.005,0.005,tie_ratio,0.009848843945857721,56962,75,
3740410bd0d5,clock_ablation,ULB,chronological,0,N,OneClassSVM,0.005,0.005,fit_seconds,2.390066385269165,56962,75,
3740410bd0d5,clock_ablation,ULB,chronological,0,N,OneClassSVM,0.005,0.005,score_seconds,15.54787015914917,56962,75,
e00089994ec3,clock_ablation,ULB,chronological,0,N,DBSCAN,0.005,0.005,PR_AUC,0.02521233168679395,56962,75,
e00089994ec3,clock_ablation,ULB,chronological,0,N,DBSCAN,0.005,0.005,ROC_AUC,0.9443076039634128,56962,75,
e00089994ec3,clock_ablation,ULB,chronological,0,N,DBSCAN,0.005,0.005,Precision,0.0,56962,75,
e00089994ec3,clock_ablation,ULB,chronological,0,N,DBSCAN,0.005,0.005,Recall,0.0,56962,75,
e00089994ec3,clock_ablation,ULB,chronological,0,N,DBSCAN,0.005,0.005,F1,0.0,56962,75,
e00089994ec3,clock_ablation,ULB,chronological,0,N,DBSCAN,0.005,0.005,TN,56708.0,56962,75,
e00089994ec3,clock_ablation,ULB,chronological,0,N,DBSCAN,0.005,0.005,FP,179.0,56962,75,
e00089994ec3,clock_ablation,ULB,chronological,0,N,DBSCAN,0.005,0.005,FN,75.0,56962,75,
e00089994ec3,clock_ablation,ULB,chronological,0,N,DBSCAN,0.005,0.005,TP,0.0,56962,75,
e00089994ec3,clock_ablation,ULB,chronological,0,N,DBSCAN,0.005,0.005,n_alerts,179.0,56962,75,
e00089994ec3,clock_ablation,ULB,chronological,0,N,DBSCAN,0.005,0.005,alert_rate,0.0031424458410870405,56962,75,
e00089994ec3,clock_ablation,ULB,chronological,0,N,DBSCAN,0.005,0.005,prevalence,0.001316667251852112,56962,75,
e00089994ec3,clock_ablation,ULB,chronological,0,N,DBSCAN,0.005,0.005,lift,0.0,56962,75,
e00089994ec3,clock_ablation,ULB,chronological,0,N,DBSCAN,0.005,0.005,tie_ratio,0.012306665964431751,56962,75,
e00089994ec3,clock_ablation,ULB,chronological,0,N,DBSCAN,0.005,0.005,fit_seconds,1.0905380249023438,56962,75,
e00089994ec3,clock_ablation,ULB,chronological,0,N,DBSCAN,0.005,0.005,score_seconds,0.061983585357666016,56962,75,
00b25107e23c,clock_ablation,ULB,chronological,0,N,KMeans,0.005,0.005,PR_AUC,0.0674565075242589,56962,75,
00b25107e23c,clock_ablation,ULB,chronological,0,N,KMeans,0.005,0.005,ROC_AUC,0.9662763021428445,56962,75,
00b25107e23c,clock_ablation,ULB,chronological,0,N,KMeans,0.005,0.005,Precision,0.0898876404494382,56962,75,
00b25107e23c,clock_ablation,ULB,chronological,0,N,KMeans,0.005,0.005,Recall,0.21333333333333335,56962,75,
00b25107e23c,clock_ablation,ULB,chronological,0,N,KMeans,0.005,0.005,F1,0.12648221343873517,56962,75,
00b25107e23c,clock_ablation,ULB,chronological,0,N,KMeans,0.005,0.005,TN,56725.0,56962,75,
00b25107e23c,clock_ablation,ULB,chronological,0,N,KMeans,0.005,0.005,FP,162.0,56962,75,
00b25107e23c,clock_ablation,ULB,chronological,0,N,KMeans,0.005,0.005,FN,59.0,56962,75,
00b25107e23c,clock_ablation,ULB,chronological,0,N,KMeans,0.005,0.005,TP,16.0,56962,75,
00b25107e23c,clock_ablation,ULB,chronological,0,N,KMeans,0.005,0.005,n_alerts,178.0,56962,75,
00b25107e23c,clock_ablation,ULB,chronological,0,N,KMeans,0.005,0.005,alert_rate,0.0031248902777290125,56962,75,
00b25107e23c,clock_ablation,ULB,chronological,0,N,KMeans,0.005,0.005,prevalence,0.001316667251852112,56962,75,
00b25107e23c,clock_ablation,ULB,chronological,0,N,KMeans,0.005,0.005,lift,68.26906367041198,56962,75,
00b25107e23c,clock_ablation,ULB,chronological,0,N,KMeans,0.005,0.005,tie_ratio,0.012728006881901677,56962,75,
00b25107e23c,clock_ablation,ULB,chronological,0,N,KMeans,0.005,0.005,fit_seconds,10.994039535522461,56962,75,
00b25107e23c,clock_ablation,ULB,chronological,0,N,KMeans,0.005,0.005,score_seconds,0.17687225341796875,56962,75,
60004136bab0,clock_ablation,ULB,chronological,0,N,Ensemble,0.005,0.005,PR_AUC,0.14200069002567106,56962,75,
60004136bab0,clock_ablation,ULB,chronological,0,N,Ensemble,0.005,0.005,ROC_AUC,0.96653939681591,56962,75,
60004136bab0,clock_ablation,ULB,chronological,0,N,Ensemble,0.005,0.005,Precision,0.21808510638297873,56962,75,
60004136bab0,clock_ablation,ULB,chronological,0,N,Ensemble,0.005,0.005,Recall,0.5466666666666666,56962,75,
60004136bab0,clock_ablation,ULB,chronological,0,N,Ensemble,0.005,0.005,F1,0.311787072243346,56962,75,
60004136bab0,clock_ablation,ULB,chronological,0,N,Ensemble,0.005,0.005,TN,56740.0,56962,75,
60004136bab0,clock_ablation,ULB,chronological,0,N,Ensemble,0.005,0.005,FP,147.0,56962,75,
60004136bab0,clock_ablation,ULB,chronological,0,N,Ensemble,0.005,0.005,FN,34.0,56962,75,
60004136bab0,clock_ablation,ULB,chronological,0,N,Ensemble,0.005,0.005,TP,41.0,56962,75,
60004136bab0,clock_ablation,ULB,chronological,0,N,Ensemble,0.005,0.005,n_alerts,188.0,56962,75,
60004136bab0,clock_ablation,ULB,chronological,0,N,Ensemble,0.005,0.005,alert_rate,0.003300445911309294,56962,75,
60004136bab0,clock_ablation,ULB,chronological,0,N,Ensemble,0.005,0.005,prevalence,0.001316667251852112,56962,75,
60004136bab0,clock_ablation,ULB,chronological,0,N,Ensemble,0.005,0.005,lift,165.63418439716312,56962,75,
60004136bab0,clock_ablation,ULB,chronological,0,N,Ensemble,0.005,0.005,tie_ratio,0.07657871175014486,56962,75,
60004136bab0,clock_ablation,ULB,chronological,0,N,Ensemble,0.005,0.005,fit_seconds,0.0,56962,75,
60004136bab0,clock_ablation,ULB,chronological,0,N,Ensemble,0.005,0.005,score_seconds,0.0,56962,75,
68578749a789,clock_ablation,ULB,chronological,0,N,Ensemble,0.005,0.005,single_point_invariant,1.0,56962,75,invariance
673259d235cf,clock_ablation,ULB,chronological,0,N,IsolationForest,0.005,0.005,single_point_invariant,1.0,56962,75,invariance
0a3cb4805f23,clock_ablation,ULB,chronological,0,N,LOF,0.005,0.005,single_point_invariant,1.0,56962,75,invariance
de1b82e59684,clock_ablation,ULB,chronological,0,N,OneClassSVM,0.005,0.005,single_point_invariant,1.0,56962,75,invariance
cef7af3502ec,clock_ablation,ULB,chronological,0,N,DBSCAN,0.005,0.005,single_point_invariant,1.0,56962,75,invariance
2a6118ffdf54,clock_ablation,ULB,chronological,0,N,KMeans,0.005,0.005,single_point_invariant,1.0,56962,75,invariance
d08a96ac90a5,clock_ablation,PaySim,chronological,0,U,IsolationForest,0.005,0.005,PR_AUC,0.012886011983214221,1272524,4254,
d08a96ac90a5,clock_ablation,PaySim,chronological,0,U,IsolationForest,0.005,0.005,ROC_AUC,0.8086385164070529,1272524,4254,
d08a96ac90a5,clock_ablation,PaySim,chronological,0,U,IsolationForest,0.005,0.005,Precision,0.017921146953405017,1272524,4254,
d08a96ac90a5,clock_ablation,PaySim,chronological,0,U,IsolationForest,0.005,0.005,Recall,0.003526093088857546,1272524,4254,
d08a96ac90a5,clock_ablation,PaySim,chronological,0,U,IsolationForest,0.005,0.005,F1,0.0058927519151443725,1272524,4254,
d08a96ac90a5,clock_ablation,PaySim,chronological,0,U,IsolationForest,0.005,0.005,TN,1267448.0,1272524,4254,
d08a96ac90a5,clock_ablation,PaySim,chronological,0,U,IsolationForest,0.005,0.005,FP,822.0,1272524,4254,
d08a96ac90a5,clock_ablation,PaySim,chronological,0,U,IsolationForest,0.005,0.005,FN,4239.0,1272524,4254,
d08a96ac90a5,clock_ablation,PaySim,chronological,0,U,IsolationForest,0.005,0.005,TP,15.0,1272524,4254,
d08a96ac90a5,clock_ablation,PaySim,chronological,0,U,IsolationForest,0.005,0.005,n_alerts,837.0,1272524,4254,
d08a96ac90a5,clock_ablation,PaySim,chronological,0,U,IsolationForest,0.005,0.005,alert_rate,0.000657747908880304,1272524,4254,
d08a96ac90a5,clock_ablation,PaySim,chronological,0,U,IsolationForest,0.005,0.005,prevalence,0.0033429624902948786,1272524,4254,
d08a96ac90a5,clock_ablation,PaySim,chronological,0,U,IsolationForest,0.005,0.005,lift,5.360857923303894,1272524,4254,
d08a96ac90a5,clock_ablation,PaySim,chronological,0,U,IsolationForest,0.005,0.005,tie_ratio,0.5298029742464583,1272524,4254,
d08a96ac90a5,clock_ablation,PaySim,chronological,0,U,IsolationForest,0.005,0.005,fit_seconds,18.39367938041687,1272524,4254,
d08a96ac90a5,clock_ablation,PaySim,chronological,0,U,IsolationForest,0.005,0.005,score_seconds,74.91697120666504,1272524,4254,
0b0b27ef82d5,clock_ablation,PaySim,chronological,0,U,LOF,0.005,0.005,PR_AUC,0.14825084994919208,1272524,4254,
0b0b27ef82d5,clock_ablation,PaySim,chronological,0,U,LOF,0.005,0.005,ROC_AUC,0.8661719193323512,1272524,4254,
0b0b27ef82d5,clock_ablation,PaySim,chronological,0,U,LOF,0.005,0.005,Precision,0.38777152051488334,1272524,4254,
0b0b27ef82d5,clock_ablation,PaySim,chronological,0,U,LOF,0.005,0.005,Recall,0.11330512458862248,1272524,4254,
0b0b27ef82d5,clock_ablation,PaySim,chronological,0,U,LOF,0.005,0.005,F1,0.17536838275422958,1272524,4254,
0b0b27ef82d5,clock_ablation,PaySim,chronological,0,U,LOF,0.005,0.005,TN,1267509.0,1272524,4254,
0b0b27ef82d5,clock_ablation,PaySim,chronological,0,U,LOF,0.005,0.005,FP,761.0,1272524,4254,
0b0b27ef82d5,clock_ablation,PaySim,chronological,0,U,LOF,0.005,0.005,FN,3772.0,1272524,4254,
0b0b27ef82d5,clock_ablation,PaySim,chronological,0,U,LOF,0.005,0.005,TP,482.0,1272524,4254,
0b0b27ef82d5,clock_ablation,PaySim,chronological,0,U,LOF,0.005,0.005,n_alerts,1243.0,1272524,4254,
0b0b27ef82d5,clock_ablation,PaySim,chronological,0,U,LOF,0.005,0.005,alert_rate,0.000976798865876007,1272524,4254,
0b0b27ef82d5,clock_ablation,PaySim,chronological,0,U,LOF,0.005,0.005,prevalence,0.0033429624902948786,1272524,4254,
0b0b27ef82d5,clock_ablation,PaySim,chronological,0,U,LOF,0.005,0.005,lift,115.99637197265665,1272524,4254,
0b0b27ef82d5,clock_ablation,PaySim,chronological,0,U,LOF,0.005,0.005,tie_ratio,0.34934822447356595,1272524,4254,
0b0b27ef82d5,clock_ablation,PaySim,chronological,0,U,LOF,0.005,0.005,fit_seconds,2.5298829078674316,1272524,4254,
0b0b27ef82d5,clock_ablation,PaySim,chronological,0,U,LOF,0.005,0.005,score_seconds,316.2349977493286,1272524,4254,
974b71c5a524,clock_ablation,PaySim,chronological,0,U,OneClassSVM,0.005,0.005,PR_AUC,0.08487263915758936,1272524,4254,
974b71c5a524,clock_ablation,PaySim,chronological,0,U,OneClassSVM,0.005,0.005,ROC_AUC,0.6619534038587909,1272524,4254,
974b71c5a524,clock_ablation,PaySim,chronological,0,U,OneClassSVM,0.005,0.005,Precision,0.25557103064066855,1272524,4254,
974b71c5a524,clock_ablation,PaySim,chronological,0,U,OneClassSVM,0.005,0.005,Recall,0.08627174424071463,1272524,4254,
974b71c5a524,clock_ablation,PaySim,chronological,0,U,OneClassSVM,0.005,0.005,F1,0.1289982425307557,1272524,4254,
974b71c5a524,clock_ablation,PaySim,chronological,0,U,OneClassSVM,0.005,0.005,TN,1267201.0,1272524,4254,
974b71c5a524,clock_ablation,PaySim,chronological,0,U,OneClassSVM,0.005,0.005,FP,1069.0,1272524,4254,
974b71c5a524,clock_ablation,PaySim,chronological,0,U,OneClassSVM,0.005,0.005,FN,3887.0,1272524,4254,
974b71c5a524,clock_ablation,PaySim,chronological,0,U,OneClassSVM,0.005,0.005,TP,367.0,1272524,4254,
974b71c5a524,clock_ablation,PaySim,chronological,0,U,OneClassSVM,0.005,0.005,n_alerts,1436.0,1272524,4254,
974b71c5a524,clock_ablation,PaySim,chronological,0,U,OneClassSVM,0.005,0.005,alert_rate,0.0011284659464182994,1272524,4254,
974b71c5a524,clock_ablation,PaySim,chronological,0,U,OneClassSVM,0.005,0.005,prevalence,0.0033429624902948786,1272524,4254,
974b71c5a524,clock_ablation,PaySim,chronological,0,U,OneClassSVM,0.005,0.005,lift,76.45046313939494,1272524,4254,
974b71c5a524,clock_ablation,PaySim,chronological,0,U,OneClassSVM,0.005,0.005,tie_ratio,0.0071417120620121954,1272524,4254,
974b71c5a524,clock_ablation,PaySim,chronological,0,U,OneClassSVM,0.005,0.005,fit_seconds,0.438809871673584,1272524,4254,
974b71c5a524,clock_ablation,PaySim,chronological,0,U,OneClassSVM,0.005,0.005,score_seconds,102.3986406326294,1272524,4254,
7dea92fe5a87,clock_ablation,PaySim,chronological,0,U,DBSCAN,0.005,0.005,PR_AUC,0.021513947864307954,1272524,4254,
7dea92fe5a87,clock_ablation,PaySim,chronological,0,U,DBSCAN,0.005,0.005,ROC_AUC,0.7804587290849933,1272524,4254,
7dea92fe5a87,clock_ablation,PaySim,chronological,0,U,DBSCAN,0.005,0.005,Precision,0.1177587844254511,1272524,4254,
7dea92fe5a87,clock_ablation,PaySim,chronological,0,U,DBSCAN,0.005,0.005,Recall,0.02914903620122238,1272524,4254,
7dea92fe5a87,clock_ablation,PaySim,chronological,0,U,DBSCAN,0.005,0.005,F1,0.046730732994158655,1272524,4254,
7dea92fe5a87,clock_ablation,PaySim,chronological,0,U,DBSCAN,0.005,0.005,TN,1267341.0,1272524,4254,
7dea92fe5a87,clock_ablation,PaySim,chronological,0,U,DBSCAN,0.005,0.005,FP,929.0,1272524,4254,
7dea92fe5a87,clock_ablation,PaySim,chronological,0,U,DBSCAN,0.005,0.005,FN,4130.0,1272524,4254,
7dea92fe5a87,clock_ablation,PaySim,chronological,0,U,DBSCAN,0.005,0.005,TP,124.0,1272524,4254,
7dea92fe5a87,clock_ablation,PaySim,chronological,0,U,DBSCAN,0.005,0.005,n_alerts,1053.0,1272524,4254,
7dea92fe5a87,clock_ablation,PaySim,chronological,0,U,DBSCAN,0.005,0.005,alert_rate,0.0008274893047203824,1272524,4254,
7dea92fe5a87,clock_ablation,PaySim,chronological,0,U,DBSCAN,0.005,0.005,prevalence,0.0033429624902948786,1272524,4254,
7dea92fe5a87,clock_ablation,PaySim,chronological,0,U,DBSCAN,0.005,0.005,lift,35.225876678940466,1272524,4254,
7dea92fe5a87,clock_ablation,PaySim,chronological,0,U,DBSCAN,0.005,0.005,tie_ratio,0.06553353807079476,1272524,4254,
7dea92fe5a87,clock_ablation,PaySim,chronological,0,U,DBSCAN,0.005,0.005,fit_seconds,2.0152809619903564,1272524,4254,
7dea92fe5a87,clock_ablation,PaySim,chronological,0,U,DBSCAN,0.005,0.005,score_seconds,0.18607497215270996,1272524,4254,
65759ae22342,clock_ablation,PaySim,chronological,0,U,KMeans,0.005,0.005,PR_AUC,0.03655644780746689,1272524,4254,
65759ae22342,clock_ablation,PaySim,chronological,0,U,KMeans,0.005,0.005,ROC_AUC,0.8539329983242316,1272524,4254,
65759ae22342,clock_ablation,PaySim,chronological,0,U,KMeans,0.005,0.005,Precision,0.11951219512195121,1272524,4254,
65759ae22342,clock_ablation,PaySim,chronological,0,U,KMeans,0.005,0.005,Recall,0.03455571227080395,1272524,4254,
65759ae22342,clock_ablation,PaySim,chronological,0,U,KMeans,0.005,0.005,F1,0.053610503282275714,1272524,4254,
65759ae22342,clock_ablation,PaySim,chronological,0,U,KMeans,0.005,0.005,TN,1267187.0,1272524,4254,
65759ae22342,clock_ablation,PaySim,chronological,0,U,KMeans,0.005,0.005,FP,1083.0,1272524,4254,
65759ae22342,clock_ablation,PaySim,chronological,0,U,KMeans,0.005,0.005,FN,4107.0,1272524,4254,
65759ae22342,clock_ablation,PaySim,chronological,0,U,KMeans,0.005,0.005,TP,147.0,1272524,4254,
65759ae22342,clock_ablation,PaySim,chronological,0,U,KMeans,0.005,0.005,n_alerts,1230.0,1272524,4254,
65759ae22342,clock_ablation,PaySim,chronological,0,U,KMeans,0.005,0.005,alert_rate,0.0009665829485337801,1272524,4254,
65759ae22342,clock_ablation,PaySim,chronological,0,U,KMeans,0.005,0.005,prevalence,0.0033429624902948786,1272524,4254,
65759ae22342,clock_ablation,PaySim,chronological,0,U,KMeans,0.005,0.005,lift,35.75038471682319,1272524,4254,
65759ae22342,clock_ablation,PaySim,chronological,0,U,KMeans,0.005,0.005,tie_ratio,0.016985927180941163,1272524,4254,
65759ae22342,clock_ablation,PaySim,chronological,0,U,KMeans,0.005,0.005,fit_seconds,97.68633723258972,1272524,4254,
65759ae22342,clock_ablation,PaySim,chronological,0,U,KMeans,0.005,0.005,score_seconds,1.0625967979431152,1272524,4254,
3b164c4377dc,clock_ablation,PaySim,chronological,0,U,Ensemble,0.005,0.005,PR_AUC,0.05902484829571362,1272524,4254,
3b164c4377dc,clock_ablation,PaySim,chronological,0,U,Ensemble,0.005,0.005,ROC_AUC,0.8619072141810373,1272524,4254,
3b164c4377dc,clock_ablation,PaySim,chronological,0,U,Ensemble,0.005,0.005,Precision,0.15451895043731778,1272524,4254,
3b164c4377dc,clock_ablation,PaySim,chronological,0,U,Ensemble,0.005,0.005,Recall,0.024917724494593323,1272524,4254,
3b164c4377dc,clock_ablation,PaySim,chronological,0,U,Ensemble,0.005,0.005,F1,0.04291497975708502,1272524,4254,
3b164c4377dc,clock_ablation,PaySim,chronological,0,U,Ensemble,0.005,0.005,TN,1267690.0,1272524,4254,
3b164c4377dc,clock_ablation,PaySim,chronological,0,U,Ensemble,0.005,0.005,FP,580.0,1272524,4254,
3b164c4377dc,clock_ablation,PaySim,chronological,0,U,Ensemble,0.005,0.005,FN,4148.0,1272524,4254,
3b164c4377dc,clock_ablation,PaySim,chronological,0,U,Ensemble,0.005,0.005,TP,106.0,1272524,4254,
3b164c4377dc,clock_ablation,PaySim,chronological,0,U,Ensemble,0.005,0.005,n_alerts,686.0,1272524,4254,
3b164c4377dc,clock_ablation,PaySim,chronological,0,U,Ensemble,0.005,0.005,alert_rate,0.0005390860997513603,1272524,4254,
3b164c4377dc,clock_ablation,PaySim,chronological,0,U,Ensemble,0.005,0.005,prevalence,0.0033429624902948786,1272524,4254,
3b164c4377dc,clock_ablation,PaySim,chronological,0,U,Ensemble,0.005,0.005,lift,46.222160998189324,1272524,4254,
3b164c4377dc,clock_ablation,PaySim,chronological,0,U,Ensemble,0.005,0.005,tie_ratio,0.10731821168009403,1272524,4254,
3b164c4377dc,clock_ablation,PaySim,chronological,0,U,Ensemble,0.005,0.005,fit_seconds,0.0,1272524,4254,
3b164c4377dc,clock_ablation,PaySim,chronological,0,U,Ensemble,0.005,0.005,score_seconds,0.0,1272524,4254,
c56b15002728,clock_ablation,PaySim,chronological,0,U,Ensemble,0.005,0.005,single_point_invariant,1.0,1272524,4254,invariance
2cd48bb6e57b,clock_ablation,PaySim,chronological,0,U,IsolationForest,0.005,0.005,single_point_invariant,1.0,1272524,4254,invariance
b1a0bd3b1984,clock_ablation,PaySim,chronological,0,U,LOF,0.005,0.005,single_point_invariant,1.0,1272524,4254,invariance
a9ede982f6a9,clock_ablation,PaySim,chronological,0,U,OneClassSVM,0.005,0.005,single_point_invariant,1.0,1272524,4254,invariance
29c72a9230ba,clock_ablation,PaySim,chronological,0,U,DBSCAN,0.005,0.005,single_point_invariant,1.0,1272524,4254,invariance
3ceb49d0988b,clock_ablation,PaySim,chronological,0,U,KMeans,0.005,0.005,single_point_invariant,1.0,1272524,4254,invariance
6a339109e053,clock_ablation,PaySim,chronological,0,N,IsolationForest,0.005,0.005,PR_AUC,0.012424120776733879,1272524,4254,
6a339109e053,clock_ablation,PaySim,chronological,0,N,IsolationForest,0.005,0.005,ROC_AUC,0.8043451600638726,1272524,4254,
6a339109e053,clock_ablation,PaySim,chronological,0,N,IsolationForest,0.005,0.005,Precision,0.0059594755661501785,1272524,4254,
6a339109e053,clock_ablation,PaySim,chronological,0,N,IsolationForest,0.005,0.005,Recall,0.0011753643629525152,1272524,4254,
6a339109e053,clock_ablation,PaySim,chronological,0,N,IsolationForest,0.005,0.005,F1,0.0019634792852935403,1272524,4254,
6a339109e053,clock_ablation,PaySim,chronological,0,N,IsolationForest,0.005,0.005,TN,1267436.0,1272524,4254,
6a339109e053,clock_ablation,PaySim,chronological,0,N,IsolationForest,0.005,0.005,FP,834.0,1272524,4254,
6a339109e053,clock_ablation,PaySim,chronological,0,N,IsolationForest,0.005,0.005,FN,4249.0,1272524,4254,
6a339109e053,clock_ablation,PaySim,chronological,0,N,IsolationForest,0.005,0.005,TP,5.0,1272524,4254,
6a339109e053,clock_ablation,PaySim,chronological,0,N,IsolationForest,0.005,0.005,n_alerts,839.0,1272524,4254,
6a339109e053,clock_ablation,PaySim,chronological,0,N,IsolationForest,0.005,0.005,alert_rate,0.0006593195884714158,1272524,4254,
6a339109e053,clock_ablation,PaySim,chronological,0,N,IsolationForest,0.005,0.005,prevalence,0.0033429624902948786,1272524,4254,
6a339109e053,clock_ablation,PaySim,chronological,0,N,IsolationForest,0.005,0.005,lift,1.7826929208602937,1272524,4254,
6a339109e053,clock_ablation,PaySim,chronological,0,N,IsolationForest,0.005,0.005,tie_ratio,0.5474882988454441,1272524,4254,
6a339109e053,clock_ablation,PaySim,chronological,0,N,IsolationForest,0.005,0.005,fit_seconds,18.632641553878784,1272524,4254,
6a339109e053,clock_ablation,PaySim,chronological,0,N,IsolationForest,0.005,0.005,score_seconds,80.9516499042511,1272524,4254,
6a7dce932ce5,clock_ablation,PaySim,chronological,0,N,LOF,0.005,0.005,PR_AUC,0.19051770586450661,1272524,4254,
6a7dce932ce5,clock_ablation,PaySim,chronological,0,N,LOF,0.005,0.005,ROC_AUC,0.8829678718159102,1272524,4254,
6a7dce932ce5,clock_ablation,PaySim,chronological,0,N,LOF,0.005,0.005,Precision,0.4765906362545018,1272524,4254,
6a7dce932ce5,clock_ablation,PaySim,chronological,0,N,LOF,0.005,0.005,Recall,0.1866478608368594,1272524,4254,
6a7dce932ce5,clock_ablation,PaySim,chronological,0,N,LOF,0.005,0.005,F1,0.2682432432432432,1272524,4254,
6a7dce932ce5,clock_ablation,PaySim,chronological,0,N,LOF,0.005,0.005,TN,1267398.0,1272524,4254,
6a7dce932ce5,clock_ablation,PaySim,chronological,0,N,LOF,0.005,0.005,FP,872.0,1272524,4254,
6a7dce932ce5,clock_ablation,PaySim,chronological,0,N,LOF,0.005,0.005,FN,3460.0,1272524,4254,
6a7dce932ce5,clock_ablation,PaySim,chronological,0,N,LOF,0.005,0.005,TP,794.0,1272524,4254,
6a7dce932ce5,clock_ablation,PaySim,chronological,0,N,LOF,0.005,0.005,n_alerts,1666.0,1272524,4254,
6a7dce932ce5,clock_ablation,PaySim,chronological,0,N,LOF,0.005,0.005,alert_rate,0.0013092090993961608,1272524,4254,
6a7dce932ce5,clock_ablation,PaySim,chronological,0,N,LOF,0.005,0.005,prevalence,0.0033429624902948786,1272524,4254,
6a7dce932ce5,clock_ablation,PaySim,chronological,0,N,LOF,0.005,0.005,lift,142.56535562038638,1272524,4254,
6a7dce932ce5,clock_ablation,PaySim,chronological,0,N,LOF,0.005,0.005,tie_ratio,0.3518440516642515,1272524,4254,
6a7dce932ce5,clock_ablation,PaySim,chronological,0,N,LOF,0.005,0.005,fit_seconds,1.6219491958618164,1272524,4254,
6a7dce932ce5,clock_ablation,PaySim,chronological,0,N,LOF,0.005,0.005,score_seconds,281.19198656082153,1272524,4254,
0423bf099cfa,clock_ablation,PaySim,chronological,0,N,OneClassSVM,0.005,0.005,PR_AUC,0.10481454744937244,1272524,4254,
0423bf099cfa,clock_ablation,PaySim,chronological,0,N,OneClassSVM,0.005,0.005,ROC_AUC,0.7561782650969945,1272524,4254,
0423bf099cfa,clock_ablation,PaySim,chronological,0,N,OneClassSVM,0.005,0.005,Precision,0.2656695156695157,1272524,4254,
0423bf099cfa,clock_ablation,PaySim,chronological,0,N,OneClassSVM,0.005,0.005,Recall,0.08768218147625764,1272524,4254,
0423bf099cfa,clock_ablation,PaySim,chronological,0,N,OneClassSVM,0.005,0.005,F1,0.13184870979144575,1272524,4254,
0423bf099cfa,clock_ablation,PaySim,chronological,0,N,OneClassSVM,0.005,0.005,TN,1267239.0,1272524,4254,
0423bf099cfa,clock_ablation,PaySim,chronological,0,N,OneClassSVM,0.005,0.005,FP,1031.0,1272524,4254,
0423bf099cfa,clock_ablation,PaySim,chronological,0,N,OneClassSVM,0.005,0.005,FN,3881.0,1272524,4254,
0423bf099cfa,clock_ablation,PaySim,chronological,0,N,OneClassSVM,0.005,0.005,TP,373.0,1272524,4254,
0423bf099cfa,clock_ablation,PaySim,chronological,0,N,OneClassSVM,0.005,0.005,n_alerts,1404.0,1272524,4254,
0423bf099cfa,clock_ablation,PaySim,chronological,0,N,OneClassSVM,0.005,0.005,alert_rate,0.00110331907296051,1272524,4254,
0423bf099cfa,clock_ablation,PaySim,chronological,0,N,OneClassSVM,0.005,0.005,prevalence,0.0033429624902948786,1272524,4254,
0423bf099cfa,clock_ablation,PaySim,chronological,0,N,OneClassSVM,0.005,0.005,lift,79.4712822655935,1272524,4254,
0423bf099cfa,clock_ablation,PaySim,chronological,0,N,OneClassSVM,0.005,0.005,tie_ratio,0.007476479814919057,1272524,4254,
0423bf099cfa,clock_ablation,PaySim,chronological,0,N,OneClassSVM,0.005,0.005,fit_seconds,0.7214429378509521,1272524,4254,
0423bf099cfa,clock_ablation,PaySim,chronological,0,N,OneClassSVM,0.005,0.005,score_seconds,104.3257794380188,1272524,4254,
982afb394abc,clock_ablation,PaySim,chronological,0,N,DBSCAN,0.005,0.005,PR_AUC,0.021520865882838063,1272524,4254,
982afb394abc,clock_ablation,PaySim,chronological,0,N,DBSCAN,0.005,0.005,ROC_AUC,0.7803844404634147,1272524,4254,
982afb394abc,clock_ablation,PaySim,chronological,0,N,DBSCAN,0.005,0.005,Precision,0.1177587844254511,1272524,4254,
982afb394abc,clock_ablation,PaySim,chronological,0,N,DBSCAN,0.005,0.005,Recall,0.02914903620122238,1272524,4254,
982afb394abc,clock_ablation,PaySim,chronological,0,N,DBSCAN,0.005,0.005,F1,0.046730732994158655,1272524,4254,
982afb394abc,clock_ablation,PaySim,chronological,0,N,DBSCAN,0.005,0.005,TN,1267341.0,1272524,4254,
982afb394abc,clock_ablation,PaySim,chronological,0,N,DBSCAN,0.005,0.005,FP,929.0,1272524,4254,
982afb394abc,clock_ablation,PaySim,chronological,0,N,DBSCAN,0.005,0.005,FN,4130.0,1272524,4254,
982afb394abc,clock_ablation,PaySim,chronological,0,N,DBSCAN,0.005,0.005,TP,124.0,1272524,4254,
982afb394abc,clock_ablation,PaySim,chronological,0,N,DBSCAN,0.005,0.005,n_alerts,1053.0,1272524,4254,
982afb394abc,clock_ablation,PaySim,chronological,0,N,DBSCAN,0.005,0.005,alert_rate,0.0008274893047203824,1272524,4254,
982afb394abc,clock_ablation,PaySim,chronological,0,N,DBSCAN,0.005,0.005,prevalence,0.0033429624902948786,1272524,4254,
982afb394abc,clock_ablation,PaySim,chronological,0,N,DBSCAN,0.005,0.005,lift,35.225876678940466,1272524,4254,
982afb394abc,clock_ablation,PaySim,chronological,0,N,DBSCAN,0.005,0.005,tie_ratio,0.06454337992839432,1272524,4254,
982afb394abc,clock_ablation,PaySim,chronological,0,N,DBSCAN,0.005,0.005,fit_seconds,0.8246524333953857,1272524,4254,
982afb394abc,clock_ablation,PaySim,chronological,0,N,DBSCAN,0.005,0.005,score_seconds,0.11637020111083984,1272524,4254,
36463bd4c8ea,clock_ablation,PaySim,chronological,0,N,KMeans,0.005,0.005,PR_AUC,0.03814498562146478,1272524,4254,
36463bd4c8ea,clock_ablation,PaySim,chronological,0,N,KMeans,0.005,0.005,ROC_AUC,0.8428985403039814,1272524,4254,
36463bd4c8ea,clock_ablation,PaySim,chronological,0,N,KMeans,0.005,0.005,Precision,0.12397447584320875,1272524,4254,
36463bd4c8ea,clock_ablation,PaySim,chronological,0,N,KMeans,0.005,0.005,Recall,0.031969910672308414,1272524,4254,
36463bd4c8ea,clock_ablation,PaySim,chronological,0,N,KMeans,0.005,0.005,F1,0.05083162025789572,1272524,4254,
36463bd4c8ea,clock_ablation,PaySim,chronological,0,N,KMeans,0.005,0.005,TN,1267309.0,1272524,4254,
36463bd4c8ea,clock_ablation,PaySim,chronological,0,N,KMeans,0.005,0.005,FP,961.0,1272524,4254,
36463bd4c8ea,clock_ablation,PaySim,chronological,0,N,KMeans,0.005,0.005,FN,4118.0,1272524,4254,
36463bd4c8ea,clock_ablation,PaySim,chronological,0,N,KMeans,0.005,0.005,TP,136.0,1272524,4254,
36463bd4c8ea,clock_ablation,PaySim,chronological,0,N,KMeans,0.005,0.005,n_alerts,1097.0,1272524,4254,
36463bd4c8ea,clock_ablation,PaySim,chronological,0,N,KMeans,0.005,0.005,alert_rate,0.0008620662557248429,1272524,4254,
36463bd4c8ea,clock_ablation,PaySim,chronological,0,N,KMeans,0.005,0.005,prevalence,0.0033429624902948786,1272524,4254,
36463bd4c8ea,clock_ablation,PaySim,chronological,0,N,KMeans,0.005,0.005,lift,37.08521295202242,1272524,4254,
36463bd4c8ea,clock_ablation,PaySim,chronological,0,N,KMeans,0.005,0.005,tie_ratio,0.01725468439102129,1272524,4254,
36463bd4c8ea,clock_ablation,PaySim,chronological,0,N,KMeans,0.005,0.005,fit_seconds,100.04271030426025,1272524,4254,
36463bd4c8ea,clock_ablation,PaySim,chronological,0,N,KMeans,0.005,0.005,score_seconds,1.1721632480621338,1272524,4254,
a63196286167,clock_ablation,PaySim,chronological,0,N,Ensemble,0.005,0.005,PR_AUC,0.06863245906622586,1272524,4254,
a63196286167,clock_ablation,PaySim,chronological,0,N,Ensemble,0.005,0.005,ROC_AUC,0.8880121760471191,1272524,4254,
a63196286167,clock_ablation,PaySim,chronological,0,N,Ensemble,0.005,0.005,Precision,0.16153846153846155,1272524,4254,
a63196286167,clock_ablation,PaySim,chronological,0,N,Ensemble,0.005,0.005,Recall,0.02468265162200282,1272524,4254,
a63196286167,clock_ablation,PaySim,chronological,0,N,Ensemble,0.005,0.005,F1,0.042822185970636216,1272524,4254,
a63196286167,clock_ablation,PaySim,chronological,0,N,Ensemble,0.005,0.005,TN,1267725.0,1272524,4254,
a63196286167,clock_ablation,PaySim,chronological,0,N,Ensemble,0.005,0.005,FP,545.0,1272524,4254,
a63196286167,clock_ablation,PaySim,chronological,0,N,Ensemble,0.005,0.005,FN,4149.0,1272524,4254,
a63196286167,clock_ablation,PaySim,chronological,0,N,Ensemble,0.005,0.005,TP,105.0,1272524,4254,
a63196286167,clock_ablation,PaySim,chronological,0,N,Ensemble,0.005,0.005,n_alerts,650.0,1272524,4254,
a63196286167,clock_ablation,PaySim,chronological,0,N,Ensemble,0.005,0.005,alert_rate,0.0005107958671113472,1272524,4254,
a63196286167,clock_ablation,PaySim,chronological,0,N,Ensemble,0.005,0.005,prevalence,0.0033429624902948786,1272524,4254,
a63196286167,clock_ablation,PaySim,chronological,0,N,Ensemble,0.005,0.005,lift,48.32194857328849,1272524,4254,
a63196286167,clock_ablation,PaySim,chronological,0,N,Ensemble,0.005,0.005,tie_ratio,0.11158610760975829,1272524,4254,
a63196286167,clock_ablation,PaySim,chronological,0,N,Ensemble,0.005,0.005,fit_seconds,0.0,1272524,4254,
a63196286167,clock_ablation,PaySim,chronological,0,N,Ensemble,0.005,0.005,score_seconds,0.0,1272524,4254,
462d5420146b,clock_ablation,PaySim,chronological,0,N,Ensemble,0.005,0.005,single_point_invariant,1.0,1272524,4254,invariance
45cdebdbde4d,clock_ablation,PaySim,chronological,0,N,IsolationForest,0.005,0.005,single_point_invariant,1.0,1272524,4254,invariance
2011e348cd8b,clock_ablation,PaySim,chronological,0,N,LOF,0.005,0.005,single_point_invariant,1.0,1272524,4254,invariance
f1ababa876ee,clock_ablation,PaySim,chronological,0,N,OneClassSVM,0.005,0.005,single_point_invariant,1.0,1272524,4254,invariance
6803d16fc8c6,clock_ablation,PaySim,chronological,0,N,DBSCAN,0.005,0.005,single_point_invariant,1.0,1272524,4254,invariance
c5839a4ebad4,clock_ablation,PaySim,chronological,0,N,KMeans,0.005,0.005,single_point_invariant,1.0,1272524,4254,invariance
7d67436d77b3,clock_balance_ablation,PaySim,chronological,0,U,IsolationForest,0.005,0.005,PR_AUC,0.01593036722443797,1272524,4254,
7d67436d77b3,clock_balance_ablation,PaySim,chronological,0,U,IsolationForest,0.005,0.005,ROC_AUC,0.83654429806464,1272524,4254,
7d67436d77b3,clock_balance_ablation,PaySim,chronological,0,U,IsolationForest,0.005,0.005,Precision,0.018582541054451167,1272524,4254,
7d67436d77b3,clock_balance_ablation,PaySim,chronological,0,U,IsolationForest,0.005,0.005,Recall,0.010108133521391631,1272524,4254,
7d67436d77b3,clock_balance_ablation,PaySim,chronological,0,U,IsolationForest,0.005,0.005,F1,0.013093788063337393,1272524,4254,
7d67436d77b3,clock_balance_ablation,PaySim,chronological,0,U,IsolationForest,0.005,0.005,TN,1265999.0,1272524,4254,
7d67436d77b3,clock_balance_ablation,PaySim,chronological,0,U,IsolationForest,0.005,0.005,FP,2271.0,1272524,4254,
7d67436d77b3,clock_balance_ablation,PaySim,chronological,0,U,IsolationForest,0.005,0.005,FN,4211.0,1272524,4254,
7d67436d77b3,clock_balance_ablation,PaySim,chronological,0,U,IsolationForest,0.005,0.005,TP,43.0,1272524,4254,
7d67436d77b3,clock_balance_ablation,PaySim,chronological,0,U,IsolationForest,0.005,0.005,n_alerts,2314.0,1272524,4254,
7d67436d77b3,clock_balance_ablation,PaySim,chronological,0,U,IsolationForest,0.005,0.005,alert_rate,0.0018184332869163962,1272524,4254,
7d67436d77b3,clock_balance_ablation,PaySim,chronological,0,U,IsolationForest,0.005,0.005,prevalence,0.0033429624902948786,1272524,4254,
7d67436d77b3,clock_balance_ablation,PaySim,chronological,0,U,IsolationForest,0.005,0.005,lift,5.5587046245355936,1272524,4254,
7d67436d77b3,clock_balance_ablation,PaySim,chronological,0,U,IsolationForest,0.005,0.005,tie_ratio,0.5172711870267279,1272524,4254,
7d67436d77b3,clock_balance_ablation,PaySim,chronological,0,U,IsolationForest,0.005,0.005,fit_seconds,4.582955360412598,1272524,4254,
7d67436d77b3,clock_balance_ablation,PaySim,chronological,0,U,IsolationForest,0.005,0.005,score_seconds,22.541866064071655,1272524,4254,
9d5ee754dd98,clock_balance_ablation,PaySim,chronological,0,U,LOF,0.005,0.005,PR_AUC,0.06839775060296176,1272524,4254,
9d5ee754dd98,clock_balance_ablation,PaySim,chronological,0,U,LOF,0.005,0.005,ROC_AUC,0.8571197801703225,1272524,4254,
9d5ee754dd98,clock_balance_ablation,PaySim,chronological,0,U,LOF,0.005,0.005,Precision,0.24936386768447838,1272524,4254,
9d5ee754dd98,clock_balance_ablation,PaySim,chronological,0,U,LOF,0.005,0.005,Recall,0.0691114245416079,1272524,4254,
9d5ee754dd98,clock_balance_ablation,PaySim,chronological,0,U,LOF,0.005,0.005,F1,0.10822749861954721,1272524,4254,
9d5ee754dd98,clock_balance_ablation,PaySim,chronological,0,U,LOF,0.005,0.005,TN,1267385.0,1272524,4254,
9d5ee754dd98,clock_balance_ablation,PaySim,chronological,0,U,LOF,0.005,0.005,FP,885.0,1272524,4254,
9d5ee754dd98,clock_balance_ablation,PaySim,chronological,0,U,LOF,0.005,0.005,FN,3960.0,1272524,4254,
9d5ee754dd98,clock_balance_ablation,PaySim,chronological,0,U,LOF,0.005,0.005,TP,294.0,1272524,4254,
9d5ee754dd98,clock_balance_ablation,PaySim,chronological,0,U,LOF,0.005,0.005,n_alerts,1179.0,1272524,4254,
9d5ee754dd98,clock_balance_ablation,PaySim,chronological,0,U,LOF,0.005,0.005,alert_rate,0.0009265051189604282,1272524,4254,
9d5ee754dd98,clock_balance_ablation,PaySim,chronological,0,U,LOF,0.005,0.005,prevalence,0.0033429624902948786,1272524,4254,
9d5ee754dd98,clock_balance_ablation,PaySim,chronological,0,U,LOF,0.005,0.005,lift,74.59367803510182,1272524,4254,
9d5ee754dd98,clock_balance_ablation,PaySim,chronological,0,U,LOF,0.005,0.005,tie_ratio,0.36121126202727805,1272524,4254,
9d5ee754dd98,clock_balance_ablation,PaySim,chronological,0,U,LOF,0.005,0.005,fit_seconds,0.5524783134460449,1272524,4254,
9d5ee754dd98,clock_balance_ablation,PaySim,chronological,0,U,LOF,0.005,0.005,score_seconds,74.01270031929016,1272524,4254,
a15b08d46c5b,clock_balance_ablation,PaySim,chronological,0,U,OneClassSVM,0.005,0.005,PR_AUC,0.050630961093443366,1272524,4254,
a15b08d46c5b,clock_balance_ablation,PaySim,chronological,0,U,OneClassSVM,0.005,0.005,ROC_AUC,0.6487481466420415,1272524,4254,
a15b08d46c5b,clock_balance_ablation,PaySim,chronological,0,U,OneClassSVM,0.005,0.005,Precision,0.17352537722908093,1272524,4254,
a15b08d46c5b,clock_balance_ablation,PaySim,chronological,0,U,OneClassSVM,0.005,0.005,Recall,0.05947343676539727,1272524,4254,
a15b08d46c5b,clock_balance_ablation,PaySim,chronological,0,U,OneClassSVM,0.005,0.005,F1,0.08858543417366947,1272524,4254,
a15b08d46c5b,clock_balance_ablation,PaySim,chronological,0,U,OneClassSVM,0.005,0.005,TN,1267065.0,1272524,4254,
a15b08d46c5b,clock_balance_ablation,PaySim,chronological,0,U,OneClassSVM,0.005,0.005,FP,1205.0,1272524,4254,
a15b08d46c5b,clock_balance_ablation,PaySim,chronological,0,U,OneClassSVM,0.005,0.005,FN,4001.0,1272524,4254,
a15b08d46c5b,clock_balance_ablation,PaySim,chronological,0,U,OneClassSVM,0.005,0.005,TP,253.0,1272524,4254,
a15b08d46c5b,clock_balance_ablation,PaySim,chronological,0,U,OneClassSVM,0.005,0.005,n_alerts,1458.0,1272524,4254,
a15b08d46c5b,clock_balance_ablation,PaySim,chronological,0,U,OneClassSVM,0.005,0.005,alert_rate,0.0011457544219205297,1272524,4254,
a15b08d46c5b,clock_balance_ablation,PaySim,chronological,0,U,OneClassSVM,0.005,0.005,prevalence,0.0033429624902948786,1272524,4254,
a15b08d46c5b,clock_balance_ablation,PaySim,chronological,0,U,OneClassSVM,0.005,0.005,lift,51.907665052435114,1272524,4254,
a15b08d46c5b,clock_balance_ablation,PaySim,chronological,0,U,OneClassSVM,0.005,0.005,tie_ratio,0.00625135557364731,1272524,4254,
a15b08d46c5b,clock_balance_ablation,PaySim,chronological,0,U,OneClassSVM,0.005,0.005,fit_seconds,0.12674283981323242,1272524,4254,
a15b08d46c5b,clock_balance_ablation,PaySim,chronological,0,U,OneClassSVM,0.005,0.005,score_seconds,18.36942148208618,1272524,4254,
bee5e625f965,clock_balance_ablation,PaySim,chronological,0,U,DBSCAN,0.005,0.005,PR_AUC,0.019198537671974967,1272524,4254,
bee5e625f965,clock_balance_ablation,PaySim,chronological,0,U,DBSCAN,0.005,0.005,ROC_AUC,0.7947009080396116,1272524,4254,
bee5e625f965,clock_balance_ablation,PaySim,chronological,0,U,DBSCAN,0.005,0.005,Precision,0.0615815255423373,1272524,4254,
bee5e625f965,clock_balance_ablation,PaySim,chronological,0,U,DBSCAN,0.005,0.005,Recall,0.020686412787964268,1272524,4254,
bee5e625f965,clock_balance_ablation,PaySim,chronological,0,U,DBSCAN,0.005,0.005,F1,0.030969558331866973,1272524,4254,
bee5e625f965,clock_balance_ablation,PaySim,chronological,0,U,DBSCAN,0.005,0.005,TN,1266929.0,1272524,4254,
bee5e625f965,clock_balance_ablation,PaySim,chronological,0,U,DBSCAN,0.005,0.005,FP,1341.0,1272524,4254,
bee5e625f965,clock_balance_ablation,PaySim,chronological,0,U,DBSCAN,0.005,0.005,FN,4166.0,1272524,4254,
bee5e625f965,clock_balance_ablation,PaySim,chronological,0,U,DBSCAN,0.005,0.005,TP,88.0,1272524,4254,
bee5e625f965,clock_balance_ablation,PaySim,chronological,0,U,DBSCAN,0.005,0.005,n_alerts,1429.0,1272524,4254,
bee5e625f965,clock_balance_ablation,PaySim,chronological,0,U,DBSCAN,0.005,0.005,alert_rate,0.001122965067849408,1272524,4254,
bee5e625f965,clock_balance_ablation,PaySim,chronological,0,U,DBSCAN,0.005,0.005,prevalence,0.0033429624902948786,1272524,4254,
bee5e625f965,clock_balance_ablation,PaySim,chronological,0,U,DBSCAN,0.005,0.005,lift,18.421243349609128,1272524,4254,
bee5e625f965,clock_balance_ablation,PaySim,chronological,0,U,DBSCAN,0.005,0.005,tie_ratio,0.08824745152154301,1272524,4254,
bee5e625f965,clock_balance_ablation,PaySim,chronological,0,U,DBSCAN,0.005,0.005,fit_seconds,0.3715386390686035,1272524,4254,
bee5e625f965,clock_balance_ablation,PaySim,chronological,0,U,DBSCAN,0.005,0.005,score_seconds,0.06679344177246094,1272524,4254,
7c9efb4b7c35,clock_balance_ablation,PaySim,chronological,0,U,KMeans,0.005,0.005,PR_AUC,0.031052682915917538,1272524,4254,
7c9efb4b7c35,clock_balance_ablation,PaySim,chronological,0,U,KMeans,0.005,0.005,ROC_AUC,0.8455214799577295,1272524,4254,
7c9efb4b7c35,clock_balance_ablation,PaySim,chronological,0,U,KMeans,0.005,0.005,Precision,0.15667166416791603,1272524,4254,
7c9efb4b7c35,clock_balance_ablation,PaySim,chronological,0,U,KMeans,0.005,0.005,Recall,0.04913023037141514,1272524,4254,
7c9efb4b7c35,clock_balance_ablation,PaySim,chronological,0,U,KMeans,0.005,0.005,F1,0.07480314960629922,1272524,4254,
7c9efb4b7c35,clock_balance_ablation,PaySim,chronological,0,U,KMeans,0.005,0.005,TN,1267145.0,1272524,4254,
7c9efb4b7c35,clock_balance_ablation,PaySim,chronological,0,U,KMeans,0.005,0.005,FP,1125.0,1272524,4254,
7c9efb4b7c35,clock_balance_ablation,PaySim,chronological,0,U,KMeans,0.005,0.005,FN,4045.0,1272524,4254,
7c9efb4b7c35,clock_balance_ablation,PaySim,chronological,0,U,KMeans,0.005,0.005,TP,209.0,1272524,4254,
7c9efb4b7c35,clock_balance_ablation,PaySim,chronological,0,U,KMeans,0.005,0.005,n_alerts,1334.0,1272524,4254,
7c9efb4b7c35,clock_balance_ablation,PaySim,chronological,0,U,KMeans,0.005,0.005,alert_rate,0.0010483102872715956,1272524,4254,
7c9efb4b7c35,clock_balance_ablation,PaySim,chronological,0,U,KMeans,0.005,0.005,prevalence,0.0033429624902948786,1272524,4254,
7c9efb4b7c35,clock_balance_ablation,PaySim,chronological,0,U,KMeans,0.005,0.005,lift,46.8661148974173,1272524,4254,
7c9efb4b7c35,clock_balance_ablation,PaySim,chronological,0,U,KMeans,0.005,0.005,tie_ratio,0.023715073350286553,1272524,4254,
7c9efb4b7c35,clock_balance_ablation,PaySim,chronological,0,U,KMeans,0.005,0.005,fit_seconds,21.486796140670776,1272524,4254,
7c9efb4b7c35,clock_balance_ablation,PaySim,chronological,0,U,KMeans,0.005,0.005,score_seconds,0.2766842842102051,1272524,4254,
f999e5b3b96b,clock_balance_ablation,PaySim,chronological,0,U,Ensemble,0.005,0.005,PR_AUC,0.05155829279904002,1272524,4254,
f999e5b3b96b,clock_balance_ablation,PaySim,chronological,0,U,Ensemble,0.005,0.005,ROC_AUC,0.8909377887752644,1272524,4254,
f999e5b3b96b,clock_balance_ablation,PaySim,chronological,0,U,Ensemble,0.005,0.005,Precision,0.1378413524057217,1272524,4254,
f999e5b3b96b,clock_balance_ablation,PaySim,chronological,0,U,Ensemble,0.005,0.005,Recall,0.04983544898918665,1272524,4254,
f999e5b3b96b,clock_balance_ablation,PaySim,chronological,0,U,Ensemble,0.005,0.005,F1,0.07320441988950276,1272524,4254,
f999e5b3b96b,clock_balance_ablation,PaySim,chronological,0,U,Ensemble,0.005,0.005,TN,1266944.0,1272524,4254,
f999e5b3b96b,clock_balance_ablation,PaySim,chronological,0,U,Ensemble,0.005,0.005,FP,1326.0,1272524,4254,
f999e5b3b96b,clock_balance_ablation,PaySim,chronological,0,U,Ensemble,0.005,0.005,FN,4042.0,1272524,4254,
f999e5b3b96b,clock_balance_ablation,PaySim,chronological,0,U,Ensemble,0.005,0.005,TP,212.0,1272524,4254,
f999e5b3b96b,clock_balance_ablation,PaySim,chronological,0,U,Ensemble,0.005,0.005,n_alerts,1538.0,1272524,4254,
f999e5b3b96b,clock_balance_ablation,PaySim,chronological,0,U,Ensemble,0.005,0.005,alert_rate,0.001208621605565003,1272524,4254,
f999e5b3b96b,clock_balance_ablation,PaySim,chronological,0,U,Ensemble,0.005,0.005,prevalence,0.0033429624902948786,1272524,4254,
f999e5b3b96b,clock_balance_ablation,PaySim,chronological,0,U,Ensemble,0.005,0.005,lift,41.23329316613508,1272524,4254,
f999e5b3b96b,clock_balance_ablation,PaySim,chronological,0,U,Ensemble,0.005,0.005,tie_ratio,0.11399470658313715,1272524,4254,
f999e5b3b96b,clock_balance_ablation,PaySim,chronological,0,U,Ensemble,0.005,0.005,fit_seconds,0.0,1272524,4254,
f999e5b3b96b,clock_balance_ablation,PaySim,chronological,0,U,Ensemble,0.005,0.005,score_seconds,0.0,1272524,4254,
8b020b4e2e0b,clock_balance_ablation,PaySim,chronological,0,U,Ensemble,0.005,0.005,single_point_invariant,1.0,1272524,4254,invariance
aef3a113d1c5,clock_balance_ablation,PaySim,chronological,0,U,IsolationForest,0.005,0.005,single_point_invariant,1.0,1272524,4254,invariance
f3656edf0b55,clock_balance_ablation,PaySim,chronological,0,U,LOF,0.005,0.005,single_point_invariant,1.0,1272524,4254,invariance
396d43609598,clock_balance_ablation,PaySim,chronological,0,U,OneClassSVM,0.005,0.005,single_point_invariant,1.0,1272524,4254,invariance
52bdd95b24d0,clock_balance_ablation,PaySim,chronological,0,U,DBSCAN,0.005,0.005,single_point_invariant,1.0,1272524,4254,invariance
b0bf1c43699b,clock_balance_ablation,PaySim,chronological,0,U,KMeans,0.005,0.005,single_point_invariant,1.0,1272524,4254,invariance
65bbccf7bb5c,clock_balance_ablation,PaySim,chronological,0,N,IsolationForest,0.005,0.005,PR_AUC,0.015094829602465458,1272524,4254,
65bbccf7bb5c,clock_balance_ablation,PaySim,chronological,0,N,IsolationForest,0.005,0.005,ROC_AUC,0.8321414601921613,1272524,4254,
65bbccf7bb5c,clock_balance_ablation,PaySim,chronological,0,N,IsolationForest,0.005,0.005,Precision,0.02138804015713662,1272524,4254,
65bbccf7bb5c,clock_balance_ablation,PaySim,chronological,0,N,IsolationForest,0.005,0.005,Recall,0.01151857075693465,1272524,4254,
65bbccf7bb5c,clock_balance_ablation,PaySim,chronological,0,N,IsolationForest,0.005,0.005,F1,0.014973262032085561,1272524,4254,
65bbccf7bb5c,clock_balance_ablation,PaySim,chronological,0,N,IsolationForest,0.005,0.005,TN,1266028.0,1272524,4254,
65bbccf7bb5c,clock_balance_ablation,PaySim,chronological,0,N,IsolationForest,0.005,0.005,FP,2242.0,1272524,4254,
65bbccf7bb5c,clock_balance_ablation,PaySim,chronological,0,N,IsolationForest,0.005,0.005,FN,4205.0,1272524,4254,
65bbccf7bb5c,clock_balance_ablation,PaySim,chronological,0,N,IsolationForest,0.005,0.005,TP,49.0,1272524,4254,
65bbccf7bb5c,clock_balance_ablation,PaySim,chronological,0,N,IsolationForest,0.005,0.005,n_alerts,2291.0,1272524,4254,
65bbccf7bb5c,clock_balance_ablation,PaySim,chronological,0,N,IsolationForest,0.005,0.005,alert_rate,0.00180035897161861,1272524,4254,
65bbccf7bb5c,clock_balance_ablation,PaySim,chronological,0,N,IsolationForest,0.005,0.005,prevalence,0.0033429624902948786,1272524,4254,
65bbccf7bb5c,clock_balance_ablation,PaySim,chronological,0,N,IsolationForest,0.005,0.005,lift,6.397930045350287,1272524,4254,
65bbccf7bb5c,clock_balance_ablation,PaySim,chronological,0,N,IsolationForest,0.005,0.005,tie_ratio,0.522583464044686,1272524,4254,
65bbccf7bb5c,clock_balance_ablation,PaySim,chronological,0,N,IsolationForest,0.005,0.005,fit_seconds,4.070363521575928,1272524,4254,
65bbccf7bb5c,clock_balance_ablation,PaySim,chronological,0,N,IsolationForest,0.005,0.005,score_seconds,21.22698402404785,1272524,4254,
2d57a7a91995,clock_balance_ablation,PaySim,chronological,0,N,LOF,0.005,0.005,PR_AUC,0.07165335351328875,1272524,4254,
2d57a7a91995,clock_balance_ablation,PaySim,chronological,0,N,LOF,0.005,0.005,ROC_AUC,0.8698439223962184,1272524,4254,
2d57a7a91995,clock_balance_ablation,PaySim,chronological,0,N,LOF,0.005,0.005,Precision,0.2509505703422053,1272524,4254,
2d57a7a91995,clock_balance_ablation,PaySim,chronological,0,N,LOF,0.005,0.005,Recall,0.07757404795486601,1272524,4254,
2d57a7a91995,clock_balance_ablation,PaySim,chronological,0,N,LOF,0.005,0.005,F1,0.11851319806069312,1272524,4254,
2d57a7a91995,clock_balance_ablation,PaySim,chronological,0,N,LOF,0.005,0.005,TN,1267285.0,1272524,4254,
2d57a7a91995,clock_balance_ablation,PaySim,chronological,0,N,LOF,0.005,0.005,FP,985.0,1272524,4254,
2d57a7a91995,clock_balance_ablation,PaySim,chronological,0,N,LOF,0.005,0.005,FN,3924.0,1272524,4254,
2d57a7a91995,clock_balance_ablation,PaySim,chronological,0,N,LOF,0.005,0.005,TP,330.0,1272524,4254,
2d57a7a91995,clock_balance_ablation,PaySim,chronological,0,N,LOF,0.005,0.005,n_alerts,1315.0,1272524,4254,
2d57a7a91995,clock_balance_ablation,PaySim,chronological,0,N,LOF,0.005,0.005,alert_rate,0.0010333793311560332,1272524,4254,
2d57a7a91995,clock_balance_ablation,PaySim,chronological,0,N,LOF,0.005,0.005,prevalence,0.0033429624902948786,1272524,4254,
2d57a7a91995,clock_balance_ablation,PaySim,chronological,0,N,LOF,0.005,0.005,lift,75.06831771841665,1272524,4254,
2d57a7a91995,clock_balance_ablation,PaySim,chronological,0,N,LOF,0.005,0.005,tie_ratio,0.36091500042435354,1272524,4254,
2d57a7a91995,clock_balance_ablation,PaySim,chronological,0,N,LOF,0.005,0.005,fit_seconds,0.5685017108917236,1272524,4254,
2d57a7a91995,clock_balance_ablation,PaySim,chronological,0,N,LOF,0.005,0.005,score_seconds,69.41422700881958,1272524,4254,
206c34c91b5b,clock_balance_ablation,PaySim,chronological,0,N,OneClassSVM,0.005,0.005,PR_AUC,0.05285288458774319,1272524,4254,
206c34c91b5b,clock_balance_ablation,PaySim,chronological,0,N,OneClassSVM,0.005,0.005,ROC_AUC,0.6591954499847346,1272524,4254,
206c34c91b5b,clock_balance_ablation,PaySim,chronological,0,N,OneClassSVM,0.005,0.005,Precision,0.17007762879322513,1272524,4254,
206c34c91b5b,clock_balance_ablation,PaySim,chronological,0,N,OneClassSVM,0.005,0.005,Recall,0.05665256229431124,1272524,4254,
206c34c91b5b,clock_balance_ablation,PaySim,chronological,0,N,OneClassSVM,0.005,0.005,F1,0.08499382824898608,1272524,4254,
206c34c91b5b,clock_balance_ablation,PaySim,chronological,0,N,OneClassSVM,0.005,0.005,TN,1267094.0,1272524,4254,
206c34c91b5b,clock_balance_ablation,PaySim,chronological,0,N,OneClassSVM,0.005,0.005,FP,1176.0,1272524,4254,
206c34c91b5b,clock_balance_ablation,PaySim,chronological,0,N,OneClassSVM,0.005,0.005,FN,4013.0,1272524,4254,
206c34c91b5b,clock_balance_ablation,PaySim,chronological,0,N,OneClassSVM,0.005,0.005,TP,241.0,1272524,4254,
206c34c91b5b,clock_balance_ablation,PaySim,chronological,0,N,OneClassSVM,0.005,0.005,n_alerts,1417.0,1272524,4254,
206c34c91b5b,clock_balance_ablation,PaySim,chronological,0,N,OneClassSVM,0.005,0.005,alert_rate,0.001113534990302737,1272524,4254,
206c34c91b5b,clock_balance_ablation,PaySim,chronological,0,N,OneClassSVM,0.005,0.005,prevalence,0.0033429624902948786,1272524,4254,
206c34c91b5b,clock_balance_ablation,PaySim,chronological,0,N,OneClassSVM,0.005,0.005,lift,50.876319817223795,1272524,4254,
206c34c91b5b,clock_balance_ablation,PaySim,chronological,0,N,OneClassSVM,0.005,0.005,tie_ratio,0.0069405370743498285,1272524,4254,
206c34c91b5b,clock_balance_ablation,PaySim,chronological,0,N,OneClassSVM,0.005,0.005,fit_seconds,0.10983848571777344,1272524,4254,
206c34c91b5b,clock_balance_ablation,PaySim,chronological,0,N,OneClassSVM,0.005,0.005,score_seconds,16.29006290435791,1272524,4254,
144cc292c142,clock_balance_ablation,PaySim,chronological,0,N,DBSCAN,0.005,0.005,PR_AUC,0.01920878252713298,1272524,4254,
144cc292c142,clock_balance_ablation,PaySim,chronological,0,N,DBSCAN,0.005,0.005,ROC_AUC,0.7947931733126655,1272524,4254,
144cc292c142,clock_balance_ablation,PaySim,chronological,0,N,DBSCAN,0.005,0.005,Precision,0.0615815255423373,1272524,4254,
144cc292c142,clock_balance_ablation,PaySim,chronological,0,N,DBSCAN,0.005,0.005,Recall,0.020686412787964268,1272524,4254,
144cc292c142,clock_balance_ablation,PaySim,chronological,0,N,DBSCAN,0.005,0.005,F1,0.030969558331866973,1272524,4254,
144cc292c142,clock_balance_ablation,PaySim,chronological,0,N,DBSCAN,0.005,0.005,TN,1266929.0,1272524,4254,
144cc292c142,clock_balance_ablation,PaySim,chronological,0,N,DBSCAN,0.005,0.005,FP,1341.0,1272524,4254,
144cc292c142,clock_balance_ablation,PaySim,chronological,0,N,DBSCAN,0.005,0.005,FN,4166.0,1272524,4254,
144cc292c142,clock_balance_ablation,PaySim,chronological,0,N,DBSCAN,0.005,0.005,TP,88.0,1272524,4254,
144cc292c142,clock_balance_ablation,PaySim,chronological,0,N,DBSCAN,0.005,0.005,n_alerts,1429.0,1272524,4254,
144cc292c142,clock_balance_ablation,PaySim,chronological,0,N,DBSCAN,0.005,0.005,alert_rate,0.001122965067849408,1272524,4254,
144cc292c142,clock_balance_ablation,PaySim,chronological,0,N,DBSCAN,0.005,0.005,prevalence,0.0033429624902948786,1272524,4254,
144cc292c142,clock_balance_ablation,PaySim,chronological,0,N,DBSCAN,0.005,0.005,lift,18.421243349609128,1272524,4254,
144cc292c142,clock_balance_ablation,PaySim,chronological,0,N,DBSCAN,0.005,0.005,tie_ratio,0.08625456180001323,1272524,4254,
144cc292c142,clock_balance_ablation,PaySim,chronological,0,N,DBSCAN,0.005,0.005,fit_seconds,0.5877130031585693,1272524,4254,
144cc292c142,clock_balance_ablation,PaySim,chronological,0,N,DBSCAN,0.005,0.005,score_seconds,0.04235386848449707,1272524,4254,
eb0d0258281d,clock_balance_ablation,PaySim,chronological,0,N,KMeans,0.005,0.005,PR_AUC,0.031076496211519287,1272524,4254,
eb0d0258281d,clock_balance_ablation,PaySim,chronological,0,N,KMeans,0.005,0.005,ROC_AUC,0.8455515929063274,1272524,4254,
eb0d0258281d,clock_balance_ablation,PaySim,chronological,0,N,KMeans,0.005,0.005,Precision,0.15667166416791603,1272524,4254,
eb0d0258281d,clock_balance_ablation,PaySim,chronological,0,N,KMeans,0.005,0.005,Recall,0.04913023037141514,1272524,4254,
eb0d0258281d,clock_balance_ablation,PaySim,chronological,0,N,KMeans,0.005,0.005,F1,0.07480314960629922,1272524,4254,
eb0d0258281d,clock_balance_ablation,PaySim,chronological,0,N,KMeans,0.005,0.005,TN,1267145.0,1272524,4254,
eb0d0258281d,clock_balance_ablation,PaySim,chronological,0,N,KMeans,0.005,0.005,FP,1125.0,1272524,4254,
eb0d0258281d,clock_balance_ablation,PaySim,chronological,0,N,KMeans,0.005,0.005,FN,4045.0,1272524,4254,
eb0d0258281d,clock_balance_ablation,PaySim,chronological,0,N,KMeans,0.005,0.005,TP,209.0,1272524,4254,
eb0d0258281d,clock_balance_ablation,PaySim,chronological,0,N,KMeans,0.005,0.005,n_alerts,1334.0,1272524,4254,
eb0d0258281d,clock_balance_ablation,PaySim,chronological,0,N,KMeans,0.005,0.005,alert_rate,0.0010483102872715956,1272524,4254,
eb0d0258281d,clock_balance_ablation,PaySim,chronological,0,N,KMeans,0.005,0.005,prevalence,0.0033429624902948786,1272524,4254,
eb0d0258281d,clock_balance_ablation,PaySim,chronological,0,N,KMeans,0.005,0.005,lift,46.8661148974173,1272524,4254,
eb0d0258281d,clock_balance_ablation,PaySim,chronological,0,N,KMeans,0.005,0.005,tie_ratio,0.023780298053317606,1272524,4254,
eb0d0258281d,clock_balance_ablation,PaySim,chronological,0,N,KMeans,0.005,0.005,fit_seconds,19.69144058227539,1272524,4254,
eb0d0258281d,clock_balance_ablation,PaySim,chronological,0,N,KMeans,0.005,0.005,score_seconds,0.27083468437194824,1272524,4254,
27b7ba74fa08,clock_balance_ablation,PaySim,chronological,0,N,Ensemble,0.005,0.005,PR_AUC,0.050586155410795454,1272524,4254,
27b7ba74fa08,clock_balance_ablation,PaySim,chronological,0,N,Ensemble,0.005,0.005,ROC_AUC,0.8885004378263991,1272524,4254,
27b7ba74fa08,clock_balance_ablation,PaySim,chronological,0,N,Ensemble,0.005,0.005,Precision,0.10914454277286136,1272524,4254,
27b7ba74fa08,clock_balance_ablation,PaySim,chronological,0,N,Ensemble,0.005,0.005,Recall,0.034790785143394454,1272524,4254,
27b7ba74fa08,clock_balance_ablation,PaySim,chronological,0,N,Ensemble,0.005,0.005,F1,0.05276292335115865,1272524,4254,
27b7ba74fa08,clock_balance_ablation,PaySim,chronological,0,N,Ensemble,0.005,0.005,TN,1267062.0,1272524,4254,
27b7ba74fa08,clock_balance_ablation,PaySim,chronological,0,N,Ensemble,0.005,0.005,FP,1208.0,1272524,4254,
27b7ba74fa08,clock_balance_ablation,PaySim,chronological,0,N,Ensemble,0.005,0.005,FN,4106.0,1272524,4254,
27b7ba74fa08,clock_balance_ablation,PaySim,chronological,0,N,Ensemble,0.005,0.005,TP,148.0,1272524,4254,
27b7ba74fa08,clock_balance_ablation,PaySim,chronological,0,N,Ensemble,0.005,0.005,n_alerts,1356.0,1272524,4254,
27b7ba74fa08,clock_balance_ablation,PaySim,chronological,0,N,Ensemble,0.005,0.005,alert_rate,0.001065598762773826,1272524,4254,
27b7ba74fa08,clock_balance_ablation,PaySim,chronological,0,N,Ensemble,0.005,0.005,prevalence,0.0033429624902948786,1272524,4254,
27b7ba74fa08,clock_balance_ablation,PaySim,chronological,0,N,Ensemble,0.005,0.005,lift,32.64904798953752,1272524,4254,
27b7ba74fa08,clock_balance_ablation,PaySim,chronological,0,N,Ensemble,0.005,0.005,tie_ratio,0.11236330316756304,1272524,4254,
27b7ba74fa08,clock_balance_ablation,PaySim,chronological,0,N,Ensemble,0.005,0.005,fit_seconds,0.0,1272524,4254,
27b7ba74fa08,clock_balance_ablation,PaySim,chronological,0,N,Ensemble,0.005,0.005,score_seconds,0.0,1272524,4254,
2c86c7e6415d,clock_balance_ablation,PaySim,chronological,0,N,Ensemble,0.005,0.005,single_point_invariant,1.0,1272524,4254,invariance
a20c890b133c,clock_balance_ablation,PaySim,chronological,0,N,IsolationForest,0.005,0.005,single_point_invariant,1.0,1272524,4254,invariance
d148dc9bef95,clock_balance_ablation,PaySim,chronological,0,N,LOF,0.005,0.005,single_point_invariant,1.0,1272524,4254,invariance
2fc327876324,clock_balance_ablation,PaySim,chronological,0,N,OneClassSVM,0.005,0.005,single_point_invariant,1.0,1272524,4254,invariance
85100973d447,clock_balance_ablation,PaySim,chronological,0,N,DBSCAN,0.005,0.005,single_point_invariant,1.0,1272524,4254,invariance
171c68ba343f,clock_balance_ablation,PaySim,chronological,0,N,KMeans,0.005,0.005,single_point_invariant,1.0,1272524,4254,invariance
