run_id,experiment,dataset,split_type,fold,regime,detector,rho_assumed,rho_used,metric,value,n_test,n_pos_test,check
dfd10ffec2ae,headline,ULB,chronological,0,U,IsolationForest,0.005,0.005,PR_AUC,0.054562789355073034,56962,75,
dfd10ffec2ae,headline,ULB,chronological,0,U,IsolationForest,0.005,0.005,ROC_AUC,0.9484357879070203,56962,75,
dfd10ffec2ae,headline,ULB,chronological,0,U,IsolationForest,0.005,0.005,Precision,0.06547619047619048,56962,75,
dfd10ffec2ae,headline,ULB,chronological,0,U,IsolationForest,0.005,0.005,Recall,0.14666666666666667,56962,75,
dfd10ffec2ae,headline,ULB,chronological,0,U,IsolationForest,0.005,0.005,F1,0.09053497942386832,56962,75,
dfd10ffec2ae,headline,ULB,chronological,0,U,IsolationForest,0.005,0.005,TN,56730.0,56962,75,
dfd10ffec2ae,headline,ULB,chronological,0,U,IsolationForest,0.005,0.005,FP,157.0,56962,75,
dfd10ffec2ae,headline,ULB,chronological,0,U,IsolationForest,0.005,0.005,FN,64.0,56962,75,
dfd10ffec2ae,headline,ULB,chronological,0,U,IsolationForest,0.005,0.005,TP,11.0,56962,75,
dfd10ffec2ae,headline,ULB,chronological,0,U,IsolationForest,0.005,0.005,n_alerts,168.0,56962,75,
dfd10ffec2ae,headline,ULB,chronological,0,U,IsolationForest,0.005,0.005,alert_rate,0.0029493346441487305,56962,75,
dfd10ffec2ae,headline,ULB,chronological,0,U,IsolationForest,0.005,0.005,prevalence,0.001316667251852112,56962,75,
dfd10ffec2ae,headline,ULB,chronological,0,U,IsolationForest,0.005,0.005,lift,49.72873015873016,56962,75,
dfd10ffec2ae,headline,ULB,chronological,0,U,IsolationForest,0.005,0.005,tie_ratio,0.019627464405470363,56962,75,
dfd10ffec2ae,headline,ULB,chronological,0,U,IsolationForest,0.005,0.005,fit_seconds,1.6258759498596191,56962,75,
dfd10ffec2ae,headline,ULB,chronological,0,U,IsolationForest,0.005,0.005,score_seconds,1.6477892398834229,56962,75,
f970a98c4c49,headline,ULB,chronological,0,U,LOF,0.005,0.005,PR_AUC,0.07627939933401451,56962,75,
f970a98c4c49,headline,ULB,chronological,0,U,LOF,0.005,0.005,ROC_AUC,0.8178164900006446,56962,75,
f970a98c4c49,headline,ULB,chronological,0,U,LOF,0.005,0.005,Precision,0.04313099041533546,56962,75,
f970a98c4c49,headline,ULB,chronological,0,U,LOF,0.005,0.005,Recall,0.36,56962,75,
f970a98c4c49,headline,ULB,chronological,0,U,LOF,0.005,0.005,F1,0.07703281027104136,56962,75,
f970a98c4c49,headline,ULB,chronological,0,U,LOF,0.005,0.005,TN,56288.0,56962,75,
f970a98c4c49,headline,ULB,chronological,0,U,LOF,0.005,0.005,FP,599.0,56962,75,
f970a98c4c49,headline,ULB,chronological,0,U,LOF,0.005,0.005,FN,48.0,56962,75,
f970a98c4c49,headline,ULB,chronological,0,U,LOF,0.005,0.005,TP,27.0,56962,75,
f970a98c4c49,headline,ULB,chronological,0,U,LOF,0.005,0.005,n_alerts,626.0,56962,75,
f970a98c4c49,headline,ULB,chronological,0,U,LOF,0.005,0.005,alert_rate,0.010989782662125627,56962,75,
f970a98c4c49,headline,ULB,chronological,0,U,LOF,0.005,0.005,prevalence,0.001316667251852112,56962,75,
f970a98c4c49,headline,ULB,chronological,0,U,LOF,0.005,0.005,lift,32.75769968051118,56962,75,
f970a98c4c49,headline,ULB,chronological,0,U,LOF,0.005,0.005,tie_ratio,0.020224364038552656,56962,75,
f970a98c4c49,headline,ULB,chronological,0,U,LOF,0.005,0.005,fit_seconds,0.8795537948608398,56962,75,
f970a98c4c49,headline,ULB,chronological,0,U,LOF,0.005,0.005,score_seconds,6.801342248916626,56962,75,
62b97cd8e123,headline,ULB,chronological,0,U,OneClassSVM,0.005,0.005,PR_AUC,0.0838610899727195,56962,75,
62b97cd8e123,headline,ULB,chronological,0,U,OneClassSVM,0.005,0.005,ROC_AUC,0.9473752058173807,56962,75,
62b97cd8e123,headline,ULB,chronological,0,U,OneClassSVM,0.005,0.005,Precision,0.13131313131313133,56962,75,
62b97cd8e123,headline,ULB,chronological,0,U,OneClassSVM,0.005,0.005,Recall,0.3466666666666667,56962,75,
62b97cd8e123,headline,ULB,chronological,0,U,OneClassSVM,0.005,0.005,F1,0.19047619047619047,56962,75,
62b97cd8e123,headline,ULB,chronological,0,U,OneClassSVM,0.005,0.005,TN,56715.0,56962,75,
62b97cd8e123,headline,ULB,chronological,0,U,OneClassSVM,0.005,0.005,FP,172.0,56962,75,
62b97cd8e123,headline,ULB,chronological,0,U,OneClassSVM,0.005,0.005,FN,49.0,56962,75,
62b97cd8e123,headline,ULB,chronological,0,U,OneClassSVM,0.005,0.005,TP,26.0,56962,75,
62b97cd8e123,headline,ULB,chronological,0,U,OneClassSVM,0.005,0.005,n_alerts,198.0,56962,75,
62b97cd8e123,headline,ULB,chronological,0,U,OneClassSVM,0.005,0.005,alert_rate,0.0034760015448895756,56962,75,
62b97cd8e123,headline,ULB,chronological,0,U,OneClassSVM,0.005,0.005,prevalence,0.001316667251852112,56962,75,
62b97cd8e123,headline,ULB,chronological,0,U,OneClassSVM,0.005,0.005,lift,99.73144781144782,56962,75,
62b97cd8e123,headline,ULB,chronological,0,U,OneClassSVM,0.005,0.005,tie_ratio,0.0035638419269324872,56962,75,
62b97cd8e123,headline,ULB,chronological,0,U,OneClassSVM,0.005,0.005,fit_seconds,1.0868871212005615,56962,75,
62b97cd8e123,headline,ULB,chronological,0,U,OneClassSVM,0.005,0.005,score_seconds,7.073774814605713,56962,75,
b021acfdcf90,headline,ULB,chronological,0,U,DBSCAN,0.005,0.005,PR_AUC,0.024725100118224274,56962,75,
b021acfdcf90,headline,ULB,chronological,0,U,DBSCAN,0.005,0.005,ROC_AUC,0.9381904477297097,56962,75,
b021acfdcf90,headline,ULB,chronological,0,U,DBSCAN,0.005,0.005,Precision,0.0,56962,75,
b021acfdcf90,headline,ULB,chronological,0,U,DBSCAN,0.005,0.005,Recall,0.0,56962,75,
b021acfdcf90,headline,ULB,chronological,0,U,DBSCAN,0.005,0.005,F1,0.0,56962,75,
b021acfdcf90,headline,ULB,chronological,0,U,DBSCAN,0.005,0.005,TN,56712.0,56962,75,
b021acfdcf90,headline,ULB,chronological,0,U,DBSCAN,0.005,0.005,FP,175.0,56962,75,
b021acfdcf90,headline,ULB,chronological,0,U,DBSCAN,0.005,0.005,FN,75.0,56962,75,
b021acfdcf90,headline,ULB,chronological,0,U,DBSCAN,0.005,0.005,TP,0.0,56962,75,
b021acfdcf90,headline,ULB,chronological,0,U,DBSCAN,0.005,0.005,n_alerts,175.0,56962,75,
b021acfdcf90,headline,ULB,chronological,0,U,DBSCAN,0.005,0.005,alert_rate,0.003072223587654928,56962,75,
b021acfdcf90,headline,ULB,chronological,0,U,DBSCAN,0.005,0.005,prevalence,0.001316667251852112,56962,75,
b021acfdcf90,headline,ULB,chronological,0,U,DBSCAN,0.005,0.005,lift,0.0,56962,75,
b021acfdcf90,headline,ULB,chronological,0,U,DBSCAN,0.005,0.005,tie_ratio,0.006039219817067787,56962,75,
b021acfdcf90,headline,ULB,chronological,0,U,DBSCAN,0.005,0.005,fit_seconds,0.7106509208679199,56962,75,
b021acfdcf90,headline,ULB,chronological,0,U,DBSCAN,0.005,0.005,score_seconds,0.02588677406311035,56962,75,
c9d76259e46a,headline,ULB,chronological,0,U,KMeans,0.005,0.005,PR_AUC,0.06788595503536499,56962,75,
c9d76259e46a,headline,ULB,chronological,0,U,KMeans,0.005,0.005,ROC_AUC,0.9667539742530513,56962,75,
c9d76259e46a,headline,ULB,chronological,0,U,KMeans,0.005,0.005,Precision,0.09090909090909091,56962,75,
c9d76259e46a,headline,ULB,chronological,0,U,KMeans,0.005,0.005,Recall,0.24,56962,75,
c9d76259e46a,headline,ULB,chronological,0,U,KMeans,0.005,0.005,F1,0.13186813186813187,56962,75,
c9d76259e46a,headline,ULB,chronological,0,U,KMeans,0.005,0.005,TN,56707.0,56962,75,
c9d76259e46a,headline,ULB,chronological,0,U,KMeans,0.005,0.005,FP,180.0,56962,75,
c9d76259e46a,headline,ULB,chronological,0,U,KMeans,0.005,0.005,FN,57.0,56962,75,
c9d76259e46a,headline,ULB,chronological,0,U,KMeans,0.005,0.005,TP,18.0,56962,75,
c9d76259e46a,headline,ULB,chronological,0,U,KMeans,0.005,0.005,n_alerts,198.0,56962,75,
c9d76259e46a,headline,ULB,chronological,0,U,KMeans,0.005,0.005,alert_rate,0.0034760015448895756,56962,75,
c9d76259e46a,headline,ULB,chronological,0,U,KMeans,0.005,0.005,prevalence,0.001316667251852112,56962,75,
c9d76259e46a,headline,ULB,chronological,0,U,KMeans,0.005,0.005,lift,69.04484848484849,56962,75,
c9d76259e46a,headline,ULB,chronological,0,U,KMeans,0.005,0.005,tie_ratio,0.006723898807956319,56962,75,
c9d76259e46a,headline,ULB,chronological,0,U,KMeans,0.005,0.005,fit_seconds,5.852074861526489,56962,75,
c9d76259e46a,headline,ULB,chronological,0,U,KMeans,0.005,0.005,score_seconds,0.10718226432800293,56962,75,
76d9f69ec5b6,headline,ULB,chronological,0,U,Ensemble,0.005,0.005,PR_AUC,0.06951265687905143,56962,75,
76d9f69ec5b6,headline,ULB,chronological,0,U,Ensemble,0.005,0.005,ROC_AUC,0.9585235056632739,56962,75,
76d9f69ec5b6,headline,ULB,chronological,0,U,Ensemble,0.005,0.005,Precision,0.11170212765957446,56962,75,
76d9f69ec5b6,headline,ULB,chronological,0,U,Ensemble,0.005,0.005,Recall,0.28,56962,75,
76d9f69ec5b6,headline,ULB,chronological,0,U,Ensemble,0.005,0.005,F1,0.1596958174904943,56962,75,
76d9f69ec5b6,headline,ULB,chronological,0,U,Ensemble,0.005,0.005,TN,56720.0,56962,75,
76d9f69ec5b6,headline,ULB,chronological,0,U,Ensemble,0.005,0.005,FP,167.0,56962,75,
76d9f69ec5b6,headline,ULB,chronological,0,U,Ensemble,0.005,0.005,FN,54.0,56962,75,
76d9f69ec5b6,headline,ULB,chronological,0,U,Ensemble,0.005,0.005,TP,21.0,56962,75,
76d9f69ec5b6,headline,ULB,chronological,0,U,Ensemble,0.005,0.005,n_alerts,188.0,56962,75,
76d9f69ec5b6,headline,ULB,chronological,0,U,Ensemble,0.005,0.005,alert_rate,0.003300445911309294,56962,75,
76d9f69ec5b6,headline,ULB,chronological,0,U,Ensemble,0.005,0.005,prevalence,0.001316667251852112,56962,75,
76d9f69ec5b6,headline,ULB,chronological,0,U,Ensemble,0.005,0.005,lift,84.83702127659573,56962,75,
76d9f69ec5b6,headline,ULB,chronological,0,U,Ensemble,0.005,0.005,tie_ratio,0.07104861220835312,56962,75,
76d9f69ec5b6,headline,ULB,chronological,0,U,Ensemble,0.005,0.005,fit_seconds,0.0,56962,75,
76d9f69ec5b6,headline,ULB,chronological,0,U,Ensemble,0.005,0.005,score_seconds,0.0,56962,75,
1f4898d5f2ae,headline,ULB,chronological,0,U,Ensemble,0.005,0.005,single_point_invariant,1.0,56962,75,invariance
279e1a61acdd,headline,ULB,chronological,0,N,IsolationForest,0.005,0.005,PR_AUC,0.03689637579882185,56962,75,
279e1a61acdd,headline,ULB,chronological,0,N,IsolationForest,0.005,0.005,ROC_AUC,0.9442236949273707,56962,75,
279e1a61acdd,headline,ULB,chronological,0,N,IsolationForest,0.005,0.005,Precision,0.02717391304347826,56962,75,
279e1a61acdd,headline,ULB,chronological,0,N,IsolationForest,0.005,0.005,Recall,0.06666666666666667,56962,75,
279e1a61acdd,headline,ULB,chronological,0,N,IsolationForest,0.005,0.005,F1,0.03861003861003861,56962,75,
279e1a61acdd,headline,ULB,chronological,0,N,IsolationForest,0.005,0.005,TN,56708.0,56962,75,
279e1a61acdd,headline,ULB,chronological,0,N,IsolationForest,0.005,0.005,FP,179.0,56962,75,
279e1a61acdd,headline,ULB,chronological,0,N,IsolationForest,0.005,0.005,FN,70.0,56962,75,
279e1a61acdd,headline,ULB,chronological,0,N,IsolationForest,0.005,0.005,TP,5.0,56962,75,
279e1a61acdd,headline,ULB,chronological,0,N,IsolationForest,0.005,0.005,n_alerts,184.0,56962,75,
279e1a61acdd,headline,ULB,chronological,0,N,IsolationForest,0.005,0.005,alert_rate,0.003230223657877181,56962,75,
279e1a61acdd,headline,ULB,chronological,0,N,IsolationForest,0.005,0.005,prevalence,0.001316667251852112,56962,75,
279e1a61acdd,headline,ULB,chronological,0,N,IsolationForest,0.005,0.005,lift,20.63840579710145,56962,75,
279e1a61acdd,headline,ULB,chronological,0,N,IsolationForest,0.005,0.005,tie_ratio,0.01824055055213214,56962,75,
279e1a61acdd,headline,ULB,chronological,0,N,IsolationForest,0.005,0.005,fit_seconds,1.3209044933319092,56962,75,
279e1a61acdd,headline,ULB,chronological,0,N,IsolationForest,0.005,0.005,score_seconds,1.5948939323425293,56962,75,
f0dd03f1b5ac,headline,ULB,chronological,0,N,LOF,0.005,0.005,PR_AUC,0.603157863943587,56962,75,
f0dd03f1b5ac,headline,ULB,chronological,0,N,LOF,0.005,0.005,ROC_AUC,0.9266049068035462,56962,75,
f0dd03f1b5ac,headline,ULB,chronological,0,N,LOF,0.005,0.005,Precision,0.09320695102685624,56962,75,
f0dd03f1b5ac,headline,ULB,chronological,0,N,LOF,0.005,0.005,Recall,0.7866666666666666,56962,75,
f0dd03f1b5ac,headline,ULB,chronological,0,N,LOF,0.005,0.005,F1,0.16666666666666666,56962,75,
f0dd03f1b5ac,headline,ULB,chronological,0,N,LOF,0.005,0.005,TN,56313.0,56962,75,
f0dd03f1b5ac,headline,ULB,chronological,0,N,LOF,0.005,0.005,FP,574.0,56962,75,
f0dd03f1b5ac,headline,ULB,chronological,0,N,LOF,0.005,0.005,FN,16.0,56962,75,
f0dd03f1b5ac,headline,ULB,chronological,0,N,LOF,0.005,0.005,TP,59.0,56962,75,
f0dd03f1b5ac,headline,ULB,chronological,0,N,LOF,0.005,0.005,n_alerts,633.0,56962,75,
f0dd03f1b5ac,headline,ULB,chronological,0,N,LOF,0.005,0.005,alert_rate,0.011112671605631825,56962,75,
f0dd03f1b5ac,headline,ULB,chronological,0,N,LOF,0.005,0.005,prevalence,0.001316667251852112,56962,75,
f0dd03f1b5ac,headline,ULB,chronological,0,N,LOF,0.005,0.005,lift,70.79005792522379,56962,75,
f0dd03f1b5ac,headline,ULB,chronological,0,N,LOF,0.005,0.005,tie_ratio,0.02154105440564602,56962,75,
f0dd03f1b5ac,headline,ULB,chronological,0,N,LOF,0.005,0.005,fit_seconds,0.8666379451751709,56962,75,
f0dd03f1b5ac,headline,ULB,chronological,0,N,LOF,0.005,0.005,score_seconds,5.896246671676636,56962,75,
4ef52b2eaf70,headline,ULB,chronological,0,N,OneClassSVM,0.005,0.005,PR_AUC,0.12476017332147252,56962,75,
4ef52b2eaf70,headline,ULB,chronological,0,N,OneClassSVM,0.005,0.005,ROC_AUC,0.9539025319200052,56962,75,
4ef52b2eaf70,headline,ULB,chronological,0,N,OneClassSVM,0.005,0.005,Precision,0.19387755102040816,56962,75,
4ef52b2eaf70,headline,ULB,chronological,0,N,OneClassSVM,0.005,0.005,Recall,0.5066666666666667,56962,75,
4ef52b2eaf70,headline,ULB,chronological,0,N,OneClassSVM,0.005,0.005,F1,0.28044280442804426,56962,75,
4ef52b2eaf70,headline,ULB,chronological,0,N,OneClassSVM,0.005,0.005,TN,56729.0,56962,75,
4ef52b2eaf70,headline,ULB,chronological,0,N,OneClassSVM,0.005,0.005,FP,158.0,56962,75,
4ef52b2eaf70,headline,ULB,chronological,0,N,OneClassSVM,0.005,0.005,FN,37.0,56962,75,
4ef52b2eaf70,headline,ULB,chronological,0,N,OneClassSVM,0.005,0.005,TP,38.0,56962,75,
4ef52b2eaf70,headline,ULB,chronological,0,N,OneClassSVM,0.005,0.005,n_alerts,196.0,56962,75,
4ef52b2eaf70,headline,ULB,chronological,0,N,OneClassSVM,0.005,0.005,alert_rate,0.003440890418173519,56962,75,
4ef52b2eaf70,headline,ULB,chronological,0,N,OneClassSVM,0.005,0.005,prevalence,0.001316667251852112,56962,75,
4ef52b2eaf70,headline,ULB,chronological,0,N,OneClassSVM,0.005,0.005,lift,147.24870748299318,56962,75,
4ef52b2eaf70,headline,ULB,chronological,0,N,OneClassSVM,0.005,0.005,tie_ratio,0.0036867330278611554,56962,75,
4ef52b2eaf70,headline,ULB,chronological,0,N,OneClassSVM,0.005,0.005,fit_seconds,0.9523568153381348,56962,75,
4ef52b2eaf70,headline,ULB,chronological,0,N,OneClassSVM,0.005,0.005,score_seconds,7.70111083984375,56962,75,
9cc32d278564,headline,ULB,chronological,0,N,DBSCAN,0.005,0.005,PR_AUC,0.025021498387405985,56962,75,
9cc32d278564,headline,ULB,chronological,0,N,DBSCAN,0.005,0.005,ROC_AUC,0.9437054745958362,56962,75,
9cc32d278564,headline,ULB,chronological,0,N,DBSCAN,0.005,0.005,Precision,0.0,56962,75,
9cc32d278564,headline,ULB,chronological,0,N,DBSCAN,0.005,0.005,Recall,0.0,56962,75,
9cc32d278564,headline,ULB,chronological,0,N,DBSCAN,0.005,0.005,F1,0.0,56962,75,
9cc32d278564,headline,ULB,chronological,0,N,DBSCAN,0.005,0.005,TN,56708.0,56962,75,
9cc32d278564,headline,ULB,chronological,0,N,DBSCAN,0.005,0.005,FP,179.0,56962,75,
9cc32d278564,headline,ULB,chronological,0,N,DBSCAN,0.005,0.005,FN,75.0,56962,75,
9cc32d278564,headline,ULB,chronological,0,N,DBSCAN,0.005,0.005,TP,0.0,56962,75,
9cc32d278564,headline,ULB,chronological,0,N,DBSCAN,0.005,0.005,n_alerts,179.0,56962,75,
9cc32d278564,headline,ULB,chronological,0,N,DBSCAN,0.005,0.005,alert_rate,0.0031424458410870405,56962,75,
9cc32d278564,headline,ULB,chronological,0,N,DBSCAN,0.005,0.005,prevalence,0.001316667251852112,56962,75,
9cc32d278564,headline,ULB,chronological,0,N,DBSCAN,0.005,0.005,lift,0.0,56962,75,
9cc32d278564,headline,ULB,chronological,0,N,DBSCAN,0.005,0.005,tie_ratio,0.006109443303312756,56962,75,
9cc32d278564,headline,ULB,chronological,0,N,DBSCAN,0.005,0.005,fit_seconds,0.7676911354064941,56962,75,
9cc32d278564,headline,ULB,chronological,0,N,DBSCAN,0.005,0.005,score_seconds,0.04091238975524902,56962,75,
79e23dd9e7a1,headline,ULB,chronological,0,N,KMeans,0.005,0.005,PR_AUC,0.06734823561570871,56962,75,
79e23dd9e7a1,headline,ULB,chronological,0,N,KMeans,0.005,0.005,ROC_AUC,0.9670830476793175,56962,75,
79e23dd9e7a1,headline,ULB,chronological,0,N,KMeans,0.005,0.005,Precision,0.0893854748603352,56962,75,
79e23dd9e7a1,headline,ULB,chronological,0,N,KMeans,0.005,0.005,Recall,0.21333333333333335,56962,75,
79e23dd9e7a1,headline,ULB,chronological,0,N,KMeans,0.005,0.005,F1,0.12598425196850394,56962,75,
79e23dd9e7a1,headline,ULB,chronological,0,N,KMeans,0.005,0.005,TN,56724.0,56962,75,
79e23dd9e7a1,headline,ULB,chronological,0,N,KMeans,0.005,0.005,FP,163.0,56962,75,
79e23dd9e7a1,headline,ULB,chronological,0,N,KMeans,0.005,0.005,FN,59.0,56962,75,
79e23dd9e7a1,headline,ULB,chronological,0,N,KMeans,0.005,0.005,TP,16.0,56962,75,
79e23dd9e7a1,headline,ULB,chronological,0,N,KMeans,0.005,0.005,n_alerts,179.0,56962,75,
79e23dd9e7a1,headline,ULB,chronological,0,N,KMeans,0.005,0.005,alert_rate,0.0031424458410870405,56962,75,
79e23dd9e7a1,headline,ULB,chronological,0,N,KMeans,0.005,0.005,prevalence,0.001316667251852112,56962,75,
79e23dd9e7a1,headline,ULB,chronological,0,N,KMeans,0.005,0.005,lift,67.88767225325884,56962,75,
79e23dd9e7a1,headline,ULB,chronological,0,N,KMeans,0.005,0.005,tie_ratio,0.006917013395129956,56962,75,
79e23dd9e7a1,headline,ULB,chronological,0,N,KMeans,0.005,0.005,fit_seconds,6.807711124420166,56962,75,
79e23dd9e7a1,headline,ULB,chronological,0,N,KMeans,0.005,0.005,score_seconds,0.16349244117736816,56962,75,
5d70843a71b2,headline,ULB,chronological,0,N,Ensemble,0.005,0.005,PR_AUC,0.13996640831520835,56962,75,
5d70843a71b2,headline,ULB,chronological,0,N,Ensemble,0.005,0.005,ROC_AUC,0.9638818476394724,56962,75,
5d70843a71b2,headline,ULB,chronological,0,N,Ensemble,0.005,0.005,Precision,0.21761658031088082,56962,75,
5d70843a71b2,headline,ULB,chronological,0,N,Ensemble,0.005,0.005,Recall,0.56,56962,75,
5d70843a71b2,headline,ULB,chronological,0,N,Ensemble,0.005,0.005,F1,0.31343283582089554,56962,75,
5d70843a71b2,headline,ULB,chronological,0,N,Ensemble,0.005,0.005,TN,56736.0,56962,75,
5d70843a71b2,headline,ULB,chronological,0,N,Ensemble,0.005,0.005,FP,151.0,56962,75,
5d70843a71b2,headline,ULB,chronological,0,N,Ensemble,0.005,0.005,FN,33.0,56962,75,
5d70843a71b2,headline,ULB,chronological,0,N,Ensemble,0.005,0.005,TP,42.0,56962,75,
5d70843a71b2,headline,ULB,chronological,0,N,Ensemble,0.005,0.005,n_alerts,193.0,56962,75,
5d70843a71b2,headline,ULB,chronological,0,N,Ensemble,0.005,0.005,alert_rate,0.0033882237280994346,56962,75,
5d70843a71b2,headline,ULB,chronological,0,N,Ensemble,0.005,0.005,prevalence,0.001316667251852112,56962,75,
5d70843a71b2,headline,ULB,chronological,0,N,Ensemble,0.005,0.005,lift,165.27834196891192,56962,75,
5d70843a71b2,headline,ULB,chronological,0,N,Ensemble,0.005,0.005,tie_ratio,0.07229507908920141,56962,75,
5d70843a71b2,headline,ULB,chronological,0,N,Ensemble,0.005,0.005,fit_seconds,0.0,56962,75,
5d70843a71b2,headline,ULB,chronological,0,N,Ensemble,0.005,0.005,score_seconds,0.0,56962,75,
cbbec452616b,headline,ULB,chronological,0,N,Ensemble,0.005,0.005,single_point_invariant,1.0,56962,75,invariance
4c58253daf35,headline,ULB,chronological,0,O,IsolationForest,0.005,0.0021066922590763323,PR_AUC,0.054562789355073034,56962,75,
4c58253daf35,headline,ULB,chronological,0,O,IsolationForest,0.005,0.0021066922590763323,ROC_AUC,0.9484357879070203,56962,75,
4c58253daf35,headline,ULB,chronological,0,O,IsolationForest,0.005,0.0021066922590763323,Precision,0.0,56962,75,
4c58253daf35,headline,ULB,chronological,0,O,IsolationForest,0.005,0.0021066922590763323,Recall,0.0,56962,75,
4c58253daf35,headline,ULB,chronological,0,O,IsolationForest,0.005,0.0021066922590763323,F1,0.0,56962,75,
4c58253daf35,headline,ULB,chronological,0,O,IsolationForest,0.005,0.0021066922590763323,TN,56804.0,56962,75,
4c58253daf35,headline,ULB,chronological,0,O,IsolationForest,0.005,0.0021066922590763323,FP,83.0,56962,75,
4c58253daf35,headline,ULB,chronological,0,O,IsolationForest,0.005,0.0021066922590763323,FN,75.0,56962,75,
4c58253daf35,headline,ULB,chronological,0,O,IsolationForest,0.005,0.0021066922590763323,TP,0.0,56962,75,
4c58253daf35,headline,ULB,chronological,0,O,IsolationForest,0.005,0.0021066922590763323,n_alerts,83.0,56962,75,
4c58253daf35,headline,ULB,chronological,0,O,IsolationForest,0.005,0.0021066922590763323,alert_rate,0.0014571117587163372,56962,75,
4c58253daf35,headline,ULB,chronological,0,O,IsolationForest,0.005,0.0021066922590763323,prevalence,0.001316667251852112,56962,75,
4c58253daf35,headline,ULB,chronological,0,O,IsolationForest,0.005,0.0021066922590763323,lift,0.0,56962,75,
4c58253daf35,headline,ULB,chronological,0,O,IsolationForest,0.005,0.0021066922590763323,tie_ratio,0.019627464405470363,56962,75,
4c58253daf35,headline,ULB,chronological,0,O,IsolationForest,0.005,0.0021066922590763323,fit_seconds,1.5104639530181885,56962,75,
4c58253daf35,headline,ULB,chronological,0,O,IsolationForest,0.005,0.0021066922590763323,score_seconds,2.121906280517578,56962,75,
1902d111a4eb,headline,ULB,chronological,0,O,LOF,0.005,0.0021066922590763323,PR_AUC,0.07627939933401451,56962,75,
1902d111a4eb,headline,ULB,chronological,0,O,LOF,0.005,0.0021066922590763323,ROC_AUC,0.8178164900006446,56962,75,
1902d111a4eb,headline,ULB,chronological,0,O,LOF,0.005,0.0021066922590763323,Precision,0.10232558139534884,56962,75,
1902d111a4eb,headline,ULB,chronological,0,O,LOF,0.005,0.0021066922590763323,Recall,0.29333333333333333,56962,75,
1902d111a4eb,headline,ULB,chronological,0,O,LOF,0.005,0.0021066922590763323,F1,0.15172413793103448,56962,75,
1902d111a4eb,headline,ULB,chronological,0,O,LOF,0.005,0.0021066922590763323,TN,56694.0,56962,75,
1902d111a4eb,headline,ULB,chronological,0,O,LOF,0.005,0.0021066922590763323,FP,193.0,56962,75,
1902d111a4eb,headline,ULB,chronological,0,O,LOF,0.005,0.0021066922590763323,FN,53.0,56962,75,
1902d111a4eb,headline,ULB,chronological,0,O,LOF,0.005,0.0021066922590763323,TP,22.0,56962,75,
1902d111a4eb,headline,ULB,chronological,0,O,LOF,0.005,0.0021066922590763323,n_alerts,215.0,56962,75,
1902d111a4eb,headline,ULB,chronological,0,O,LOF,0.005,0.0021066922590763323,alert_rate,0.003774446121976054,56962,75,
1902d111a4eb,headline,ULB,chronological,0,O,LOF,0.005,0.0021066922590763323,prevalence,0.001316667251852112,56962,75,
1902d111a4eb,headline,ULB,chronological,0,O,LOF,0.005,0.0021066922590763323,lift,77.7155968992248,56962,75,
1902d111a4eb,headline,ULB,chronological,0,O,LOF,0.005,0.0021066922590763323,tie_ratio,0.020224364038552656,56962,75,
1902d111a4eb,headline,ULB,chronological,0,O,LOF,0.005,0.0021066922590763323,fit_seconds,1.2386536598205566,56962,75,
1902d111a4eb,headline,ULB,chronological,0,O,LOF,0.005,0.0021066922590763323,score_seconds,6.143488168716431,56962,75,
28fa113d36e1,headline,ULB,chronological,0,O,OneClassSVM,0.005,0.0021066922590763323,PR_AUC,0.08380001760586703,56962,75,
28fa113d36e1,headline,ULB,chronological,0,O,OneClassSVM,0.005,0.0021066922590763323,ROC_AUC,0.9473159069734738,56962,75,
28fa113d36e1,headline,ULB,chronological,0,O,OneClassSVM,0.005,0.0021066922590763323,Precision,0.07865168539325842,56962,75,
28fa113d36e1,headline,ULB,chronological,0,O,OneClassSVM,0.005,0.0021066922590763323,Recall,0.09333333333333334,56962,75,
28fa113d36e1,headline,ULB,chronological,0,O,OneClassSVM,0.005,0.0021066922590763323,F1,0.08536585365853659,56962,75,
28fa113d36e1,headline,ULB,chronological,0,O,OneClassSVM,0.005,0.0021066922590763323,TN,56805.0,56962,75,
28fa113d36e1,headline,ULB,chronological,0,O,OneClassSVM,0.005,0.0021066922590763323,FP,82.0,56962,75,
28fa113d36e1,headline,ULB,chronological,0,O,OneClassSVM,0.005,0.0021066922590763323,FN,68.0,56962,75,
28fa113d36e1,headline,ULB,chronological,0,O,OneClassSVM,0.005,0.0021066922590763323,TP,7.0,56962,75,
28fa113d36e1,headline,ULB,chronological,0,O,OneClassSVM,0.005,0.0021066922590763323,n_alerts,89.0,56962,75,
28fa113d36e1,headline,ULB,chronological,0,O,OneClassSVM,0.005,0.0021066922590763323,alert_rate,0.0015624451388645062,56962,75,
28fa113d36e1,headline,ULB,chronological,0,O,OneClassSVM,0.005,0.0021066922590763323,prevalence,0.001316667251852112,56962,75,
28fa113d36e1,headline,ULB,chronological,0,O,OneClassSVM,0.005,0.0021066922590763323,lift,59.73543071161048,56962,75,
28fa113d36e1,headline,ULB,chronological,0,O,OneClassSVM,0.005,0.0021066922590763323,tie_ratio,0.0035638419269324872,56962,75,
28fa113d36e1,headline,ULB,chronological,0,O,OneClassSVM,0.005,0.0021066922590763323,fit_seconds,0.6686015129089355,56962,75,
28fa113d36e1,headline,ULB,chronological,0,O,OneClassSVM,0.005,0.0021066922590763323,score_seconds,6.5466835498809814,56962,75,
ee966e96abaf,headline,ULB,chronological,0,O,DBSCAN,0.005,0.0021066922590763323,PR_AUC,0.024725100118224274,56962,75,
ee966e96abaf,headline,ULB,chronological,0,O,DBSCAN,0.005,0.0021066922590763323,ROC_AUC,0.9381904477297097,56962,75,
ee966e96abaf,headline,ULB,chronological,0,O,DBSCAN,0.005,0.0021066922590763323,Precision,0.0,56962,75,
ee966e96abaf,headline,ULB,chronological,0,O,DBSCAN,0.005,0.0021066922590763323,Recall,0.0,56962,75,
ee966e96abaf,headline,ULB,chronological,0,O,DBSCAN,0.005,0.0021066922590763323,F1,0.0,56962,75,
ee966e96abaf,headline,ULB,chronological,0,O,DBSCAN,0.005,0.0021066922590763323,TN,56812.0,56962,75,
ee966e96abaf,headline,ULB,chronological,0,O,DBSCAN,0.005,0.0021066922590763323,FP,75.0,56962,75,
ee966e96abaf,headline,ULB,chronological,0,O,DBSCAN,0.005,0.0021066922590763323,FN,75.0,56962,75,
ee966e96abaf,headline,ULB,chronological,0,O,DBSCAN,0.005,0.0021066922590763323,TP,0.0,56962,75,
ee966e96abaf,headline,ULB,chronological,0,O,DBSCAN,0.005,0.0021066922590763323,n_alerts,75.0,56962,75,
ee966e96abaf,headline,ULB,chronological,0,O,DBSCAN,0.005,0.0021066922590763323,alert_rate,0.001316667251852112,56962,75,
ee966e96abaf,headline,ULB,chronological,0,O,DBSCAN,0.005,0.0021066922590763323,prevalence,0.001316667251852112,56962,75,
ee966e96abaf,headline,ULB,chronological,0,O,DBSCAN,0.005,0.0021066922590763323,lift,0.0,56962,75,
ee966e96abaf,headline,ULB,chronological,0,O,DBSCAN,0.005,0.0021066922590763323,tie_ratio,0.006039219817067787,56962,75,
ee966e96abaf,headline,ULB,chronological,0,O,DBSCAN,0.005,0.0021066922590763323,fit_seconds,0.7343759536743164,56962,75,
ee966e96abaf,headline,ULB,chronological,0,O,DBSCAN,0.005,0.0021066922590763323,score_seconds,0.02634906768798828,56962,75,
542719e9d201,headline,ULB,chronological,0,O,KMeans,0.005,0.0021066922590763323,PR_AUC,0.06788595503536499,56962,75,
542719e9d201,headline,ULB,chronological,0,O,KMeans,0.005,0.0021066922590763323,ROC_AUC,0.9667539742530513,56962,75,
542719e9d201,headline,ULB,chronological,0,O,KMeans,0.005,0.0021066922590763323,Precision,0.0,56962,75,
542719e9d201,headline,ULB,chronological,0,O,KMeans,0.005,0.0021066922590763323,Recall,0.0,56962,75,
542719e9d201,headline,ULB,chronological,0,O,KMeans,0.005,0.0021066922590763323,F1,0.0,56962,75,
542719e9d201,headline,ULB,chronological,0,O,KMeans,0.005,0.0021066922590763323,TN,56812.0,56962,75,
542719e9d201,headline,ULB,chronological,0,O,KMeans,0.005,0.0021066922590763323,FP,75.0,56962,75,
542719e9d201,headline,ULB,chronological,0,O,KMeans,0.005,0.0021066922590763323,FN,75.0,56962,75,
542719e9d201,headline,ULB,chronological,0,O,KMeans,0.005,0.0021066922590763323,TP,0.0,56962,75,
542719e9d201,headline,ULB,chronological,0,O,KMeans,0.005,0.0021066922590763323,n_alerts,75.0,56962,75,
542719e9d201,headline,ULB,chronological,0,O,KMeans,0.005,0.0021066922590763323,alert_rate,0.001316667251852112,56962,75,
542719e9d201,headline,ULB,chronological,0,O,KMeans,0.005,0.0021066922590763323,prevalence,0.001316667251852112,56962,75,
542719e9d201,headline,ULB,chronological,0,O,KMeans,0.005,0.0021066922590763323,lift,0.0,56962,75,
542719e9d201,headline,ULB,chronological,0,O,KMeans,0.005,0.0021066922590763323,tie_ratio,0.006583451835466381,56962,75,
542719e9d201,headline,ULB,chronological,0,O,KMeans,0.005,0.0021066922590763323,fit_seconds,6.066739320755005,56962,75,
542719e9d201,headline,ULB,chronological,0,O,KMeans,0.005,0.0021066922590763323,score_seconds,0.16306424140930176,56962,75,
2e60d8f42004,headline,ULB,chronological,0,O,Ensemble,0.005,0.0021066922590763323,PR_AUC,0.0694921030652268,56962,75,
2e60d8f42004,headline,ULB,chronological,0,O,Ensemble,0.005,0.0021066922590763323,ROC_AUC,0.9585086223566016,56962,75,
2e60d8f42004,headline,ULB,chronological,0,O,Ensemble,0.005,0.0021066922590763323,Precision,0.0,56962,75,
2e60d8f42004,headline,ULB,chronological,0,O,Ensemble,0.005,0.0021066922590763323,Recall,0.0,56962,75,
2e60d8f42004,headline,ULB,chronological,0,O,Ensemble,0.005,0.0021066922590763323,F1,0.0,56962,75,
2e60d8f42004,headline,ULB,chronological,0,O,Ensemble,0.005,0.0021066922590763323,TN,56814.0,56962,75,
2e60d8f42004,headline,ULB,chronological,0,O,Ensemble,0.005,0.0021066922590763323,FP,73.0,56962,75,
2e60d8f42004,headline,ULB,chronological,0,O,Ensemble,0.005,0.0021066922590763323,FN,75.0,56962,75,
2e60d8f42004,headline,ULB,chronological,0,O,Ensemble,0.005,0.0021066922590763323,TP,0.0,56962,75,
2e60d8f42004,headline,ULB,chronological,0,O,Ensemble,0.005,0.0021066922590763323,n_alerts,73.0,56962,75,
2e60d8f42004,headline,ULB,chronological,0,O,Ensemble,0.005,0.0021066922590763323,alert_rate,0.0012815561251360557,56962,75,
2e60d8f42004,headline,ULB,chronological,0,O,Ensemble,0.005,0.0021066922590763323,prevalence,0.001316667251852112,56962,75,
2e60d8f42004,headline,ULB,chronological,0,O,Ensemble,0.005,0.0021066922590763323,lift,0.0,56962,75,
2e60d8f42004,headline,ULB,chronological,0,O,Ensemble,0.005,0.0021066922590763323,tie_ratio,0.07362932532785593,56962,75,
2e60d8f42004,headline,ULB,chronological,0,O,Ensemble,0.005,0.0021066922590763323,fit_seconds,0.0,56962,75,
2e60d8f42004,headline,ULB,chronological,0,O,Ensemble,0.005,0.0021066922590763323,score_seconds,0.0,56962,75,
22e3f151802e,headline,ULB,chronological,0,O,Ensemble,0.005,0.0021066922590763323,single_point_invariant,1.0,56962,75,invariance
2e36b959a9b8,headline,PaySim,chronological,0,U,IsolationForest,0.005,0.005,PR_AUC,0.01609538541908355,1272524,4254,
2e36b959a9b8,headline,PaySim,chronological,0,U,IsolationForest,0.005,0.005,ROC_AUC,0.813015355620548,1272524,4254,
2e36b959a9b8,headline,PaySim,chronological,0,U,IsolationForest,0.005,0.005,Precision,0.038506417736289385,1272524,4254,
2e36b959a9b8,headline,PaySim,chronological,0,U,IsolationForest,0.005,0.005,Recall,0.007757404795486601,1272524,4254,
2e36b959a9b8,headline,PaySim,chronological,0,U,IsolationForest,0.005,0.005,F1,0.012913324202700058,1272524,4254,
2e36b959a9b8,headline,PaySim,chronological,0,U,IsolationForest,0.005,0.005,TN,1267446.0,1272524,4254,
2e36b959a9b8,headline,PaySim,chronological,0,U,IsolationForest,0.005,0.005,FP,824.0,1272524,4254,
2e36b959a9b8,headline,PaySim,chronological,0,U,IsolationForest,0.005,0.005,FN,4221.0,1272524,4254,
2e36b959a9b8,headline,PaySim,chronological,0,U,IsolationForest,0.005,0.005,TP,33.0,1272524,4254,
2e36b959a9b8,headline,PaySim,chronological,0,U,IsolationForest,0.005,0.005,n_alerts,857.0,1272524,4254,
2e36b959a9b8,headline,PaySim,chronological,0,U,IsolationForest,0.005,0.005,alert_rate,0.0006734647047914224,1272524,4254,
2e36b959a9b8,headline,PaySim,chronological,0,U,IsolationForest,0.005,0.005,prevalence,0.0033429624902948786,1272524,4254,
2e36b959a9b8,headline,PaySim,chronological,0,U,IsolationForest,0.005,0.005,lift,11.51865085177572,1272524,4254,
2e36b959a9b8,headline,PaySim,chronological,0,U,IsolationForest,0.005,0.005,tie_ratio,0.5940076572229679,1272524,4254,
2e36b959a9b8,headline,PaySim,chronological,0,U,IsolationForest,0.005,0.005,fit_seconds,7.717656850814819,1272524,4254,
2e36b959a9b8,headline,PaySim,chronological,0,U,IsolationForest,0.005,0.005,score_seconds,31.763181447982788,1272524,4254,
43766f62c0f8,headline,PaySim,chronological,0,U,LOF,0.005,0.005,PR_AUC,0.0030799352569791417,1272524,4254,
43766f62c0f8,headline,PaySim,chronological,0,U,LOF,0.005,0.005,ROC_AUC,0.4998612955691239,1272524,4254,
43766f62c0f8,headline,PaySim,chronological,0,U,LOF,0.005,0.005,Precision,0.0,1272524,4254,
43766f62c0f8,headline,PaySim,chronological,0,U,LOF,0.005,0.005,Recall,0.0,1272524,4254,
43766f62c0f8,headline,PaySim,chronological,0,U,LOF,0.005,0.005,F1,0.0,1272524,4254,
43766f62c0f8,headline,PaySim,chronological,0,U,LOF,0.005,0.005,TN,910268.0,1272524,4254,
43766f62c0f8,headline,PaySim,chronological,0,U,LOF,0.005,0.005,FP,358002.0,1272524,4254,
43766f62c0f8,headline,PaySim,chronological,0,U,LOF,0.005,0.005,FN,4254.0,1272524,4254,
43766f62c0f8,headline,PaySim,chronological,0,U,LOF,0.005,0.005,TP,0.0,1272524,4254,
43766f62c0f8,headline,PaySim,chronological,0,U,LOF,0.005,0.005,n_alerts,358002.0,1272524,4254,
43766f62c0f8,headline,PaySim,chronological,0,U,LOF,0.005,0.005,alert_rate,0.28133221848861006,1272524,4254,
43766f62c0f8,headline,PaySim,chronological,0,U,LOF,0.005,0.005,prevalence,0.0033429624902948786,1272524,4254,
43766f62c0f8,headline,PaySim,chronological,0,U,LOF,0.005,0.005,lift,0.0,1272524,4254,
43766f62c0f8,headline,PaySim,chronological,0,U,LOF,0.005,0.005,tie_ratio,0.042048715780606094,1272524,4254,
43766f62c0f8,headline,PaySim,chronological,0,U,LOF,0.005,0.005,fit_seconds,1.701563835144043,1272524,4254,
43766f62c0f8,headline,PaySim,chronological,0,U,LOF,0.005,0.005,score_seconds,270.6085846424103,1272524,4254,
c4e50d5d8d19,headline,PaySim,chronological,0,U,OneClassSVM,0.005,0.005,PR_AUC,0.10543568280199875,1272524,4254,
c4e50d5d8d19,headline,PaySim,chronological,0,U,OneClassSVM,0.005,0.005,ROC_AUC,0.8757167375165967,1272524,4254,
c4e50d5d8d19,headline,PaySim,chronological,0,U,OneClassSVM,0.005,0.005,Precision,0.2609289617486339,1272524,4254,
c4e50d5d8d19,headline,PaySim,chronological,0,U,OneClassSVM,0.005,0.005,Recall,0.08979783732957217,1272524,4254,
c4e50d5d8d19,headline,PaySim,chronological,0,U,OneClassSVM,0.005,0.005,F1,0.1336131514515565,1272524,4254,
c4e50d5d8d19,headline,PaySim,chronological,0,U,OneClassSVM,0.005,0.005,TN,1267188.0,1272524,4254,
c4e50d5d8d19,headline,PaySim,chronological,0,U,OneClassSVM,0.005,0.005,FP,1082.0,1272524,4254,
c4e50d5d8d19,headline,PaySim,chronological,0,U,OneClassSVM,0.005,0.005,FN,3872.0,1272524,4254,
c4e50d5d8d19,headline,PaySim,chronological,0,U,OneClassSVM,0.005,0.005,TP,382.0,1272524,4254,
c4e50d5d8d19,headline,PaySim,chronological,0,U,OneClassSVM,0.005,0.005,n_alerts,1464.0,1272524,4254,
c4e50d5d8d19,headline,PaySim,chronological,0,U,OneClassSVM,0.005,0.005,alert_rate,0.001150469460693865,1272524,4254,
c4e50d5d8d19,headline,PaySim,chronological,0,U,OneClassSVM,0.005,0.005,prevalence,0.0033429624902948786,1272524,4254,
c4e50d5d8d19,headline,PaySim,chronological,0,U,OneClassSVM,0.005,0.005,lift,78.05321253413695,1272524,4254,
c4e50d5d8d19,headline,PaySim,chronological,0,U,OneClassSVM,0.005,0.005,tie_ratio,0.004126444766464177,1272524,4254,
c4e50d5d8d19,headline,PaySim,chronological,0,U,OneClassSVM,0.005,0.005,fit_seconds,0.3366520404815674,1272524,4254,
c4e50d5d8d19,headline,PaySim,chronological,0,U,OneClassSVM,0.005,0.005,score_seconds,65.24619626998901,1272524,4254,
d2e509d6f50c,headline,PaySim,chronological,0,U,DBSCAN,0.005,0.005,PR_AUC,0.024800190516075682,1272524,4254,
d2e509d6f50c,headline,PaySim,chronological,0,U,DBSCAN,0.005,0.005,ROC_AUC,0.8407100109704875,1272524,4254,
d2e509d6f50c,headline,PaySim,chronological,0,U,DBSCAN,0.005,0.005,Precision,0.1179245283018868,1272524,4254,
d2e509d6f50c,headline,PaySim,chronological,0,U,DBSCAN,0.005,0.005,Recall,0.02938410907381288,1272524,4254,
d2e509d6f50c,headline,PaySim,chronological,0,U,DBSCAN,0.005,0.005,F1,0.04704554008280015,1272524,4254,
d2e509d6f50c,headline,PaySim,chronological,0,U,DBSCAN,0.005,0.005,TN,1267335.0,1272524,4254,
d2e509d6f50c,headline,PaySim,chronological,0,U,DBSCAN,0.005,0.005,FP,935.0,1272524,4254,
d2e509d6f50c,headline,PaySim,chronological,0,U,DBSCAN,0.005,0.005,FN,4129.0,1272524,4254,
d2e509d6f50c,headline,PaySim,chronological,0,U,DBSCAN,0.005,0.005,TP,125.0,1272524,4254,
d2e509d6f50c,headline,PaySim,chronological,0,U,DBSCAN,0.005,0.005,n_alerts,1060.0,1272524,4254,
d2e509d6f50c,headline,PaySim,chronological,0,U,DBSCAN,0.005,0.005,alert_rate,0.0008329901832892739,1272524,4254,
d2e509d6f50c,headline,PaySim,chronological,0,U,DBSCAN,0.005,0.005,prevalence,0.0033429624902948786,1272524,4254,
d2e509d6f50c,headline,PaySim,chronological,0,U,DBSCAN,0.005,0.005,lift,35.27545661796666,1272524,4254,
d2e509d6f50c,headline,PaySim,chronological,0,U,DBSCAN,0.005,0.005,tie_ratio,0.10432730541820823,1272524,4254,
d2e509d6f50c,headline,PaySim,chronological,0,U,DBSCAN,0.005,0.005,fit_seconds,0.9540576934814453,1272524,4254,
d2e509d6f50c,headline,PaySim,chronological,0,U,DBSCAN,0.005,0.005,score_seconds,0.14546799659729004,1272524,4254,
51bf135b9818,headline,PaySim,chronological,0,U,KMeans,0.005,0.005,PR_AUC,0.04194993706141735,1272524,4254,
51bf135b9818,headline,PaySim,chronological,0,U,KMeans,0.005,0.005,ROC_AUC,0.8688532131340587,1272524,4254,
51bf135b9818,headline,PaySim,chronological,0,U,KMeans,0.005,0.005,Precision,0.12138263665594855,1272524,4254,
51bf135b9818,headline,PaySim,chronological,0,U,KMeans,0.005,0.005,Recall,0.03549600376116596,1272524,4254,
51bf135b9818,headline,PaySim,chronological,0,U,KMeans,0.005,0.005,F1,0.054929065114587124,1272524,4254,
51bf135b9818,headline,PaySim,chronological,0,U,KMeans,0.005,0.005,TN,1267177.0,1272524,4254,
51bf135b9818,headline,PaySim,chronological,0,U,KMeans,0.005,0.005,FP,1093.0,1272524,4254,
51bf135b9818,headline,PaySim,chronological,0,U,KMeans,0.005,0.005,FN,4103.0,1272524,4254,
51bf135b9818,headline,PaySim,chronological,0,U,KMeans,0.005,0.005,TP,151.0,1272524,4254,
51bf135b9818,headline,PaySim,chronological,0,U,KMeans,0.005,0.005,n_alerts,1244.0,1272524,4254,
51bf135b9818,headline,PaySim,chronological,0,U,KMeans,0.005,0.005,alert_rate,0.000977584705671563,1272524,4254,
51bf135b9818,headline,PaySim,chronological,0,U,KMeans,0.005,0.005,prevalence,0.0033429624902948786,1272524,4254,
51bf135b9818,headline,PaySim,chronological,0,U,KMeans,0.005,0.005,lift,36.30990087634562,1272524,4254,
51bf135b9818,headline,PaySim,chronological,0,U,KMeans,0.005,0.005,tie_ratio,0.1503885191949228,1272524,4254,
51bf135b9818,headline,PaySim,chronological,0,U,KMeans,0.005,0.005,fit_seconds,80.7890989780426,1272524,4254,
51bf135b9818,headline,PaySim,chronological,0,U,KMeans,0.005,0.005,score_seconds,1.1173946857452393,1272524,4254,
d390226ce1ca,headline,PaySim,chronological,0,U,Ensemble,0.005,0.005,PR_AUC,0.1501849397422583,1272524,4254,
d390226ce1ca,headline,PaySim,chronological,0,U,Ensemble,0.005,0.005,ROC_AUC,0.917784141644863,1272524,4254,
d390226ce1ca,headline,PaySim,chronological,0,U,Ensemble,0.005,0.005,Precision,0.24559585492227978,1272524,4254,
d390226ce1ca,headline,PaySim,chronological,0,U,Ensemble,0.005,0.005,Recall,0.05571227080394922,1272524,4254,
d390226ce1ca,headline,PaySim,chronological,0,U,Ensemble,0.005,0.005,F1,0.09082199655106342,1272524,4254,
d390226ce1ca,headline,PaySim,chronological,0,U,Ensemble,0.005,0.005,TN,1267542.0,1272524,4254,
d390226ce1ca,headline,PaySim,chronological,0,U,Ensemble,0.005,0.005,FP,728.0,1272524,4254,
d390226ce1ca,headline,PaySim,chronological,0,U,Ensemble,0.005,0.005,FN,4017.0,1272524,4254,
d390226ce1ca,headline,PaySim,chronological,0,U,Ensemble,0.005,0.005,TP,237.0,1272524,4254,
d390226ce1ca,headline,PaySim,chronological,0,U,Ensemble,0.005,0.005,n_alerts,965.0,1272524,4254,
d390226ce1ca,headline,PaySim,chronological,0,U,Ensemble,0.005,0.005,alert_rate,0.0007583354027114617,1272524,4254,
d390226ce1ca,headline,PaySim,chronological,0,U,Ensemble,0.005,0.005,prevalence,0.0033429624902948786,1272524,4254,
d390226ce1ca,headline,PaySim,chronological,0,U,Ensemble,0.005,0.005,lift,73.4665302513209,1272524,4254,
d390226ce1ca,headline,PaySim,chronological,0,U,Ensemble,0.005,0.005,tie_ratio,0.10087589703612665,1272524,4254,
d390226ce1ca,headline,PaySim,chronological,0,U,Ensemble,0.005,0.005,fit_seconds,0.0,1272524,4254,
d390226ce1ca,headline,PaySim,chronological,0,U,Ensemble,0.005,0.005,score_seconds,0.0,1272524,4254,
3e2f3df124d4,headline,PaySim,chronological,0,U,Ensemble,0.005,0.005,single_point_invariant,1.0,1272524,4254,invariance
38e6dc3bf4ff,headline,PaySim,chronological,0,N,IsolationForest,0.005,0.005,PR_AUC,0.016475860057613735,1272524,4254,
38e6dc3bf4ff,headline,PaySim,chronological,0,N,IsolationForest,0.005,0.005,ROC_AUC,0.8133172071344671,1272524,4254,
38e6dc3bf4ff,headline,PaySim,chronological,0,N,IsolationForest,0.005,0.005,Precision,0.03090727816550349,1272524,4254,
38e6dc3bf4ff,headline,PaySim,chronological,0,N,IsolationForest,0.005,0.005,Recall,0.007287259050305595,1272524,4254,
38e6dc3bf4ff,headline,PaySim,chronological,0,N,IsolationForest,0.005,0.005,F1,0.011793798744531101,1272524,4254,
38e6dc3bf4ff,headline,PaySim,chronological,0,N,IsolationForest,0.005,0.005,TN,1267298.0,1272524,4254,
38e6dc3bf4ff,headline,PaySim,chronological,0,N,IsolationForest,0.005,0.005,FP,972.0,1272524,4254,
38e6dc3bf4ff,headline,PaySim,chronological,0,N,IsolationForest,0.005,0.005,FN,4223.0,1272524,4254,
38e6dc3bf4ff,headline,PaySim,chronological,0,N,IsolationForest,0.005,0.005,TP,31.0,1272524,4254,
38e6dc3bf4ff,headline,PaySim,chronological,0,N,IsolationForest,0.005,0.005,n_alerts,1003.0,1272524,4254,
38e6dc3bf4ff,headline,PaySim,chronological,0,N,IsolationForest,0.005,0.005,alert_rate,0.0007881973149425866,1272524,4254,
38e6dc3bf4ff,headline,PaySim,chronological,0,N,IsolationForest,0.005,0.005,prevalence,0.0033429624902948786,1272524,4254,
38e6dc3bf4ff,headline,PaySim,chronological,0,N,IsolationForest,0.005,0.005,lift,9.245475608904364,1272524,4254,
38e6dc3bf4ff,headline,PaySim,chronological,0,N,IsolationForest,0.005,0.005,tie_ratio,0.5972382446224983,1272524,4254,
38e6dc3bf4ff,headline,PaySim,chronological,0,N,IsolationForest,0.005,0.005,fit_seconds,8.925249099731445,1272524,4254,
38e6dc3bf4ff,headline,PaySim,chronological,0,N,IsolationForest,0.005,0.005,score_seconds,31.64149808883667,1272524,4254,
49047e61b157,headline,PaySim,chronological,0,N,LOF,0.005,0.005,PR_AUC,0.0030319200122619254,1272524,4254,
49047e61b157,headline,PaySim,chronological,0,N,LOF,0.005,0.005,ROC_AUC,0.49302603351576035,1272524,4254,
49047e61b157,headline,PaySim,chronological,0,N,LOF,0.005,0.005,Precision,9.353861942342795e-05,1272524,4254,
49047e61b157,headline,PaySim,chronological,0,N,LOF,0.005,0.005,Recall,0.008227550540667606,1272524,4254,
49047e61b157,headline,PaySim,chronological,0,N,LOF,0.005,0.005,F1,0.00018497427536327626,1272524,4254,
49047e61b157,headline,PaySim,chronological,0,N,LOF,0.005,0.005,TN,894128.0,1272524,4254,
49047e61b157,headline,PaySim,chronological,0,N,LOF,0.005,0.005,FP,374142.0,1272524,4254,
49047e61b157,headline,PaySim,chronological,0,N,LOF,0.005,0.005,FN,4219.0,1272524,4254,
49047e61b157,headline,PaySim,chronological,0,N,LOF,0.005,0.005,TP,35.0,1272524,4254,
49047e61b157,headline,PaySim,chronological,0,N,LOF,0.005,0.005,n_alerts,374177.0,1272524,4254,
49047e61b157,headline,PaySim,chronological,0,N,LOF,0.005,0.005,alert_rate,0.294043177181727,1272524,4254,
49047e61b157,headline,PaySim,chronological,0,N,LOF,0.005,0.005,prevalence,0.0033429624902948786,1272524,4254,
49047e61b157,headline,PaySim,chronological,0,N,LOF,0.005,0.005,lift,0.027980756498161313,1272524,4254,
49047e61b157,headline,PaySim,chronological,0,N,LOF,0.005,0.005,tie_ratio,0.037686519075475156,1272524,4254,
49047e61b157,headline,PaySim,chronological,0,N,LOF,0.005,0.005,fit_seconds,1.9630224704742432,1272524,4254,
49047e61b157,headline,PaySim,chronological,0,N,LOF,0.005,0.005,score_seconds,241.26435112953186,1272524,4254,
7b4958678c64,headline,PaySim,chronological,0,N,OneClassSVM,0.005,0.005,PR_AUC,0.10176947215072668,1272524,4254,
7b4958678c64,headline,PaySim,chronological,0,N,OneClassSVM,0.005,0.005,ROC_AUC,0.8708153097421645,1272524,4254,
7b4958678c64,headline,PaySim,chronological,0,N,OneClassSVM,0.005,0.005,Precision,0.2674982674982675,1272524,4254,
7b4958678c64,headline,PaySim,chronological,0,N,OneClassSVM,0.005,0.005,Recall,0.09073812881993418,1272524,4254,
7b4958678c64,headline,PaySim,chronological,0,N,OneClassSVM,0.005,0.005,F1,0.13550991750043884,1272524,4254,
7b4958678c64,headline,PaySim,chronological,0,N,OneClassSVM,0.005,0.005,TN,1267213.0,1272524,4254,
7b4958678c64,headline,PaySim,chronological,0,N,OneClassSVM,0.005,0.005,FP,1057.0,1272524,4254,
7b4958678c64,headline,PaySim,chronological,0,N,OneClassSVM,0.005,0.005,FN,3868.0,1272524,4254,
7b4958678c64,headline,PaySim,chronological,0,N,OneClassSVM,0.005,0.005,TP,386.0,1272524,4254,
7b4958678c64,headline,PaySim,chronological,0,N,OneClassSVM,0.005,0.005,n_alerts,1443.0,1272524,4254,
7b4958678c64,headline,PaySim,chronological,0,N,OneClassSVM,0.005,0.005,alert_rate,0.001133966824987191,1272524,4254,
7b4958678c64,headline,PaySim,chronological,0,N,OneClassSVM,0.005,0.005,prevalence,0.0033429624902948786,1272524,4254,
7b4958678c64,headline,PaySim,chronological,0,N,OneClassSVM,0.005,0.005,lift,80.01832753877888,1272524,4254,
7b4958678c64,headline,PaySim,chronological,0,N,OneClassSVM,0.005,0.005,tie_ratio,0.0044376373255042845,1272524,4254,
7b4958678c64,headline,PaySim,chronological,0,N,OneClassSVM,0.005,0.005,fit_seconds,0.3312206268310547,1272524,4254,
7b4958678c64,headline,PaySim,chronological,0,N,OneClassSVM,0.005,0.005,score_seconds,63.848288774490356,1272524,4254,
65cfb60c9d14,headline,PaySim,chronological,0,N,DBSCAN,0.005,0.005,PR_AUC,0.02480496478288824,1272524,4254,
65cfb60c9d14,headline,PaySim,chronological,0,N,DBSCAN,0.005,0.005,ROC_AUC,0.8406674069663339,1272524,4254,
65cfb60c9d14,headline,PaySim,chronological,0,N,DBSCAN,0.005,0.005,Precision,0.1179245283018868,1272524,4254,
65cfb60c9d14,headline,PaySim,chronological,0,N,DBSCAN,0.005,0.005,Recall,0.02938410907381288,1272524,4254,
65cfb60c9d14,headline,PaySim,chronological,0,N,DBSCAN,0.005,0.005,F1,0.04704554008280015,1272524,4254,
65cfb60c9d14,headline,PaySim,chronological,0,N,DBSCAN,0.005,0.005,TN,1267335.0,1272524,4254,
65cfb60c9d14,headline,PaySim,chronological,0,N,DBSCAN,0.005,0.005,FP,935.0,1272524,4254,
65cfb60c9d14,headline,PaySim,chronological,0,N,DBSCAN,0.005,0.005,FN,4129.0,1272524,4254,
65cfb60c9d14,headline,PaySim,chronological,0,N,DBSCAN,0.005,0.005,TP,125.0,1272524,4254,
65cfb60c9d14,headline,PaySim,chronological,0,N,DBSCAN,0.005,0.005,n_alerts,1060.0,1272524,4254,
65cfb60c9d14,headline,PaySim,chronological,0,N,DBSCAN,0.005,0.005,alert_rate,0.0008329901832892739,1272524,4254,
65cfb60c9d14,headline,PaySim,chronological,0,N,DBSCAN,0.005,0.005,prevalence,0.0033429624902948786,1272524,4254,
65cfb60c9d14,headline,PaySim,chronological,0,N,DBSCAN,0.005,0.005,lift,35.27545661796666,1272524,4254,
65cfb60c9d14,headline,PaySim,chronological,0,N,DBSCAN,0.005,0.005,tie_ratio,0.0998142274723306,1272524,4254,
65cfb60c9d14,headline,PaySim,chronological,0,N,DBSCAN,0.005,0.005,fit_seconds,1.0276176929473877,1272524,4254,
65cfb60c9d14,headline,PaySim,chronological,0,N,DBSCAN,0.005,0.005,score_seconds,0.14828062057495117,1272524,4254,
4225f5f9c010,headline,PaySim,chronological,0,N,KMeans,0.005,0.005,PR_AUC,0.04580053702643355,1272524,4254,
4225f5f9c010,headline,PaySim,chronological,0,N,KMeans,0.005,0.005,ROC_AUC,0.8627522777761942,1272524,4254,
4225f5f9c010,headline,PaySim,chronological,0,N,KMeans,0.005,0.005,Precision,0.1257918552036199,1272524,4254,
4225f5f9c010,headline,PaySim,chronological,0,N,KMeans,0.005,0.005,Recall,0.03267512929007992,1272524,4254,
4225f5f9c010,headline,PaySim,chronological,0,N,KMeans,0.005,0.005,F1,0.05187534987870871,1272524,4254,
4225f5f9c010,headline,PaySim,chronological,0,N,KMeans,0.005,0.005,TN,1267304.0,1272524,4254,
4225f5f9c010,headline,PaySim,chronological,0,N,KMeans,0.005,0.005,FP,966.0,1272524,4254,
4225f5f9c010,headline,PaySim,chronological,0,N,KMeans,0.005,0.005,FN,4115.0,1272524,4254,
4225f5f9c010,headline,PaySim,chronological,0,N,KMeans,0.005,0.005,TP,139.0,1272524,4254,
4225f5f9c010,headline,PaySim,chronological,0,N,KMeans,0.005,0.005,n_alerts,1105.0,1272524,4254,
4225f5f9c010,headline,PaySim,chronological,0,N,KMeans,0.005,0.005,alert_rate,0.0008683529740892902,1272524,4254,
4225f5f9c010,headline,PaySim,chronological,0,N,KMeans,0.005,0.005,prevalence,0.0033429624902948786,1272524,4254,
4225f5f9c010,headline,PaySim,chronological,0,N,KMeans,0.005,0.005,lift,37.62885631197255,1272524,4254,
4225f5f9c010,headline,PaySim,chronological,0,N,KMeans,0.005,0.005,tie_ratio,0.1525833697439105,1272524,4254,
4225f5f9c010,headline,PaySim,chronological,0,N,KMeans,0.005,0.005,fit_seconds,69.29305005073547,1272524,4254,
4225f5f9c010,headline,PaySim,chronological,0,N,KMeans,0.005,0.005,score_seconds,1.0791733264923096,1272524,4254,
7597ea608bba,headline,PaySim,chronological,0,N,Ensemble,0.005,0.005,PR_AUC,0.1705869784584987,1272524,4254,
7597ea608bba,headline,PaySim,chronological,0,N,Ensemble,0.005,0.005,ROC_AUC,0.9162555537256643,1272524,4254,
7597ea608bba,headline,PaySim,chronological,0,N,Ensemble,0.005,0.005,Precision,0.3146747352496218,1272524,4254,
7597ea608bba,headline,PaySim,chronological,0,N,Ensemble,0.005,0.005,Recall,0.09779031499764927,1272524,4254,
7597ea608bba,headline,PaySim,chronological,0,N,Ensemble,0.005,0.005,F1,0.1492109038737446,1272524,4254,
7597ea608bba,headline,PaySim,chronological,0,N,Ensemble,0.005,0.005,TN,1267364.0,1272524,4254,
7597ea608bba,headline,PaySim,chronological,0,N,Ensemble,0.005,0.005,FP,906.0,1272524,4254,
7597ea608bba,headline,PaySim,chronological,0,N,Ensemble,0.005,0.005,FN,3838.0,1272524,4254,
7597ea608bba,headline,PaySim,chronological,0,N,Ensemble,0.005,0.005,TP,416.0,1272524,4254,
7597ea608bba,headline,PaySim,chronological,0,N,Ensemble,0.005,0.005,n_alerts,1322.0,1272524,4254,
7597ea608bba,headline,PaySim,chronological,0,N,Ensemble,0.005,0.005,alert_rate,0.0010388802097249245,1272524,4254,
7597ea608bba,headline,PaySim,chronological,0,N,Ensemble,0.005,0.005,prevalence,0.0033429624902948786,1272524,4254,
7597ea608bba,headline,PaySim,chronological,0,N,Ensemble,0.005,0.005,lift,94.13050136313817,1272524,4254,
7597ea608bba,headline,PaySim,chronological,0,N,Ensemble,0.005,0.005,tie_ratio,0.10200043378356716,1272524,4254,
7597ea608bba,headline,PaySim,chronological,0,N,Ensemble,0.005,0.005,fit_seconds,0.0,1272524,4254,
7597ea608bba,headline,PaySim,chronological,0,N,Ensemble,0.005,0.005,score_seconds,0.0,1272524,4254,
3aa5d048fe28,headline,PaySim,chronological,0,N,Ensemble,0.005,0.005,single_point_invariant,1.0,1272524,4254,invariance
e1825e474dcc,headline,PaySim,chronological,0,O,IsolationForest,0.005,0.000835871595872979,PR_AUC,0.01609538541908355,1272524,4254,
e1825e474dcc,headline,PaySim,chronological,0,O,IsolationForest,0.005,0.000835871595872979,ROC_AUC,0.813015355620548,1272524,4254,
e1825e474dcc,headline,PaySim,chronological,0,O,IsolationForest,0.005,0.000835871595872979,Precision,0.0,1272524,4254,
e1825e474dcc,headline,PaySim,chronological,0,O,IsolationForest,0.005,0.000835871595872979,Recall,0.0,1272524,4254,
e1825e474dcc,headline,PaySim,chronological,0,O,IsolationForest,0.005,0.000835871595872979,F1,0.0,1272524,4254,
e1825e474dcc,headline,PaySim,chronological,0,O,IsolationForest,0.005,0.000835871595872979,TN,1268227.0,1272524,4254,
e1825e474dcc,headline,PaySim,chronological,0,O,IsolationForest,0.005,0.000835871595872979,FP,43.0,1272524,4254,
e1825e474dcc,headline,PaySim,chronological,0,O,IsolationForest,0.005,0.000835871595872979,FN,4254.0,1272524,4254,
e1825e474dcc,headline,PaySim,chronological,0,O,IsolationForest,0.005,0.000835871595872979,TP,0.0,1272524,4254,
e1825e474dcc,headline,PaySim,chronological,0,O,IsolationForest,0.005,0.000835871595872979,n_alerts,43.0,1272524,4254,
e1825e474dcc,headline,PaySim,chronological,0,O,IsolationForest,0.005,0.000835871595872979,alert_rate,3.379111120890451e-05,1272524,4254,
e1825e474dcc,headline,PaySim,chronological,0,O,IsolationForest,0.005,0.000835871595872979,prevalence,0.0033429624902948786,1272524,4254,
e1825e474dcc,headline,PaySim,chronological,0,O,IsolationForest,0.005,0.000835871595872979,lift,0.0,1272524,4254,
e1825e474dcc,headline,PaySim,chronological,0,O,IsolationForest,0.005,0.000835871595872979,tie_ratio,0.5940076572229679,1272524,4254,
e1825e474dcc,headline,PaySim,chronological,0,O,IsolationForest,0.005,0.000835871595872979,fit_seconds,8.532456398010254,1272524,4254,
e1825e474dcc,headline,PaySim,chronological,0,O,IsolationForest,0.005,0.000835871595872979,score_seconds,31.616801023483276,1272524,4254,
21f32d600642,headline,PaySim,chronological,0,O,LOF,0.005,0.000835871595872979,PR_AUC,0.0030799352569791417,1272524,4254,
21f32d600642,headline,PaySim,chronological,0,O,LOF,0.005,0.000835871595872979,ROC_AUC,0.4998612955691239,1272524,4254,
21f32d600642,headline,PaySim,chronological,0,O,LOF,0.005,0.000835871595872979,Precision,0.0,1272524,4254,
21f32d600642,headline,PaySim,chronological,0,O,LOF,0.005,0.000835871595872979,Recall,0.0,1272524,4254,
21f32d600642,headline,PaySim,chronological,0,O,LOF,0.005,0.000835871595872979,F1,0.0,1272524,4254,
21f32d600642,headline,PaySim,chronological,0,O,LOF,0.005,0.000835871595872979,TN,924712.0,1272524,4254,
21f32d600642,headline,PaySim,chronological,0,O,LOF,0.005,0.000835871595872979,FP,343558.0,1272524,4254,
21f32d600642,headline,PaySim,chronological,0,O,LOF,0.005,0.000835871595872979,FN,4254.0,1272524,4254,
21f32d600642,headline,PaySim,chronological,0,O,LOF,0.005,0.000835871595872979,TP,0.0,1272524,4254,
21f32d600642,headline,PaySim,chronological,0,O,LOF,0.005,0.000835871595872979,n_alerts,343558.0,1272524,4254,
21f32d600642,headline,PaySim,chronological,0,O,LOF,0.005,0.000835871595872979,alert_rate,0.26998154848160033,1272524,4254,
21f32d600642,headline,PaySim,chronological,0,O,LOF,0.005,0.000835871595872979,prevalence,0.0033429624902948786,1272524,4254,
21f32d600642,headline,PaySim,chronological,0,O,LOF,0.005,0.000835871595872979,lift,0.0,1272524,4254,
21f32d600642,headline,PaySim,chronological,0,O,LOF,0.005,0.000835871595872979,tie_ratio,0.042048715780606094,1272524,4254,
21f32d600642,headline,PaySim,chronological,0,O,LOF,0.005,0.000835871595872979,fit_seconds,1.957824945449829,1272524,4254,
21f32d600642,headline,PaySim,chronological,0,O,LOF,0.005,0.000835871595872979,score_seconds,262.49296855926514,1272524,4254,
ade425e3e536,headline,PaySim,chronological,0,O,OneClassSVM,0.005,0.000835871595872979,PR_AUC,0.10480411796427487,1272524,4254,
ade425e3e536,headline,PaySim,chronological,0,O,OneClassSVM,0.005,0.000835871595872979,ROC_AUC,0.8738096597896652,1272524,4254,
ade425e3e536,headline,PaySim,chronological,0,O,OneClassSVM,0.005,0.000835871595872979,Precision,0.2849462365591398,1272524,4254,
ade425e3e536,headline,PaySim,chronological,0,O,OneClassSVM,0.005,0.000835871595872979,Recall,0.06229431123648331,1272524,4254,
ade425e3e536,headline,PaySim,chronological,0,O,OneClassSVM,0.005,0.000835871595872979,F1,0.10223765432098765,1272524,4254,
ade425e3e536,headline,PaySim,chronological,0,O,OneClassSVM,0.005,0.000835871595872979,TN,1267605.0,1272524,4254,
ade425e3e536,headline,PaySim,chronological,0,O,OneClassSVM,0.005,0.000835871595872979,FP,665.0,1272524,4254,
ade425e3e536,headline,PaySim,chronological,0,O,OneClassSVM,0.005,0.000835871595872979,FN,3989.0,1272524,4254,
ade425e3e536,headline,PaySim,chronological,0,O,OneClassSVM,0.005,0.000835871595872979,TP,265.0,1272524,4254,
ade425e3e536,headline,PaySim,chronological,0,O,OneClassSVM,0.005,0.000835871595872979,n_alerts,930.0,1272524,4254,
ade425e3e536,headline,PaySim,chronological,0,O,OneClassSVM,0.005,0.000835871595872979,alert_rate,0.0007308310098670045,1272524,4254,
ade425e3e536,headline,PaySim,chronological,0,O,OneClassSVM,0.005,0.000835871595872979,prevalence,0.0033429624902948786,1272524,4254,
ade425e3e536,headline,PaySim,chronological,0,O,OneClassSVM,0.005,0.000835871595872979,lift,85.23764098053192,1272524,4254,
ade425e3e536,headline,PaySim,chronological,0,O,OneClassSVM,0.005,0.000835871595872979,tie_ratio,0.004086366936890795,1272524,4254,
ade425e3e536,headline,PaySim,chronological,0,O,OneClassSVM,0.005,0.000835871595872979,fit_seconds,0.37026166915893555,1272524,4254,
ade425e3e536,headline,PaySim,chronological,0,O,OneClassSVM,0.005,0.000835871595872979,score_seconds,77.28864812850952,1272524,4254,
6550935b9f0e,headline,PaySim,chronological,0,O,DBSCAN,0.005,0.000835871595872979,PR_AUC,0.024800190516075682,1272524,4254,
6550935b9f0e,headline,PaySim,chronological,0,O,DBSCAN,0.005,0.000835871595872979,ROC_AUC,0.8407100109704875,1272524,4254,
6550935b9f0e,headline,PaySim,chronological,0,O,DBSCAN,0.005,0.000835871595872979,Precision,0.0125,1272524,4254,
6550935b9f0e,headline,PaySim,chronological,0,O,DBSCAN,0.005,0.000835871595872979,Recall,0.00023507287259050304,1272524,4254,
6550935b9f0e,headline,PaySim,chronological,0,O,DBSCAN,0.005,0.000835871595872979,F1,0.00046146746654360867,1272524,4254,
6550935b9f0e,headline,PaySim,chronological,0,O,DBSCAN,0.005,0.000835871595872979,TN,1268191.0,1272524,4254,
6550935b9f0e,headline,PaySim,chronological,0,O,DBSCAN,0.005,0.000835871595872979,FP,79.0,1272524,4254,
6550935b9f0e,headline,PaySim,chronological,0,O,DBSCAN,0.005,0.000835871595872979,FN,4253.0,1272524,4254,
6550935b9f0e,headline,PaySim,chronological,0,O,DBSCAN,0.005,0.000835871595872979,TP,1.0,1272524,4254,
6550935b9f0e,headline,PaySim,chronological,0,O,DBSCAN,0.005,0.000835871595872979,n_alerts,80.0,1272524,4254,
6550935b9f0e,headline,PaySim,chronological,0,O,DBSCAN,0.005,0.000835871595872979,alert_rate,6.286718364447351e-05,1272524,4254,
6550935b9f0e,headline,PaySim,chronological,0,O,DBSCAN,0.005,0.000835871595872979,prevalence,0.0033429624902948786,1272524,4254,
6550935b9f0e,headline,PaySim,chronological,0,O,DBSCAN,0.005,0.000835871595872979,lift,3.7391984015044666,1272524,4254,
6550935b9f0e,headline,PaySim,chronological,0,O,DBSCAN,0.005,0.000835871595872979,tie_ratio,0.10432730541820823,1272524,4254,
6550935b9f0e,headline,PaySim,chronological,0,O,DBSCAN,0.005,0.000835871595872979,fit_seconds,0.9700660705566406,1272524,4254,
6550935b9f0e,headline,PaySim,chronological,0,O,DBSCAN,0.005,0.000835871595872979,score_seconds,0.1206965446472168,1272524,4254,
71d37e45fff6,headline,PaySim,chronological,0,O,KMeans,0.005,0.000835871595872979,PR_AUC,0.041949938011454344,1272524,4254,
71d37e45fff6,headline,PaySim,chronological,0,O,KMeans,0.005,0.000835871595872979,ROC_AUC,0.8688532131340588,1272524,4254,
71d37e45fff6,headline,PaySim,chronological,0,O,KMeans,0.005,0.000835871595872979,Precision,0.006802721088435374,1272524,4254,
71d37e45fff6,headline,PaySim,chronological,0,O,KMeans,0.005,0.000835871595872979,Recall,0.00023507287259050304,1272524,4254,
71d37e45fff6,headline,PaySim,chronological,0,O,KMeans,0.005,0.000835871595872979,F1,0.0004544421722335833,1272524,4254,
71d37e45fff6,headline,PaySim,chronological,0,O,KMeans,0.005,0.000835871595872979,TN,1268124.0,1272524,4254,
71d37e45fff6,headline,PaySim,chronological,0,O,KMeans,0.005,0.000835871595872979,FP,146.0,1272524,4254,
71d37e45fff6,headline,PaySim,chronological,0,O,KMeans,0.005,0.000835871595872979,FN,4253.0,1272524,4254,
71d37e45fff6,headline,PaySim,chronological,0,O,KMeans,0.005,0.000835871595872979,TP,1.0,1272524,4254,
71d37e45fff6,headline,PaySim,chronological,0,O,KMeans,0.005,0.000835871595872979,n_alerts,147.0,1272524,4254,
71d37e45fff6,headline,PaySim,chronological,0,O,KMeans,0.005,0.000835871595872979,alert_rate,0.00011551844994672006,1272524,4254,
71d37e45fff6,headline,PaySim,chronological,0,O,KMeans,0.005,0.000835871595872979,prevalence,0.0033429624902948786,1272524,4254,
71d37e45fff6,headline,PaySim,chronological,0,O,KMeans,0.005,0.000835871595872979,lift,2.034937905580662,1272524,4254,
71d37e45fff6,headline,PaySim,chronological,0,O,KMeans,0.005,0.000835871595872979,tie_ratio,0.15040895102960727,1272524,4254,
71d37e45fff6,headline,PaySim,chronological,0,O,KMeans,0.005,0.000835871595872979,fit_seconds,68.36190986633301,1272524,4254,
71d37e45fff6,headline,PaySim,chronological,0,O,KMeans,0.005,0.000835871595872979,score_seconds,1.105588436126709,1272524,4254,
5602e67738b4,headline,PaySim,chronological,0,O,Ensemble,0.005,0.000835871595872979,PR_AUC,0.15021362918532227,1272524,4254,
5602e67738b4,headline,PaySim,chronological,0,O,Ensemble,0.005,0.000835871595872979,ROC_AUC,0.9177738948905033,1272524,4254,
5602e67738b4,headline,PaySim,chronological,0,O,Ensemble,0.005,0.000835871595872979,Precision,0.041666666666666664,1272524,4254,
5602e67738b4,headline,PaySim,chronological,0,O,Ensemble,0.005,0.000835871595872979,Recall,0.0007052186177715092,1272524,4254,
5602e67738b4,headline,PaySim,chronological,0,O,Ensemble,0.005,0.000835871595872979,F1,0.0013869625520110957,1272524,4254,
5602e67738b4,headline,PaySim,chronological,0,O,Ensemble,0.005,0.000835871595872979,TN,1268201.0,1272524,4254,
5602e67738b4,headline,PaySim,chronological,0,O,Ensemble,0.005,0.000835871595872979,FP,69.0,1272524,4254,
5602e67738b4,headline,PaySim,chronological,0,O,Ensemble,0.005,0.000835871595872979,FN,4251.0,1272524,4254,
5602e67738b4,headline,PaySim,chronological,0,O,Ensemble,0.005,0.000835871595872979,TP,3.0,1272524,4254,
5602e67738b4,headline,PaySim,chronological,0,O,Ensemble,0.005,0.000835871595872979,n_alerts,72.0,1272524,4254,
5602e67738b4,headline,PaySim,chronological,0,O,Ensemble,0.005,0.000835871595872979,alert_rate,5.6580465280026154e-05,1272524,4254,
5602e67738b4,headline,PaySim,chronological,0,O,Ensemble,0.005,0.000835871595872979,prevalence,0.0033429624902948786,1272524,4254,
5602e67738b4,headline,PaySim,chronological,0,O,Ensemble,0.005,0.000835871595872979,lift,12.463994671681554,1272524,4254,
5602e67738b4,headline,PaySim,chronological,0,O,Ensemble,0.005,0.000835871595872979,tie_ratio,0.10007669796404628,1272524,4254,
5602e67738b4,headline,PaySim,chronological,0,O,Ensemble,0.005,0.000835871595872979,fit_seconds,0.0,1272524,4254,
5602e67738b4,headline,PaySim,chronological,0,O,Ensemble,0.005,0.000835871595872979,score_seconds,0.0,1272524,4254,
e888464ff9c7,headline,PaySim,chronological,0,O,Ensemble,0.005,0.000835871595872979,single_point_invariant,1.0,1272524,4254,invariance
59cf4f76d615,rolling_origin,ULB,chronological,0,U,IsolationForest,0.005,0.005,PR_AUC,0.3323482999894049,56961,119,
59cf4f76d615,rolling_origin,ULB,chronological,0,U,IsolationForest,0.005,0.005,ROC_AUC,0.96669745622467,56961,119,
59cf4f76d615,rolling_origin,ULB,chronological,0,U,IsolationForest,0.005,0.005,Precision,0.24104234527687296,56961,119,
59cf4f76d615,rolling_origin,ULB,chronological,0,U,IsolationForest,0.005,0.005,Recall,0.6218487394957983,56961,119,
59cf4f76d615,rolling_origin,ULB,chronological,0,U,IsolationForest,0.005,0.005,F1,0.3474178403755869,56961,119,
59cf4f76d615,rolling_origin,ULB,chronological,0,U,IsolationForest,0.005,0.005,TN,56609.0,56961,119,
59cf4f76d615,rolling_origin,ULB,chronological,0,U,IsolationForest,0.005,0.005,FP,233.0,56961,119,
59cf4f76d615,rolling_origin,ULB,chronological,0,U,IsolationForest,0.005,0.005,FN,45.0,56961,119,
59cf4f76d615,rolling_origin,ULB,chronological,0,U,IsolationForest,0.005,0.005,TP,74.0,56961,119,
59cf4f76d615,rolling_origin,ULB,chronological,0,U,IsolationForest,0.005,0.005,n_alerts,307.0,56961,119,
59cf4f76d615,rolling_origin,ULB,chronological,0,U,IsolationForest,0.005,0.005,alert_rate,0.005389652569301803,56961,119,
59cf4f76d615,rolling_origin,ULB,chronological,0,U,IsolationForest,0.005,0.005,prevalence,0.002089148715787995,56961,119,
59cf4f76d615,rolling_origin,ULB,chronological,0,U,IsolationForest,0.005,0.005,lift,115.3782607505543,56961,119,
59cf4f76d615,rolling_origin,ULB,chronological,0,U,IsolationForest,0.005,0.005,tie_ratio,0.053369849546180737,56961,119,
59cf4f76d615,rolling_origin,ULB,chronological,0,U,IsolationForest,0.005,0.005,fit_seconds,1.0498299598693848,56961,119,
59cf4f76d615,rolling_origin,ULB,chronological,0,U,IsolationForest,0.005,0.005,score_seconds,1.5388789176940918,56961,119,
6c2eee0f4095,rolling_origin,ULB,chronological,0,U,LOF,0.005,0.005,PR_AUC,0.001237201230862021,56961,119,
6c2eee0f4095,rolling_origin,ULB,chronological,0,U,LOF,0.005,0.005,ROC_AUC,0.20445956786007743,56961,119,
6c2eee0f4095,rolling_origin,ULB,chronological,0,U,LOF,0.005,0.005,Precision,0.0007366821676872785,56961,119,
6c2eee0f4095,rolling_origin,ULB,chronological,0,U,LOF,0.005,0.005,Recall,0.13445378151260504,56961,119,
6c2eee0f4095,rolling_origin,ULB,chronological,0,U,LOF,0.005,0.005,F1,0.001465335653448118,56961,119,
6c2eee0f4095,rolling_origin,ULB,chronological,0,U,LOF,0.005,0.005,TN,35139.0,56961,119,
6c2eee0f4095,rolling_origin,ULB,chronological,0,U,LOF,0.005,0.005,FP,21703.0,56961,119,
6c2eee0f4095,rolling_origin,ULB,chronological,0,U,LOF,0.005,0.005,FN,103.0,56961,119,
6c2eee0f4095,rolling_origin,ULB,chronological,0,U,LOF,0.005,0.005,TP,16.0,56961,119,
6c2eee0f4095,rolling_origin,ULB,chronological,0,U,LOF,0.005,0.005,n_alerts,21719.0,56961,119,
6c2eee0f4095,rolling_origin,ULB,chronological,0,U,LOF,0.005,0.005,alert_rate,0.381295974438651,56961,119,
6c2eee0f4095,rolling_origin,ULB,chronological,0,U,LOF,0.005,0.005,prevalence,0.002089148715787995,56961,119,
6c2eee0f4095,rolling_origin,ULB,chronological,0,U,LOF,0.005,0.005,lift,0.35262313406416024,56961,119,
6c2eee0f4095,rolling_origin,ULB,chronological,0,U,LOF,0.005,0.005,tie_ratio,0.008128368532855812,56961,119,
6c2eee0f4095,rolling_origin,ULB,chronological,0,U,LOF,0.005,0.005,fit_seconds,0.8032658100128174,56961,119,
6c2eee0f4095,rolling_origin,ULB,chronological,0,U,LOF,0.005,0.005,score_seconds,5.102039098739624,56961,119,
3007aa7147fc,rolling_origin,ULB,chronological,0,U,OneClassSVM,0.005,0.005,PR_AUC,0.17497822268740593,56961,119,
3007aa7147fc,rolling_origin,ULB,chronological,0,U,OneClassSVM,0.005,0.005,ROC_AUC,0.9419201655539946,56961,119,
3007aa7147fc,rolling_origin,ULB,chronological,0,U,OneClassSVM,0.005,0.005,Precision,0.17391304347826086,56961,119,
3007aa7147fc,rolling_origin,ULB,chronological,0,U,OneClassSVM,0.005,0.005,Recall,0.6050420168067226,56961,119,
3007aa7147fc,rolling_origin,ULB,chronological,0,U,OneClassSVM,0.005,0.005,F1,0.2701688555347092,56961,119,
3007aa7147fc,rolling_origin,ULB,chronological,0,U,OneClassSVM,0.005,0.005,TN,56500.0,56961,119,
3007aa7147fc,rolling_origin,ULB,chronological,0,U,OneClassSVM,0.005,0.005,FP,342.0,56961,119,
3007aa7147fc,rolling_origin,ULB,chronological,0,U,OneClassSVM,0.005,0.005,FN,47.0,56961,119,
3007aa7147fc,rolling_origin,ULB,chronological,0,U,OneClassSVM,0.005,0.005,TP,72.0,56961,119,
3007aa7147fc,rolling_origin,ULB,chronological,0,U,OneClassSVM,0.005,0.005,n_alerts,414.0,56961,119,
3007aa7147fc,rolling_origin,ULB,chronological,0,U,OneClassSVM,0.005,0.005,alert_rate,0.0072681308263548745,56961,119,
3007aa7147fc,rolling_origin,ULB,chronological,0,U,OneClassSVM,0.005,0.005,prevalence,0.002089148715787995,56961,119,
3007aa7147fc,rolling_origin,ULB,chronological,0,U,OneClassSVM,0.005,0.005,lift,83.24588966021192,56961,119,
3007aa7147fc,rolling_origin,ULB,chronological,0,U,OneClassSVM,0.005,0.005,tie_ratio,0.0038447358719123637,56961,119,
3007aa7147fc,rolling_origin,ULB,chronological,0,U,OneClassSVM,0.005,0.005,fit_seconds,0.8064243793487549,56961,119,
3007aa7147fc,rolling_origin,ULB,chronological,0,U,OneClassSVM,0.005,0.005,score_seconds,7.1918785572052,56961,119,
d91e872acd82,rolling_origin,ULB,chronological,0,U,DBSCAN,0.005,0.005,PR_AUC,0.19762973053379304,56961,119,
d91e872acd82,rolling_origin,ULB,chronological,0,U,DBSCAN,0.005,0.005,ROC_AUC,0.9657118996220986,56961,119,
d91e872acd82,rolling_origin,ULB,chronological,0,U,DBSCAN,0.005,0.005,Precision,0.22268907563025211,56961,119,
d91e872acd82,rolling_origin,ULB,chronological,0,U,DBSCAN,0.005,0.005,Recall,0.44537815126050423,56961,119,
d91e872acd82,rolling_origin,ULB,chronological,0,U,DBSCAN,0.005,0.005,F1,0.2969187675070028,56961,119,
d91e872acd82,rolling_origin,ULB,chronological,0,U,DBSCAN,0.005,0.005,TN,56657.0,56961,119,
d91e872acd82,rolling_origin,ULB,chronological,0,U,DBSCAN,0.005,0.005,FP,185.0,56961,119,
d91e872acd82,rolling_origin,ULB,chronological,0,U,DBSCAN,0.005,0.005,FN,66.0,56961,119,
d91e872acd82,rolling_origin,ULB,chronological,0,U,DBSCAN,0.005,0.005,TP,53.0,56961,119,
d91e872acd82,rolling_origin,ULB,chronological,0,U,DBSCAN,0.005,0.005,n_alerts,238.0,56961,119,
d91e872acd82,rolling_origin,ULB,chronological,0,U,DBSCAN,0.005,0.005,alert_rate,0.00417829743157599,56961,119,
d91e872acd82,rolling_origin,ULB,chronological,0,U,DBSCAN,0.005,0.005,prevalence,0.002089148715787995,56961,119,
d91e872acd82,rolling_origin,ULB,chronological,0,U,DBSCAN,0.005,0.005,lift,106.59321375609069,56961,119,
d91e872acd82,rolling_origin,ULB,chronological,0,U,DBSCAN,0.005,0.005,tie_ratio,0.006074331560190327,56961,119,
d91e872acd82,rolling_origin,ULB,chronological,0,U,DBSCAN,0.005,0.005,fit_seconds,0.6966216564178467,56961,119,
d91e872acd82,rolling_origin,ULB,chronological,0,U,DBSCAN,0.005,0.005,score_seconds,0.04656362533569336,56961,119,
13478110ecbf,rolling_origin,ULB,chronological,0,U,KMeans,0.005,0.005,PR_AUC,0.14137985430533517,56961,119,
13478110ecbf,rolling_origin,ULB,chronological,0,U,KMeans,0.005,0.005,ROC_AUC,0.9690708344137766,56961,119,
13478110ecbf,rolling_origin,ULB,chronological,0,U,KMeans,0.005,0.005,Precision,0.18846153846153846,56961,119,
13478110ecbf,rolling_origin,ULB,chronological,0,U,KMeans,0.005,0.005,Recall,0.4117647058823529,56961,119,
13478110ecbf,rolling_origin,ULB,chronological,0,U,KMeans,0.005,0.005,F1,0.25857519788918204,56961,119,
13478110ecbf,rolling_origin,ULB,chronological,0,U,KMeans,0.005,0.005,TN,56631.0,56961,119,
13478110ecbf,rolling_origin,ULB,chronological,0,U,KMeans,0.005,0.005,FP,211.0,56961,119,
13478110ecbf,rolling_origin,ULB,chronological,0,U,KMeans,0.005,0.005,FN,70.0,56961,119,
13478110ecbf,rolling_origin,ULB,chronological,0,U,KMeans,0.005,0.005,TP,49.0,56961,119,
13478110ecbf,rolling_origin,ULB,chronological,0,U,KMeans,0.005,0.005,n_alerts,260.0,56961,119,
13478110ecbf,rolling_origin,ULB,chronological,0,U,KMeans,0.005,0.005,alert_rate,0.004564526605923351,56961,119,
13478110ecbf,rolling_origin,ULB,chronological,0,U,KMeans,0.005,0.005,prevalence,0.002089148715787995,56961,119,
13478110ecbf,rolling_origin,ULB,chronological,0,U,KMeans,0.005,0.005,lift,90.20972850678733,56961,119,
13478110ecbf,rolling_origin,ULB,chronological,0,U,KMeans,0.005,0.005,tie_ratio,0.0071803514685486736,56961,119,
13478110ecbf,rolling_origin,ULB,chronological,0,U,KMeans,0.005,0.005,fit_seconds,2.0329418182373047,56961,119,
13478110ecbf,rolling_origin,ULB,chronological,0,U,KMeans,0.005,0.005,score_seconds,0.10659527778625488,56961,119,
020097ee2d1a,rolling_origin,ULB,chronological,0,U,Ensemble,0.005,0.005,PR_AUC,0.04880476104493183,56961,119,
020097ee2d1a,rolling_origin,ULB,chronological,0,U,Ensemble,0.005,0.005,ROC_AUC,0.6574711443987891,56961,119,
020097ee2d1a,rolling_origin,ULB,chronological,0,U,Ensemble,0.005,0.005,Precision,0.021957340025094103,56961,119,
020097ee2d1a,rolling_origin,ULB,chronological,0,U,Ensemble,0.005,0.005,Recall,0.29411764705882354,56961,119,
020097ee2d1a,rolling_origin,ULB,chronological,0,U,Ensemble,0.005,0.005,F1,0.040863981319322826,56961,119,
020097ee2d1a,rolling_origin,ULB,chronological,0,U,Ensemble,0.005,0.005,TN,55283.0,56961,119,
020097ee2d1a,rolling_origin,ULB,chronological,0,U,Ensemble,0.005,0.005,FP,1559.0,56961,119,
020097ee2d1a,rolling_origin,ULB,chronological,0,U,Ensemble,0.005,0.005,FN,84.0,56961,119,
020097ee2d1a,rolling_origin,ULB,chronological,0,U,Ensemble,0.005,0.005,TP,35.0,56961,119,
020097ee2d1a,rolling_origin,ULB,chronological,0,U,Ensemble,0.005,0.005,n_alerts,1594.0,56961,119,
020097ee2d1a,rolling_origin,ULB,chronological,0,U,Ensemble,0.005,0.005,alert_rate,0.02798405926862239,56961,119,
020097ee2d1a,rolling_origin,ULB,chronological,0,U,Ensemble,0.005,0.005,prevalence,0.002089148715787995,56961,119,
020097ee2d1a,rolling_origin,ULB,chronological,0,U,Ensemble,0.005,0.005,lift,10.510185253524247,56961,119,
020097ee2d1a,rolling_origin,ULB,chronological,0,U,Ensemble,0.005,0.005,tie_ratio,0.0790892013834027,56961,119,
020097ee2d1a,rolling_origin,ULB,chronological,0,U,Ensemble,0.005,0.005,fit_seconds,0.0,56961,119,
020097ee2d1a,rolling_origin,ULB,chronological,0,U,Ensemble,0.005,0.005,score_seconds,0.0,56961,119,
a394d9b2b7c9,rolling_origin,ULB,chronological,0,U,Ensemble,0.005,0.005,single_point_invariant,1.0,56961,119,invariance
f3cc87875b15,rolling_origin,ULB,chronological,0,N,IsolationForest,0.005,0.005,PR_AUC,0.36609205427152225,56961,119,
f3cc87875b15,rolling_origin,ULB,chronological,0,N,IsolationForest,0.005,0.005,ROC_AUC,0.9693050085169004,56961,119,
f3cc87875b15,rolling_origin,ULB,chronological,0,N,IsolationForest,0.005,0.005,Precision,0.2638888888888889,56961,119,
f3cc87875b15,rolling_origin,ULB,chronological,0,N,IsolationForest,0.005,0.005,Recall,0.6386554621848739,56961,119,
f3cc87875b15,rolling_origin,ULB,chronological,0,N,IsolationForest,0.005,0.005,F1,0.37346437346437344,56961,119,
f3cc87875b15,rolling_origin,ULB,chronological,0,N,IsolationForest,0.005,0.005,TN,56630.0,56961,119,
f3cc87875b15,rolling_origin,ULB,chronological,0,N,IsolationForest,0.005,0.005,FP,212.0,56961,119,
f3cc87875b15,rolling_origin,ULB,chronological,0,N,IsolationForest,0.005,0.005,FN,43.0,56961,119,
f3cc87875b15,rolling_origin,ULB,chronological,0,N,IsolationForest,0.005,0.005,TP,76.0,56961,119,
f3cc87875b15,rolling_origin,ULB,chronological,0,N,IsolationForest,0.005,0.005,n_alerts,288.0,56961,119,
f3cc87875b15,rolling_origin,ULB,chronological,0,N,IsolationForest,0.005,0.005,alert_rate,0.0050560910096381735,56961,119,
f3cc87875b15,rolling_origin,ULB,chronological,0,N,IsolationForest,0.005,0.005,prevalence,0.002089148715787995,56961,119,
f3cc87875b15,rolling_origin,ULB,chronological,0,N,IsolationForest,0.005,0.005,lift,126.3140756302521,56961,119,
f3cc87875b15,rolling_origin,ULB,chronological,0,N,IsolationForest,0.005,0.005,tie_ratio,0.04792752936219513,56961,119,
f3cc87875b15,rolling_origin,ULB,chronological,0,N,IsolationForest,0.005,0.005,fit_seconds,0.9512758255004883,56961,119,
f3cc87875b15,rolling_origin,ULB,chronological,0,N,IsolationForest,0.005,0.005,score_seconds,1.5490081310272217,56961,119,
3a1efafce9ea,rolling_origin,ULB,chronological,0,N,LOF,0.005,0.005,PR_AUC,0.002423962442138899,56961,119,
3a1efafce9ea,rolling_origin,ULB,chronological,0,N,LOF,0.005,0.005,ROC_AUC,0.49511265045760045,56961,119,
3a1efafce9ea,rolling_origin,ULB,chronological,0,N,LOF,0.005,0.005,Precision,0.0016140602582496414,56961,119,
3a1efafce9ea,rolling_origin,ULB,chronological,0,N,LOF,0.005,0.005,Recall,0.3025210084033613,56961,119,
3a1efafce9ea,rolling_origin,ULB,chronological,0,N,LOF,0.005,0.005,F1,0.0032109887169424253,56961,119,
3a1efafce9ea,rolling_origin,ULB,chronological,0,N,LOF,0.005,0.005,TN,34574.0,56961,119,
3a1efafce9ea,rolling_origin,ULB,chronological,0,N,LOF,0.005,0.005,FP,22268.0,56961,119,
3a1efafce9ea,rolling_origin,ULB,chronological,0,N,LOF,0.005,0.005,FN,83.0,56961,119,
3a1efafce9ea,rolling_origin,ULB,chronological,0,N,LOF,0.005,0.005,TP,36.0,56961,119,
3a1efafce9ea,rolling_origin,ULB,chronological,0,N,LOF,0.005,0.005,n_alerts,22304.0,56961,119,
3a1efafce9ea,rolling_origin,ULB,chronological,0,N,LOF,0.005,0.005,alert_rate,0.3915661593019785,56961,119,
3a1efafce9ea,rolling_origin,ULB,chronological,0,N,LOF,0.005,0.005,prevalence,0.002089148715787995,56961,119,
3a1efafce9ea,rolling_origin,ULB,chronological,0,N,LOF,0.005,0.005,lift,0.7725923224383011,56961,119,
3a1efafce9ea,rolling_origin,ULB,chronological,0,N,LOF,0.005,0.005,tie_ratio,0.008426818349396958,56961,119,
3a1efafce9ea,rolling_origin,ULB,chronological,0,N,LOF,0.005,0.005,fit_seconds,0.805060625076294,56961,119,
3a1efafce9ea,rolling_origin,ULB,chronological,0,N,LOF,0.005,0.005,score_seconds,5.101471424102783,56961,119,
6fdc8fae63b8,rolling_origin,ULB,chronological,0,N,OneClassSVM,0.005,0.005,PR_AUC,0.3285036976259937,56961,119,
6fdc8fae63b8,rolling_origin,ULB,chronological,0,N,OneClassSVM,0.005,0.005,ROC_AUC,0.9564409557496691,56961,119,
6fdc8fae63b8,rolling_origin,ULB,chronological,0,N,OneClassSVM,0.005,0.005,Precision,0.16083916083916083,56961,119,
6fdc8fae63b8,rolling_origin,ULB,chronological,0,N,OneClassSVM,0.005,0.005,Recall,0.773109243697479,56961,119,
6fdc8fae63b8,rolling_origin,ULB,chronological,0,N,OneClassSVM,0.005,0.005,F1,0.2662807525325615,56961,119,
6fdc8fae63b8,rolling_origin,ULB,chronological,0,N,OneClassSVM,0.005,0.005,TN,56362.0,56961,119,
6fdc8fae63b8,rolling_origin,ULB,chronological,0,N,OneClassSVM,0.005,0.005,FP,480.0,56961,119,
6fdc8fae63b8,rolling_origin,ULB,chronological,0,N,OneClassSVM,0.005,0.005,FN,27.0,56961,119,
6fdc8fae63b8,rolling_origin,ULB,chronological,0,N,OneClassSVM,0.005,0.005,TP,92.0,56961,119,
6fdc8fae63b8,rolling_origin,ULB,chronological,0,N,OneClassSVM,0.005,0.005,n_alerts,572.0,56961,119,
6fdc8fae63b8,rolling_origin,ULB,chronological,0,N,OneClassSVM,0.005,0.005,alert_rate,0.010041958533031373,56961,119,
6fdc8fae63b8,rolling_origin,ULB,chronological,0,N,OneClassSVM,0.005,0.005,prevalence,0.002089148715787995,56961,119,
6fdc8fae63b8,rolling_origin,ULB,chronological,0,N,OneClassSVM,0.005,0.005,lift,76.9878944584827,56961,119,
6fdc8fae63b8,rolling_origin,ULB,chronological,0,N,OneClassSVM,0.005,0.005,tie_ratio,0.0038096241287898236,56961,119,
6fdc8fae63b8,rolling_origin,ULB,chronological,0,N,OneClassSVM,0.005,0.005,fit_seconds,0.7775111198425293,56961,119,
6fdc8fae63b8,rolling_origin,ULB,chronological,0,N,OneClassSVM,0.005,0.005,score_seconds,6.916192054748535,56961,119,
e3fb2361e97d,rolling_origin,ULB,chronological,0,N,DBSCAN,0.005,0.005,PR_AUC,0.197428997752698,56961,119,
e3fb2361e97d,rolling_origin,ULB,chronological,0,N,DBSCAN,0.005,0.005,ROC_AUC,0.9702725289827412,56961,119,
e3fb2361e97d,rolling_origin,ULB,chronological,0,N,DBSCAN,0.005,0.005,Precision,0.2231404958677686,56961,119,
e3fb2361e97d,rolling_origin,ULB,chronological,0,N,DBSCAN,0.005,0.005,Recall,0.453781512605042,56961,119,
e3fb2361e97d,rolling_origin,ULB,chronological,0,N,DBSCAN,0.005,0.005,F1,0.29916897506925205,56961,119,
e3fb2361e97d,rolling_origin,ULB,chronological,0,N,DBSCAN,0.005,0.005,TN,56654.0,56961,119,
e3fb2361e97d,rolling_origin,ULB,chronological,0,N,DBSCAN,0.005,0.005,FP,188.0,56961,119,
e3fb2361e97d,rolling_origin,ULB,chronological,0,N,DBSCAN,0.005,0.005,FN,65.0,56961,119,
e3fb2361e97d,rolling_origin,ULB,chronological,0,N,DBSCAN,0.005,0.005,TP,54.0,56961,119,
e3fb2361e97d,rolling_origin,ULB,chronological,0,N,DBSCAN,0.005,0.005,n_alerts,242.0,56961,119,
e3fb2361e97d,rolling_origin,ULB,chronological,0,N,DBSCAN,0.005,0.005,alert_rate,0.0042485209178209655,56961,119,
e3fb2361e97d,rolling_origin,ULB,chronological,0,N,DBSCAN,0.005,0.005,prevalence,0.002089148715787995,56961,119,
e3fb2361e97d,rolling_origin,ULB,chronological,0,N,DBSCAN,0.005,0.005,lift,106.80929231196612,56961,119,
e3fb2361e97d,rolling_origin,ULB,chronological,0,N,DBSCAN,0.005,0.005,tie_ratio,0.012218886606625623,56961,119,
e3fb2361e97d,rolling_origin,ULB,chronological,0,N,DBSCAN,0.005,0.005,fit_seconds,0.6953270435333252,56961,119,
e3fb2361e97d,rolling_origin,ULB,chronological,0,N,DBSCAN,0.005,0.005,score_seconds,0.024788379669189453,56961,119,
82dbe5d7b301,rolling_origin,ULB,chronological,0,N,KMeans,0.005,0.005,PR_AUC,0.36229847118718467,56961,119,
82dbe5d7b301,rolling_origin,ULB,chronological,0,N,KMeans,0.005,0.005,ROC_AUC,0.9689630611049528,56961,119,
82dbe5d7b301,rolling_origin,ULB,chronological,0,N,KMeans,0.005,0.005,Precision,0.2835249042145594,56961,119,
82dbe5d7b301,rolling_origin,ULB,chronological,0,N,KMeans,0.005,0.005,Recall,0.6218487394957983,56961,119,
82dbe5d7b301,rolling_origin,ULB,chronological,0,N,KMeans,0.005,0.005,F1,0.3894736842105263,56961,119,
82dbe5d7b301,rolling_origin,ULB,chronological,0,N,KMeans,0.005,0.005,TN,56655.0,56961,119,
82dbe5d7b301,rolling_origin,ULB,chronological,0,N,KMeans,0.005,0.005,FP,187.0,56961,119,
82dbe5d7b301,rolling_origin,ULB,chronological,0,N,KMeans,0.005,0.005,FN,45.0,56961,119,
82dbe5d7b301,rolling_origin,ULB,chronological,0,N,KMeans,0.005,0.005,TP,74.0,56961,119,
82dbe5d7b301,rolling_origin,ULB,chronological,0,N,KMeans,0.005,0.005,n_alerts,261.0,56961,119,
82dbe5d7b301,rolling_origin,ULB,chronological,0,N,KMeans,0.005,0.005,alert_rate,0.004582082477484595,56961,119,
82dbe5d7b301,rolling_origin,ULB,chronological,0,N,KMeans,0.005,0.005,prevalence,0.002089148715787995,56961,119,
82dbe5d7b301,rolling_origin,ULB,chronological,0,N,KMeans,0.005,0.005,lift,135.71312662996235,56961,119,
82dbe5d7b301,rolling_origin,ULB,chronological,0,N,KMeans,0.005,0.005,tie_ratio,0.006706342936395049,56961,119,
82dbe5d7b301,rolling_origin,ULB,chronological,0,N,KMeans,0.005,0.005,fit_seconds,2.0800716876983643,56961,119,
82dbe5d7b301,rolling_origin,ULB,chronological,0,N,KMeans,0.005,0.005,score_seconds,0.1065068244934082,56961,119,
419b66046264,rolling_origin,ULB,chronological,0,N,Ensemble,0.005,0.005,PR_AUC,0.39205744999374176,56961,119,
419b66046264,rolling_origin,ULB,chronological,0,N,Ensemble,0.005,0.005,ROC_AUC,0.97216255349119,56961,119,
419b66046264,rolling_origin,ULB,chronological,0,N,Ensemble,0.005,0.005,Precision,0.05406824146981627,56961,119,
419b66046264,rolling_origin,ULB,chronological,0,N,Ensemble,0.005,0.005,Recall,0.865546218487395,56961,119,
419b66046264,rolling_origin,ULB,chronological,0,N,Ensemble,0.005,0.005,F1,0.10177865612648221,56961,119,
419b66046264,rolling_origin,ULB,chronological,0,N,Ensemble,0.005,0.005,TN,55040.0,56961,119,
419b66046264,rolling_origin,ULB,chronological,0,N,Ensemble,0.005,0.005,FP,1802.0,56961,119,
419b66046264,rolling_origin,ULB,chronological,0,N,Ensemble,0.005,0.005,FN,16.0,56961,119,
419b66046264,rolling_origin,ULB,chronological,0,N,Ensemble,0.005,0.005,TP,103.0,56961,119,
419b66046264,rolling_origin,ULB,chronological,0,N,Ensemble,0.005,0.005,n_alerts,1905.0,56961,119,
419b66046264,rolling_origin,ULB,chronological,0,N,Ensemble,0.005,0.005,alert_rate,0.03344393532416917,56961,119,
419b66046264,rolling_origin,ULB,chronological,0,N,Ensemble,0.005,0.005,prevalence,0.002089148715787995,56961,119,
419b66046264,rolling_origin,ULB,chronological,0,N,Ensemble,0.005,0.005,lift,25.880513465228614,56961,119,
419b66046264,rolling_origin,ULB,chronological,0,N,Ensemble,0.005,0.005,tie_ratio,0.07873808395217785,56961,119,
419b66046264,rolling_origin,ULB,chronological,0,N,Ensemble,0.005,0.005,fit_seconds,0.0,56961,119,
419b66046264,rolling_origin,ULB,chronological,0,N,Ensemble,0.005,0.005,score_seconds,0.0,56961,119,
e6a73a28e7e6,rolling_origin,ULB,chronological,0,N,Ensemble,0.005,0.005,single_point_invariant,1.0,56961,119,invariance
44c302f290d4,rolling_origin,ULB,chronological,0,O,IsolationForest,0.005,0.002756175061004512,PR_AUC,0.3323482999894049,56961,119,
44c302f290d4,rolling_origin,ULB,chronological,0,O,IsolationForest,0.005,0.002756175061004512,ROC_AUC,0.96669745622467,56961,119,
44c302f290d4,rolling_origin,ULB,chronological,0,O,IsolationForest,0.005,0.002756175061004512,Precision,0.31351351351351353,56961,119,
44c302f290d4,rolling_origin,ULB,chronological,0,O,IsolationForest,0.005,0.002756175061004512,Recall,0.48739495798319327,56961,119,
44c302f290d4,rolling_origin,ULB,chronological,0,O,IsolationForest,0.005,0.002756175061004512,F1,0.3815789473684211,56961,119,
44c302f290d4,rolling_origin,ULB,chronological,0,O,IsolationForest,0.005,0.002756175061004512,TN,56715.0,56961,119,
44c302f290d4,rolling_origin,ULB,chronological,0,O,IsolationForest,0.005,0.002756175061004512,FP,127.0,56961,119,
44c302f290d4,rolling_origin,ULB,chronological,0,O,IsolationForest,0.005,0.002756175061004512,FN,61.0,56961,119,
44c302f290d4,rolling_origin,ULB,chronological,0,O,IsolationForest,0.005,0.002756175061004512,TP,58.0,56961,119,
44c302f290d4,rolling_origin,ULB,chronological,0,O,IsolationForest,0.005,0.002756175061004512,n_alerts,185.0,56961,119,
44c302f290d4,rolling_origin,ULB,chronological,0,O,IsolationForest,0.005,0.002756175061004512,alert_rate,0.003247836238830077,56961,119,
44c302f290d4,rolling_origin,ULB,chronological,0,O,IsolationForest,0.005,0.002756175061004512,prevalence,0.002089148715787995,56961,119,
44c302f290d4,rolling_origin,ULB,chronological,0,O,IsolationForest,0.005,0.002756175061004512,lift,150.06759027935502,56961,119,
44c302f290d4,rolling_origin,ULB,chronological,0,O,IsolationForest,0.005,0.002756175061004512,tie_ratio,0.053369849546180737,56961,119,
44c302f290d4,rolling_origin,ULB,chronological,0,O,IsolationForest,0.005,0.002756175061004512,fit_seconds,0.9588170051574707,56961,119,
44c302f290d4,rolling_origin,ULB,chronological,0,O,IsolationForest,0.005,0.002756175061004512,score_seconds,1.538583517074585,56961,119,
9054a2733e37,rolling_origin,ULB,chronological,0,O,LOF,0.005,0.002756175061004512,PR_AUC,0.001237201230862021,56961,119,
9054a2733e37,rolling_origin,ULB,chronological,0,O,LOF,0.005,0.002756175061004512,ROC_AUC,0.20445956786007743,56961,119,
9054a2733e37,rolling_origin,ULB,chronological,0,O,LOF,0.005,0.002756175061004512,Precision,0.0006898534061511929,56961,119,
9054a2733e37,rolling_origin,ULB,chronological,0,O,LOF,0.005,0.002756175061004512,Recall,0.10084033613445378,56961,119,
9054a2733e37,rolling_origin,ULB,chronological,0,O,LOF,0.005,0.002756175061004512,F1,0.0013703323055841042,56961,119,
9054a2733e37,rolling_origin,ULB,chronological,0,O,LOF,0.005,0.002756175061004512,TN,39459.0,56961,119,
9054a2733e37,rolling_origin,ULB,chronological,0,O,LOF,0.005,0.002756175061004512,FP,17383.0,56961,119,
9054a2733e37,rolling_origin,ULB,chronological,0,O,LOF,0.005,0.002756175061004512,FN,107.0,56961,119,
9054a2733e37,rolling_origin,ULB,chronological,0,O,LOF,0.005,0.002756175061004512,TP,12.0,56961,119,
9054a2733e37,rolling_origin,ULB,chronological,0,O,LOF,0.005,0.002756175061004512,n_alerts,17395.0,56961,119,
9054a2733e37,rolling_origin,ULB,chronological,0,O,LOF,0.005,0.002756175061004512,alert_rate,0.30538438580783345,56961,119,
9054a2733e37,rolling_origin,ULB,chronological,0,O,LOF,0.005,0.002756175061004512,prevalence,0.002089148715787995,56961,119,
9054a2733e37,rolling_origin,ULB,chronological,0,O,LOF,0.005,0.002756175061004512,lift,0.3302078980485555,56961,119,
9054a2733e37,rolling_origin,ULB,chronological,0,O,LOF,0.005,0.002756175061004512,tie_ratio,0.008128368532855812,56961,119,
9054a2733e37,rolling_origin,ULB,chronological,0,O,LOF,0.005,0.002756175061004512,fit_seconds,0.8110735416412354,56961,119,
9054a2733e37,rolling_origin,ULB,chronological,0,O,LOF,0.005,0.002756175061004512,score_seconds,5.0945351123809814,56961,119,
28ebb9c52a2a,rolling_origin,ULB,chronological,0,O,OneClassSVM,0.005,0.002756175061004512,PR_AUC,0.17494122857401262,56961,119,
28ebb9c52a2a,rolling_origin,ULB,chronological,0,O,OneClassSVM,0.005,0.002756175061004512,ROC_AUC,0.9418759622352864,56961,119,
28ebb9c52a2a,rolling_origin,ULB,chronological,0,O,OneClassSVM,0.005,0.002756175061004512,Precision,0.24342105263157895,56961,119,
28ebb9c52a2a,rolling_origin,ULB,chronological,0,O,OneClassSVM,0.005,0.002756175061004512,Recall,0.31092436974789917,56961,119,
28ebb9c52a2a,rolling_origin,ULB,chronological,0,O,OneClassSVM,0.005,0.002756175061004512,F1,0.2730627306273063,56961,119,
28ebb9c52a2a,rolling_origin,ULB,chronological,0,O,OneClassSVM,0.005,0.002756175061004512,TN,56727.0,56961,119,
28ebb9c52a2a,rolling_origin,ULB,chronological,0,O,OneClassSVM,0.005,0.002756175061004512,FP,115.0,56961,119,
28ebb9c52a2a,rolling_origin,ULB,chronological,0,O,OneClassSVM,0.005,0.002756175061004512,FN,82.0,56961,119,
28ebb9c52a2a,rolling_origin,ULB,chronological,0,O,OneClassSVM,0.005,0.002756175061004512,TP,37.0,56961,119,
28ebb9c52a2a,rolling_origin,ULB,chronological,0,O,OneClassSVM,0.005,0.002756175061004512,n_alerts,152.0,56961,119,
28ebb9c52a2a,rolling_origin,ULB,chronological,0,O,OneClassSVM,0.005,0.002756175061004512,alert_rate,0.0026684924773090362,56961,119,
28ebb9c52a2a,rolling_origin,ULB,chronological,0,O,OneClassSVM,0.005,0.002756175061004512,prevalence,0.002089148715787995,56961,119,
28ebb9c52a2a,rolling_origin,ULB,chronological,0,O,OneClassSVM,0.005,0.002756175061004512,lift,116.5168620079611,56961,119,
28ebb9c52a2a,rolling_origin,ULB,chronological,0,O,OneClassSVM,0.005,0.002756175061004512,tie_ratio,0.0038447358719123637,56961,119,
28ebb9c52a2a,rolling_origin,ULB,chronological,0,O,OneClassSVM,0.005,0.002756175061004512,fit_seconds,0.7999064922332764,56961,119,
28ebb9c52a2a,rolling_origin,ULB,chronological,0,O,OneClassSVM,0.005,0.002756175061004512,score_seconds,7.274287700653076,56961,119,
7c2708afedc3,rolling_origin,ULB,chronological,0,O,DBSCAN,0.005,0.002756175061004512,PR_AUC,0.19762973053379304,56961,119,
7c2708afedc3,rolling_origin,ULB,chronological,0,O,DBSCAN,0.005,0.002756175061004512,ROC_AUC,0.9657118996220986,56961,119,
7c2708afedc3,rolling_origin,ULB,chronological,0,O,DBSCAN,0.005,0.002756175061004512,Precision,0.2714285714285714,56961,119,
7c2708afedc3,rolling_origin,ULB,chronological,0,O,DBSCAN,0.005,0.002756175061004512,Recall,0.31932773109243695,56961,119,
7c2708afedc3,rolling_origin,ULB,chronological,0,O,DBSCAN,0.005,0.002756175061004512,F1,0.29343629343629346,56961,119,
7c2708afedc3,rolling_origin,ULB,chronological,0,O,DBSCAN,0.005,0.002756175061004512,TN,56740.0,56961,119,
7c2708afedc3,rolling_origin,ULB,chronological,0,O,DBSCAN,0.005,0.002756175061004512,FP,102.0,56961,119,
7c2708afedc3,rolling_origin,ULB,chronological,0,O,DBSCAN,0.005,0.002756175061004512,FN,81.0,56961,119,
7c2708afedc3,rolling_origin,ULB,chronological,0,O,DBSCAN,0.005,0.002756175061004512,TP,38.0,56961,119,
7c2708afedc3,rolling_origin,ULB,chronological,0,O,DBSCAN,0.005,0.002756175061004512,n_alerts,140.0,56961,119,
7c2708afedc3,rolling_origin,ULB,chronological,0,O,DBSCAN,0.005,0.002756175061004512,alert_rate,0.002457822018574112,56961,119,
7c2708afedc3,rolling_origin,ULB,chronological,0,O,DBSCAN,0.005,0.002756175061004512,prevalence,0.002089148715787995,56961,119,
7c2708afedc3,rolling_origin,ULB,chronological,0,O,DBSCAN,0.005,0.002756175061004512,lift,129.92304921968787,56961,119,
7c2708afedc3,rolling_origin,ULB,chronological,0,O,DBSCAN,0.005,0.002756175061004512,tie_ratio,0.006074331560190327,56961,119,
7c2708afedc3,rolling_origin,ULB,chronological,0,O,DBSCAN,0.005,0.002756175061004512,fit_seconds,0.7053320407867432,56961,119,
7c2708afedc3,rolling_origin,ULB,chronological,0,O,DBSCAN,0.005,0.002756175061004512,score_seconds,0.04885673522949219,56961,119,
f6a504b3a0af,rolling_origin,ULB,chronological,0,O,KMeans,0.005,0.002756175061004512,PR_AUC,0.14137985430533517,56961,119,
f6a504b3a0af,rolling_origin,ULB,chronological,0,O,KMeans,0.005,0.002756175061004512,ROC_AUC,0.9690708344137768,56961,119,
f6a504b3a0af,rolling_origin,ULB,chronological,0,O,KMeans,0.005,0.002756175061004512,Precision,0.14388489208633093,56961,119,
f6a504b3a0af,rolling_origin,ULB,chronological,0,O,KMeans,0.005,0.002756175061004512,Recall,0.16806722689075632,56961,119,
f6a504b3a0af,rolling_origin,ULB,chronological,0,O,KMeans,0.005,0.002756175061004512,F1,0.15503875968992248,56961,119,
f6a504b3a0af,rolling_origin,ULB,chronological,0,O,KMeans,0.005,0.002756175061004512,TN,56723.0,56961,119,
f6a504b3a0af,rolling_origin,ULB,chronological,0,O,KMeans,0.005,0.002756175061004512,FP,119.0,56961,119,
f6a504b3a0af,rolling_origin,ULB,chronological,0,O,KMeans,0.005,0.002756175061004512,FN,99.0,56961,119,
f6a504b3a0af,rolling_origin,ULB,chronological,0,O,KMeans,0.005,0.002756175061004512,TP,20.0,56961,119,
f6a504b3a0af,rolling_origin,ULB,chronological,0,O,KMeans,0.005,0.002756175061004512,n_alerts,139.0,56961,119,
f6a504b3a0af,rolling_origin,ULB,chronological,0,O,KMeans,0.005,0.002756175061004512,alert_rate,0.0024402661470128684,56961,119,
f6a504b3a0af,rolling_origin,ULB,chronological,0,O,KMeans,0.005,0.002756175061004512,prevalence,0.002089148715787995,56961,119,
f6a504b3a0af,rolling_origin,ULB,chronological,0,O,KMeans,0.005,0.002756175061004512,lift,68.87249863974367,56961,119,
f6a504b3a0af,rolling_origin,ULB,chronological,0,O,KMeans,0.005,0.002756175061004512,tie_ratio,0.007004792752936195,56961,119,
f6a504b3a0af,rolling_origin,ULB,chronological,0,O,KMeans,0.005,0.002756175061004512,fit_seconds,2.0323994159698486,56961,119,
f6a504b3a0af,rolling_origin,ULB,chronological,0,O,KMeans,0.005,0.002756175061004512,score_seconds,0.10553765296936035,56961,119,
d6a41632a9df,rolling_origin,ULB,chronological,0,O,Ensemble,0.005,0.002756175061004512,PR_AUC,0.04880465230115413,56961,119,
d6a41632a9df,rolling_origin,ULB,chronological,0,O,Ensemble,0.005,0.002756175061004512,ROC_AUC,0.6574652309113365,56961,119,
d6a41632a9df,rolling_origin,ULB,chronological,0,O,Ensemble,0.005,0.002756175061004512,Precision,0.16352201257861634,56961,119,
d6a41632a9df,rolling_origin,ULB,chronological,0,O,Ensemble,0.005,0.002756175061004512,Recall,0.2184873949579832,56961,119,
d6a41632a9df,rolling_origin,ULB,chronological,0,O,Ensemble,0.005,0.002756175061004512,F1,0.18705035971223022,56961,119,
d6a41632a9df,rolling_origin,ULB,chronological,0,O,Ensemble,0.005,0.002756175061004512,TN,56709.0,56961,119,
d6a41632a9df,rolling_origin,ULB,chronological,0,O,Ensemble,0.005,0.002756175061004512,FP,133.0,56961,119,
d6a41632a9df,rolling_origin,ULB,chronological,0,O,Ensemble,0.005,0.002756175061004512,FN,93.0,56961,119,
d6a41632a9df,rolling_origin,ULB,chronological,0,O,Ensemble,0.005,0.002756175061004512,TP,26.0,56961,119,
d6a41632a9df,rolling_origin,ULB,chronological,0,O,Ensemble,0.005,0.002756175061004512,n_alerts,159.0,56961,119,
d6a41632a9df,rolling_origin,ULB,chronological,0,O,Ensemble,0.005,0.002756175061004512,alert_rate,0.0027913835782377417,56961,119,
d6a41632a9df,rolling_origin,ULB,chronological,0,O,Ensemble,0.005,0.002756175061004512,prevalence,0.002089148715787995,56961,119,
d6a41632a9df,rolling_origin,ULB,chronological,0,O,Ensemble,0.005,0.002756175061004512,lift,78.27207864277787,56961,119,
d6a41632a9df,rolling_origin,ULB,chronological,0,O,Ensemble,0.005,0.002756175061004512,tie_ratio,0.07729850248415582,56961,119,
d6a41632a9df,rolling_origin,ULB,chronological,0,O,Ensemble,0.005,0.002756175061004512,fit_seconds,0.0,56961,119,
d6a41632a9df,rolling_origin,ULB,chronological,0,O,Ensemble,0.005,0.002756175061004512,score_seconds,0.0,56961,119,
59dc33fda45c,rolling_origin,ULB,chronological,0,O,Ensemble,0.005,0.002756175061004512,single_point_invariant,1.0,56961,119,invariance
b974a3e99ac1,rolling_origin,ULB,chronological,1,U,IsolationForest,0.005,0.005,PR_AUC,0.025474141679493637,56961,57,
b974a3e99ac1,rolling_origin,ULB,chronological,1,U,IsolationForest,0.005,0.005,ROC_AUC,0.9376339590717269,56961,57,
b974a3e99ac1,rolling_origin,ULB,chronological,1,U,IsolationForest,0.005,0.005,Precision,0.042105263157894736,56961,57,
b974a3e99ac1,rolling_origin,ULB,chronological,1,U,IsolationForest,0.005,0.005,Recall,0.21052631578947367,56961,57,
b974a3e99ac1,rolling_origin,ULB,chronological,1,U,IsolationForest,0.005,0.005,F1,0.07017543859649122,56961,57,
b974a3e99ac1,rolling_origin,ULB,chronological,1,U,IsolationForest,0.005,0.005,TN,56631.0,56961,57,
b974a3e99ac1,rolling_origin,ULB,chronological,1,U,IsolationForest,0.005,0.005,FP,273.0,56961,57,
b974a3e99ac1,rolling_origin,ULB,chronological,1,U,IsolationForest,0.005,0.005,FN,45.0,56961,57,
b974a3e99ac1,rolling_origin,ULB,chronological,1,U,IsolationForest,0.005,0.005,TP,12.0,56961,57,
b974a3e99ac1,rolling_origin,ULB,chronological,1,U,IsolationForest,0.005,0.005,n_alerts,285.0,56961,57,
b974a3e99ac1,rolling_origin,ULB,chronological,1,U,IsolationForest,0.005,0.005,alert_rate,0.005003423394954442,56961,57,
b974a3e99ac1,rolling_origin,ULB,chronological,1,U,IsolationForest,0.005,0.005,prevalence,0.0010006846789908884,56961,57,
b974a3e99ac1,rolling_origin,ULB,chronological,1,U,IsolationForest,0.005,0.005,lift,42.076454293628814,56961,57,
b974a3e99ac1,rolling_origin,ULB,chronological,1,U,IsolationForest,0.005,0.005,tie_ratio,0.04338055862783308,56961,57,
b974a3e99ac1,rolling_origin,ULB,chronological,1,U,IsolationForest,0.005,0.005,fit_seconds,1.1489810943603516,56961,57,
b974a3e99ac1,rolling_origin,ULB,chronological,1,U,IsolationForest,0.005,0.005,score_seconds,1.5752520561218262,56961,57,
4e48eb1cabc4,rolling_origin,ULB,chronological,1,U,LOF,0.005,0.005,PR_AUC,0.001331308073731745,56961,57,
4e48eb1cabc4,rolling_origin,ULB,chronological,1,U,LOF,0.005,0.005,ROC_AUC,0.4418395648195421,56961,57,
4e48eb1cabc4,rolling_origin,ULB,chronological,1,U,LOF,0.005,0.005,Precision,0.003700962250185048,56961,57,
4e48eb1cabc4,rolling_origin,ULB,chronological,1,U,LOF,0.005,0.005,Recall,0.08771929824561403,56961,57,
4e48eb1cabc4,rolling_origin,ULB,chronological,1,U,LOF,0.005,0.005,F1,0.007102272727272727,56961,57,
4e48eb1cabc4,rolling_origin,ULB,chronological,1,U,LOF,0.005,0.005,TN,55558.0,56961,57,
4e48eb1cabc4,rolling_origin,ULB,chronological,1,U,LOF,0.005,0.005,FP,1346.0,56961,57,
4e48eb1cabc4,rolling_origin,ULB,chronological,1,U,LOF,0.005,0.005,FN,52.0,56961,57,
4e48eb1cabc4,rolling_origin,ULB,chronological,1,U,LOF,0.005,0.005,TP,5.0,56961,57,
4e48eb1cabc4,rolling_origin,ULB,chronological,1,U,LOF,0.005,0.005,n_alerts,1351.0,56961,57,
4e48eb1cabc4,rolling_origin,ULB,chronological,1,U,LOF,0.005,0.005,alert_rate,0.02371798247924018,56961,57,
4e48eb1cabc4,rolling_origin,ULB,chronological,1,U,LOF,0.005,0.005,prevalence,0.0010006846789908884,56961,57,
4e48eb1cabc4,rolling_origin,ULB,chronological,1,U,LOF,0.005,0.005,lift,3.698430012855974,56961,57,
4e48eb1cabc4,rolling_origin,ULB,chronological,1,U,LOF,0.005,0.005,tie_ratio,0.007057460367620005,56961,57,
4e48eb1cabc4,rolling_origin,ULB,chronological,1,U,LOF,0.005,0.005,fit_seconds,0.8018989562988281,56961,57,
4e48eb1cabc4,rolling_origin,ULB,chronological,1,U,LOF,0.005,0.005,score_seconds,5.094581842422485,56961,57,
ef0ca07279be,rolling_origin,ULB,chronological,1,U,OneClassSVM,0.005,0.005,PR_AUC,0.031348165051148374,56961,57,
ef0ca07279be,rolling_origin,ULB,chronological,1,U,OneClassSVM,0.005,0.005,ROC_AUC,0.9441413793868898,56961,57,
ef0ca07279be,rolling_origin,ULB,chronological,1,U,OneClassSVM,0.005,0.005,Precision,0.04504504504504504,56961,57,
ef0ca07279be,rolling_origin,ULB,chronological,1,U,OneClassSVM,0.005,0.005,Recall,0.5263157894736842,56961,57,
ef0ca07279be,rolling_origin,ULB,chronological,1,U,OneClassSVM,0.005,0.005,F1,0.08298755186721991,56961,57,
ef0ca07279be,rolling_origin,ULB,chronological,1,U,OneClassSVM,0.005,0.005,TN,56268.0,56961,57,
ef0ca07279be,rolling_origin,ULB,chronological,1,U,OneClassSVM,0.005,0.005,FP,636.0,56961,57,
ef0ca07279be,rolling_origin,ULB,chronological,1,U,OneClassSVM,0.005,0.005,FN,27.0,56961,57,
ef0ca07279be,rolling_origin,ULB,chronological,1,U,OneClassSVM,0.005,0.005,TP,30.0,56961,57,
ef0ca07279be,rolling_origin,ULB,chronological,1,U,OneClassSVM,0.005,0.005,n_alerts,666.0,56961,57,
ef0ca07279be,rolling_origin,ULB,chronological,1,U,OneClassSVM,0.005,0.005,alert_rate,0.011692210459788277,56961,57,
ef0ca07279be,rolling_origin,ULB,chronological,1,U,OneClassSVM,0.005,0.005,prevalence,0.0010006846789908884,56961,57,
ef0ca07279be,rolling_origin,ULB,chronological,1,U,OneClassSVM,0.005,0.005,lift,45.014224751066855,56961,57,
ef0ca07279be,rolling_origin,ULB,chronological,1,U,OneClassSVM,0.005,0.005,tie_ratio,0.003388283211320009,56961,57,
ef0ca07279be,rolling_origin,ULB,chronological,1,U,OneClassSVM,0.005,0.005,fit_seconds,1.013329267501831,56961,57,
ef0ca07279be,rolling_origin,ULB,chronological,1,U,OneClassSVM,0.005,0.005,score_seconds,8.081071376800537,56961,57,
a7e64b9e5ae2,rolling_origin,ULB,chronological,1,U,DBSCAN,0.005,0.005,PR_AUC,0.014258831681595684,56961,57,
a7e64b9e5ae2,rolling_origin,ULB,chronological,1,U,DBSCAN,0.005,0.005,ROC_AUC,0.9288540132843003,56961,57,
a7e64b9e5ae2,rolling_origin,ULB,chronological,1,U,DBSCAN,0.005,0.005,Precision,0.0045662100456621,56961,57,
a7e64b9e5ae2,rolling_origin,ULB,chronological,1,U,DBSCAN,0.005,0.005,Recall,0.03508771929824561,56961,57,
a7e64b9e5ae2,rolling_origin,ULB,chronological,1,U,DBSCAN,0.005,0.005,F1,0.00808080808080808,56961,57,
a7e64b9e5ae2,rolling_origin,ULB,chronological,1,U,DBSCAN,0.005,0.005,TN,56468.0,56961,57,
a7e64b9e5ae2,rolling_origin,ULB,chronological,1,U,DBSCAN,0.005,0.005,FP,436.0,56961,57,
a7e64b9e5ae2,rolling_origin,ULB,chronological,1,U,DBSCAN,0.005,0.005,FN,55.0,56961,57,
a7e64b9e5ae2,rolling_origin,ULB,chronological,1,U,DBSCAN,0.005,0.005,TP,2.0,56961,57,
a7e64b9e5ae2,rolling_origin,ULB,chronological,1,U,DBSCAN,0.005,0.005,n_alerts,438.0,56961,57,
a7e64b9e5ae2,rolling_origin,ULB,chronological,1,U,DBSCAN,0.005,0.005,alert_rate,0.007689471743824722,56961,57,
a7e64b9e5ae2,rolling_origin,ULB,chronological,1,U,DBSCAN,0.005,0.005,prevalence,0.0010006846789908884,56961,57,
a7e64b9e5ae2,rolling_origin,ULB,chronological,1,U,DBSCAN,0.005,0.005,lift,4.56308579668349,56961,57,
a7e64b9e5ae2,rolling_origin,ULB,chronological,1,U,DBSCAN,0.005,0.005,tie_ratio,0.005003423394954409,56961,57,
a7e64b9e5ae2,rolling_origin,ULB,chronological,1,U,DBSCAN,0.005,0.005,fit_seconds,0.7024519443511963,56961,57,
a7e64b9e5ae2,rolling_origin,ULB,chronological,1,U,DBSCAN,0.005,0.005,score_seconds,0.05398201942443848,56961,57,
9183e12dbf83,rolling_origin,ULB,chronological,1,U,KMeans,0.005,0.005,PR_AUC,0.026818811340650124,56961,57,
9183e12dbf83,rolling_origin,ULB,chronological,1,U,KMeans,0.005,0.005,ROC_AUC,0.9532663198837809,56961,57,
9183e12dbf83,rolling_origin,ULB,chronological,1,U,KMeans,0.005,0.005,Precision,0.018276762402088774,56961,57,
9183e12dbf83,rolling_origin,ULB,chronological,1,U,KMeans,0.005,0.005,Recall,0.12280701754385964,56961,57,
9183e12dbf83,rolling_origin,ULB,chronological,1,U,KMeans,0.005,0.005,F1,0.031818181818181815,56961,57,
9183e12dbf83,rolling_origin,ULB,chronological,1,U,KMeans,0.005,0.005,TN,56528.0,56961,57,
9183e12dbf83,rolling_origin,ULB,chronological,1,U,KMeans,0.005,0.005,FP,376.0,56961,57,
9183e12dbf83,rolling_origin,ULB,chronological,1,U,KMeans,0.005,0.005,FN,50.0,56961,57,
9183e12dbf83,rolling_origin,ULB,chronological,1,U,KMeans,0.005,0.005,TP,7.0,56961,57,
9183e12dbf83,rolling_origin,ULB,chronological,1,U,KMeans,0.005,0.005,n_alerts,383.0,56961,57,
9183e12dbf83,rolling_origin,ULB,chronological,1,U,KMeans,0.005,0.005,alert_rate,0.006723898807956321,56961,57,
9183e12dbf83,rolling_origin,ULB,chronological,1,U,KMeans,0.005,0.005,prevalence,0.0010006846789908884,56961,57,
9183e12dbf83,rolling_origin,ULB,chronological,1,U,KMeans,0.005,0.005,lift,18.264257248866294,56961,57,
9183e12dbf83,rolling_origin,ULB,chronological,1,U,KMeans,0.005,0.005,tie_ratio,0.005652990642720512,56961,57,
9183e12dbf83,rolling_origin,ULB,chronological,1,U,KMeans,0.005,0.005,fit_seconds,4.281689405441284,56961,57,
9183e12dbf83,rolling_origin,ULB,chronological,1,U,KMeans,0.005,0.005,score_seconds,0.11451172828674316,56961,57,
3e655ee48b08,rolling_origin,ULB,chronological,1,U,Ensemble,0.005,0.005,PR_AUC,0.053658304016689376,56961,57,
3e655ee48b08,rolling_origin,ULB,chronological,1,U,Ensemble,0.005,0.005,ROC_AUC,0.911128561245656,56961,57,
3e655ee48b08,rolling_origin,ULB,chronological,1,U,Ensemble,0.005,0.005,Precision,0.034934497816593885,56961,57,
3e655ee48b08,rolling_origin,ULB,chronological,1,U,Ensemble,0.005,0.005,Recall,0.42105263157894735,56961,57,
3e655ee48b08,rolling_origin,ULB,chronological,1,U,Ensemble,0.005,0.005,F1,0.06451612903225806,56961,57,
3e655ee48b08,rolling_origin,ULB,chronological,1,U,Ensemble,0.005,0.005,TN,56241.0,56961,57,
3e655ee48b08,rolling_origin,ULB,chronological,1,U,Ensemble,0.005,0.005,FP,663.0,56961,57,
3e655ee48b08,rolling_origin,ULB,chronological,1,U,Ensemble,0.005,0.005,FN,33.0,56961,57,
3e655ee48b08,rolling_origin,ULB,chronological,1,U,Ensemble,0.005,0.005,TP,24.0,56961,57,
3e655ee48b08,rolling_origin,ULB,chronological,1,U,Ensemble,0.005,0.005,n_alerts,687.0,56961,57,
3e655ee48b08,rolling_origin,ULB,chronological,1,U,Ensemble,0.005,0.005,alert_rate,0.012060883762574392,56961,57,
3e655ee48b08,rolling_origin,ULB,chronological,1,U,Ensemble,0.005,0.005,prevalence,0.0010006846789908884,56961,57,
3e655ee48b08,rolling_origin,ULB,chronological,1,U,Ensemble,0.005,0.005,lift,34.910595265456216,56961,57,
3e655ee48b08,rolling_origin,ULB,chronological,1,U,Ensemble,0.005,0.005,tie_ratio,0.07227752321764014,56961,57,
3e655ee48b08,rolling_origin,ULB,chronological,1,U,Ensemble,0.005,0.005,fit_seconds,0.0,56961,57,
3e655ee48b08,rolling_origin,ULB,chronological,1,U,Ensemble,0.005,0.005,score_seconds,0.0,56961,57,
2f31fd161a5d,rolling_origin,ULB,chronological,1,U,Ensemble,0.005,0.005,single_point_invariant,1.0,56961,57,invariance
1a7dc84ef52c,rolling_origin,ULB,chronological,1,N,IsolationForest,0.005,0.005,PR_AUC,0.02101807946401371,56961,57,
1a7dc84ef52c,rolling_origin,ULB,chronological,1,N,IsolationForest,0.005,0.005,ROC_AUC,0.9392766148465498,56961,57,
1a7dc84ef52c,rolling_origin,ULB,chronological,1,N,IsolationForest,0.005,0.005,Precision,0.006153846153846154,56961,57,
1a7dc84ef52c,rolling_origin,ULB,chronological,1,N,IsolationForest,0.005,0.005,Recall,0.03508771929824561,56961,57,
1a7dc84ef52c,rolling_origin,ULB,chronological,1,N,IsolationForest,0.005,0.005,F1,0.010471204188481676,56961,57,
1a7dc84ef52c,rolling_origin,ULB,chronological,1,N,IsolationForest,0.005,0.005,TN,56581.0,56961,57,
1a7dc84ef52c,rolling_origin,ULB,chronological,1,N,IsolationForest,0.005,0.005,FP,323.0,56961,57,
1a7dc84ef52c,rolling_origin,ULB,chronological,1,N,IsolationForest,0.005,0.005,FN,55.0,56961,57,
1a7dc84ef52c,rolling_origin,ULB,chronological,1,N,IsolationForest,0.005,0.005,TP,2.0,56961,57,
1a7dc84ef52c,rolling_origin,ULB,chronological,1,N,IsolationForest,0.005,0.005,n_alerts,325.0,56961,57,
1a7dc84ef52c,rolling_origin,ULB,chronological,1,N,IsolationForest,0.005,0.005,alert_rate,0.005705658257404189,56961,57,
1a7dc84ef52c,rolling_origin,ULB,chronological,1,N,IsolationForest,0.005,0.005,prevalence,0.0010006846789908884,56961,57,
1a7dc84ef52c,rolling_origin,ULB,chronological,1,N,IsolationForest,0.005,0.005,lift,6.1496356275303645,56961,57,
1a7dc84ef52c,rolling_origin,ULB,chronological,1,N,IsolationForest,0.005,0.005,tie_ratio,0.04213409174698479,56961,57,
1a7dc84ef52c,rolling_origin,ULB,chronological,1,N,IsolationForest,0.005,0.005,fit_seconds,1.162416696548462,56961,57,
1a7dc84ef52c,rolling_origin,ULB,chronological,1,N,IsolationForest,0.005,0.005,score_seconds,1.5656027793884277,56961,57,
b2445bf463ee,rolling_origin,ULB,chronological,1,N,LOF,0.005,0.005,PR_AUC,0.15059612146633014,56961,57,
b2445bf463ee,rolling_origin,ULB,chronological,1,N,LOF,0.005,0.005,ROC_AUC,0.866651066369706,56961,57,
b2445bf463ee,rolling_origin,ULB,chronological,1,N,LOF,0.005,0.005,Precision,0.030145530145530147,56961,57,
b2445bf463ee,rolling_origin,ULB,chronological,1,N,LOF,0.005,0.005,Recall,0.5087719298245614,56961,57,
b2445bf463ee,rolling_origin,ULB,chronological,1,N,LOF,0.005,0.005,F1,0.05691854759568204,56961,57,
b2445bf463ee,rolling_origin,ULB,chronological,1,N,LOF,0.005,0.005,TN,55971.0,56961,57,
b2445bf463ee,rolling_origin,ULB,chronological,1,N,LOF,0.005,0.005,FP,933.0,56961,57,
b2445bf463ee,rolling_origin,ULB,chronological,1,N,LOF,0.005,0.005,FN,28.0,56961,57,
b2445bf463ee,rolling_origin,ULB,chronological,1,N,LOF,0.005,0.005,TP,29.0,56961,57,
b2445bf463ee,rolling_origin,ULB,chronological,1,N,LOF,0.005,0.005,n_alerts,962.0,56961,57,
b2445bf463ee,rolling_origin,ULB,chronological,1,N,LOF,0.005,0.005,alert_rate,0.016888748441916398,56961,57,
b2445bf463ee,rolling_origin,ULB,chronological,1,N,LOF,0.005,0.005,prevalence,0.0010006846789908884,56961,57,
b2445bf463ee,rolling_origin,ULB,chronological,1,N,LOF,0.005,0.005,lift,30.12490425648321,56961,57,
b2445bf463ee,rolling_origin,ULB,chronological,1,N,LOF,0.005,0.005,tie_ratio,0.007268130826354913,56961,57,
b2445bf463ee,rolling_origin,ULB,chronological,1,N,LOF,0.005,0.005,fit_seconds,0.8067827224731445,56961,57,
b2445bf463ee,rolling_origin,ULB,chronological,1,N,LOF,0.005,0.005,score_seconds,5.104099750518799,56961,57,
f4a4364d685c,rolling_origin,ULB,chronological,1,N,OneClassSVM,0.005,0.005,PR_AUC,0.09926029805581682,56961,57,
f4a4364d685c,rolling_origin,ULB,chronological,1,N,OneClassSVM,0.005,0.005,ROC_AUC,0.9552854176070007,56961,57,
f4a4364d685c,rolling_origin,ULB,chronological,1,N,OneClassSVM,0.005,0.005,Precision,0.08103130755064457,56961,57,
f4a4364d685c,rolling_origin,ULB,chronological,1,N,OneClassSVM,0.005,0.005,Recall,0.7719298245614035,56961,57,
f4a4364d685c,rolling_origin,ULB,chronological,1,N,OneClassSVM,0.005,0.005,F1,0.14666666666666667,56961,57,
f4a4364d685c,rolling_origin,ULB,chronological,1,N,OneClassSVM,0.005,0.005,TN,56405.0,56961,57,
f4a4364d685c,rolling_origin,ULB,chronological,1,N,OneClassSVM,0.005,0.005,FP,499.0,56961,57,
f4a4364d685c,rolling_origin,ULB,chronological,1,N,OneClassSVM,0.005,0.005,FN,13.0,56961,57,
f4a4364d685c,rolling_origin,ULB,chronological,1,N,OneClassSVM,0.005,0.005,TP,44.0,56961,57,
f4a4364d685c,rolling_origin,ULB,chronological,1,N,OneClassSVM,0.005,0.005,n_alerts,543.0,56961,57,
f4a4364d685c,rolling_origin,ULB,chronological,1,N,OneClassSVM,0.005,0.005,alert_rate,0.009532838257755307,56961,57,
f4a4364d685c,rolling_origin,ULB,chronological,1,N,OneClassSVM,0.005,0.005,prevalence,0.0010006846789908884,56961,57,
f4a4364d685c,rolling_origin,ULB,chronological,1,N,OneClassSVM,0.005,0.005,lift,80.97586507705729,56961,57,
f4a4364d685c,rolling_origin,ULB,chronological,1,N,OneClassSVM,0.005,0.005,tie_ratio,0.00335317146819758,56961,57,
f4a4364d685c,rolling_origin,ULB,chronological,1,N,OneClassSVM,0.005,0.005,fit_seconds,0.8469786643981934,56961,57,
f4a4364d685c,rolling_origin,ULB,chronological,1,N,OneClassSVM,0.005,0.005,score_seconds,8.193190097808838,56961,57,
8885efa316ed,rolling_origin,ULB,chronological,1,N,DBSCAN,0.005,0.005,PR_AUC,0.014029352349689325,56961,57,
8885efa316ed,rolling_origin,ULB,chronological,1,N,DBSCAN,0.005,0.005,ROC_AUC,0.9259836819660567,56961,57,
8885efa316ed,rolling_origin,ULB,chronological,1,N,DBSCAN,0.005,0.005,Precision,0.004576659038901602,56961,57,
8885efa316ed,rolling_origin,ULB,chronological,1,N,DBSCAN,0.005,0.005,Recall,0.03508771929824561,56961,57,
8885efa316ed,rolling_origin,ULB,chronological,1,N,DBSCAN,0.005,0.005,F1,0.008097165991902834,56961,57,
8885efa316ed,rolling_origin,ULB,chronological,1,N,DBSCAN,0.005,0.005,TN,56469.0,56961,57,
8885efa316ed,rolling_origin,ULB,chronological,1,N,DBSCAN,0.005,0.005,FP,435.0,56961,57,
8885efa316ed,rolling_origin,ULB,chronological,1,N,DBSCAN,0.005,0.005,FN,55.0,56961,57,
8885efa316ed,rolling_origin,ULB,chronological,1,N,DBSCAN,0.005,0.005,TP,2.0,56961,57,
8885efa316ed,rolling_origin,ULB,chronological,1,N,DBSCAN,0.005,0.005,n_alerts,437.0,56961,57,
8885efa316ed,rolling_origin,ULB,chronological,1,N,DBSCAN,0.005,0.005,alert_rate,0.007671915872263478,56961,57,
8885efa316ed,rolling_origin,ULB,chronological,1,N,DBSCAN,0.005,0.005,prevalence,0.0010006846789908884,56961,57,
8885efa316ed,rolling_origin,ULB,chronological,1,N,DBSCAN,0.005,0.005,lift,4.573527640611827,56961,57,
8885efa316ed,rolling_origin,ULB,chronological,1,N,DBSCAN,0.005,0.005,tie_ratio,0.005266761468373127,56961,57,
8885efa316ed,rolling_origin,ULB,chronological,1,N,DBSCAN,0.005,0.005,fit_seconds,0.6996493339538574,56961,57,
8885efa316ed,rolling_origin,ULB,chronological,1,N,DBSCAN,0.005,0.005,score_seconds,0.03761911392211914,56961,57,
2f031a7d016a,rolling_origin,ULB,chronological,1,N,KMeans,0.005,0.005,PR_AUC,0.03044213044145917,56961,57,
2f031a7d016a,rolling_origin,ULB,chronological,1,N,KMeans,0.005,0.005,ROC_AUC,0.9563913121761243,56961,57,
2f031a7d016a,rolling_origin,ULB,chronological,1,N,KMeans,0.005,0.005,Precision,0.02577319587628866,56961,57,
2f031a7d016a,rolling_origin,ULB,chronological,1,N,KMeans,0.005,0.005,Recall,0.17543859649122806,56961,57,
2f031a7d016a,rolling_origin,ULB,chronological,1,N,KMeans,0.005,0.005,F1,0.0449438202247191,56961,57,
2f031a7d016a,rolling_origin,ULB,chronological,1,N,KMeans,0.005,0.005,TN,56526.0,56961,57,
2f031a7d016a,rolling_origin,ULB,chronological,1,N,KMeans,0.005,0.005,FP,378.0,56961,57,
2f031a7d016a,rolling_origin,ULB,chronological,1,N,KMeans,0.005,0.005,FN,47.0,56961,57,
2f031a7d016a,rolling_origin,ULB,chronological,1,N,KMeans,0.005,0.005,TP,10.0,56961,57,
2f031a7d016a,rolling_origin,ULB,chronological,1,N,KMeans,0.005,0.005,n_alerts,388.0,56961,57,
2f031a7d016a,rolling_origin,ULB,chronological,1,N,KMeans,0.005,0.005,alert_rate,0.006811678165762539,56961,57,
2f031a7d016a,rolling_origin,ULB,chronological,1,N,KMeans,0.005,0.005,prevalence,0.0010006846789908884,56961,57,
2f031a7d016a,rolling_origin,ULB,chronological,1,N,KMeans,0.005,0.005,lift,25.755561584373304,56961,57,
2f031a7d016a,rolling_origin,ULB,chronological,1,N,KMeans,0.005,0.005,tie_ratio,0.00584610522989415,56961,57,
2f031a7d016a,rolling_origin,ULB,chronological,1,N,KMeans,0.005,0.005,fit_seconds,4.1200337409973145,56961,57,
2f031a7d016a,rolling_origin,ULB,chronological,1,N,KMeans,0.005,0.005,score_seconds,0.1120457649230957,56961,57,
0420ae0769d2,rolling_origin,ULB,chronological,1,N,Ensemble,0.005,0.005,PR_AUC,0.3252193077968053,56961,57,
0420ae0769d2,rolling_origin,ULB,chronological,1,N,Ensemble,0.005,0.005,ROC_AUC,0.9639879785221525,56961,57,
0420ae0769d2,rolling_origin,ULB,chronological,1,N,Ensemble,0.005,0.005,Precision,0.09503239740820735,56961,57,
0420ae0769d2,rolling_origin,ULB,chronological,1,N,Ensemble,0.005,0.005,Recall,0.7719298245614035,56961,57,
0420ae0769d2,rolling_origin,ULB,chronological,1,N,Ensemble,0.005,0.005,F1,0.16923076923076924,56961,57,
0420ae0769d2,rolling_origin,ULB,chronological,1,N,Ensemble,0.005,0.005,TN,56485.0,56961,57,
0420ae0769d2,rolling_origin,ULB,chronological,1,N,Ensemble,0.005,0.005,FP,419.0,56961,57,
0420ae0769d2,rolling_origin,ULB,chronological,1,N,Ensemble,0.005,0.005,FN,13.0,56961,57,
0420ae0769d2,rolling_origin,ULB,chronological,1,N,Ensemble,0.005,0.005,TP,44.0,56961,57,
0420ae0769d2,rolling_origin,ULB,chronological,1,N,Ensemble,0.005,0.005,n_alerts,463.0,56961,57,
0420ae0769d2,rolling_origin,ULB,chronological,1,N,Ensemble,0.005,0.005,alert_rate,0.008128368532855814,56961,57,
0420ae0769d2,rolling_origin,ULB,chronological,1,N,Ensemble,0.005,0.005,prevalence,0.0010006846789908884,56961,57,
0420ae0769d2,rolling_origin,ULB,chronological,1,N,Ensemble,0.005,0.005,lift,94.96737524155964,56961,57,
0420ae0769d2,rolling_origin,ULB,chronological,1,N,Ensemble,0.005,0.005,tie_ratio,0.07053949193307707,56961,57,
0420ae0769d2,rolling_origin,ULB,chronological,1,N,Ensemble,0.005,0.005,fit_seconds,0.0,56961,57,
0420ae0769d2,rolling_origin,ULB,chronological,1,N,Ensemble,0.005,0.005,score_seconds,0.0,56961,57,
a6815f71467b,rolling_origin,ULB,chronological,1,N,Ensemble,0.005,0.005,single_point_invariant,1.0,56961,57,invariance
042fb429903b,rolling_origin,ULB,chronological,1,O,IsolationForest,0.005,0.002115445384642393,PR_AUC,0.025474141679493637,56961,57,
042fb429903b,rolling_origin,ULB,chronological,1,O,IsolationForest,0.005,0.002115445384642393,ROC_AUC,0.9376339590717269,56961,57,
042fb429903b,rolling_origin,ULB,chronological,1,O,IsolationForest,0.005,0.002115445384642393,Precision,0.008771929824561403,56961,57,
042fb429903b,rolling_origin,ULB,chronological,1,O,IsolationForest,0.005,0.002115445384642393,Recall,0.017543859649122806,56961,57,
042fb429903b,rolling_origin,ULB,chronological,1,O,IsolationForest,0.005,0.002115445384642393,F1,0.011695906432748537,56961,57,
042fb429903b,rolling_origin,ULB,chronological,1,O,IsolationForest,0.005,0.002115445384642393,TN,56791.0,56961,57,
042fb429903b,rolling_origin,ULB,chronological,1,O,IsolationForest,0.005,0.002115445384642393,FP,113.0,56961,57,
042fb429903b,rolling_origin,ULB,chronological,1,O,IsolationForest,0.005,0.002115445384642393,FN,56.0,56961,57,
042fb429903b,rolling_origin,ULB,chronological,1,O,IsolationForest,0.005,0.002115445384642393,TP,1.0,56961,57,
042fb429903b,rolling_origin,ULB,chronological,1,O,IsolationForest,0.005,0.002115445384642393,n_alerts,114.0,56961,57,
042fb429903b,rolling_origin,ULB,chronological,1,O,IsolationForest,0.005,0.002115445384642393,alert_rate,0.002001369357981777,56961,57,
042fb429903b,rolling_origin,ULB,chronological,1,O,IsolationForest,0.005,0.002115445384642393,prevalence,0.0010006846789908884,56961,57,
042fb429903b,rolling_origin,ULB,chronological,1,O,IsolationForest,0.005,0.002115445384642393,lift,8.765927977839336,56961,57,
042fb429903b,rolling_origin,ULB,chronological,1,O,IsolationForest,0.005,0.002115445384642393,tie_ratio,0.04338055862783308,56961,57,
042fb429903b,rolling_origin,ULB,chronological,1,O,IsolationForest,0.005,0.002115445384642393,fit_seconds,1.1508491039276123,56961,57,
042fb429903b,rolling_origin,ULB,chronological,1,O,IsolationForest,0.005,0.002115445384642393,score_seconds,1.5778968334197998,56961,57,
eddca9fff1ef,rolling_origin,ULB,chronological,1,O,LOF,0.005,0.002115445384642393,PR_AUC,0.001331308073731745,56961,57,
eddca9fff1ef,rolling_origin,ULB,chronological,1,O,LOF,0.005,0.002115445384642393,ROC_AUC,0.4418395648195421,56961,57,
eddca9fff1ef,rolling_origin,ULB,chronological,1,O,LOF,0.005,0.002115445384642393,Precision,0.0,56961,57,
eddca9fff1ef,rolling_origin,ULB,chronological,1,O,LOF,0.005,0.002115445384642393,Recall,0.0,56961,57,
eddca9fff1ef,rolling_origin,ULB,chronological,1,O,LOF,0.005,0.002115445384642393,F1,0.0,56961,57,
eddca9fff1ef,rolling_origin,ULB,chronological,1,O,LOF,0.005,0.002115445384642393,TN,56423.0,56961,57,
eddca9fff1ef,rolling_origin,ULB,chronological,1,O,LOF,0.005,0.002115445384642393,FP,481.0,56961,57,
eddca9fff1ef,rolling_origin,ULB,chronological,1,O,LOF,0.005,0.002115445384642393,FN,57.0,56961,57,
eddca9fff1ef,rolling_origin,ULB,chronological,1,O,LOF,0.005,0.002115445384642393,TP,0.0,56961,57,
eddca9fff1ef,rolling_origin,ULB,chronological,1,O,LOF,0.005,0.002115445384642393,n_alerts,481.0,56961,57,
eddca9fff1ef,rolling_origin,ULB,chronological,1,O,LOF,0.005,0.002115445384642393,alert_rate,0.008444374220958199,56961,57,
eddca9fff1ef,rolling_origin,ULB,chronological,1,O,LOF,0.005,0.002115445384642393,prevalence,0.0010006846789908884,56961,57,
eddca9fff1ef,rolling_origin,ULB,chronological,1,O,LOF,0.005,0.002115445384642393,lift,0.0,56961,57,
eddca9fff1ef,rolling_origin,ULB,chronological,1,O,LOF,0.005,0.002115445384642393,tie_ratio,0.007057460367620005,56961,57,
eddca9fff1ef,rolling_origin,ULB,chronological,1,O,LOF,0.005,0.002115445384642393,fit_seconds,0.8059313297271729,56961,57,
eddca9fff1ef,rolling_origin,ULB,chronological,1,O,LOF,0.005,0.002115445384642393,score_seconds,5.085484504699707,56961,57,
e98703aaabc7,rolling_origin,ULB,chronological,1,O,OneClassSVM,0.005,0.002115445384642393,PR_AUC,0.03136507508724892,56961,57,
e98703aaabc7,rolling_origin,ULB,chronological,1,O,OneClassSVM,0.005,0.002115445384642393,ROC_AUC,0.9441765263009907,56961,57,
e98703aaabc7,rolling_origin,ULB,chronological,1,O,OneClassSVM,0.005,0.002115445384642393,Precision,0.030303030303030304,56961,57,
e98703aaabc7,rolling_origin,ULB,chronological,1,O,OneClassSVM,0.005,0.002115445384642393,Recall,0.12280701754385964,56961,57,
e98703aaabc7,rolling_origin,ULB,chronological,1,O,OneClassSVM,0.005,0.002115445384642393,F1,0.04861111111111111,56961,57,
e98703aaabc7,rolling_origin,ULB,chronological,1,O,OneClassSVM,0.005,0.002115445384642393,TN,56680.0,56961,57,
e98703aaabc7,rolling_origin,ULB,chronological,1,O,OneClassSVM,0.005,0.002115445384642393,FP,224.0,56961,57,
e98703aaabc7,rolling_origin,ULB,chronological,1,O,OneClassSVM,0.005,0.002115445384642393,FN,50.0,56961,57,
e98703aaabc7,rolling_origin,ULB,chronological,1,O,OneClassSVM,0.005,0.002115445384642393,TP,7.0,56961,57,
e98703aaabc7,rolling_origin,ULB,chronological,1,O,OneClassSVM,0.005,0.002115445384642393,n_alerts,231.0,56961,57,
e98703aaabc7,rolling_origin,ULB,chronological,1,O,OneClassSVM,0.005,0.002115445384642393,alert_rate,0.004055406330647285,56961,57,
e98703aaabc7,rolling_origin,ULB,chronological,1,O,OneClassSVM,0.005,0.002115445384642393,prevalence,0.0010006846789908884,56961,57,
e98703aaabc7,rolling_origin,ULB,chronological,1,O,OneClassSVM,0.005,0.002115445384642393,lift,30.282296650717708,56961,57,
e98703aaabc7,rolling_origin,ULB,chronological,1,O,OneClassSVM,0.005,0.002115445384642393,tie_ratio,0.003388283211320009,56961,57,
e98703aaabc7,rolling_origin,ULB,chronological,1,O,OneClassSVM,0.005,0.002115445384642393,fit_seconds,0.7989308834075928,56961,57,
e98703aaabc7,rolling_origin,ULB,chronological,1,O,OneClassSVM,0.005,0.002115445384642393,score_seconds,8.064696788787842,56961,57,
026a64f59be5,rolling_origin,ULB,chronological,1,O,DBSCAN,0.005,0.002115445384642393,PR_AUC,0.014258831681595684,56961,57,
026a64f59be5,rolling_origin,ULB,chronological,1,O,DBSCAN,0.005,0.002115445384642393,ROC_AUC,0.9288540132843003,56961,57,
026a64f59be5,rolling_origin,ULB,chronological,1,O,DBSCAN,0.005,0.002115445384642393,Precision,0.0,56961,57,
026a64f59be5,rolling_origin,ULB,chronological,1,O,DBSCAN,0.005,0.002115445384642393,Recall,0.0,56961,57,
026a64f59be5,rolling_origin,ULB,chronological,1,O,DBSCAN,0.005,0.002115445384642393,F1,0.0,56961,57,
026a64f59be5,rolling_origin,ULB,chronological,1,O,DBSCAN,0.005,0.002115445384642393,TN,56740.0,56961,57,
026a64f59be5,rolling_origin,ULB,chronological,1,O,DBSCAN,0.005,0.002115445384642393,FP,164.0,56961,57,
026a64f59be5,rolling_origin,ULB,chronological,1,O,DBSCAN,0.005,0.002115445384642393,FN,57.0,56961,57,
026a64f59be5,rolling_origin,ULB,chronological,1,O,DBSCAN,0.005,0.002115445384642393,TP,0.0,56961,57,
026a64f59be5,rolling_origin,ULB,chronological,1,O,DBSCAN,0.005,0.002115445384642393,n_alerts,164.0,56961,57,
026a64f59be5,rolling_origin,ULB,chronological,1,O,DBSCAN,0.005,0.002115445384642393,alert_rate,0.00287916293604396,56961,57,
026a64f59be5,rolling_origin,ULB,chronological,1,O,DBSCAN,0.005,0.002115445384642393,prevalence,0.0010006846789908884,56961,57,
026a64f59be5,rolling_origin,ULB,chronological,1,O,DBSCAN,0.005,0.002115445384642393,lift,0.0,56961,57,
026a64f59be5,rolling_origin,ULB,chronological,1,O,DBSCAN,0.005,0.002115445384642393,tie_ratio,0.005003423394954409,56961,57,
026a64f59be5,rolling_origin,ULB,chronological,1,O,DBSCAN,0.005,0.002115445384642393,fit_seconds,0.6919722557067871,56961,57,
026a64f59be5,rolling_origin,ULB,chronological,1,O,DBSCAN,0.005,0.002115445384642393,score_seconds,0.05141854286193848,56961,57,
095bc9784099,rolling_origin,ULB,chronological,1,O,KMeans,0.005,0.002115445384642393,PR_AUC,0.02681881134065013,56961,57,
095bc9784099,rolling_origin,ULB,chronological,1,O,KMeans,0.005,0.002115445384642393,ROC_AUC,0.9532663198837809,56961,57,
095bc9784099,rolling_origin,ULB,chronological,1,O,KMeans,0.005,0.002115445384642393,Precision,0.0,56961,57,
095bc9784099,rolling_origin,ULB,chronological,1,O,KMeans,0.005,0.002115445384642393,Recall,0.0,56961,57,
095bc9784099,rolling_origin,ULB,chronological,1,O,KMeans,0.005,0.002115445384642393,F1,0.0,56961,57,
095bc9784099,rolling_origin,ULB,chronological,1,O,KMeans,0.005,0.002115445384642393,TN,56720.0,56961,57,
095bc9784099,rolling_origin,ULB,chronological,1,O,KMeans,0.005,0.002115445384642393,FP,184.0,56961,57,
095bc9784099,rolling_origin,ULB,chronological,1,O,KMeans,0.005,0.002115445384642393,FN,57.0,56961,57,
095bc9784099,rolling_origin,ULB,chronological,1,O,KMeans,0.005,0.002115445384642393,TP,0.0,56961,57,
095bc9784099,rolling_origin,ULB,chronological,1,O,KMeans,0.005,0.002115445384642393,n_alerts,184.0,56961,57,
095bc9784099,rolling_origin,ULB,chronological,1,O,KMeans,0.005,0.002115445384642393,alert_rate,0.0032302803672688333,56961,57,
095bc9784099,rolling_origin,ULB,chronological,1,O,KMeans,0.005,0.002115445384642393,prevalence,0.0010006846789908884,56961,57,
095bc9784099,rolling_origin,ULB,chronological,1,O,KMeans,0.005,0.002115445384642393,lift,0.0,56961,57,
095bc9784099,rolling_origin,ULB,chronological,1,O,KMeans,0.005,0.002115445384642393,tie_ratio,0.005600323028036702,56961,57,
095bc9784099,rolling_origin,ULB,chronological,1,O,KMeans,0.005,0.002115445384642393,fit_seconds,4.330315113067627,56961,57,
095bc9784099,rolling_origin,ULB,chronological,1,O,KMeans,0.005,0.002115445384642393,score_seconds,0.10726404190063477,56961,57,
b2ef41e3ad66,rolling_origin,ULB,chronological,1,O,Ensemble,0.005,0.002115445384642393,PR_AUC,0.053658889951278224,56961,57,
b2ef41e3ad66,rolling_origin,ULB,chronological,1,O,Ensemble,0.005,0.002115445384642393,ROC_AUC,0.9111293320113161,56961,57,
b2ef41e3ad66,rolling_origin,ULB,chronological,1,O,Ensemble,0.005,0.002115445384642393,Precision,0.06818181818181818,56961,57,
b2ef41e3ad66,rolling_origin,ULB,chronological,1,O,Ensemble,0.005,0.002115445384642393,Recall,0.3684210526315789,56961,57,
b2ef41e3ad66,rolling_origin,ULB,chronological,1,O,Ensemble,0.005,0.002115445384642393,F1,0.11506849315068493,56961,57,
b2ef41e3ad66,rolling_origin,ULB,chronological,1,O,Ensemble,0.005,0.002115445384642393,TN,56617.0,56961,57,
b2ef41e3ad66,rolling_origin,ULB,chronological,1,O,Ensemble,0.005,0.002115445384642393,FP,287.0,56961,57,
b2ef41e3ad66,rolling_origin,ULB,chronological,1,O,Ensemble,0.005,0.002115445384642393,FN,36.0,56961,57,
b2ef41e3ad66,rolling_origin,ULB,chronological,1,O,Ensemble,0.005,0.002115445384642393,TP,21.0,56961,57,
b2ef41e3ad66,rolling_origin,ULB,chronological,1,O,Ensemble,0.005,0.002115445384642393,n_alerts,308.0,56961,57,
b2ef41e3ad66,rolling_origin,ULB,chronological,1,O,Ensemble,0.005,0.002115445384642393,alert_rate,0.005407208440863047,56961,57,
b2ef41e3ad66,rolling_origin,ULB,chronological,1,O,Ensemble,0.005,0.002115445384642393,prevalence,0.0010006846789908884,56961,57,
b2ef41e3ad66,rolling_origin,ULB,chronological,1,O,Ensemble,0.005,0.002115445384642393,lift,68.13516746411483,56961,57,
b2ef41e3ad66,rolling_origin,ULB,chronological,1,O,Ensemble,0.005,0.002115445384642393,tie_ratio,0.07155773248362918,56961,57,
b2ef41e3ad66,rolling_origin,ULB,chronological,1,O,Ensemble,0.005,0.002115445384642393,fit_seconds,0.0,56961,57,
b2ef41e3ad66,rolling_origin,ULB,chronological,1,O,Ensemble,0.005,0.002115445384642393,score_seconds,0.0,56961,57,
9942254397e3,rolling_origin,ULB,chronological,1,O,Ensemble,0.005,0.002115445384642393,single_point_invariant,1.0,56961,57,invariance
091d2f28b667,rolling_origin,ULB,chronological,2,U,IsolationForest,0.005,0.005,PR_AUC,0.05456278935507302,56961,75,
091d2f28b667,rolling_origin,ULB,chronological,2,U,IsolationForest,0.005,0.005,ROC_AUC,0.948434881458824,56961,75,
091d2f28b667,rolling_origin,ULB,chronological,2,U,IsolationForest,0.005,0.005,Precision,0.06547619047619048,56961,75,
091d2f28b667,rolling_origin,ULB,chronological,2,U,IsolationForest,0.005,0.005,Recall,0.14666666666666667,56961,75,
091d2f28b667,rolling_origin,ULB,chronological,2,U,IsolationForest,0.005,0.005,F1,0.09053497942386832,56961,75,
091d2f28b667,rolling_origin,ULB,chronological,2,U,IsolationForest,0.005,0.005,TN,56729.0,56961,75,
091d2f28b667,rolling_origin,ULB,chronological,2,U,IsolationForest,0.005,0.005,FP,157.0,56961,75,
091d2f28b667,rolling_origin,ULB,chronological,2,U,IsolationForest,0.005,0.005,FN,64.0,56961,75,
091d2f28b667,rolling_origin,ULB,chronological,2,U,IsolationForest,0.005,0.005,TP,11.0,56961,75,
091d2f28b667,rolling_origin,ULB,chronological,2,U,IsolationForest,0.005,0.005,n_alerts,168.0,56961,75,
091d2f28b667,rolling_origin,ULB,chronological,2,U,IsolationForest,0.005,0.005,alert_rate,0.0029493864222889347,56961,75,
091d2f28b667,rolling_origin,ULB,chronological,2,U,IsolationForest,0.005,0.005,prevalence,0.0013166903670932743,56961,75,
091d2f28b667,rolling_origin,ULB,chronological,2,U,IsolationForest,0.005,0.005,lift,49.72785714285715,56961,75,
091d2f28b667,rolling_origin,ULB,chronological,2,U,IsolationForest,0.005,0.005,tie_ratio,0.019627464405470363,56961,75,
091d2f28b667,rolling_origin,ULB,chronological,2,U,IsolationForest,0.005,0.005,fit_seconds,1.2552707195281982,56961,75,
091d2f28b667,rolling_origin,ULB,chronological,2,U,IsolationForest,0.005,0.005,score_seconds,1.5999350547790527,56961,75,
1f90d98c99aa,rolling_origin,ULB,chronological,2,U,LOF,0.005,0.005,PR_AUC,0.06311135603314122,56961,75,
1f90d98c99aa,rolling_origin,ULB,chronological,2,U,LOF,0.005,0.005,ROC_AUC,0.7364204432256325,56961,75,
1f90d98c99aa,rolling_origin,ULB,chronological,2,U,LOF,0.005,0.005,Precision,0.04647160068846816,56961,75,
1f90d98c99aa,rolling_origin,ULB,chronological,2,U,LOF,0.005,0.005,Recall,0.36,56961,75,
1f90d98c99aa,rolling_origin,ULB,chronological,2,U,LOF,0.005,0.005,F1,0.08231707317073171,56961,75,
1f90d98c99aa,rolling_origin,ULB,chronological,2,U,LOF,0.005,0.005,TN,56332.0,56961,75,
1f90d98c99aa,rolling_origin,ULB,chronological,2,U,LOF,0.005,0.005,FP,554.0,56961,75,
1f90d98c99aa,rolling_origin,ULB,chronological,2,U,LOF,0.005,0.005,FN,48.0,56961,75,
1f90d98c99aa,rolling_origin,ULB,chronological,2,U,LOF,0.005,0.005,TP,27.0,56961,75,
1f90d98c99aa,rolling_origin,ULB,chronological,2,U,LOF,0.005,0.005,n_alerts,581.0,56961,75,
1f90d98c99aa,rolling_origin,ULB,chronological,2,U,LOF,0.005,0.005,alert_rate,0.010199961377082565,56961,75,
1f90d98c99aa,rolling_origin,ULB,chronological,2,U,LOF,0.005,0.005,prevalence,0.0013166903670932743,56961,75,
1f90d98c99aa,rolling_origin,ULB,chronological,2,U,LOF,0.005,0.005,lift,35.294251290877796,56961,75,
1f90d98c99aa,rolling_origin,ULB,chronological,2,U,LOF,0.005,0.005,tie_ratio,0.02071592844226755,56961,75,
1f90d98c99aa,rolling_origin,ULB,chronological,2,U,LOF,0.005,0.005,fit_seconds,0.8028373718261719,56961,75,
1f90d98c99aa,rolling_origin,ULB,chronological,2,U,LOF,0.005,0.005,score_seconds,5.138697862625122,56961,75,
06d4a12cd5c2,rolling_origin,ULB,chronological,2,U,OneClassSVM,0.005,0.005,PR_AUC,0.07727349533279268,56961,75,
06d4a12cd5c2,rolling_origin,ULB,chronological,2,U,OneClassSVM,0.005,0.005,ROC_AUC,0.9465656459117066,56961,75,
06d4a12cd5c2,rolling_origin,ULB,chronological,2,U,OneClassSVM,0.005,0.005,Precision,0.11764705882352941,56961,75,
06d4a12cd5c2,rolling_origin,ULB,chronological,2,U,OneClassSVM,0.005,0.005,Recall,0.32,56961,75,
06d4a12cd5c2,rolling_origin,ULB,chronological,2,U,OneClassSVM,0.005,0.005,F1,0.17204301075268819,56961,75,
06d4a12cd5c2,rolling_origin,ULB,chronological,2,U,OneClassSVM,0.005,0.005,TN,56706.0,56961,75,
06d4a12cd5c2,rolling_origin,ULB,chronological,2,U,OneClassSVM,0.005,0.005,FP,180.0,56961,75,
06d4a12cd5c2,rolling_origin,ULB,chronological,2,U,OneClassSVM,0.005,0.005,FN,51.0,56961,75,
06d4a12cd5c2,rolling_origin,ULB,chronological,2,U,OneClassSVM,0.005,0.005,TP,24.0,56961,75,
06d4a12cd5c2,rolling_origin,ULB,chronological,2,U,OneClassSVM,0.005,0.005,n_alerts,204.0,56961,75,
06d4a12cd5c2,rolling_origin,ULB,chronological,2,U,OneClassSVM,0.005,0.005,alert_rate,0.003581397798493706,56961,75,
06d4a12cd5c2,rolling_origin,ULB,chronological,2,U,OneClassSVM,0.005,0.005,prevalence,0.0013166903670932743,56961,75,
06d4a12cd5c2,rolling_origin,ULB,chronological,2,U,OneClassSVM,0.005,0.005,lift,89.35058823529411,56961,75,
06d4a12cd5c2,rolling_origin,ULB,chronological,2,U,OneClassSVM,0.005,0.005,tie_ratio,0.0036165095416161863,56961,75,
06d4a12cd5c2,rolling_origin,ULB,chronological,2,U,OneClassSVM,0.005,0.005,fit_seconds,0.7579717636108398,56961,75,
06d4a12cd5c2,rolling_origin,ULB,chronological,2,U,OneClassSVM,0.005,0.005,score_seconds,6.688175916671753,56961,75,
89aabb054a67,rolling_origin,ULB,chronological,2,U,DBSCAN,0.005,0.005,PR_AUC,0.02882821434657018,56961,75,
89aabb054a67,rolling_origin,ULB,chronological,2,U,DBSCAN,0.005,0.005,ROC_AUC,0.9498581959240118,56961,75,
89aabb054a67,rolling_origin,ULB,chronological,2,U,DBSCAN,0.005,0.005,Precision,0.0,56961,75,
89aabb054a67,rolling_origin,ULB,chronological,2,U,DBSCAN,0.005,0.005,Recall,0.0,56961,75,
89aabb054a67,rolling_origin,ULB,chronological,2,U,DBSCAN,0.005,0.005,F1,0.0,56961,75,
89aabb054a67,rolling_origin,ULB,chronological,2,U,DBSCAN,0.005,0.005,TN,56706.0,56961,75,
89aabb054a67,rolling_origin,ULB,chronological,2,U,DBSCAN,0.005,0.005,FP,180.0,56961,75,
89aabb054a67,rolling_origin,ULB,chronological,2,U,DBSCAN,0.005,0.005,FN,75.0,56961,75,
89aabb054a67,rolling_origin,ULB,chronological,2,U,DBSCAN,0.005,0.005,TP,0.0,56961,75,
89aabb054a67,rolling_origin,ULB,chronological,2,U,DBSCAN,0.005,0.005,n_alerts,180.0,56961,75,
89aabb054a67,rolling_origin,ULB,chronological,2,U,DBSCAN,0.005,0.005,alert_rate,0.0031600568810238585,56961,75,
89aabb054a67,rolling_origin,ULB,chronological,2,U,DBSCAN,0.005,0.005,prevalence,0.0013166903670932743,56961,75,
89aabb054a67,rolling_origin,ULB,chronological,2,U,DBSCAN,0.005,0.005,lift,0.0,56961,75,
89aabb054a67,rolling_origin,ULB,chronological,2,U,DBSCAN,0.005,0.005,tie_ratio,0.011499095872614551,56961,75,
89aabb054a67,rolling_origin,ULB,chronological,2,U,DBSCAN,0.005,0.005,fit_seconds,0.6945497989654541,56961,75,
89aabb054a67,rolling_origin,ULB,chronological,2,U,DBSCAN,0.005,0.005,score_seconds,0.026539325714111328,56961,75,
a58c602c3a4a,rolling_origin,ULB,chronological,2,U,KMeans,0.005,0.005,PR_AUC,0.05052458592903036,56961,75,
a58c602c3a4a,rolling_origin,ULB,chronological,2,U,KMeans,0.005,0.005,ROC_AUC,0.964730630852348,56961,75,
a58c602c3a4a,rolling_origin,ULB,chronological,2,U,KMeans,0.005,0.005,Precision,0.06467661691542288,56961,75,
a58c602c3a4a,rolling_origin,ULB,chronological,2,U,KMeans,0.005,0.005,Recall,0.17333333333333334,56961,75,
a58c602c3a4a,rolling_origin,ULB,chronological,2,U,KMeans,0.005,0.005,F1,0.09420289855072464,56961,75,
a58c602c3a4a,rolling_origin,ULB,chronological,2,U,KMeans,0.005,0.005,TN,56698.0,56961,75,
a58c602c3a4a,rolling_origin,ULB,chronological,2,U,KMeans,0.005,0.005,FP,188.0,56961,75,
a58c602c3a4a,rolling_origin,ULB,chronological,2,U,KMeans,0.005,0.005,FN,62.0,56961,75,
a58c602c3a4a,rolling_origin,ULB,chronological,2,U,KMeans,0.005,0.005,TP,13.0,56961,75,
a58c602c3a4a,rolling_origin,ULB,chronological,2,U,KMeans,0.005,0.005,n_alerts,201.0,56961,75,
a58c602c3a4a,rolling_origin,ULB,chronological,2,U,KMeans,0.005,0.005,alert_rate,0.0035287301838099754,56961,75,
a58c602c3a4a,rolling_origin,ULB,chronological,2,U,KMeans,0.005,0.005,prevalence,0.0013166903670932743,56961,75,
a58c602c3a4a,rolling_origin,ULB,chronological,2,U,KMeans,0.005,0.005,lift,49.12059701492537,56961,75,
a58c602c3a4a,rolling_origin,ULB,chronological,2,U,KMeans,0.005,0.005,tie_ratio,0.006723898807956319,56961,75,
a58c602c3a4a,rolling_origin,ULB,chronological,2,U,KMeans,0.005,0.005,fit_seconds,5.972917795181274,56961,75,
a58c602c3a4a,rolling_origin,ULB,chronological,2,U,KMeans,0.005,0.005,score_seconds,0.10874772071838379,56961,75,
bf232f2e63e2,rolling_origin,ULB,chronological,2,U,Ensemble,0.005,0.005,PR_AUC,0.05048535387333465,56961,75,
bf232f2e63e2,rolling_origin,ULB,chronological,2,U,Ensemble,0.005,0.005,ROC_AUC,0.9520054143374469,56961,75,
bf232f2e63e2,rolling_origin,ULB,chronological,2,U,Ensemble,0.005,0.005,Precision,0.07954545454545454,56961,75,
bf232f2e63e2,rolling_origin,ULB,chronological,2,U,Ensemble,0.005,0.005,Recall,0.18666666666666668,56961,75,
bf232f2e63e2,rolling_origin,ULB,chronological,2,U,Ensemble,0.005,0.005,F1,0.11155378486055777,56961,75,
bf232f2e63e2,rolling_origin,ULB,chronological,2,U,Ensemble,0.005,0.005,TN,56724.0,56961,75,
bf232f2e63e2,rolling_origin,ULB,chronological,2,U,Ensemble,0.005,0.005,FP,162.0,56961,75,
bf232f2e63e2,rolling_origin,ULB,chronological,2,U,Ensemble,0.005,0.005,FN,61.0,56961,75,
bf232f2e63e2,rolling_origin,ULB,chronological,2,U,Ensemble,0.005,0.005,TP,14.0,56961,75,
bf232f2e63e2,rolling_origin,ULB,chronological,2,U,Ensemble,0.005,0.005,n_alerts,176.0,56961,75,
bf232f2e63e2,rolling_origin,ULB,chronological,2,U,Ensemble,0.005,0.005,alert_rate,0.003089833394778884,56961,75,
bf232f2e63e2,rolling_origin,ULB,chronological,2,U,Ensemble,0.005,0.005,prevalence,0.0013166903670932743,56961,75,
bf232f2e63e2,rolling_origin,ULB,chronological,2,U,Ensemble,0.005,0.005,lift,60.41318181818182,56961,75,
bf232f2e63e2,rolling_origin,ULB,chronological,2,U,Ensemble,0.005,0.005,tie_ratio,0.07587647688769505,56961,75,
bf232f2e63e2,rolling_origin,ULB,chronological,2,U,Ensemble,0.005,0.005,fit_seconds,0.0,56961,75,
bf232f2e63e2,rolling_origin,ULB,chronological,2,U,Ensemble,0.005,0.005,score_seconds,0.0,56961,75,
97cd16a966b6,rolling_origin,ULB,chronological,2,U,Ensemble,0.005,0.005,single_point_invariant,1.0,56961,75,invariance
b3f6dfae5e71,rolling_origin,ULB,chronological,2,N,IsolationForest,0.005,0.005,PR_AUC,0.03689637579882185,56961,75,
b3f6dfae5e71,rolling_origin,ULB,chronological,2,N,IsolationForest,0.005,0.005,ROC_AUC,0.9442227144347173,56961,75,
b3f6dfae5e71,rolling_origin,ULB,chronological,2,N,IsolationForest,0.005,0.005,Precision,0.02717391304347826,56961,75,
b3f6dfae5e71,rolling_origin,ULB,chronological,2,N,IsolationForest,0.005,0.005,Recall,0.06666666666666667,56961,75,
b3f6dfae5e71,rolling_origin,ULB,chronological,2,N,IsolationForest,0.005,0.005,F1,0.03861003861003861,56961,75,
b3f6dfae5e71,rolling_origin,ULB,chronological,2,N,IsolationForest,0.005,0.005,TN,56707.0,56961,75,
b3f6dfae5e71,rolling_origin,ULB,chronological,2,N,IsolationForest,0.005,0.005,FP,179.0,56961,75,
b3f6dfae5e71,rolling_origin,ULB,chronological,2,N,IsolationForest,0.005,0.005,FN,70.0,56961,75,
b3f6dfae5e71,rolling_origin,ULB,chronological,2,N,IsolationForest,0.005,0.005,TP,5.0,56961,75,
b3f6dfae5e71,rolling_origin,ULB,chronological,2,N,IsolationForest,0.005,0.005,n_alerts,184.0,56961,75,
b3f6dfae5e71,rolling_origin,ULB,chronological,2,N,IsolationForest,0.005,0.005,alert_rate,0.0032302803672688333,56961,75,
b3f6dfae5e71,rolling_origin,ULB,chronological,2,N,IsolationForest,0.005,0.005,prevalence,0.0013166903670932743,56961,75,
b3f6dfae5e71,rolling_origin,ULB,chronological,2,N,IsolationForest,0.005,0.005,lift,20.63804347826087,56961,75,
b3f6dfae5e71,rolling_origin,ULB,chronological,2,N,IsolationForest,0.005,0.005,tie_ratio,0.01824055055213214,56961,75,
b3f6dfae5e71,rolling_origin,ULB,chronological,2,N,IsolationForest,0.005,0.005,fit_seconds,1.3872079849243164,56961,75,
b3f6dfae5e71,rolling_origin,ULB,chronological,2,N,IsolationForest,0.005,0.005,score_seconds,1.6023669242858887,56961,75,
969a155159aa,rolling_origin,ULB,chronological,2,N,LOF,0.005,0.005,PR_AUC,0.5529689702490008,56961,75,
969a155159aa,rolling_origin,ULB,chronological,2,N,LOF,0.005,0.005,ROC_AUC,0.9343547914542536,56961,75,
969a155159aa,rolling_origin,ULB,chronological,2,N,LOF,0.005,0.005,Precision,0.0888208269525268,56961,75,
969a155159aa,rolling_origin,ULB,chronological,2,N,LOF,0.005,0.005,Recall,0.7733333333333333,56961,75,
969a155159aa,rolling_origin,ULB,chronological,2,N,LOF,0.005,0.005,F1,0.15934065934065933,56961,75,
969a155159aa,rolling_origin,ULB,chronological,2,N,LOF,0.005,0.005,TN,56291.0,56961,75,
969a155159aa,rolling_origin,ULB,chronological,2,N,LOF,0.005,0.005,FP,595.0,56961,75,
969a155159aa,rolling_origin,ULB,chronological,2,N,LOF,0.005,0.005,FN,17.0,56961,75,
969a155159aa,rolling_origin,ULB,chronological,2,N,LOF,0.005,0.005,TP,58.0,56961,75,
969a155159aa,rolling_origin,ULB,chronological,2,N,LOF,0.005,0.005,n_alerts,653.0,56961,75,
969a155159aa,rolling_origin,ULB,chronological,2,N,LOF,0.005,0.005,alert_rate,0.011463984129492108,56961,75,
969a155159aa,rolling_origin,ULB,chronological,2,N,LOF,0.005,0.005,prevalence,0.0013166903670932743,56961,75,
969a155159aa,rolling_origin,ULB,chronological,2,N,LOF,0.005,0.005,lift,67.45764165390506,56961,75,
969a155159aa,rolling_origin,ULB,chronological,2,N,LOF,0.005,0.005,tie_ratio,0.019627464405470363,56961,75,
969a155159aa,rolling_origin,ULB,chronological,2,N,LOF,0.005,0.005,fit_seconds,0.8777365684509277,56961,75,
969a155159aa,rolling_origin,ULB,chronological,2,N,LOF,0.005,0.005,score_seconds,6.241126537322998,56961,75,
c1d46fdd6ef5,rolling_origin,ULB,chronological,2,N,OneClassSVM,0.005,0.005,PR_AUC,0.11234869757563423,56961,75,
c1d46fdd6ef5,rolling_origin,ULB,chronological,2,N,OneClassSVM,0.005,0.005,ROC_AUC,0.9551341279049327,56961,75,
c1d46fdd6ef5,rolling_origin,ULB,chronological,2,N,OneClassSVM,0.005,0.005,Precision,0.171875,56961,75,
c1d46fdd6ef5,rolling_origin,ULB,chronological,2,N,OneClassSVM,0.005,0.005,Recall,0.44,56961,75,
c1d46fdd6ef5,rolling_origin,ULB,chronological,2,N,OneClassSVM,0.005,0.005,F1,0.24719101123595505,56961,75,
c1d46fdd6ef5,rolling_origin,ULB,chronological,2,N,OneClassSVM,0.005,0.005,TN,56727.0,56961,75,
c1d46fdd6ef5,rolling_origin,ULB,chronological,2,N,OneClassSVM,0.005,0.005,FP,159.0,56961,75,
c1d46fdd6ef5,rolling_origin,ULB,chronological,2,N,OneClassSVM,0.005,0.005,FN,42.0,56961,75,
c1d46fdd6ef5,rolling_origin,ULB,chronological,2,N,OneClassSVM,0.005,0.005,TP,33.0,56961,75,
c1d46fdd6ef5,rolling_origin,ULB,chronological,2,N,OneClassSVM,0.005,0.005,n_alerts,192.0,56961,75,
c1d46fdd6ef5,rolling_origin,ULB,chronological,2,N,OneClassSVM,0.005,0.005,alert_rate,0.0033707273397587823,56961,75,
c1d46fdd6ef5,rolling_origin,ULB,chronological,2,N,OneClassSVM,0.005,0.005,prevalence,0.0013166903670932743,56961,75,
c1d46fdd6ef5,rolling_origin,ULB,chronological,2,N,OneClassSVM,0.005,0.005,lift,130.535625,56961,75,
c1d46fdd6ef5,rolling_origin,ULB,chronological,2,N,OneClassSVM,0.005,0.005,tie_ratio,0.0036867330278611554,56961,75,
c1d46fdd6ef5,rolling_origin,ULB,chronological,2,N,OneClassSVM,0.005,0.005,fit_seconds,0.6905708312988281,56961,75,
c1d46fdd6ef5,rolling_origin,ULB,chronological,2,N,OneClassSVM,0.005,0.005,score_seconds,7.8229804039001465,56961,75,
1fa0a0e0b82a,rolling_origin,ULB,chronological,2,N,DBSCAN,0.005,0.005,PR_AUC,0.024703798277934397,56961,75,
1fa0a0e0b82a,rolling_origin,ULB,chronological,2,N,DBSCAN,0.005,0.005,ROC_AUC,0.9392933234890835,56961,75,
1fa0a0e0b82a,rolling_origin,ULB,chronological,2,N,DBSCAN,0.005,0.005,Precision,0.0,56961,75,
1fa0a0e0b82a,rolling_origin,ULB,chronological,2,N,DBSCAN,0.005,0.005,Recall,0.0,56961,75,
1fa0a0e0b82a,rolling_origin,ULB,chronological,2,N,DBSCAN,0.005,0.005,F1,0.0,56961,75,
1fa0a0e0b82a,rolling_origin,ULB,chronological,2,N,DBSCAN,0.005,0.005,TN,56706.0,56961,75,
1fa0a0e0b82a,rolling_origin,ULB,chronological,2,N,DBSCAN,0.005,0.005,FP,180.0,56961,75,
1fa0a0e0b82a,rolling_origin,ULB,chronological,2,N,DBSCAN,0.005,0.005,FN,75.0,56961,75,
1fa0a0e0b82a,rolling_origin,ULB,chronological,2,N,DBSCAN,0.005,0.005,TP,0.0,56961,75,
1fa0a0e0b82a,rolling_origin,ULB,chronological,2,N,DBSCAN,0.005,0.005,n_alerts,180.0,56961,75,
1fa0a0e0b82a,rolling_origin,ULB,chronological,2,N,DBSCAN,0.005,0.005,alert_rate,0.0031600568810238585,56961,75,
1fa0a0e0b82a,rolling_origin,ULB,chronological,2,N,DBSCAN,0.005,0.005,prevalence,0.0013166903670932743,56961,75,
1fa0a0e0b82a,rolling_origin,ULB,chronological,2,N,DBSCAN,0.005,0.005,lift,0.0,56961,75,
1fa0a0e0b82a,rolling_origin,ULB,chronological,2,N,DBSCAN,0.005,0.005,tie_ratio,0.006390337248292743,56961,75,
1fa0a0e0b82a,rolling_origin,ULB,chronological,2,N,DBSCAN,0.005,0.005,fit_seconds,0.7743799686431885,56961,75,
1fa0a0e0b82a,rolling_origin,ULB,chronological,2,N,DBSCAN,0.005,0.005,score_seconds,0.034360647201538086,56961,75,
94399279f836,rolling_origin,ULB,chronological,2,N,KMeans,0.005,0.005,PR_AUC,0.0674096743523561,56961,75,
94399279f836,rolling_origin,ULB,chronological,2,N,KMeans,0.005,0.005,ROC_AUC,0.967143878400075,56961,75,
94399279f836,rolling_origin,ULB,chronological,2,N,KMeans,0.005,0.005,Precision,0.08839779005524862,56961,75,
94399279f836,rolling_origin,ULB,chronological,2,N,KMeans,0.005,0.005,Recall,0.21333333333333335,56961,75,
94399279f836,rolling_origin,ULB,chronological,2,N,KMeans,0.005,0.005,F1,0.125,56961,75,
94399279f836,rolling_origin,ULB,chronological,2,N,KMeans,0.005,0.005,TN,56721.0,56961,75,
94399279f836,rolling_origin,ULB,chronological,2,N,KMeans,0.005,0.005,FP,165.0,56961,75,
94399279f836,rolling_origin,ULB,chronological,2,N,KMeans,0.005,0.005,FN,59.0,56961,75,
94399279f836,rolling_origin,ULB,chronological,2,N,KMeans,0.005,0.005,TP,16.0,56961,75,
94399279f836,rolling_origin,ULB,chronological,2,N,KMeans,0.005,0.005,n_alerts,181.0,56961,75,
94399279f836,rolling_origin,ULB,chronological,2,N,KMeans,0.005,0.005,alert_rate,0.003177612752585102,56961,75,
94399279f836,rolling_origin,ULB,chronological,2,N,KMeans,0.005,0.005,prevalence,0.0013166903670932743,56961,75,
94399279f836,rolling_origin,ULB,chronological,2,N,KMeans,0.005,0.005,lift,67.13635359116022,56961,75,
94399279f836,rolling_origin,ULB,chronological,2,N,KMeans,0.005,0.005,tie_ratio,0.006583451835466381,56961,75,
94399279f836,rolling_origin,ULB,chronological,2,N,KMeans,0.005,0.005,fit_seconds,6.1635541915893555,56961,75,
94399279f836,rolling_origin,ULB,chronological,2,N,KMeans,0.005,0.005,score_seconds,0.1108098030090332,56961,75,
d1a2bdd855de,rolling_origin,ULB,chronological,2,N,Ensemble,0.005,0.005,PR_AUC,0.14245144522512626,56961,75,
d1a2bdd855de,rolling_origin,ULB,chronological,2,N,Ensemble,0.005,0.005,ROC_AUC,0.9644549918550551,56961,75,
d1a2bdd855de,rolling_origin,ULB,chronological,2,N,Ensemble,0.005,0.005,Precision,0.20707070707070707,56961,75,
d1a2bdd855de,rolling_origin,ULB,chronological,2,N,Ensemble,0.005,0.005,Recall,0.5466666666666666,56961,75,
d1a2bdd855de,rolling_origin,ULB,chronological,2,N,Ensemble,0.005,0.005,F1,0.30036630036630035,56961,75,
d1a2bdd855de,rolling_origin,ULB,chronological,2,N,Ensemble,0.005,0.005,TN,56729.0,56961,75,
d1a2bdd855de,rolling_origin,ULB,chronological,2,N,Ensemble,0.005,0.005,FP,157.0,56961,75,
d1a2bdd855de,rolling_origin,ULB,chronological,2,N,Ensemble,0.005,0.005,FN,34.0,56961,75,
d1a2bdd855de,rolling_origin,ULB,chronological,2,N,Ensemble,0.005,0.005,TP,41.0,56961,75,
d1a2bdd855de,rolling_origin,ULB,chronological,2,N,Ensemble,0.005,0.005,n_alerts,198.0,56961,75,
d1a2bdd855de,rolling_origin,ULB,chronological,2,N,Ensemble,0.005,0.005,alert_rate,0.003476062569126244,56961,75,
d1a2bdd855de,rolling_origin,ULB,chronological,2,N,Ensemble,0.005,0.005,prevalence,0.0013166903670932743,56961,75,
d1a2bdd855de,rolling_origin,ULB,chronological,2,N,Ensemble,0.005,0.005,lift,157.26606060606062,56961,75,
d1a2bdd855de,rolling_origin,ULB,chronological,2,N,Ensemble,0.005,0.005,tie_ratio,0.07211952037358893,56961,75,
d1a2bdd855de,rolling_origin,ULB,chronological,2,N,Ensemble,0.005,0.005,fit_seconds,0.0,56961,75,
d1a2bdd855de,rolling_origin,ULB,chronological,2,N,Ensemble,0.005,0.005,score_seconds,0.0,56961,75,
99e97f1e51eb,rolling_origin,ULB,chronological,2,N,Ensemble,0.005,0.005,single_point_invariant,1.0,56961,75,invariance
891c68607102,rolling_origin,ULB,chronological,2,O,IsolationForest,0.005,0.002106679930947713,PR_AUC,0.05456278935507302,56961,75,
891c68607102,rolling_origin,ULB,chronological,2,O,IsolationForest,0.005,0.002106679930947713,ROC_AUC,0.948434881458824,56961,75,
891c68607102,rolling_origin,ULB,chronological,2,O,IsolationForest,0.005,0.002106679930947713,Precision,0.0,56961,75,
891c68607102,rolling_origin,ULB,chronological,2,O,IsolationForest,0.005,0.002106679930947713,Recall,0.0,56961,75,
891c68607102,rolling_origin,ULB,chronological,2,O,IsolationForest,0.005,0.002106679930947713,F1,0.0,56961,75,
891c68607102,rolling_origin,ULB,chronological,2,O,IsolationForest,0.005,0.002106679930947713,TN,56803.0,56961,75,
891c68607102,rolling_origin,ULB,chronological,2,O,IsolationForest,0.005,0.002106679930947713,FP,83.0,56961,75,
891c68607102,rolling_origin,ULB,chronological,2,O,IsolationForest,0.005,0.002106679930947713,FN,75.0,56961,75,
891c68607102,rolling_origin,ULB,chronological,2,O,IsolationForest,0.005,0.002106679930947713,TP,0.0,56961,75,
891c68607102,rolling_origin,ULB,chronological,2,O,IsolationForest,0.005,0.002106679930947713,n_alerts,83.0,56961,75,
891c68607102,rolling_origin,ULB,chronological,2,O,IsolationForest,0.005,0.002106679930947713,alert_rate,0.0014571373395832236,56961,75,
891c68607102,rolling_origin,ULB,chronological,2,O,IsolationForest,0.005,0.002106679930947713,prevalence,0.0013166903670932743,56961,75,
891c68607102,rolling_origin,ULB,chronological,2,O,IsolationForest,0.005,0.002106679930947713,lift,0.0,56961,75,
891c68607102,rolling_origin,ULB,chronological,2,O,IsolationForest,0.005,0.002106679930947713,tie_ratio,0.019627464405470363,56961,75,
891c68607102,rolling_origin,ULB,chronological,2,O,IsolationForest,0.005,0.002106679930947713,fit_seconds,1.3790102005004883,56961,75,
891c68607102,rolling_origin,ULB,chronological,2,O,IsolationForest,0.005,0.002106679930947713,score_seconds,1.602757453918457,56961,75,
174731970899,rolling_origin,ULB,chronological,2,O,LOF,0.005,0.002106679930947713,PR_AUC,0.06311135603314122,56961,75,
174731970899,rolling_origin,ULB,chronological,2,O,LOF,0.005,0.002106679930947713,ROC_AUC,0.7364204432256325,56961,75,
174731970899,rolling_origin,ULB,chronological,2,O,LOF,0.005,0.002106679930947713,Precision,0.09502262443438914,56961,75,
174731970899,rolling_origin,ULB,chronological,2,O,LOF,0.005,0.002106679930947713,Recall,0.28,56961,75,
174731970899,rolling_origin,ULB,chronological,2,O,LOF,0.005,0.002106679930947713,F1,0.14189189189189189,56961,75,
174731970899,rolling_origin,ULB,chronological,2,O,LOF,0.005,0.002106679930947713,TN,56686.0,56961,75,
174731970899,rolling_origin,ULB,chronological,2,O,LOF,0.005,0.002106679930947713,FP,200.0,56961,75,
174731970899,rolling_origin,ULB,chronological,2,O,LOF,0.005,0.002106679930947713,FN,54.0,56961,75,
174731970899,rolling_origin,ULB,chronological,2,O,LOF,0.005,0.002106679930947713,TP,21.0,56961,75,
174731970899,rolling_origin,ULB,chronological,2,O,LOF,0.005,0.002106679930947713,n_alerts,221.0,56961,75,
174731970899,rolling_origin,ULB,chronological,2,O,LOF,0.005,0.002106679930947713,alert_rate,0.003879847615034848,56961,75,
174731970899,rolling_origin,ULB,chronological,2,O,LOF,0.005,0.002106679930947713,prevalence,0.0013166903670932743,56961,75,
174731970899,rolling_origin,ULB,chronological,2,O,LOF,0.005,0.002106679930947713,lift,72.16778280542987,56961,75,
174731970899,rolling_origin,ULB,chronological,2,O,LOF,0.005,0.002106679930947713,tie_ratio,0.02071592844226755,56961,75,
174731970899,rolling_origin,ULB,chronological,2,O,LOF,0.005,0.002106679930947713,fit_seconds,0.8105027675628662,56961,75,
174731970899,rolling_origin,ULB,chronological,2,O,LOF,0.005,0.002106679930947713,score_seconds,5.143671035766602,56961,75,
02b4b911251a,rolling_origin,ULB,chronological,2,O,OneClassSVM,0.005,0.002106679930947713,PR_AUC,0.0772708444313825,56961,75,
02b4b911251a,rolling_origin,ULB,chronological,2,O,OneClassSVM,0.005,0.002106679930947713,ROC_AUC,0.9465623644950719,56961,75,
02b4b911251a,rolling_origin,ULB,chronological,2,O,OneClassSVM,0.005,0.002106679930947713,Precision,0.012658227848101266,56961,75,
02b4b911251a,rolling_origin,ULB,chronological,2,O,OneClassSVM,0.005,0.002106679930947713,Recall,0.013333333333333334,56961,75,
02b4b911251a,rolling_origin,ULB,chronological,2,O,OneClassSVM,0.005,0.002106679930947713,F1,0.012987012987012988,56961,75,
02b4b911251a,rolling_origin,ULB,chronological,2,O,OneClassSVM,0.005,0.002106679930947713,TN,56808.0,56961,75,
02b4b911251a,rolling_origin,ULB,chronological,2,O,OneClassSVM,0.005,0.002106679930947713,FP,78.0,56961,75,
02b4b911251a,rolling_origin,ULB,chronological,2,O,OneClassSVM,0.005,0.002106679930947713,FN,74.0,56961,75,
02b4b911251a,rolling_origin,ULB,chronological,2,O,OneClassSVM,0.005,0.002106679930947713,TP,1.0,56961,75,
02b4b911251a,rolling_origin,ULB,chronological,2,O,OneClassSVM,0.005,0.002106679930947713,n_alerts,79.0,56961,75,
02b4b911251a,rolling_origin,ULB,chronological,2,O,OneClassSVM,0.005,0.002106679930947713,alert_rate,0.001386913853338249,56961,75,
02b4b911251a,rolling_origin,ULB,chronological,2,O,OneClassSVM,0.005,0.002106679930947713,prevalence,0.0013166903670932743,56961,75,
02b4b911251a,rolling_origin,ULB,chronological,2,O,OneClassSVM,0.005,0.002106679930947713,lift,9.61367088607595,56961,75,
02b4b911251a,rolling_origin,ULB,chronological,2,O,OneClassSVM,0.005,0.002106679930947713,tie_ratio,0.0036165095416161863,56961,75,
02b4b911251a,rolling_origin,ULB,chronological,2,O,OneClassSVM,0.005,0.002106679930947713,fit_seconds,0.6688945293426514,56961,75,
02b4b911251a,rolling_origin,ULB,chronological,2,O,OneClassSVM,0.005,0.002106679930947713,score_seconds,6.660660266876221,56961,75,
1d1cbb0391c9,rolling_origin,ULB,chronological,2,O,DBSCAN,0.005,0.002106679930947713,PR_AUC,0.02882821434657018,56961,75,
1d1cbb0391c9,rolling_origin,ULB,chronological,2,O,DBSCAN,0.005,0.002106679930947713,ROC_AUC,0.9498581959240118,56961,75,
1d1cbb0391c9,rolling_origin,ULB,chronological,2,O,DBSCAN,0.005,0.002106679930947713,Precision,0.0,56961,75,
1d1cbb0391c9,rolling_origin,ULB,chronological,2,O,DBSCAN,0.005,0.002106679930947713,Recall,0.0,56961,75,
1d1cbb0391c9,rolling_origin,ULB,chronological,2,O,DBSCAN,0.005,0.002106679930947713,F1,0.0,56961,75,
1d1cbb0391c9,rolling_origin,ULB,chronological,2,O,DBSCAN,0.005,0.002106679930947713,TN,56810.0,56961,75,
1d1cbb0391c9,rolling_origin,ULB,chronological,2,O,DBSCAN,0.005,0.002106679930947713,FP,76.0,56961,75,
1d1cbb0391c9,rolling_origin,ULB,chronological,2,O,DBSCAN,0.005,0.002106679930947713,FN,75.0,56961,75,
1d1cbb0391c9,rolling_origin,ULB,chronological,2,O,DBSCAN,0.005,0.002106679930947713,TP,0.0,56961,75,
1d1cbb0391c9,rolling_origin,ULB,chronological,2,O,DBSCAN,0.005,0.002106679930947713,n_alerts,76.0,56961,75,
1d1cbb0391c9,rolling_origin,ULB,chronological,2,O,DBSCAN,0.005,0.002106679930947713,alert_rate,0.0013342462386545181,56961,75,
1d1cbb0391c9,rolling_origin,ULB,chronological,2,O,DBSCAN,0.005,0.002106679930947713,prevalence,0.0013166903670932743,56961,75,
1d1cbb0391c9,rolling_origin,ULB,chronological,2,O,DBSCAN,0.005,0.002106679930947713,lift,0.0,56961,75,
1d1cbb0391c9,rolling_origin,ULB,chronological,2,O,DBSCAN,0.005,0.002106679930947713,tie_ratio,0.011499095872614551,56961,75,
1d1cbb0391c9,rolling_origin,ULB,chronological,2,O,DBSCAN,0.005,0.002106679930947713,fit_seconds,0.7013354301452637,56961,75,
1d1cbb0391c9,rolling_origin,ULB,chronological,2,O,DBSCAN,0.005,0.002106679930947713,score_seconds,0.02743983268737793,56961,75,
ef50e2ccd39d,rolling_origin,ULB,chronological,2,O,KMeans,0.005,0.002106679930947713,PR_AUC,0.05052458592903036,56961,75,
ef50e2ccd39d,rolling_origin,ULB,chronological,2,O,KMeans,0.005,0.002106679930947713,ROC_AUC,0.9647306308523479,56961,75,
ef50e2ccd39d,rolling_origin,ULB,chronological,2,O,KMeans,0.005,0.002106679930947713,Precision,0.0,56961,75,
ef50e2ccd39d,rolling_origin,ULB,chronological,2,O,KMeans,0.005,0.002106679930947713,Recall,0.0,56961,75,
ef50e2ccd39d,rolling_origin,ULB,chronological,2,O,KMeans,0.005,0.002106679930947713,F1,0.0,56961,75,
ef50e2ccd39d,rolling_origin,ULB,chronological,2,O,KMeans,0.005,0.002106679930947713,TN,56824.0,56961,75,
ef50e2ccd39d,rolling_origin,ULB,chronological,2,O,KMeans,0.005,0.002106679930947713,FP,62.0,56961,75,
ef50e2ccd39d,rolling_origin,ULB,chronological,2,O,KMeans,0.005,0.002106679930947713,FN,75.0,56961,75,
ef50e2ccd39d,rolling_origin,ULB,chronological,2,O,KMeans,0.005,0.002106679930947713,TP,0.0,56961,75,
ef50e2ccd39d,rolling_origin,ULB,chronological,2,O,KMeans,0.005,0.002106679930947713,n_alerts,62.0,56961,75,
ef50e2ccd39d,rolling_origin,ULB,chronological,2,O,KMeans,0.005,0.002106679930947713,alert_rate,0.0010884640367971067,56961,75,
ef50e2ccd39d,rolling_origin,ULB,chronological,2,O,KMeans,0.005,0.002106679930947713,prevalence,0.0013166903670932743,56961,75,
ef50e2ccd39d,rolling_origin,ULB,chronological,2,O,KMeans,0.005,0.002106679930947713,lift,0.0,56961,75,
ef50e2ccd39d,rolling_origin,ULB,chronological,2,O,KMeans,0.005,0.002106679930947713,tie_ratio,0.006759010551078859,56961,75,
ef50e2ccd39d,rolling_origin,ULB,chronological,2,O,KMeans,0.005,0.002106679930947713,fit_seconds,5.950121164321899,56961,75,
ef50e2ccd39d,rolling_origin,ULB,chronological,2,O,KMeans,0.005,0.002106679930947713,score_seconds,0.10976338386535645,56961,75,
79f42f5be46e,rolling_origin,ULB,chronological,2,O,Ensemble,0.005,0.002106679930947713,PR_AUC,0.05047111486217225,56961,75,
79f42f5be46e,rolling_origin,ULB,chronological,2,O,Ensemble,0.005,0.002106679930947713,ROC_AUC,0.9520028360815197,56961,75,
79f42f5be46e,rolling_origin,ULB,chronological,2,O,Ensemble,0.005,0.002106679930947713,Precision,0.0,56961,75,
79f42f5be46e,rolling_origin,ULB,chronological,2,O,Ensemble,0.005,0.002106679930947713,Recall,0.0,56961,75,
79f42f5be46e,rolling_origin,ULB,chronological,2,O,Ensemble,0.005,0.002106679930947713,F1,0.0,56961,75,
79f42f5be46e,rolling_origin,ULB,chronological,2,O,Ensemble,0.005,0.002106679930947713,TN,56809.0,56961,75,
79f42f5be46e,rolling_origin,ULB,chronological,2,O,Ensemble,0.005,0.002106679930947713,FP,77.0,56961,75,
79f42f5be46e,rolling_origin,ULB,chronological,2,O,Ensemble,0.005,0.002106679930947713,FN,75.0,56961,75,
79f42f5be46e,rolling_origin,ULB,chronological,2,O,Ensemble,0.005,0.002106679930947713,TP,0.0,56961,75,
79f42f5be46e,rolling_origin,ULB,chronological,2,O,Ensemble,0.005,0.002106679930947713,n_alerts,77.0,56961,75,
79f42f5be46e,rolling_origin,ULB,chronological,2,O,Ensemble,0.005,0.002106679930947713,alert_rate,0.0013518021102157617,56961,75,
79f42f5be46e,rolling_origin,ULB,chronological,2,O,Ensemble,0.005,0.002106679930947713,prevalence,0.0013166903670932743,56961,75,
79f42f5be46e,rolling_origin,ULB,chronological,2,O,Ensemble,0.005,0.002106679930947713,lift,0.0,56961,75,
79f42f5be46e,rolling_origin,ULB,chronological,2,O,Ensemble,0.005,0.002106679930947713,tie_ratio,0.07433156019030562,56961,75,
79f42f5be46e,rolling_origin,ULB,chronological,2,O,Ensemble,0.005,0.002106679930947713,fit_seconds,0.0,56961,75,
79f42f5be46e,rolling_origin,ULB,chronological,2,O,Ensemble,0.005,0.002106679930947713,score_seconds,0.0,56961,75,
053f466b0a18,rolling_origin,ULB,chronological,2,O,Ensemble,0.005,0.002106679930947713,single_point_invariant,1.0,56961,75,invariance
e41d9184b859,rolling_origin,PaySim,chronological,0,U,IsolationForest,0.005,0.005,PR_AUC,0.0015914535179253281,509009,282,
e41d9184b859,rolling_origin,PaySim,chronological,0,U,IsolationForest,0.005,0.005,ROC_AUC,0.7834878923970243,509009,282,
e41d9184b859,rolling_origin,PaySim,chronological,0,U,IsolationForest,0.005,0.005,Precision,0.0010932944606413995,509009,282,
e41d9184b859,rolling_origin,PaySim,chronological,0,U,IsolationForest,0.005,0.005,Recall,0.0425531914893617,509009,282,
e41d9184b859,rolling_origin,PaySim,chronological,0,U,IsolationForest,0.005,0.005,F1,0.0021318173743116006,509009,282,
e41d9184b859,rolling_origin,PaySim,chronological,0,U,IsolationForest,0.005,0.005,TN,497763.0,509009,282,
e41d9184b859,rolling_origin,PaySim,chronological,0,U,IsolationForest,0.005,0.005,FP,10964.0,509009,282,
e41d9184b859,rolling_origin,PaySim,chronological,0,U,IsolationForest,0.005,0.005,FN,270.0,509009,282,
e41d9184b859,rolling_origin,PaySim,chronological,0,U,IsolationForest,0.005,0.005,TP,12.0,509009,282,
e41d9184b859,rolling_origin,PaySim,chronological,0,U,IsolationForest,0.005,0.005,n_alerts,10976.0,509009,282,
e41d9184b859,rolling_origin,PaySim,chronological,0,U,IsolationForest,0.005,0.005,alert_rate,0.021563469408202997,509009,282,
e41d9184b859,rolling_origin,PaySim,chronological,0,U,IsolationForest,0.005,0.005,prevalence,0.0005540177089206675,509009,282,
e41d9184b859,rolling_origin,PaySim,chronological,0,U,IsolationForest,0.005,0.005,lift,1.9733926245270144,509009,282,
e41d9184b859,rolling_origin,PaySim,chronological,0,U,IsolationForest,0.005,0.005,tie_ratio,0.5248433721211216,509009,282,
e41d9184b859,rolling_origin,PaySim,chronological,0,U,IsolationForest,0.005,0.005,fit_seconds,7.478614330291748,509009,282,
e41d9184b859,rolling_origin,PaySim,chronological,0,U,IsolationForest,0.005,0.005,score_seconds,12.544418096542358,509009,282,
43901b1aeb10,rolling_origin,PaySim,chronological,0,U,LOF,0.005,0.005,PR_AUC,0.0005602015687239216,509009,282,
43901b1aeb10,rolling_origin,PaySim,chronological,0,U,LOF,0.005,0.005,ROC_AUC,0.5399104247234723,509009,282,
43901b1aeb10,rolling_origin,PaySim,chronological,0,U,LOF,0.005,0.005,Precision,0.0,509009,282,
43901b1aeb10,rolling_origin,PaySim,chronological,0,U,LOF,0.005,0.005,Recall,0.0,509009,282,
43901b1aeb10,rolling_origin,PaySim,chronological,0,U,LOF,0.005,0.005,F1,0.0,509009,282,
43901b1aeb10,rolling_origin,PaySim,chronological,0,U,LOF,0.005,0.005,TN,399277.0,509009,282,
43901b1aeb10,rolling_origin,PaySim,chronological,0,U,LOF,0.005,0.005,FP,109450.0,509009,282,
43901b1aeb10,rolling_origin,PaySim,chronological,0,U,LOF,0.005,0.005,FN,282.0,509009,282,
43901b1aeb10,rolling_origin,PaySim,chronological,0,U,LOF,0.005,0.005,TP,0.0,509009,282,
43901b1aeb10,rolling_origin,PaySim,chronological,0,U,LOF,0.005,0.005,n_alerts,109450.0,509009,282,
43901b1aeb10,rolling_origin,PaySim,chronological,0,U,LOF,0.005,0.005,alert_rate,0.21502566752257818,509009,282,
43901b1aeb10,rolling_origin,PaySim,chronological,0,U,LOF,0.005,0.005,prevalence,0.0005540177089206675,509009,282,
43901b1aeb10,rolling_origin,PaySim,chronological,0,U,LOF,0.005,0.005,lift,0.0,509009,282,
43901b1aeb10,rolling_origin,PaySim,chronological,0,U,LOF,0.005,0.005,tie_ratio,0.032934584653709464,509009,282,
43901b1aeb10,rolling_origin,PaySim,chronological,0,U,LOF,0.005,0.005,fit_seconds,1.8740036487579346,509009,282,
43901b1aeb10,rolling_origin,PaySim,chronological,0,U,LOF,0.005,0.005,score_seconds,95.8746485710144,509009,282,
d4df72aca7ad,rolling_origin,PaySim,chronological,0,U,OneClassSVM,0.005,0.005,PR_AUC,0.004748085081245423,509009,282,
d4df72aca7ad,rolling_origin,PaySim,chronological,0,U,OneClassSVM,0.005,0.005,ROC_AUC,0.7948713578728783,509009,282,
d4df72aca7ad,rolling_origin,PaySim,chronological,0,U,OneClassSVM,0.005,0.005,Precision,0.005305323126223963,509009,282,
d4df72aca7ad,rolling_origin,PaySim,chronological,0,U,OneClassSVM,0.005,0.005,Recall,0.5283687943262412,509009,282,
d4df72aca7ad,rolling_origin,PaySim,chronological,0,U,OneClassSVM,0.005,0.005,F1,0.010505164451651568,509009,282,
d4df72aca7ad,rolling_origin,PaySim,chronological,0,U,OneClassSVM,0.005,0.005,TN,480791.0,509009,282,
d4df72aca7ad,rolling_origin,PaySim,chronological,0,U,OneClassSVM,0.005,0.005,FP,27936.0,509009,282,
d4df72aca7ad,rolling_origin,PaySim,chronological,0,U,OneClassSVM,0.005,0.005,FN,133.0,509009,282,
d4df72aca7ad,rolling_origin,PaySim,chronological,0,U,OneClassSVM,0.005,0.005,TP,149.0,509009,282,
d4df72aca7ad,rolling_origin,PaySim,chronological,0,U,OneClassSVM,0.005,0.005,n_alerts,28085.0,509009,282,
d4df72aca7ad,rolling_origin,PaySim,chronological,0,U,OneClassSVM,0.005,0.005,alert_rate,0.055175841684528174,509009,282,
d4df72aca7ad,rolling_origin,PaySim,chronological,0,U,OneClassSVM,0.005,0.005,prevalence,0.0005540177089206675,509009,282,
d4df72aca7ad,rolling_origin,PaySim,chronological,0,U,OneClassSVM,0.005,0.005,lift,9.576089429631677,509009,282,
d4df72aca7ad,rolling_origin,PaySim,chronological,0,U,OneClassSVM,0.005,0.005,tie_ratio,0.0004950796547801284,509009,282,
d4df72aca7ad,rolling_origin,PaySim,chronological,0,U,OneClassSVM,0.005,0.005,fit_seconds,0.3464829921722412,509009,282,
d4df72aca7ad,rolling_origin,PaySim,chronological,0,U,OneClassSVM,0.005,0.005,score_seconds,26.64932107925415,509009,282,
4c308ee165fd,rolling_origin,PaySim,chronological,0,U,DBSCAN,0.005,0.005,PR_AUC,0.0015967347607206955,509009,282,
4c308ee165fd,rolling_origin,PaySim,chronological,0,U,DBSCAN,0.005,0.005,ROC_AUC,0.7601026784879689,509009,282,
4c308ee165fd,rolling_origin,PaySim,chronological,0,U,DBSCAN,0.005,0.005,Precision,0.0033082975679542205,509009,282,
4c308ee165fd,rolling_origin,PaySim,chronological,0,U,DBSCAN,0.005,0.005,Recall,0.13120567375886524,509009,282,
4c308ee165fd,rolling_origin,PaySim,chronological,0,U,DBSCAN,0.005,0.005,F1,0.0064538635967207394,509009,282,
4c308ee165fd,rolling_origin,PaySim,chronological,0,U,DBSCAN,0.005,0.005,TN,497580.0,509009,282,
4c308ee165fd,rolling_origin,PaySim,chronological,0,U,DBSCAN,0.005,0.005,FP,11147.0,509009,282,
4c308ee165fd,rolling_origin,PaySim,chronological,0,U,DBSCAN,0.005,0.005,FN,245.0,509009,282,
4c308ee165fd,rolling_origin,PaySim,chronological,0,U,DBSCAN,0.005,0.005,TP,37.0,509009,282,
4c308ee165fd,rolling_origin,PaySim,chronological,0,U,DBSCAN,0.005,0.005,n_alerts,11184.0,509009,282,
4c308ee165fd,rolling_origin,PaySim,chronological,0,U,DBSCAN,0.005,0.005,alert_rate,0.02197210658357711,509009,282,
4c308ee165fd,rolling_origin,PaySim,chronological,0,U,DBSCAN,0.005,0.005,prevalence,0.0005540177089206675,509009,282,
4c308ee165fd,rolling_origin,PaySim,chronological,0,U,DBSCAN,0.005,0.005,lift,5.971465378605708,509009,282,
4c308ee165fd,rolling_origin,PaySim,chronological,0,U,DBSCAN,0.005,0.005,tie_ratio,0.20849336652200645,509009,282,
4c308ee165fd,rolling_origin,PaySim,chronological,0,U,DBSCAN,0.005,0.005,fit_seconds,1.042144775390625,509009,282,
4c308ee165fd,rolling_origin,PaySim,chronological,0,U,DBSCAN,0.005,0.005,score_seconds,0.06599688529968262,509009,282,
59697b2eab05,rolling_origin,PaySim,chronological,0,U,KMeans,0.005,0.005,PR_AUC,0.0026414560069848918,509009,282,
59697b2eab05,rolling_origin,PaySim,chronological,0,U,KMeans,0.005,0.005,ROC_AUC,0.801221793957207,509009,282,
59697b2eab05,rolling_origin,PaySim,chronological,0,U,KMeans,0.005,0.005,Precision,0.005852842809364548,509009,282,
59697b2eab05,rolling_origin,PaySim,chronological,0,U,KMeans,0.005,0.005,Recall,0.22340425531914893,509009,282,
59697b2eab05,rolling_origin,PaySim,chronological,0,U,KMeans,0.005,0.005,F1,0.011406844106463879,509009,282,
59697b2eab05,rolling_origin,PaySim,chronological,0,U,KMeans,0.005,0.005,TN,498026.0,509009,282,
59697b2eab05,rolling_origin,PaySim,chronological,0,U,KMeans,0.005,0.005,FP,10701.0,509009,282,
59697b2eab05,rolling_origin,PaySim,chronological,0,U,KMeans,0.005,0.005,FN,219.0,509009,282,
59697b2eab05,rolling_origin,PaySim,chronological,0,U,KMeans,0.005,0.005,TP,63.0,509009,282,
59697b2eab05,rolling_origin,PaySim,chronological,0,U,KMeans,0.005,0.005,n_alerts,10764.0,509009,282,
59697b2eab05,rolling_origin,PaySim,chronological,0,U,KMeans,0.005,0.005,alert_rate,0.021146973825610156,509009,282,
59697b2eab05,rolling_origin,PaySim,chronological,0,U,KMeans,0.005,0.005,prevalence,0.0005540177089206675,509009,282,
59697b2eab05,rolling_origin,PaySim,chronological,0,U,KMeans,0.005,0.005,lift,10.564360516141273,509009,282,
59697b2eab05,rolling_origin,PaySim,chronological,0,U,KMeans,0.005,0.005,tie_ratio,0.10724368331404754,509009,282,
59697b2eab05,rolling_origin,PaySim,chronological,0,U,KMeans,0.005,0.005,fit_seconds,63.537702798843384,509009,282,
59697b2eab05,rolling_origin,PaySim,chronological,0,U,KMeans,0.005,0.005,score_seconds,0.4459357261657715,509009,282,
f49bf9f438c3,rolling_origin,PaySim,chronological,0,U,Ensemble,0.005,0.005,PR_AUC,0.006360810405632392,509009,282,
f49bf9f438c3,rolling_origin,PaySim,chronological,0,U,Ensemble,0.005,0.005,ROC_AUC,0.8623172982731044,509009,282,
f49bf9f438c3,rolling_origin,PaySim,chronological,0,U,Ensemble,0.005,0.005,Precision,0.009386281588447653,509009,282,
f49bf9f438c3,rolling_origin,PaySim,chronological,0,U,Ensemble,0.005,0.005,Recall,0.46099290780141844,509009,282,
f49bf9f438c3,rolling_origin,PaySim,chronological,0,U,Ensemble,0.005,0.005,F1,0.018397962071893575,509009,282,
f49bf9f438c3,rolling_origin,PaySim,chronological,0,U,Ensemble,0.005,0.005,TN,495007.0,509009,282,
f49bf9f438c3,rolling_origin,PaySim,chronological,0,U,Ensemble,0.005,0.005,FP,13720.0,509009,282,
f49bf9f438c3,rolling_origin,PaySim,chronological,0,U,Ensemble,0.005,0.005,FN,152.0,509009,282,
f49bf9f438c3,rolling_origin,PaySim,chronological,0,U,Ensemble,0.005,0.005,TP,130.0,509009,282,
f49bf9f438c3,rolling_origin,PaySim,chronological,0,U,Ensemble,0.005,0.005,n_alerts,13850.0,509009,282,
f49bf9f438c3,rolling_origin,PaySim,chronological,0,U,Ensemble,0.005,0.005,alert_rate,0.027209734994862567,509009,282,
f49bf9f438c3,rolling_origin,PaySim,chronological,0,U,Ensemble,0.005,0.005,prevalence,0.0005540177089206675,509009,282,
f49bf9f438c3,rolling_origin,PaySim,chronological,0,U,Ensemble,0.005,0.005,lift,16.94220498246153,509009,282,
f49bf9f438c3,rolling_origin,PaySim,chronological,0,U,Ensemble,0.005,0.005,tie_ratio,0.10996072760992437,509009,282,
f49bf9f438c3,rolling_origin,PaySim,chronological,0,U,Ensemble,0.005,0.005,fit_seconds,0.0,509009,282,
f49bf9f438c3,rolling_origin,PaySim,chronological,0,U,Ensemble,0.005,0.005,score_seconds,0.0,509009,282,
9636a2e5b770,rolling_origin,PaySim,chronological,0,U,Ensemble,0.005,0.005,single_point_invariant,1.0,509009,282,invariance
f213029d06e6,rolling_origin,PaySim,chronological,0,N,IsolationForest,0.005,0.005,PR_AUC,0.0018531740662793496,509009,282,
f213029d06e6,rolling_origin,PaySim,chronological,0,N,IsolationForest,0.005,0.005,ROC_AUC,0.793101856229735,509009,282,
f213029d06e6,rolling_origin,PaySim,chronological,0,N,IsolationForest,0.005,0.005,Precision,0.0022253129346314327,509009,282,
f213029d06e6,rolling_origin,PaySim,chronological,0,N,IsolationForest,0.005,0.005,Recall,0.0851063829787234,509009,282,
f213029d06e6,rolling_origin,PaySim,chronological,0,N,IsolationForest,0.005,0.005,F1,0.00433721875847113,509009,282,
f213029d06e6,rolling_origin,PaySim,chronological,0,N,IsolationForest,0.005,0.005,TN,497966.0,509009,282,
f213029d06e6,rolling_origin,PaySim,chronological,0,N,IsolationForest,0.005,0.005,FP,10761.0,509009,282,
f213029d06e6,rolling_origin,PaySim,chronological,0,N,IsolationForest,0.005,0.005,FN,258.0,509009,282,
f213029d06e6,rolling_origin,PaySim,chronological,0,N,IsolationForest,0.005,0.005,TP,24.0,509009,282,
f213029d06e6,rolling_origin,PaySim,chronological,0,N,IsolationForest,0.005,0.005,n_alerts,10785.0,509009,282,
f213029d06e6,rolling_origin,PaySim,chronological,0,N,IsolationForest,0.005,0.005,alert_rate,0.021188230463508505,509009,282,
f213029d06e6,rolling_origin,PaySim,chronological,0,N,IsolationForest,0.005,0.005,prevalence,0.0005540177089206675,509009,282,
f213029d06e6,rolling_origin,PaySim,chronological,0,N,IsolationForest,0.005,0.005,lift,4.0166819558291165,509009,282,
f213029d06e6,rolling_origin,PaySim,chronological,0,N,IsolationForest,0.005,0.005,tie_ratio,0.5166333011793505,509009,282,
f213029d06e6,rolling_origin,PaySim,chronological,0,N,IsolationForest,0.005,0.005,fit_seconds,7.616214752197266,509009,282,
f213029d06e6,rolling_origin,PaySim,chronological,0,N,IsolationForest,0.005,0.005,score_seconds,12.662840604782104,509009,282,
cf7aed1e7591,rolling_origin,PaySim,chronological,0,N,LOF,0.005,0.005,PR_AUC,0.000554091324697267,509009,282,
cf7aed1e7591,rolling_origin,PaySim,chronological,0,N,LOF,0.005,0.005,ROC_AUC,0.5383961736113199,509009,282,
cf7aed1e7591,rolling_origin,PaySim,chronological,0,N,LOF,0.005,0.005,Precision,0.0,509009,282,
cf7aed1e7591,rolling_origin,PaySim,chronological,0,N,LOF,0.005,0.005,Recall,0.0,509009,282,
cf7aed1e7591,rolling_origin,PaySim,chronological,0,N,LOF,0.005,0.005,F1,0.0,509009,282,
cf7aed1e7591,rolling_origin,PaySim,chronological,0,N,LOF,0.005,0.005,TN,378019.0,509009,282,
cf7aed1e7591,rolling_origin,PaySim,chronological,0,N,LOF,0.005,0.005,FP,130708.0,509009,282,
cf7aed1e7591,rolling_origin,PaySim,chronological,0,N,LOF,0.005,0.005,FN,282.0,509009,282,
cf7aed1e7591,rolling_origin,PaySim,chronological,0,N,LOF,0.005,0.005,TP,0.0,509009,282,
cf7aed1e7591,rolling_origin,PaySim,chronological,0,N,LOF,0.005,0.005,n_alerts,130708.0,509009,282,
cf7aed1e7591,rolling_origin,PaySim,chronological,0,N,LOF,0.005,0.005,alert_rate,0.256789172686534,509009,282,
cf7aed1e7591,rolling_origin,PaySim,chronological,0,N,LOF,0.005,0.005,prevalence,0.0005540177089206675,509009,282,
cf7aed1e7591,rolling_origin,PaySim,chronological,0,N,LOF,0.005,0.005,lift,0.0,509009,282,
cf7aed1e7591,rolling_origin,PaySim,chronological,0,N,LOF,0.005,0.005,tie_ratio,0.032799027129186364,509009,282,
cf7aed1e7591,rolling_origin,PaySim,chronological,0,N,LOF,0.005,0.005,fit_seconds,1.737473487854004,509009,282,
cf7aed1e7591,rolling_origin,PaySim,chronological,0,N,LOF,0.005,0.005,score_seconds,96.18709588050842,509009,282,
049a99bbc289,rolling_origin,PaySim,chronological,0,N,OneClassSVM,0.005,0.005,PR_AUC,0.005233986292704089,509009,282,
049a99bbc289,rolling_origin,PaySim,chronological,0,N,OneClassSVM,0.005,0.005,ROC_AUC,0.7614466917123562,509009,282,
049a99bbc289,rolling_origin,PaySim,chronological,0,N,OneClassSVM,0.005,0.005,Precision,0.004808006803166088,509009,282,
049a99bbc289,rolling_origin,PaySim,chronological,0,N,OneClassSVM,0.005,0.005,Recall,0.5212765957446809,509009,282,
049a99bbc289,rolling_origin,PaySim,chronological,0,N,OneClassSVM,0.005,0.005,F1,0.009528130671506351,509009,282,
049a99bbc289,rolling_origin,PaySim,chronological,0,N,OneClassSVM,0.005,0.005,TN,478300.0,509009,282,
049a99bbc289,rolling_origin,PaySim,chronological,0,N,OneClassSVM,0.005,0.005,FP,30427.0,509009,282,
049a99bbc289,rolling_origin,PaySim,chronological,0,N,OneClassSVM,0.005,0.005,FN,135.0,509009,282,
049a99bbc289,rolling_origin,PaySim,chronological,0,N,OneClassSVM,0.005,0.005,TP,147.0,509009,282,
049a99bbc289,rolling_origin,PaySim,chronological,0,N,OneClassSVM,0.005,0.005,n_alerts,30574.0,509009,282,
049a99bbc289,rolling_origin,PaySim,chronological,0,N,OneClassSVM,0.005,0.005,alert_rate,0.0600657355763847,509009,282,
049a99bbc289,rolling_origin,PaySim,chronological,0,N,OneClassSVM,0.005,0.005,prevalence,0.0005540177089206675,509009,282,
049a99bbc289,rolling_origin,PaySim,chronological,0,N,OneClassSVM,0.005,0.005,lift,8.678435230045274,509009,282,
049a99bbc289,rolling_origin,PaySim,chronological,0,N,OneClassSVM,0.005,0.005,tie_ratio,0.0005933097450143698,509009,282,
049a99bbc289,rolling_origin,PaySim,chronological,0,N,OneClassSVM,0.005,0.005,fit_seconds,0.34037256240844727,509009,282,
049a99bbc289,rolling_origin,PaySim,chronological,0,N,OneClassSVM,0.005,0.005,score_seconds,26.81681776046753,509009,282,
9f6c76bb50c8,rolling_origin,PaySim,chronological,0,N,DBSCAN,0.005,0.005,PR_AUC,0.0015986977527228652,509009,282,
9f6c76bb50c8,rolling_origin,PaySim,chronological,0,N,DBSCAN,0.005,0.005,ROC_AUC,0.7605284352723172,509009,282,
9f6c76bb50c8,rolling_origin,PaySim,chronological,0,N,DBSCAN,0.005,0.005,Precision,0.0033121475248411064,509009,282,
9f6c76bb50c8,rolling_origin,PaySim,chronological,0,N,DBSCAN,0.005,0.005,Recall,0.13120567375886524,509009,282,
9f6c76bb50c8,rolling_origin,PaySim,chronological,0,N,DBSCAN,0.005,0.005,F1,0.006461189208067755,509009,282,
9f6c76bb50c8,rolling_origin,PaySim,chronological,0,N,DBSCAN,0.005,0.005,TN,497593.0,509009,282,
9f6c76bb50c8,rolling_origin,PaySim,chronological,0,N,DBSCAN,0.005,0.005,FP,11134.0,509009,282,
9f6c76bb50c8,rolling_origin,PaySim,chronological,0,N,DBSCAN,0.005,0.005,FN,245.0,509009,282,
9f6c76bb50c8,rolling_origin,PaySim,chronological,0,N,DBSCAN,0.005,0.005,TP,37.0,509009,282,
9f6c76bb50c8,rolling_origin,PaySim,chronological,0,N,DBSCAN,0.005,0.005,n_alerts,11171.0,509009,282,
9f6c76bb50c8,rolling_origin,PaySim,chronological,0,N,DBSCAN,0.005,0.005,alert_rate,0.021946566760116224,509009,282,
9f6c76bb50c8,rolling_origin,PaySim,chronological,0,N,DBSCAN,0.005,0.005,prevalence,0.0005540177089206675,509009,282,
9f6c76bb50c8,rolling_origin,PaySim,chronological,0,N,DBSCAN,0.005,0.005,lift,5.978414537134208,509009,282,
9f6c76bb50c8,rolling_origin,PaySim,chronological,0,N,DBSCAN,0.005,0.005,tie_ratio,0.20490993283026426,509009,282,
9f6c76bb50c8,rolling_origin,PaySim,chronological,0,N,DBSCAN,0.005,0.005,fit_seconds,0.9800882339477539,509009,282,
9f6c76bb50c8,rolling_origin,PaySim,chronological,0,N,DBSCAN,0.005,0.005,score_seconds,0.054964542388916016,509009,282,
8d84935b6cf2,rolling_origin,PaySim,chronological,0,N,KMeans,0.005,0.005,PR_AUC,0.0026425279111767256,509009,282,
8d84935b6cf2,rolling_origin,PaySim,chronological,0,N,KMeans,0.005,0.005,ROC_AUC,0.8011593519058773,509009,282,
8d84935b6cf2,rolling_origin,PaySim,chronological,0,N,KMeans,0.005,0.005,Precision,0.005837116649680348,509009,282,
8d84935b6cf2,rolling_origin,PaySim,chronological,0,N,KMeans,0.005,0.005,Recall,0.22340425531914893,509009,282,
8d84935b6cf2,rolling_origin,PaySim,chronological,0,N,KMeans,0.005,0.005,F1,0.011376975169300226,509009,282,
8d84935b6cf2,rolling_origin,PaySim,chronological,0,N,KMeans,0.005,0.005,TN,497997.0,509009,282,
8d84935b6cf2,rolling_origin,PaySim,chronological,0,N,KMeans,0.005,0.005,FP,10730.0,509009,282,
8d84935b6cf2,rolling_origin,PaySim,chronological,0,N,KMeans,0.005,0.005,FN,219.0,509009,282,
8d84935b6cf2,rolling_origin,PaySim,chronological,0,N,KMeans,0.005,0.005,TP,63.0,509009,282,
8d84935b6cf2,rolling_origin,PaySim,chronological,0,N,KMeans,0.005,0.005,n_alerts,10793.0,509009,282,
8d84935b6cf2,rolling_origin,PaySim,chronological,0,N,KMeans,0.005,0.005,alert_rate,0.02120394727794597,509009,282,
8d84935b6cf2,rolling_origin,PaySim,chronological,0,N,KMeans,0.005,0.005,prevalence,0.0005540177089206675,509009,282,
8d84935b6cf2,rolling_origin,PaySim,chronological,0,N,KMeans,0.005,0.005,lift,10.535974853677816,509009,282,
8d84935b6cf2,rolling_origin,PaySim,chronological,0,N,KMeans,0.005,0.005,tie_ratio,0.10729476296096929,509009,282,
8d84935b6cf2,rolling_origin,PaySim,chronological,0,N,KMeans,0.005,0.005,fit_seconds,63.522584438323975,509009,282,
8d84935b6cf2,rolling_origin,PaySim,chronological,0,N,KMeans,0.005,0.005,score_seconds,0.4445476531982422,509009,282,
545a44390ee6,rolling_origin,PaySim,chronological,0,N,Ensemble,0.005,0.005,PR_AUC,0.0064385300859082,509009,282,
545a44390ee6,rolling_origin,PaySim,chronological,0,N,Ensemble,0.005,0.005,ROC_AUC,0.8434065578262259,509009,282,
545a44390ee6,rolling_origin,PaySim,chronological,0,N,Ensemble,0.005,0.005,Precision,0.008374440747963749,509009,282,
545a44390ee6,rolling_origin,PaySim,chronological,0,N,Ensemble,0.005,0.005,Recall,0.5177304964539007,509009,282,
545a44390ee6,rolling_origin,PaySim,chronological,0,N,Ensemble,0.005,0.005,F1,0.016482275908783022,509009,282,
545a44390ee6,rolling_origin,PaySim,chronological,0,N,Ensemble,0.005,0.005,TN,491439.0,509009,282,
545a44390ee6,rolling_origin,PaySim,chronological,0,N,Ensemble,0.005,0.005,FP,17288.0,509009,282,
545a44390ee6,rolling_origin,PaySim,chronological,0,N,Ensemble,0.005,0.005,FN,136.0,509009,282,
545a44390ee6,rolling_origin,PaySim,chronological,0,N,Ensemble,0.005,0.005,TP,146.0,509009,282,
545a44390ee6,rolling_origin,PaySim,chronological,0,N,Ensemble,0.005,0.005,n_alerts,17434.0,509009,282,
545a44390ee6,rolling_origin,PaySim,chronological,0,N,Ensemble,0.005,0.005,alert_rate,0.03425086786284722,509009,282,
545a44390ee6,rolling_origin,PaySim,chronological,0,N,Ensemble,0.005,0.005,prevalence,0.0005540177089206675,509009,282,
545a44390ee6,rolling_origin,PaySim,chronological,0,N,Ensemble,0.005,0.005,lift,15.115835853476169,509009,282,
545a44390ee6,rolling_origin,PaySim,chronological,0,N,Ensemble,0.005,0.005,tie_ratio,0.10431446202326478,509009,282,
545a44390ee6,rolling_origin,PaySim,chronological,0,N,Ensemble,0.005,0.005,fit_seconds,0.0,509009,282,
545a44390ee6,rolling_origin,PaySim,chronological,0,N,Ensemble,0.005,0.005,score_seconds,0.0,509009,282,
32d5f70d85e3,rolling_origin,PaySim,chronological,0,N,Ensemble,0.005,0.005,single_point_invariant,1.0,509009,282,invariance
83733bfbcccf,rolling_origin,PaySim,chronological,0,O,IsolationForest,0.005,0.0008623071143208267,PR_AUC,0.0015914535179253281,509009,282,
83733bfbcccf,rolling_origin,PaySim,chronological,0,O,IsolationForest,0.005,0.0008623071143208267,ROC_AUC,0.7834878923970243,509009,282,
83733bfbcccf,rolling_origin,PaySim,chronological,0,O,IsolationForest,0.005,0.0008623071143208267,Precision,0.00017562346329469617,509009,282,
83733bfbcccf,rolling_origin,PaySim,chronological,0,O,IsolationForest,0.005,0.0008623071143208267,Recall,0.0035460992907801418,509009,282,
83733bfbcccf,rolling_origin,PaySim,chronological,0,O,IsolationForest,0.005,0.0008623071143208267,F1,0.00033467202141900936,509009,282,
83733bfbcccf,rolling_origin,PaySim,chronological,0,O,IsolationForest,0.005,0.0008623071143208267,TN,503034.0,509009,282,
83733bfbcccf,rolling_origin,PaySim,chronological,0,O,IsolationForest,0.005,0.0008623071143208267,FP,5693.0,509009,282,
83733bfbcccf,rolling_origin,PaySim,chronological,0,O,IsolationForest,0.005,0.0008623071143208267,FN,281.0,509009,282,
83733bfbcccf,rolling_origin,PaySim,chronological,0,O,IsolationForest,0.005,0.0008623071143208267,TP,1.0,509009,282,
83733bfbcccf,rolling_origin,PaySim,chronological,0,O,IsolationForest,0.005,0.0008623071143208267,n_alerts,5694.0,509009,282,
83733bfbcccf,rolling_origin,PaySim,chronological,0,O,IsolationForest,0.005,0.0008623071143208267,alert_rate,0.011186442675866243,509009,282,
83733bfbcccf,rolling_origin,PaySim,chronological,0,O,IsolationForest,0.005,0.0008623071143208267,prevalence,0.0005540177089206675,509009,282,
83733bfbcccf,rolling_origin,PaySim,chronological,0,O,IsolationForest,0.005,0.0008623071143208267,lift,0.3169997284686879,509009,282,
83733bfbcccf,rolling_origin,PaySim,chronological,0,O,IsolationForest,0.005,0.0008623071143208267,tie_ratio,0.5248433721211216,509009,282,
83733bfbcccf,rolling_origin,PaySim,chronological,0,O,IsolationForest,0.005,0.0008623071143208267,fit_seconds,7.64569091796875,509009,282,
83733bfbcccf,rolling_origin,PaySim,chronological,0,O,IsolationForest,0.005,0.0008623071143208267,score_seconds,12.59050178527832,509009,282,
d1674590e834,rolling_origin,PaySim,chronological,0,O,LOF,0.005,0.0008623071143208267,PR_AUC,0.0005602015687239216,509009,282,
d1674590e834,rolling_origin,PaySim,chronological,0,O,LOF,0.005,0.0008623071143208267,ROC_AUC,0.5399104247234723,509009,282,
d1674590e834,rolling_origin,PaySim,chronological,0,O,LOF,0.005,0.0008623071143208267,Precision,0.0,509009,282,
d1674590e834,rolling_origin,PaySim,chronological,0,O,LOF,0.005,0.0008623071143208267,Recall,0.0,509009,282,
d1674590e834,rolling_origin,PaySim,chronological,0,O,LOF,0.005,0.0008623071143208267,F1,0.0,509009,282,
d1674590e834,rolling_origin,PaySim,chronological,0,O,LOF,0.005,0.0008623071143208267,TN,412481.0,509009,282,
d1674590e834,rolling_origin,PaySim,chronological,0,O,LOF,0.005,0.0008623071143208267,FP,96246.0,509009,282,
d1674590e834,rolling_origin,PaySim,chronological,0,O,LOF,0.005,0.0008623071143208267,FN,282.0,509009,282,
d1674590e834,rolling_origin,PaySim,chronological,0,O,LOF,0.005,0.0008623071143208267,TP,0.0,509009,282,
d1674590e834,rolling_origin,PaySim,chronological,0,O,LOF,0.005,0.0008623071143208267,n_alerts,96246.0,509009,282,
d1674590e834,rolling_origin,PaySim,chronological,0,O,LOF,0.005,0.0008623071143208267,alert_rate,0.18908506529354097,509009,282,
d1674590e834,rolling_origin,PaySim,chronological,0,O,LOF,0.005,0.0008623071143208267,prevalence,0.0005540177089206675,509009,282,
d1674590e834,rolling_origin,PaySim,chronological,0,O,LOF,0.005,0.0008623071143208267,lift,0.0,509009,282,
d1674590e834,rolling_origin,PaySim,chronological,0,O,LOF,0.005,0.0008623071143208267,tie_ratio,0.032934584653709464,509009,282,
d1674590e834,rolling_origin,PaySim,chronological,0,O,LOF,0.005,0.0008623071143208267,fit_seconds,2.2780892848968506,509009,282,
d1674590e834,rolling_origin,PaySim,chronological,0,O,LOF,0.005,0.0008623071143208267,score_seconds,101.41658878326416,509009,282,
8af78813a0b1,rolling_origin,PaySim,chronological,0,O,OneClassSVM,0.005,0.0008623071143208267,PR_AUC,0.0037713608432625558,509009,282,
8af78813a0b1,rolling_origin,PaySim,chronological,0,O,OneClassSVM,0.005,0.0008623071143208267,ROC_AUC,0.7693015818220831,509009,282,
8af78813a0b1,rolling_origin,PaySim,chronological,0,O,OneClassSVM,0.005,0.0008623071143208267,Precision,0.0059504132231404955,509009,282,
8af78813a0b1,rolling_origin,PaySim,chronological,0,O,OneClassSVM,0.005,0.0008623071143208267,Recall,0.1276595744680851,509009,282,
8af78813a0b1,rolling_origin,PaySim,chronological,0,O,OneClassSVM,0.005,0.0008623071143208267,F1,0.011370814908401769,509009,282,
8af78813a0b1,rolling_origin,PaySim,chronological,0,O,OneClassSVM,0.005,0.0008623071143208267,TN,502713.0,509009,282,
8af78813a0b1,rolling_origin,PaySim,chronological,0,O,OneClassSVM,0.005,0.0008623071143208267,FP,6014.0,509009,282,
8af78813a0b1,rolling_origin,PaySim,chronological,0,O,OneClassSVM,0.005,0.0008623071143208267,FN,246.0,509009,282,
8af78813a0b1,rolling_origin,PaySim,chronological,0,O,OneClassSVM,0.005,0.0008623071143208267,TP,36.0,509009,282,
8af78813a0b1,rolling_origin,PaySim,chronological,0,O,OneClassSVM,0.005,0.0008623071143208267,n_alerts,6050.0,509009,282,
8af78813a0b1,rolling_origin,PaySim,chronological,0,O,OneClassSVM,0.005,0.0008623071143208267,alert_rate,0.011885840918333468,509009,282,
8af78813a0b1,rolling_origin,PaySim,chronological,0,O,OneClassSVM,0.005,0.0008623071143208267,prevalence,0.0005540177089206675,509009,282,
8af78813a0b1,rolling_origin,PaySim,chronological,0,O,OneClassSVM,0.005,0.0008623071143208267,lift,10.740474767012483,509009,282,
8af78813a0b1,rolling_origin,PaySim,chronological,0,O,OneClassSVM,0.005,0.0008623071143208267,tie_ratio,0.0004950796547801284,509009,282,
8af78813a0b1,rolling_origin,PaySim,chronological,0,O,OneClassSVM,0.005,0.0008623071143208267,fit_seconds,0.24252796173095703,509009,282,
8af78813a0b1,rolling_origin,PaySim,chronological,0,O,OneClassSVM,0.005,0.0008623071143208267,score_seconds,26.15460443496704,509009,282,
35d738fbb61a,rolling_origin,PaySim,chronological,0,O,DBSCAN,0.005,0.0008623071143208267,PR_AUC,0.0015967347607206955,509009,282,
35d738fbb61a,rolling_origin,PaySim,chronological,0,O,DBSCAN,0.005,0.0008623071143208267,ROC_AUC,0.7601026784879689,509009,282,
35d738fbb61a,rolling_origin,PaySim,chronological,0,O,DBSCAN,0.005,0.0008623071143208267,Precision,0.003307276007215875,509009,282,
35d738fbb61a,rolling_origin,PaySim,chronological,0,O,DBSCAN,0.005,0.0008623071143208267,Recall,0.07801418439716312,509009,282,
35d738fbb61a,rolling_origin,PaySim,chronological,0,O,DBSCAN,0.005,0.0008623071143208267,F1,0.006345543697721373,509009,282,
35d738fbb61a,rolling_origin,PaySim,chronological,0,O,DBSCAN,0.005,0.0008623071143208267,TN,502097.0,509009,282,
35d738fbb61a,rolling_origin,PaySim,chronological,0,O,DBSCAN,0.005,0.0008623071143208267,FP,6630.0,509009,282,
35d738fbb61a,rolling_origin,PaySim,chronological,0,O,DBSCAN,0.005,0.0008623071143208267,FN,260.0,509009,282,
35d738fbb61a,rolling_origin,PaySim,chronological,0,O,DBSCAN,0.005,0.0008623071143208267,TP,22.0,509009,282,
35d738fbb61a,rolling_origin,PaySim,chronological,0,O,DBSCAN,0.005,0.0008623071143208267,n_alerts,6652.0,509009,282,
35d738fbb61a,rolling_origin,PaySim,chronological,0,O,DBSCAN,0.005,0.0008623071143208267,alert_rate,0.013068531204752765,509009,282,
35d738fbb61a,rolling_origin,PaySim,chronological,0,O,DBSCAN,0.005,0.0008623071143208267,prevalence,0.0005540177089206675,509009,282,
35d738fbb61a,rolling_origin,PaySim,chronological,0,O,DBSCAN,0.005,0.0008623071143208267,lift,5.969621465095551,509009,282,
35d738fbb61a,rolling_origin,PaySim,chronological,0,O,DBSCAN,0.005,0.0008623071143208267,tie_ratio,0.20849336652200645,509009,282,
35d738fbb61a,rolling_origin,PaySim,chronological,0,O,DBSCAN,0.005,0.0008623071143208267,fit_seconds,0.8334145545959473,509009,282,
35d738fbb61a,rolling_origin,PaySim,chronological,0,O,DBSCAN,0.005,0.0008623071143208267,score_seconds,0.05501127243041992,509009,282,
b745ca863983,rolling_origin,PaySim,chronological,0,O,KMeans,0.005,0.0008623071143208267,PR_AUC,0.0026414562511308955,509009,282,
b745ca863983,rolling_origin,PaySim,chronological,0,O,KMeans,0.005,0.0008623071143208267,ROC_AUC,0.801221800927742,509009,282,
b745ca863983,rolling_origin,PaySim,chronological,0,O,KMeans,0.005,0.0008623071143208267,Precision,0.004291187739463602,509009,282,
b745ca863983,rolling_origin,PaySim,chronological,0,O,KMeans,0.005,0.0008623071143208267,Recall,0.09929078014184398,509009,282,
b745ca863983,rolling_origin,PaySim,chronological,0,O,KMeans,0.005,0.0008623071143208267,F1,0.0082268253268694,509009,282,
b745ca863983,rolling_origin,PaySim,chronological,0,O,KMeans,0.005,0.0008623071143208267,TN,502230.0,509009,282,
b745ca863983,rolling_origin,PaySim,chronological,0,O,KMeans,0.005,0.0008623071143208267,FP,6497.0,509009,282,
b745ca863983,rolling_origin,PaySim,chronological,0,O,KMeans,0.005,0.0008623071143208267,FN,254.0,509009,282,
b745ca863983,rolling_origin,PaySim,chronological,0,O,KMeans,0.005,0.0008623071143208267,TP,28.0,509009,282,
b745ca863983,rolling_origin,PaySim,chronological,0,O,KMeans,0.005,0.0008623071143208267,n_alerts,6525.0,509009,282,
b745ca863983,rolling_origin,PaySim,chronological,0,O,KMeans,0.005,0.0008623071143208267,alert_rate,0.012819026775557995,509009,282,
b745ca863983,rolling_origin,PaySim,chronological,0,O,KMeans,0.005,0.0008623071143208267,prevalence,0.0005540177089206675,509009,282,
b745ca863983,rolling_origin,PaySim,chronological,0,O,KMeans,0.005,0.0008623071143208267,lift,7.745578652754,509009,282,
b745ca863983,rolling_origin,PaySim,chronological,0,O,KMeans,0.005,0.0008623071143208267,tie_ratio,0.10748925853963287,509009,282,
b745ca863983,rolling_origin,PaySim,chronological,0,O,KMeans,0.005,0.0008623071143208267,fit_seconds,65.7948067188263,509009,282,
b745ca863983,rolling_origin,PaySim,chronological,0,O,KMeans,0.005,0.0008623071143208267,score_seconds,0.4455702304840088,509009,282,
32f8b32939ce,rolling_origin,PaySim,chronological,0,O,Ensemble,0.005,0.0008623071143208267,PR_AUC,0.006199939704116411,509009,282,
32f8b32939ce,rolling_origin,PaySim,chronological,0,O,Ensemble,0.005,0.0008623071143208267,ROC_AUC,0.860919259918238,509009,282,
32f8b32939ce,rolling_origin,PaySim,chronological,0,O,Ensemble,0.005,0.0008623071143208267,Precision,0.011866418036955416,509009,282,
32f8b32939ce,rolling_origin,PaySim,chronological,0,O,Ensemble,0.005,0.0008623071143208267,Recall,0.24822695035460993,509009,282,
32f8b32939ce,rolling_origin,PaySim,chronological,0,O,Ensemble,0.005,0.0008623071143208267,F1,0.022650056625141562,509009,282,
32f8b32939ce,rolling_origin,PaySim,chronological,0,O,Ensemble,0.005,0.0008623071143208267,TN,502898.0,509009,282,
32f8b32939ce,rolling_origin,PaySim,chronological,0,O,Ensemble,0.005,0.0008623071143208267,FP,5829.0,509009,282,
32f8b32939ce,rolling_origin,PaySim,chronological,0,O,Ensemble,0.005,0.0008623071143208267,FN,212.0,509009,282,
32f8b32939ce,rolling_origin,PaySim,chronological,0,O,Ensemble,0.005,0.0008623071143208267,TP,70.0,509009,282,
32f8b32939ce,rolling_origin,PaySim,chronological,0,O,Ensemble,0.005,0.0008623071143208267,n_alerts,5899.0,509009,282,
32f8b32939ce,rolling_origin,PaySim,chronological,0,O,Ensemble,0.005,0.0008623071143208267,alert_rate,0.011589186045826302,509009,282,
32f8b32939ce,rolling_origin,PaySim,chronological,0,O,Ensemble,0.005,0.0008623071143208267,prevalence,0.0005540177089206675,509009,282,
32f8b32939ce,rolling_origin,PaySim,chronological,0,O,Ensemble,0.005,0.0008623071143208267,lift,21.41884247720794,509009,282,
32f8b32939ce,rolling_origin,PaySim,chronological,0,O,Ensemble,0.005,0.0008623071143208267,tie_ratio,0.11000787805323675,509009,282,
32f8b32939ce,rolling_origin,PaySim,chronological,0,O,Ensemble,0.005,0.0008623071143208267,fit_seconds,0.0,509009,282,
32f8b32939ce,rolling_origin,PaySim,chronological,0,O,Ensemble,0.005,0.0008623071143208267,score_seconds,0.0,509009,282,
aadd6c1b6e5f,rolling_origin,PaySim,chronological,0,O,Ensemble,0.005,0.0008623071143208267,single_point_invariant,1.0,509009,282,invariance
28933b6d10d8,rolling_origin,PaySim,chronological,1,U,IsolationForest,0.005,0.005,PR_AUC,0.002274287508704161,509009,388,
28933b6d10d8,rolling_origin,PaySim,chronological,1,U,IsolationForest,0.005,0.005,ROC_AUC,0.7780486556970286,509009,388,
28933b6d10d8,rolling_origin,PaySim,chronological,1,U,IsolationForest,0.005,0.005,Precision,0.0,509009,388,
28933b6d10d8,rolling_origin,PaySim,chronological,1,U,IsolationForest,0.005,0.005,Recall,0.0,509009,388,
28933b6d10d8,rolling_origin,PaySim,chronological,1,U,IsolationForest,0.005,0.005,F1,0.0,509009,388,
28933b6d10d8,rolling_origin,PaySim,chronological,1,U,IsolationForest,0.005,0.005,TN,507765.0,509009,388,
28933b6d10d8,rolling_origin,PaySim,chronological,1,U,IsolationForest,0.005,0.005,FP,856.0,509009,388,
28933b6d10d8,rolling_origin,PaySim,chronological,1,U,IsolationForest,0.005,0.005,FN,388.0,509009,388,
28933b6d10d8,rolling_origin,PaySim,chronological,1,U,IsolationForest,0.005,0.005,TP,0.0,509009,388,
28933b6d10d8,rolling_origin,PaySim,chronological,1,U,IsolationForest,0.005,0.005,n_alerts,856.0,509009,388,
28933b6d10d8,rolling_origin,PaySim,chronological,1,U,IsolationForest,0.005,0.005,alert_rate,0.0016816991448088345,509009,388,
28933b6d10d8,rolling_origin,PaySim,chronological,1,U,IsolationForest,0.005,0.005,prevalence,0.0007622655002170885,509009,388,
28933b6d10d8,rolling_origin,PaySim,chronological,1,U,IsolationForest,0.005,0.005,lift,0.0,509009,388,
28933b6d10d8,rolling_origin,PaySim,chronological,1,U,IsolationForest,0.005,0.005,tie_ratio,0.5101068939841928,509009,388,
28933b6d10d8,rolling_origin,PaySim,chronological,1,U,IsolationForest,0.005,0.005,fit_seconds,8.56434154510498,509009,388,
28933b6d10d8,rolling_origin,PaySim,chronological,1,U,IsolationForest,0.005,0.005,score_seconds,12.814543008804321,509009,388,
f6e65bcbe25c,rolling_origin,PaySim,chronological,1,U,LOF,0.005,0.005,PR_AUC,0.0007605786167979678,509009,388,
f6e65bcbe25c,rolling_origin,PaySim,chronological,1,U,LOF,0.005,0.005,ROC_AUC,0.5343434811414579,509009,388,
f6e65bcbe25c,rolling_origin,PaySim,chronological,1,U,LOF,0.005,0.005,Precision,0.0,509009,388,
f6e65bcbe25c,rolling_origin,PaySim,chronological,1,U,LOF,0.005,0.005,Recall,0.0,509009,388,
f6e65bcbe25c,rolling_origin,PaySim,chronological,1,U,LOF,0.005,0.005,F1,0.0,509009,388,
f6e65bcbe25c,rolling_origin,PaySim,chronological,1,U,LOF,0.005,0.005,TN,363914.0,509009,388,
f6e65bcbe25c,rolling_origin,PaySim,chronological,1,U,LOF,0.005,0.005,FP,144707.0,509009,388,
f6e65bcbe25c,rolling_origin,PaySim,chronological,1,U,LOF,0.005,0.005,FN,388.0,509009,388,
f6e65bcbe25c,rolling_origin,PaySim,chronological,1,U,LOF,0.005,0.005,TP,0.0,509009,388,
f6e65bcbe25c,rolling_origin,PaySim,chronological,1,U,LOF,0.005,0.005,n_alerts,144707.0,509009,388,
f6e65bcbe25c,rolling_origin,PaySim,chronological,1,U,LOF,0.005,0.005,alert_rate,0.2842916333502944,509009,388,
f6e65bcbe25c,rolling_origin,PaySim,chronological,1,U,LOF,0.005,0.005,prevalence,0.0007622655002170885,509009,388,
f6e65bcbe25c,rolling_origin,PaySim,chronological,1,U,LOF,0.005,0.005,lift,0.0,509009,388,
f6e65bcbe25c,rolling_origin,PaySim,chronological,1,U,LOF,0.005,0.005,tie_ratio,0.025199947348671592,509009,388,
f6e65bcbe25c,rolling_origin,PaySim,chronological,1,U,LOF,0.005,0.005,fit_seconds,1.6675002574920654,509009,388,
f6e65bcbe25c,rolling_origin,PaySim,chronological,1,U,LOF,0.005,0.005,score_seconds,99.3071837425232,509009,388,
b2a1b3336de2,rolling_origin,PaySim,chronological,1,U,OneClassSVM,0.005,0.005,PR_AUC,0.003803645887302489,509009,388,
b2a1b3336de2,rolling_origin,PaySim,chronological,1,U,OneClassSVM,0.005,0.005,ROC_AUC,0.6682381425847294,509009,388,
b2a1b3336de2,rolling_origin,PaySim,chronological,1,U,OneClassSVM,0.005,0.005,Precision,0.0072771376591873865,509009,388,
b2a1b3336de2,rolling_origin,PaySim,chronological,1,U,OneClassSVM,0.005,0.005,Recall,0.030927835051546393,509009,388,
b2a1b3336de2,rolling_origin,PaySim,chronological,1,U,OneClassSVM,0.005,0.005,F1,0.011782032400589101,509009,388,
b2a1b3336de2,rolling_origin,PaySim,chronological,1,U,OneClassSVM,0.005,0.005,TN,506984.0,509009,388,
b2a1b3336de2,rolling_origin,PaySim,chronological,1,U,OneClassSVM,0.005,0.005,FP,1637.0,509009,388,
b2a1b3336de2,rolling_origin,PaySim,chronological,1,U,OneClassSVM,0.005,0.005,FN,376.0,509009,388,
b2a1b3336de2,rolling_origin,PaySim,chronological,1,U,OneClassSVM,0.005,0.005,TP,12.0,509009,388,
b2a1b3336de2,rolling_origin,PaySim,chronological,1,U,OneClassSVM,0.005,0.005,n_alerts,1649.0,509009,388,
b2a1b3336de2,rolling_origin,PaySim,chronological,1,U,OneClassSVM,0.005,0.005,alert_rate,0.003239628375922626,509009,388,
b2a1b3336de2,rolling_origin,PaySim,chronological,1,U,OneClassSVM,0.005,0.005,prevalence,0.0007622655002170885,509009,388,
b2a1b3336de2,rolling_origin,PaySim,chronological,1,U,OneClassSVM,0.005,0.005,lift,9.546723099910599,509009,388,
b2a1b3336de2,rolling_origin,PaySim,chronological,1,U,OneClassSVM,0.005,0.005,tie_ratio,0.007455663848772831,509009,388,
b2a1b3336de2,rolling_origin,PaySim,chronological,1,U,OneClassSVM,0.005,0.005,fit_seconds,0.33319854736328125,509009,388,
b2a1b3336de2,rolling_origin,PaySim,chronological,1,U,OneClassSVM,0.005,0.005,score_seconds,25.622044801712036,509009,388,
1707c3207e3b,rolling_origin,PaySim,chronological,1,U,DBSCAN,0.005,0.005,PR_AUC,0.0020923067368328898,509009,388,
1707c3207e3b,rolling_origin,PaySim,chronological,1,U,DBSCAN,0.005,0.005,ROC_AUC,0.751151278521708,509009,388,
1707c3207e3b,rolling_origin,PaySim,chronological,1,U,DBSCAN,0.005,0.005,Precision,0.0,509009,388,
1707c3207e3b,rolling_origin,PaySim,chronological,1,U,DBSCAN,0.005,0.005,Recall,0.0,509009,388,
1707c3207e3b,rolling_origin,PaySim,chronological,1,U,DBSCAN,0.005,0.005,F1,0.0,509009,388,
1707c3207e3b,rolling_origin,PaySim,chronological,1,U,DBSCAN,0.005,0.005,TN,507811.0,509009,388,
1707c3207e3b,rolling_origin,PaySim,chronological,1,U,DBSCAN,0.005,0.005,FP,810.0,509009,388,
1707c3207e3b,rolling_origin,PaySim,chronological,1,U,DBSCAN,0.005,0.005,FN,388.0,509009,388,
1707c3207e3b,rolling_origin,PaySim,chronological,1,U,DBSCAN,0.005,0.005,TP,0.0,509009,388,
1707c3207e3b,rolling_origin,PaySim,chronological,1,U,DBSCAN,0.005,0.005,n_alerts,810.0,509009,388,
1707c3207e3b,rolling_origin,PaySim,chronological,1,U,DBSCAN,0.005,0.005,alert_rate,0.0015913274617934065,509009,388,
1707c3207e3b,rolling_origin,PaySim,chronological,1,U,DBSCAN,0.005,0.005,prevalence,0.0007622655002170885,509009,388,
1707c3207e3b,rolling_origin,PaySim,chronological,1,U,DBSCAN,0.005,0.005,lift,0.0,509009,388,
1707c3207e3b,rolling_origin,PaySim,chronological,1,U,DBSCAN,0.005,0.005,tie_ratio,0.07331108094355898,509009,388,
1707c3207e3b,rolling_origin,PaySim,chronological,1,U,DBSCAN,0.005,0.005,fit_seconds,0.8833425045013428,509009,388,
1707c3207e3b,rolling_origin,PaySim,chronological,1,U,DBSCAN,0.005,0.005,score_seconds,0.0755772590637207,509009,388,
2c54f5e46a2b,rolling_origin,PaySim,chronological,1,U,KMeans,0.005,0.005,PR_AUC,0.0034528922321250986,509009,388,
2c54f5e46a2b,rolling_origin,PaySim,chronological,1,U,KMeans,0.005,0.005,ROC_AUC,0.79327252400705,509009,388,
2c54f5e46a2b,rolling_origin,PaySim,chronological,1,U,KMeans,0.005,0.005,Precision,0.0,509009,388,
2c54f5e46a2b,rolling_origin,PaySim,chronological,1,U,KMeans,0.005,0.005,Recall,0.0,509009,388,
2c54f5e46a2b,rolling_origin,PaySim,chronological,1,U,KMeans,0.005,0.005,F1,0.0,509009,388,
2c54f5e46a2b,rolling_origin,PaySim,chronological,1,U,KMeans,0.005,0.005,TN,507818.0,509009,388,
2c54f5e46a2b,rolling_origin,PaySim,chronological,1,U,KMeans,0.005,0.005,FP,803.0,509009,388,
2c54f5e46a2b,rolling_origin,PaySim,chronological,1,U,KMeans,0.005,0.005,FN,388.0,509009,388,
2c54f5e46a2b,rolling_origin,PaySim,chronological,1,U,KMeans,0.005,0.005,TP,0.0,509009,388,
2c54f5e46a2b,rolling_origin,PaySim,chronological,1,U,KMeans,0.005,0.005,n_alerts,803.0,509009,388,
2c54f5e46a2b,rolling_origin,PaySim,chronological,1,U,KMeans,0.005,0.005,alert_rate,0.0015775752491606239,509009,388,
2c54f5e46a2b,rolling_origin,PaySim,chronological,1,U,KMeans,0.005,0.005,prevalence,0.0007622655002170885,509009,388,
2c54f5e46a2b,rolling_origin,PaySim,chronological,1,U,KMeans,0.005,0.005,lift,0.0,509009,388,
2c54f5e46a2b,rolling_origin,PaySim,chronological,1,U,KMeans,0.005,0.005,tie_ratio,0.09874088670337855,509009,388,
2c54f5e46a2b,rolling_origin,PaySim,chronological,1,U,KMeans,0.005,0.005,fit_seconds,70.89396905899048,509009,388,
2c54f5e46a2b,rolling_origin,PaySim,chronological,1,U,KMeans,0.005,0.005,score_seconds,0.4371755123138428,509009,388,
2253d381bd62,rolling_origin,PaySim,chronological,1,U,Ensemble,0.005,0.005,PR_AUC,0.008378905393566945,509009,388,
2253d381bd62,rolling_origin,PaySim,chronological,1,U,Ensemble,0.005,0.005,ROC_AUC,0.8314089803808913,509009,388,
2253d381bd62,rolling_origin,PaySim,chronological,1,U,Ensemble,0.005,0.005,Precision,0.011210762331838564,509009,388,
2253d381bd62,rolling_origin,PaySim,chronological,1,U,Ensemble,0.005,0.005,Recall,0.02577319587628866,509009,388,
2253d381bd62,rolling_origin,PaySim,chronological,1,U,Ensemble,0.005,0.005,F1,0.015625,509009,388,
2253d381bd62,rolling_origin,PaySim,chronological,1,U,Ensemble,0.005,0.005,TN,507739.0,509009,388,
2253d381bd62,rolling_origin,PaySim,chronological,1,U,Ensemble,0.005,0.005,FP,882.0,509009,388,
2253d381bd62,rolling_origin,PaySim,chronological,1,U,Ensemble,0.005,0.005,FN,378.0,509009,388,
2253d381bd62,rolling_origin,PaySim,chronological,1,U,Ensemble,0.005,0.005,TP,10.0,509009,388,
2253d381bd62,rolling_origin,PaySim,chronological,1,U,Ensemble,0.005,0.005,n_alerts,892.0,509009,388,
2253d381bd62,rolling_origin,PaySim,chronological,1,U,Ensemble,0.005,0.005,alert_rate,0.0017524248097774303,509009,388,
2253d381bd62,rolling_origin,PaySim,chronological,1,U,Ensemble,0.005,0.005,prevalence,0.0007622655002170885,509009,388,
2253d381bd62,rolling_origin,PaySim,chronological,1,U,Ensemble,0.005,0.005,lift,14.707162174656743,509009,388,
2253d381bd62,rolling_origin,PaySim,chronological,1,U,Ensemble,0.005,0.005,tie_ratio,0.11721796667642415,509009,388,
2253d381bd62,rolling_origin,PaySim,chronological,1,U,Ensemble,0.005,0.005,fit_seconds,0.0,509009,388,
2253d381bd62,rolling_origin,PaySim,chronological,1,U,Ensemble,0.005,0.005,score_seconds,0.0,509009,388,
24e554d93840,rolling_origin,PaySim,chronological,1,U,Ensemble,0.005,0.005,single_point_invariant,1.0,509009,388,invariance
623654e7e67e,rolling_origin,PaySim,chronological,1,N,IsolationForest,0.005,0.005,PR_AUC,0.0022532587749229988,509009,388,
623654e7e67e,rolling_origin,PaySim,chronological,1,N,IsolationForest,0.005,0.005,ROC_AUC,0.7772414624974336,509009,388,
623654e7e67e,rolling_origin,PaySim,chronological,1,N,IsolationForest,0.005,0.005,Precision,0.0,509009,388,
623654e7e67e,rolling_origin,PaySim,chronological,1,N,IsolationForest,0.005,0.005,Recall,0.0,509009,388,
623654e7e67e,rolling_origin,PaySim,chronological,1,N,IsolationForest,0.005,0.005,F1,0.0,509009,388,
623654e7e67e,rolling_origin,PaySim,chronological,1,N,IsolationForest,0.005,0.005,TN,507829.0,509009,388,
623654e7e67e,rolling_origin,PaySim,chronological,1,N,IsolationForest,0.005,0.005,FP,792.0,509009,388,
623654e7e67e,rolling_origin,PaySim,chronological,1,N,IsolationForest,0.005,0.005,FN,388.0,509009,388,
623654e7e67e,rolling_origin,PaySim,chronological,1,N,IsolationForest,0.005,0.005,TP,0.0,509009,388,
623654e7e67e,rolling_origin,PaySim,chronological,1,N,IsolationForest,0.005,0.005,n_alerts,792.0,509009,388,
623654e7e67e,rolling_origin,PaySim,chronological,1,N,IsolationForest,0.005,0.005,alert_rate,0.0015559646293091085,509009,388,
623654e7e67e,rolling_origin,PaySim,chronological,1,N,IsolationForest,0.005,0.005,prevalence,0.0007622655002170885,509009,388,
623654e7e67e,rolling_origin,PaySim,chronological,1,N,IsolationForest,0.005,0.005,lift,0.0,509009,388,
623654e7e67e,rolling_origin,PaySim,chronological,1,N,IsolationForest,0.005,0.005,tie_ratio,0.5148455135370887,509009,388,
623654e7e67e,rolling_origin,PaySim,chronological,1,N,IsolationForest,0.005,0.005,fit_seconds,8.06447982788086,509009,388,
623654e7e67e,rolling_origin,PaySim,chronological,1,N,IsolationForest,0.005,0.005,score_seconds,12.599079370498657,509009,388,
0cf6f251a433,rolling_origin,PaySim,chronological,1,N,LOF,0.005,0.005,PR_AUC,0.0007566818270956998,509009,388,
0cf6f251a433,rolling_origin,PaySim,chronological,1,N,LOF,0.005,0.005,ROC_AUC,0.5332207820187016,509009,388,
0cf6f251a433,rolling_origin,PaySim,chronological,1,N,LOF,0.005,0.005,Precision,0.0,509009,388,
0cf6f251a433,rolling_origin,PaySim,chronological,1,N,LOF,0.005,0.005,Recall,0.0,509009,388,
0cf6f251a433,rolling_origin,PaySim,chronological,1,N,LOF,0.005,0.005,F1,0.0,509009,388,
0cf6f251a433,rolling_origin,PaySim,chronological,1,N,LOF,0.005,0.005,TN,367301.0,509009,388,
0cf6f251a433,rolling_origin,PaySim,chronological,1,N,LOF,0.005,0.005,FP,141320.0,509009,388,
0cf6f251a433,rolling_origin,PaySim,chronological,1,N,LOF,0.005,0.005,FN,388.0,509009,388,
0cf6f251a433,rolling_origin,PaySim,chronological,1,N,LOF,0.005,0.005,TP,0.0,509009,388,
0cf6f251a433,rolling_origin,PaySim,chronological,1,N,LOF,0.005,0.005,n_alerts,141320.0,509009,388,
0cf6f251a433,rolling_origin,PaySim,chronological,1,N,LOF,0.005,0.005,alert_rate,0.27763752703783234,509009,388,
0cf6f251a433,rolling_origin,PaySim,chronological,1,N,LOF,0.005,0.005,prevalence,0.0007622655002170885,509009,388,
0cf6f251a433,rolling_origin,PaySim,chronological,1,N,LOF,0.005,0.005,lift,0.0,509009,388,
0cf6f251a433,rolling_origin,PaySim,chronological,1,N,LOF,0.005,0.005,tie_ratio,0.02367934555184681,509009,388,
0cf6f251a433,rolling_origin,PaySim,chronological,1,N,LOF,0.005,0.005,fit_seconds,1.823516607284546,509009,388,
0cf6f251a433,rolling_origin,PaySim,chronological,1,N,LOF,0.005,0.005,score_seconds,85.40495324134827,509009,388,
2d764a4c9170,rolling_origin,PaySim,chronological,1,N,OneClassSVM,0.005,0.005,PR_AUC,0.009083045120315124,509009,388,
2d764a4c9170,rolling_origin,PaySim,chronological,1,N,OneClassSVM,0.005,0.005,ROC_AUC,0.8060539381023323,509009,388,
2d764a4c9170,rolling_origin,PaySim,chronological,1,N,OneClassSVM,0.005,0.005,Precision,0.010369410239792612,509009,388,
2d764a4c9170,rolling_origin,PaySim,chronological,1,N,OneClassSVM,0.005,0.005,Recall,0.041237113402061855,509009,388,
2d764a4c9170,rolling_origin,PaySim,chronological,1,N,OneClassSVM,0.005,0.005,F1,0.016571724495080268,509009,388,
2d764a4c9170,rolling_origin,PaySim,chronological,1,N,OneClassSVM,0.005,0.005,TN,507094.0,509009,388,
2d764a4c9170,rolling_origin,PaySim,chronological,1,N,OneClassSVM,0.005,0.005,FP,1527.0,509009,388,
2d764a4c9170,rolling_origin,PaySim,chronological,1,N,OneClassSVM,0.005,0.005,FN,372.0,509009,388,
2d764a4c9170,rolling_origin,PaySim,chronological,1,N,OneClassSVM,0.005,0.005,TP,16.0,509009,388,
2d764a4c9170,rolling_origin,PaySim,chronological,1,N,OneClassSVM,0.005,0.005,n_alerts,1543.0,509009,388,
2d764a4c9170,rolling_origin,PaySim,chronological,1,N,OneClassSVM,0.005,0.005,alert_rate,0.003031380584626205,509009,388,
2d764a4c9170,rolling_origin,PaySim,chronological,1,N,OneClassSVM,0.005,0.005,prevalence,0.0007622655002170885,509009,388,
2d764a4c9170,rolling_origin,PaySim,chronological,1,N,OneClassSVM,0.005,0.005,lift,13.603410146254118,509009,388,
2d764a4c9170,rolling_origin,PaySim,chronological,1,N,OneClassSVM,0.005,0.005,tie_ratio,0.007775893942936207,509009,388,
2d764a4c9170,rolling_origin,PaySim,chronological,1,N,OneClassSVM,0.005,0.005,fit_seconds,0.33745670318603516,509009,388,
2d764a4c9170,rolling_origin,PaySim,chronological,1,N,OneClassSVM,0.005,0.005,score_seconds,25.865462064743042,509009,388,
72709f415d29,rolling_origin,PaySim,chronological,1,N,DBSCAN,0.005,0.005,PR_AUC,0.0020919046438520076,509009,388,
72709f415d29,rolling_origin,PaySim,chronological,1,N,DBSCAN,0.005,0.005,ROC_AUC,0.751034652784727,509009,388,
72709f415d29,rolling_origin,PaySim,chronological,1,N,DBSCAN,0.005,0.005,Precision,0.0,509009,388,
72709f415d29,rolling_origin,PaySim,chronological,1,N,DBSCAN,0.005,0.005,Recall,0.0,509009,388,
72709f415d29,rolling_origin,PaySim,chronological,1,N,DBSCAN,0.005,0.005,F1,0.0,509009,388,
72709f415d29,rolling_origin,PaySim,chronological,1,N,DBSCAN,0.005,0.005,TN,507811.0,509009,388,
72709f415d29,rolling_origin,PaySim,chronological,1,N,DBSCAN,0.005,0.005,FP,810.0,509009,388,
72709f415d29,rolling_origin,PaySim,chronological,1,N,DBSCAN,0.005,0.005,FN,388.0,509009,388,
72709f415d29,rolling_origin,PaySim,chronological,1,N,DBSCAN,0.005,0.005,TP,0.0,509009,388,
72709f415d29,rolling_origin,PaySim,chronological,1,N,DBSCAN,0.005,0.005,n_alerts,810.0,509009,388,
72709f415d29,rolling_origin,PaySim,chronological,1,N,DBSCAN,0.005,0.005,alert_rate,0.0015913274617934065,509009,388,
72709f415d29,rolling_origin,PaySim,chronological,1,N,DBSCAN,0.005,0.005,prevalence,0.0007622655002170885,509009,388,
72709f415d29,rolling_origin,PaySim,chronological,1,N,DBSCAN,0.005,0.005,lift,0.0,509009,388,
72709f415d29,rolling_origin,PaySim,chronological,1,N,DBSCAN,0.005,0.005,tie_ratio,0.06089479753796101,509009,388,
72709f415d29,rolling_origin,PaySim,chronological,1,N,DBSCAN,0.005,0.005,fit_seconds,0.8582553863525391,509009,388,
72709f415d29,rolling_origin,PaySim,chronological,1,N,DBSCAN,0.005,0.005,score_seconds,0.054398536682128906,509009,388,
1cbe41e33ee3,rolling_origin,PaySim,chronological,1,N,KMeans,0.005,0.005,PR_AUC,0.0035079585483370384,509009,388,
1cbe41e33ee3,rolling_origin,PaySim,chronological,1,N,KMeans,0.005,0.005,ROC_AUC,0.8071428486732783,509009,388,
1cbe41e33ee3,rolling_origin,PaySim,chronological,1,N,KMeans,0.005,0.005,Precision,0.001075268817204301,509009,388,
1cbe41e33ee3,rolling_origin,PaySim,chronological,1,N,KMeans,0.005,0.005,Recall,0.002577319587628866,509009,388,
1cbe41e33ee3,rolling_origin,PaySim,chronological,1,N,KMeans,0.005,0.005,F1,0.0015174506828528073,509009,388,
1cbe41e33ee3,rolling_origin,PaySim,chronological,1,N,KMeans,0.005,0.005,TN,507692.0,509009,388,
1cbe41e33ee3,rolling_origin,PaySim,chronological,1,N,KMeans,0.005,0.005,FP,929.0,509009,388,
1cbe41e33ee3,rolling_origin,PaySim,chronological,1,N,KMeans,0.005,0.005,FN,387.0,509009,388,
1cbe41e33ee3,rolling_origin,PaySim,chronological,1,N,KMeans,0.005,0.005,TP,1.0,509009,388,
1cbe41e33ee3,rolling_origin,PaySim,chronological,1,N,KMeans,0.005,0.005,n_alerts,930.0,509009,388,
1cbe41e33ee3,rolling_origin,PaySim,chronological,1,N,KMeans,0.005,0.005,alert_rate,0.0018270796783553926,509009,388,
1cbe41e33ee3,rolling_origin,PaySim,chronological,1,N,KMeans,0.005,0.005,prevalence,0.0007622655002170885,509009,388,
1cbe41e33ee3,rolling_origin,PaySim,chronological,1,N,KMeans,0.005,0.005,lift,1.4106224365369693,509009,388,
1cbe41e33ee3,rolling_origin,PaySim,chronological,1,N,KMeans,0.005,0.005,tie_ratio,0.09781359465156803,509009,388,
1cbe41e33ee3,rolling_origin,PaySim,chronological,1,N,KMeans,0.005,0.005,fit_seconds,74.60719513893127,509009,388,
1cbe41e33ee3,rolling_origin,PaySim,chronological,1,N,KMeans,0.005,0.005,score_seconds,0.43975234031677246,509009,388,
7800d23e8eef,rolling_origin,PaySim,chronological,1,N,Ensemble,0.005,0.005,PR_AUC,0.011014862541644334,509009,388,
7800d23e8eef,rolling_origin,PaySim,chronological,1,N,Ensemble,0.005,0.005,ROC_AUC,0.8489924074468833,509009,388,
7800d23e8eef,rolling_origin,PaySim,chronological,1,N,Ensemble,0.005,0.005,Precision,0.014613778705636743,509009,388,
7800d23e8eef,rolling_origin,PaySim,chronological,1,N,Ensemble,0.005,0.005,Recall,0.03608247422680412,509009,388,
7800d23e8eef,rolling_origin,PaySim,chronological,1,N,Ensemble,0.005,0.005,F1,0.020802377414561663,509009,388,
7800d23e8eef,rolling_origin,PaySim,chronological,1,N,Ensemble,0.005,0.005,TN,507677.0,509009,388,
7800d23e8eef,rolling_origin,PaySim,chronological,1,N,Ensemble,0.005,0.005,FP,944.0,509009,388,
7800d23e8eef,rolling_origin,PaySim,chronological,1,N,Ensemble,0.005,0.005,FN,374.0,509009,388,
7800d23e8eef,rolling_origin,PaySim,chronological,1,N,Ensemble,0.005,0.005,TP,14.0,509009,388,
7800d23e8eef,rolling_origin,PaySim,chronological,1,N,Ensemble,0.005,0.005,n_alerts,958.0,509009,388,
7800d23e8eef,rolling_origin,PaySim,chronological,1,N,Ensemble,0.005,0.005,alert_rate,0.0018820885288865225,509009,388,
7800d23e8eef,rolling_origin,PaySim,chronological,1,N,Ensemble,0.005,0.005,prevalence,0.0007622655002170885,509009,388,
7800d23e8eef,rolling_origin,PaySim,chronological,1,N,Ensemble,0.005,0.005,lift,19.171507436024363,509009,388,
7800d23e8eef,rolling_origin,PaySim,chronological,1,N,Ensemble,0.005,0.005,tie_ratio,0.1193200906074352,509009,388,
7800d23e8eef,rolling_origin,PaySim,chronological,1,N,Ensemble,0.005,0.005,fit_seconds,0.0,509009,388,
7800d23e8eef,rolling_origin,PaySim,chronological,1,N,Ensemble,0.005,0.005,score_seconds,0.0,509009,388,
bd33af2caebd,rolling_origin,PaySim,chronological,1,N,Ensemble,0.005,0.005,single_point_invariant,1.0,509009,388,invariance
bd07c91ef051,rolling_origin,PaySim,chronological,1,O,IsolationForest,0.005,0.0008358709390123312,PR_AUC,0.002274287508704161,509009,388,
bd07c91ef051,rolling_origin,PaySim,chronological,1,O,IsolationForest,0.005,0.0008358709390123312,ROC_AUC,0.7780486556970286,509009,388,
bd07c91ef051,rolling_origin,PaySim,chronological,1,O,IsolationForest,0.005,0.0008358709390123312,Precision,0.0,509009,388,
bd07c91ef051,rolling_origin,PaySim,chronological,1,O,IsolationForest,0.005,0.0008358709390123312,Recall,0.0,509009,388,
bd07c91ef051,rolling_origin,PaySim,chronological,1,O,IsolationForest,0.005,0.0008358709390123312,F1,0.0,509009,388,
bd07c91ef051,rolling_origin,PaySim,chronological,1,O,IsolationForest,0.005,0.0008358709390123312,TN,508571.0,509009,388,
bd07c91ef051,rolling_origin,PaySim,chronological,1,O,IsolationForest,0.005,0.0008358709390123312,FP,50.0,509009,388,
bd07c91ef051,rolling_origin,PaySim,chronological,1,O,IsolationForest,0.005,0.0008358709390123312,FN,388.0,509009,388,
bd07c91ef051,rolling_origin,PaySim,chronological,1,O,IsolationForest,0.005,0.0008358709390123312,TP,0.0,509009,388,
bd07c91ef051,rolling_origin,PaySim,chronological,1,O,IsolationForest,0.005,0.0008358709390123312,n_alerts,50.0,509009,388,
bd07c91ef051,rolling_origin,PaySim,chronological,1,O,IsolationForest,0.005,0.0008358709390123312,alert_rate,9.82300902341609e-05,509009,388,
bd07c91ef051,rolling_origin,PaySim,chronological,1,O,IsolationForest,0.005,0.0008358709390123312,prevalence,0.0007622655002170885,509009,388,
bd07c91ef051,rolling_origin,PaySim,chronological,1,O,IsolationForest,0.005,0.0008358709390123312,lift,0.0,509009,388,
bd07c91ef051,rolling_origin,PaySim,chronological,1,O,IsolationForest,0.005,0.0008358709390123312,tie_ratio,0.5101068939841928,509009,388,
bd07c91ef051,rolling_origin,PaySim,chronological,1,O,IsolationForest,0.005,0.0008358709390123312,fit_seconds,9.02824854850769,509009,388,
bd07c91ef051,rolling_origin,PaySim,chronological,1,O,IsolationForest,0.005,0.0008358709390123312,score_seconds,12.943006038665771,509009,388,
7508ecfd9367,rolling_origin,PaySim,chronological,1,O,LOF,0.005,0.0008358709390123312,PR_AUC,0.0007605786167979678,509009,388,
7508ecfd9367,rolling_origin,PaySim,chronological,1,O,LOF,0.005,0.0008358709390123312,ROC_AUC,0.5343434811414579,509009,388,
7508ecfd9367,rolling_origin,PaySim,chronological,1,O,LOF,0.005,0.0008358709390123312,Precision,0.0,509009,388,
7508ecfd9367,rolling_origin,PaySim,chronological,1,O,LOF,0.005,0.0008358709390123312,Recall,0.0,509009,388,
7508ecfd9367,rolling_origin,PaySim,chronological,1,O,LOF,0.005,0.0008358709390123312,F1,0.0,509009,388,
7508ecfd9367,rolling_origin,PaySim,chronological,1,O,LOF,0.005,0.0008358709390123312,TN,455059.0,509009,388,
7508ecfd9367,rolling_origin,PaySim,chronological,1,O,LOF,0.005,0.0008358709390123312,FP,53562.0,509009,388,
7508ecfd9367,rolling_origin,PaySim,chronological,1,O,LOF,0.005,0.0008358709390123312,FN,388.0,509009,388,
7508ecfd9367,rolling_origin,PaySim,chronological,1,O,LOF,0.005,0.0008358709390123312,TP,0.0,509009,388,
7508ecfd9367,rolling_origin,PaySim,chronological,1,O,LOF,0.005,0.0008358709390123312,n_alerts,53562.0,509009,388,
7508ecfd9367,rolling_origin,PaySim,chronological,1,O,LOF,0.005,0.0008358709390123312,alert_rate,0.10522800186244251,509009,388,
7508ecfd9367,rolling_origin,PaySim,chronological,1,O,LOF,0.005,0.0008358709390123312,prevalence,0.0007622655002170885,509009,388,
7508ecfd9367,rolling_origin,PaySim,chronological,1,O,LOF,0.005,0.0008358709390123312,lift,0.0,509009,388,
7508ecfd9367,rolling_origin,PaySim,chronological,1,O,LOF,0.005,0.0008358709390123312,tie_ratio,0.025199947348671592,509009,388,
7508ecfd9367,rolling_origin,PaySim,chronological,1,O,LOF,0.005,0.0008358709390123312,fit_seconds,1.5847296714782715,509009,388,
7508ecfd9367,rolling_origin,PaySim,chronological,1,O,LOF,0.005,0.0008358709390123312,score_seconds,85.49372386932373,509009,388,
0bdf60856a7d,rolling_origin,PaySim,chronological,1,O,OneClassSVM,0.005,0.0008358709390123312,PR_AUC,0.0039001633922544367,509009,388,
0bdf60856a7d,rolling_origin,PaySim,chronological,1,O,OneClassSVM,0.005,0.0008358709390123312,ROC_AUC,0.6634814614053359,509009,388,
0bdf60856a7d,rolling_origin,PaySim,chronological,1,O,OneClassSVM,0.005,0.0008358709390123312,Precision,0.007326007326007326,509009,388,
0bdf60856a7d,rolling_origin,PaySim,chronological,1,O,OneClassSVM,0.005,0.0008358709390123312,Recall,0.030927835051546393,509009,388,
0bdf60856a7d,rolling_origin,PaySim,chronological,1,O,OneClassSVM,0.005,0.0008358709390123312,F1,0.011846001974333662,509009,388,
0bdf60856a7d,rolling_origin,PaySim,chronological,1,O,OneClassSVM,0.005,0.0008358709390123312,TN,506995.0,509009,388,
0bdf60856a7d,rolling_origin,PaySim,chronological,1,O,OneClassSVM,0.005,0.0008358709390123312,FP,1626.0,509009,388,
0bdf60856a7d,rolling_origin,PaySim,chronological,1,O,OneClassSVM,0.005,0.0008358709390123312,FN,376.0,509009,388,
0bdf60856a7d,rolling_origin,PaySim,chronological,1,O,OneClassSVM,0.005,0.0008358709390123312,TP,12.0,509009,388,
0bdf60856a7d,rolling_origin,PaySim,chronological,1,O,OneClassSVM,0.005,0.0008358709390123312,n_alerts,1638.0,509009,388,
0bdf60856a7d,rolling_origin,PaySim,chronological,1,O,OneClassSVM,0.005,0.0008358709390123312,alert_rate,0.0032180177560711108,509009,388,
0bdf60856a7d,rolling_origin,PaySim,chronological,1,O,OneClassSVM,0.005,0.0008358709390123312,prevalence,0.0007622655002170885,509009,388,
0bdf60856a7d,rolling_origin,PaySim,chronological,1,O,OneClassSVM,0.005,0.0008358709390123312,lift,9.610834182999131,509009,388,
0bdf60856a7d,rolling_origin,PaySim,chronological,1,O,OneClassSVM,0.005,0.0008358709390123312,tie_ratio,0.007420301016288544,509009,388,
0bdf60856a7d,rolling_origin,PaySim,chronological,1,O,OneClassSVM,0.005,0.0008358709390123312,fit_seconds,0.24077773094177246,509009,388,
0bdf60856a7d,rolling_origin,PaySim,chronological,1,O,OneClassSVM,0.005,0.0008358709390123312,score_seconds,23.895132303237915,509009,388,
32ca287ddd0a,rolling_origin,PaySim,chronological,1,O,DBSCAN,0.005,0.0008358709390123312,PR_AUC,0.0020923067368328898,509009,388,
32ca287ddd0a,rolling_origin,PaySim,chronological,1,O,DBSCAN,0.005,0.0008358709390123312,ROC_AUC,0.751151278521708,509009,388,
32ca287ddd0a,rolling_origin,PaySim,chronological,1,O,DBSCAN,0.005,0.0008358709390123312,Precision,0.0,509009,388,
32ca287ddd0a,rolling_origin,PaySim,chronological,1,O,DBSCAN,0.005,0.0008358709390123312,Recall,0.0,509009,388,
32ca287ddd0a,rolling_origin,PaySim,chronological,1,O,DBSCAN,0.005,0.0008358709390123312,F1,0.0,509009,388,
32ca287ddd0a,rolling_origin,PaySim,chronological,1,O,DBSCAN,0.005,0.0008358709390123312,TN,508597.0,509009,388,
32ca287ddd0a,rolling_origin,PaySim,chronological,1,O,DBSCAN,0.005,0.0008358709390123312,FP,24.0,509009,388,
32ca287ddd0a,rolling_origin,PaySim,chronological,1,O,DBSCAN,0.005,0.0008358709390123312,FN,388.0,509009,388,
32ca287ddd0a,rolling_origin,PaySim,chronological,1,O,DBSCAN,0.005,0.0008358709390123312,TP,0.0,509009,388,
32ca287ddd0a,rolling_origin,PaySim,chronological,1,O,DBSCAN,0.005,0.0008358709390123312,n_alerts,24.0,509009,388,
32ca287ddd0a,rolling_origin,PaySim,chronological,1,O,DBSCAN,0.005,0.0008358709390123312,alert_rate,4.715044331239723e-05,509009,388,
32ca287ddd0a,rolling_origin,PaySim,chronological,1,O,DBSCAN,0.005,0.0008358709390123312,prevalence,0.0007622655002170885,509009,388,
32ca287ddd0a,rolling_origin,PaySim,chronological,1,O,DBSCAN,0.005,0.0008358709390123312,lift,0.0,509009,388,
32ca287ddd0a,rolling_origin,PaySim,chronological,1,O,DBSCAN,0.005,0.0008358709390123312,tie_ratio,0.07331108094355898,509009,388,
32ca287ddd0a,rolling_origin,PaySim,chronological,1,O,DBSCAN,0.005,0.0008358709390123312,fit_seconds,0.7099499702453613,509009,388,
32ca287ddd0a,rolling_origin,PaySim,chronological,1,O,DBSCAN,0.005,0.0008358709390123312,score_seconds,0.08948993682861328,509009,388,
2d61db748bd4,rolling_origin,PaySim,chronological,1,O,KMeans,0.005,0.0008358709390123312,PR_AUC,0.00345289231897551,509009,388,
2d61db748bd4,rolling_origin,PaySim,chronological,1,O,KMeans,0.005,0.0008358709390123312,ROC_AUC,0.7932725417424926,509009,388,
2d61db748bd4,rolling_origin,PaySim,chronological,1,O,KMeans,0.005,0.0008358709390123312,Precision,0.0,509009,388,
2d61db748bd4,rolling_origin,PaySim,chronological,1,O,KMeans,0.005,0.0008358709390123312,Recall,0.0,509009,388,
2d61db748bd4,rolling_origin,PaySim,chronological,1,O,KMeans,0.005,0.0008358709390123312,F1,0.0,509009,388,
2d61db748bd4,rolling_origin,PaySim,chronological,1,O,KMeans,0.005,0.0008358709390123312,TN,508598.0,509009,388,
2d61db748bd4,rolling_origin,PaySim,chronological,1,O,KMeans,0.005,0.0008358709390123312,FP,23.0,509009,388,
2d61db748bd4,rolling_origin,PaySim,chronological,1,O,KMeans,0.005,0.0008358709390123312,FN,388.0,509009,388,
2d61db748bd4,rolling_origin,PaySim,chronological,1,O,KMeans,0.005,0.0008358709390123312,TP,0.0,509009,388,
2d61db748bd4,rolling_origin,PaySim,chronological,1,O,KMeans,0.005,0.0008358709390123312,n_alerts,23.0,509009,388,
2d61db748bd4,rolling_origin,PaySim,chronological,1,O,KMeans,0.005,0.0008358709390123312,alert_rate,4.518584150771401e-05,509009,388,
2d61db748bd4,rolling_origin,PaySim,chronological,1,O,KMeans,0.005,0.0008358709390123312,prevalence,0.0007622655002170885,509009,388,
2d61db748bd4,rolling_origin,PaySim,chronological,1,O,KMeans,0.005,0.0008358709390123312,lift,0.0,509009,388,
2d61db748bd4,rolling_origin,PaySim,chronological,1,O,KMeans,0.005,0.0008358709390123312,tie_ratio,0.0986092583824647,509009,388,
2d61db748bd4,rolling_origin,PaySim,chronological,1,O,KMeans,0.005,0.0008358709390123312,fit_seconds,75.06400203704834,509009,388,
2d61db748bd4,rolling_origin,PaySim,chronological,1,O,KMeans,0.005,0.0008358709390123312,score_seconds,0.4519836902618408,509009,388,
afed5d3a97c9,rolling_origin,PaySim,chronological,1,O,Ensemble,0.005,0.0008358709390123312,PR_AUC,0.008277342754023158,509009,388,
afed5d3a97c9,rolling_origin,PaySim,chronological,1,O,Ensemble,0.005,0.0008358709390123312,ROC_AUC,0.8313683206118863,509009,388,
afed5d3a97c9,rolling_origin,PaySim,chronological,1,O,Ensemble,0.005,0.0008358709390123312,Precision,0.0,509009,388,
afed5d3a97c9,rolling_origin,PaySim,chronological,1,O,Ensemble,0.005,0.0008358709390123312,Recall,0.0,509009,388,
afed5d3a97c9,rolling_origin,PaySim,chronological,1,O,Ensemble,0.005,0.0008358709390123312,F1,0.0,509009,388,
afed5d3a97c9,rolling_origin,PaySim,chronological,1,O,Ensemble,0.005,0.0008358709390123312,TN,508602.0,509009,388,
afed5d3a97c9,rolling_origin,PaySim,chronological,1,O,Ensemble,0.005,0.0008358709390123312,FP,19.0,509009,388,
afed5d3a97c9,rolling_origin,PaySim,chronological,1,O,Ensemble,0.005,0.0008358709390123312,FN,388.0,509009,388,
afed5d3a97c9,rolling_origin,PaySim,chronological,1,O,Ensemble,0.005,0.0008358709390123312,TP,0.0,509009,388,
afed5d3a97c9,rolling_origin,PaySim,chronological,1,O,Ensemble,0.005,0.0008358709390123312,n_alerts,19.0,509009,388,
afed5d3a97c9,rolling_origin,PaySim,chronological,1,O,Ensemble,0.005,0.0008358709390123312,alert_rate,3.732743428898114e-05,509009,388,
afed5d3a97c9,rolling_origin,PaySim,chronological,1,O,Ensemble,0.005,0.0008358709390123312,prevalence,0.0007622655002170885,509009,388,
afed5d3a97c9,rolling_origin,PaySim,chronological,1,O,Ensemble,0.005,0.0008358709390123312,lift,0.0,509009,388,
afed5d3a97c9,rolling_origin,PaySim,chronological,1,O,Ensemble,0.005,0.0008358709390123312,tie_ratio,0.11855193130180408,509009,388,
afed5d3a97c9,rolling_origin,PaySim,chronological,1,O,Ensemble,0.005,0.0008358709390123312,fit_seconds,0.0,509009,388,
afed5d3a97c9,rolling_origin,PaySim,chronological,1,O,Ensemble,0.005,0.0008358709390123312,score_seconds,0.0,509009,388,
32008cc4545d,rolling_origin,PaySim,chronological,1,O,Ensemble,0.005,0.0008358709390123312,single_point_invariant,1.0,509009,388,invariance
6cbd41fca719,rolling_origin,PaySim,chronological,2,U,IsolationForest,0.005,0.005,PR_AUC,0.0026894004904472503,509009,320,
6cbd41fca719,rolling_origin,PaySim,chronological,2,U,IsolationForest,0.005,0.005,ROC_AUC,0.8018184735663638,509009,320,
6cbd41fca719,rolling_origin,PaySim,chronological,2,U,IsolationForest,0.005,0.005,Precision,0.001215066828675577,509009,320,
6cbd41fca719,rolling_origin,PaySim,chronological,2,U,IsolationForest,0.005,0.005,Recall,0.003125,509009,320,
6cbd41fca719,rolling_origin,PaySim,chronological,2,U,IsolationForest,0.005,0.005,F1,0.0017497812773403325,509009,320,
6cbd41fca719,rolling_origin,PaySim,chronological,2,U,IsolationForest,0.005,0.005,TN,507867.0,509009,320,
6cbd41fca719,rolling_origin,PaySim,chronological,2,U,IsolationForest,0.005,0.005,FP,822.0,509009,320,
6cbd41fca719,rolling_origin,PaySim,chronological,2,U,IsolationForest,0.005,0.005,FN,319.0,509009,320,
6cbd41fca719,rolling_origin,PaySim,chronological,2,U,IsolationForest,0.005,0.005,TP,1.0,509009,320,
6cbd41fca719,rolling_origin,PaySim,chronological,2,U,IsolationForest,0.005,0.005,n_alerts,823.0,509009,320,
6cbd41fca719,rolling_origin,PaySim,chronological,2,U,IsolationForest,0.005,0.005,alert_rate,0.0016168672852542882,509009,320,
6cbd41fca719,rolling_origin,PaySim,chronological,2,U,IsolationForest,0.005,0.005,prevalence,0.0006286725774986297,509009,320,
6cbd41fca719,rolling_origin,PaySim,chronological,2,U,IsolationForest,0.005,0.005,lift,1.9327498481166463,509009,320,
6cbd41fca719,rolling_origin,PaySim,chronological,2,U,IsolationForest,0.005,0.005,tie_ratio,0.5171087348160839,509009,320,
6cbd41fca719,rolling_origin,PaySim,chronological,2,U,IsolationForest,0.005,0.005,fit_seconds,9.633568525314331,509009,320,
6cbd41fca719,rolling_origin,PaySim,chronological,2,U,IsolationForest,0.005,0.005,score_seconds,12.69368052482605,509009,320,
af629fa17cbf,rolling_origin,PaySim,chronological,2,U,LOF,0.005,0.005,PR_AUC,0.0005782112196526341,509009,320,
af629fa17cbf,rolling_origin,PaySim,chronological,2,U,LOF,0.005,0.005,ROC_AUC,0.5014001433095663,509009,320,
af629fa17cbf,rolling_origin,PaySim,chronological,2,U,LOF,0.005,0.005,Precision,0.0,509009,320,
af629fa17cbf,rolling_origin,PaySim,chronological,2,U,LOF,0.005,0.005,Recall,0.0,509009,320,
af629fa17cbf,rolling_origin,PaySim,chronological,2,U,LOF,0.005,0.005,F1,0.0,509009,320,
af629fa17cbf,rolling_origin,PaySim,chronological,2,U,LOF,0.005,0.005,TN,367765.0,509009,320,
af629fa17cbf,rolling_origin,PaySim,chronological,2,U,LOF,0.005,0.005,FP,140924.0,509009,320,
af629fa17cbf,rolling_origin,PaySim,chronological,2,U,LOF,0.005,0.005,FN,320.0,509009,320,
af629fa17cbf,rolling_origin,PaySim,chronological,2,U,LOF,0.005,0.005,TP,0.0,509009,320,
af629fa17cbf,rolling_origin,PaySim,chronological,2,U,LOF,0.005,0.005,n_alerts,140924.0,509009,320,
af629fa17cbf,rolling_origin,PaySim,chronological,2,U,LOF,0.005,0.005,alert_rate,0.2768595447231778,509009,320,
af629fa17cbf,rolling_origin,PaySim,chronological,2,U,LOF,0.005,0.005,prevalence,0.0006286725774986297,509009,320,
af629fa17cbf,rolling_origin,PaySim,chronological,2,U,LOF,0.005,0.005,lift,0.0,509009,320,
af629fa17cbf,rolling_origin,PaySim,chronological,2,U,LOF,0.005,0.005,tie_ratio,0.024899363272555153,509009,320,
af629fa17cbf,rolling_origin,PaySim,chronological,2,U,LOF,0.005,0.005,fit_seconds,1.9045045375823975,509009,320,
af629fa17cbf,rolling_origin,PaySim,chronological,2,U,LOF,0.005,0.005,score_seconds,98.7699134349823,509009,320,
121035dbb119,rolling_origin,PaySim,chronological,2,U,OneClassSVM,0.005,0.005,PR_AUC,0.0208377590495683,509009,320,
121035dbb119,rolling_origin,PaySim,chronological,2,U,OneClassSVM,0.005,0.005,ROC_AUC,0.7994532483255977,509009,320,
121035dbb119,rolling_origin,PaySim,chronological,2,U,OneClassSVM,0.005,0.005,Precision,0.043503480278422275,509009,320,
121035dbb119,rolling_origin,PaySim,chronological,2,U,OneClassSVM,0.005,0.005,Recall,0.234375,509009,320,
121035dbb119,rolling_origin,PaySim,chronological,2,U,OneClassSVM,0.005,0.005,F1,0.07338551859099804,509009,320,
121035dbb119,rolling_origin,PaySim,chronological,2,U,OneClassSVM,0.005,0.005,TN,507040.0,509009,320,
121035dbb119,rolling_origin,PaySim,chronological,2,U,OneClassSVM,0.005,0.005,FP,1649.0,509009,320,
121035dbb119,rolling_origin,PaySim,chronological,2,U,OneClassSVM,0.005,0.005,FN,245.0,509009,320,
121035dbb119,rolling_origin,PaySim,chronological,2,U,OneClassSVM,0.005,0.005,TP,75.0,509009,320,
121035dbb119,rolling_origin,PaySim,chronological,2,U,OneClassSVM,0.005,0.005,n_alerts,1724.0,509009,320,
121035dbb119,rolling_origin,PaySim,chronological,2,U,OneClassSVM,0.005,0.005,alert_rate,0.0033869735112738676,509009,320,
121035dbb119,rolling_origin,PaySim,chronological,2,U,OneClassSVM,0.005,0.005,prevalence,0.0006286725774986297,509009,320,
121035dbb119,rolling_origin,PaySim,chronological,2,U,OneClassSVM,0.005,0.005,lift,69.19894685324826,509009,320,
121035dbb119,rolling_origin,PaySim,chronological,2,U,OneClassSVM,0.005,0.005,tie_ratio,0.0004243539898115545,509009,320,
121035dbb119,rolling_origin,PaySim,chronological,2,U,OneClassSVM,0.005,0.005,fit_seconds,0.2673976421356201,509009,320,
121035dbb119,rolling_origin,PaySim,chronological,2,U,OneClassSVM,0.005,0.005,score_seconds,22.418896675109863,509009,320,
0fa66b42191f,rolling_origin,PaySim,chronological,2,U,DBSCAN,0.005,0.005,PR_AUC,0.002627832332436232,509009,320,
0fa66b42191f,rolling_origin,PaySim,chronological,2,U,DBSCAN,0.005,0.005,ROC_AUC,0.780116098687017,509009,320,
0fa66b42191f,rolling_origin,PaySim,chronological,2,U,DBSCAN,0.005,0.005,Precision,0.007268951194184839,509009,320,
0fa66b42191f,rolling_origin,PaySim,chronological,2,U,DBSCAN,0.005,0.005,Recall,0.021875,509009,320,
0fa66b42191f,rolling_origin,PaySim,chronological,2,U,DBSCAN,0.005,0.005,F1,0.010911925175370226,509009,320,
0fa66b42191f,rolling_origin,PaySim,chronological,2,U,DBSCAN,0.005,0.005,TN,507733.0,509009,320,
0fa66b42191f,rolling_origin,PaySim,chronological,2,U,DBSCAN,0.005,0.005,FP,956.0,509009,320,
0fa66b42191f,rolling_origin,PaySim,chronological,2,U,DBSCAN,0.005,0.005,FN,313.0,509009,320,
0fa66b42191f,rolling_origin,PaySim,chronological,2,U,DBSCAN,0.005,0.005,TP,7.0,509009,320,
0fa66b42191f,rolling_origin,PaySim,chronological,2,U,DBSCAN,0.005,0.005,n_alerts,963.0,509009,320,
0fa66b42191f,rolling_origin,PaySim,chronological,2,U,DBSCAN,0.005,0.005,alert_rate,0.0018919115379099386,509009,320,
0fa66b42191f,rolling_origin,PaySim,chronological,2,U,DBSCAN,0.005,0.005,prevalence,0.0006286725774986297,509009,320,
0fa66b42191f,rolling_origin,PaySim,chronological,2,U,DBSCAN,0.005,0.005,lift,11.562379932502596,509009,320,
0fa66b42191f,rolling_origin,PaySim,chronological,2,U,DBSCAN,0.005,0.005,tie_ratio,0.14522140080037882,509009,320,
0fa66b42191f,rolling_origin,PaySim,chronological,2,U,DBSCAN,0.005,0.005,fit_seconds,0.7414669990539551,509009,320,
0fa66b42191f,rolling_origin,PaySim,chronological,2,U,DBSCAN,0.005,0.005,score_seconds,0.07741928100585938,509009,320,
b08b90b4d930,rolling_origin,PaySim,chronological,2,U,KMeans,0.005,0.005,PR_AUC,0.00506711937474368,509009,320,
b08b90b4d930,rolling_origin,PaySim,chronological,2,U,KMeans,0.005,0.005,ROC_AUC,0.8154039231239518,509009,320,
b08b90b4d930,rolling_origin,PaySim,chronological,2,U,KMeans,0.005,0.005,Precision,0.012539184952978056,509009,320,
b08b90b4d930,rolling_origin,PaySim,chronological,2,U,KMeans,0.005,0.005,Recall,0.0375,509009,320,
b08b90b4d930,rolling_origin,PaySim,chronological,2,U,KMeans,0.005,0.005,F1,0.018794048551292093,509009,320,
b08b90b4d930,rolling_origin,PaySim,chronological,2,U,KMeans,0.005,0.005,TN,507744.0,509009,320,
b08b90b4d930,rolling_origin,PaySim,chronological,2,U,KMeans,0.005,0.005,FP,945.0,509009,320,
b08b90b4d930,rolling_origin,PaySim,chronological,2,U,KMeans,0.005,0.005,FN,308.0,509009,320,
b08b90b4d930,rolling_origin,PaySim,chronological,2,U,KMeans,0.005,0.005,TP,12.0,509009,320,
b08b90b4d930,rolling_origin,PaySim,chronological,2,U,KMeans,0.005,0.005,n_alerts,957.0,509009,320,
b08b90b4d930,rolling_origin,PaySim,chronological,2,U,KMeans,0.005,0.005,alert_rate,0.0018801239270818395,509009,320,
b08b90b4d930,rolling_origin,PaySim,chronological,2,U,KMeans,0.005,0.005,prevalence,0.0006286725774986297,509009,320,
b08b90b4d930,rolling_origin,PaySim,chronological,2,U,KMeans,0.005,0.005,lift,19.945493730407524,509009,320,
b08b90b4d930,rolling_origin,PaySim,chronological,2,U,KMeans,0.005,0.005,tie_ratio,0.14304462200078982,509009,320,
b08b90b4d930,rolling_origin,PaySim,chronological,2,U,KMeans,0.005,0.005,fit_seconds,83.18384647369385,509009,320,
b08b90b4d930,rolling_origin,PaySim,chronological,2,U,KMeans,0.005,0.005,score_seconds,0.4411334991455078,509009,320,
2dfa7de6803a,rolling_origin,PaySim,chronological,2,U,Ensemble,0.005,0.005,PR_AUC,0.03858757595868764,509009,320,
2dfa7de6803a,rolling_origin,PaySim,chronological,2,U,Ensemble,0.005,0.005,ROC_AUC,0.8888966846639106,509009,320,
2dfa7de6803a,rolling_origin,PaySim,chronological,2,U,Ensemble,0.005,0.005,Precision,0.06340579710144928,509009,320,
2dfa7de6803a,rolling_origin,PaySim,chronological,2,U,Ensemble,0.005,0.005,Recall,0.328125,509009,320,
2dfa7de6803a,rolling_origin,PaySim,chronological,2,U,Ensemble,0.005,0.005,F1,0.1062753036437247,509009,320,
2dfa7de6803a,rolling_origin,PaySim,chronological,2,U,Ensemble,0.005,0.005,TN,507138.0,509009,320,
2dfa7de6803a,rolling_origin,PaySim,chronological,2,U,Ensemble,0.005,0.005,FP,1551.0,509009,320,
2dfa7de6803a,rolling_origin,PaySim,chronological,2,U,Ensemble,0.005,0.005,FN,215.0,509009,320,
2dfa7de6803a,rolling_origin,PaySim,chronological,2,U,Ensemble,0.005,0.005,TP,105.0,509009,320,
2dfa7de6803a,rolling_origin,PaySim,chronological,2,U,Ensemble,0.005,0.005,n_alerts,1656.0,509009,320,
2dfa7de6803a,rolling_origin,PaySim,chronological,2,U,Ensemble,0.005,0.005,alert_rate,0.0032533805885554086,509009,320,
2dfa7de6803a,rolling_origin,PaySim,chronological,2,U,Ensemble,0.005,0.005,prevalence,0.0006286725774986297,509009,320,
2dfa7de6803a,rolling_origin,PaySim,chronological,2,U,Ensemble,0.005,0.005,lift,100.85662930253623,509009,320,
2dfa7de6803a,rolling_origin,PaySim,chronological,2,U,Ensemble,0.005,0.005,tie_ratio,0.12774037394230753,509009,320,
2dfa7de6803a,rolling_origin,PaySim,chronological,2,U,Ensemble,0.005,0.005,fit_seconds,0.0,509009,320,
2dfa7de6803a,rolling_origin,PaySim,chronological,2,U,Ensemble,0.005,0.005,score_seconds,0.0,509009,320,
f1349dccb43c,rolling_origin,PaySim,chronological,2,U,Ensemble,0.005,0.005,single_point_invariant,1.0,509009,320,invariance
706e8ec77399,rolling_origin,PaySim,chronological,2,N,IsolationForest,0.005,0.005,PR_AUC,0.0026558758870176484,509009,320,
706e8ec77399,rolling_origin,PaySim,chronological,2,N,IsolationForest,0.005,0.005,ROC_AUC,0.7885356985063566,509009,320,
706e8ec77399,rolling_origin,PaySim,chronological,2,N,IsolationForest,0.005,0.005,Precision,0.0026595744680851063,509009,320,
706e8ec77399,rolling_origin,PaySim,chronological,2,N,IsolationForest,0.005,0.005,Recall,0.00625,509009,320,
706e8ec77399,rolling_origin,PaySim,chronological,2,N,IsolationForest,0.005,0.005,F1,0.0037313432835820895,509009,320,
706e8ec77399,rolling_origin,PaySim,chronological,2,N,IsolationForest,0.005,0.005,TN,507939.0,509009,320,
706e8ec77399,rolling_origin,PaySim,chronological,2,N,IsolationForest,0.005,0.005,FP,750.0,509009,320,
706e8ec77399,rolling_origin,PaySim,chronological,2,N,IsolationForest,0.005,0.005,FN,318.0,509009,320,
706e8ec77399,rolling_origin,PaySim,chronological,2,N,IsolationForest,0.005,0.005,TP,2.0,509009,320,
706e8ec77399,rolling_origin,PaySim,chronological,2,N,IsolationForest,0.005,0.005,n_alerts,752.0,509009,320,
706e8ec77399,rolling_origin,PaySim,chronological,2,N,IsolationForest,0.005,0.005,alert_rate,0.0014773805571217798,509009,320,
706e8ec77399,rolling_origin,PaySim,chronological,2,N,IsolationForest,0.005,0.005,prevalence,0.0006286725774986297,509009,320,
706e8ec77399,rolling_origin,PaySim,chronological,2,N,IsolationForest,0.005,0.005,lift,4.2304604388297875,509009,320,
706e8ec77399,rolling_origin,PaySim,chronological,2,N,IsolationForest,0.005,0.005,tie_ratio,0.5211302747102704,509009,320,
706e8ec77399,rolling_origin,PaySim,chronological,2,N,IsolationForest,0.005,0.005,fit_seconds,9.953604221343994,509009,320,
706e8ec77399,rolling_origin,PaySim,chronological,2,N,IsolationForest,0.005,0.005,score_seconds,12.821635484695435,509009,320,
701e5053b9e2,rolling_origin,PaySim,chronological,2,N,LOF,0.005,0.005,PR_AUC,0.000595906694591205,509009,320,
701e5053b9e2,rolling_origin,PaySim,chronological,2,N,LOF,0.005,0.005,ROC_AUC,0.5157807772774721,509009,320,
701e5053b9e2,rolling_origin,PaySim,chronological,2,N,LOF,0.005,0.005,Precision,0.0,509009,320,
701e5053b9e2,rolling_origin,PaySim,chronological,2,N,LOF,0.005,0.005,Recall,0.0,509009,320,
701e5053b9e2,rolling_origin,PaySim,chronological,2,N,LOF,0.005,0.005,F1,0.0,509009,320,
701e5053b9e2,rolling_origin,PaySim,chronological,2,N,LOF,0.005,0.005,TN,372877.0,509009,320,
701e5053b9e2,rolling_origin,PaySim,chronological,2,N,LOF,0.005,0.005,FP,135812.0,509009,320,
701e5053b9e2,rolling_origin,PaySim,chronological,2,N,LOF,0.005,0.005,FN,320.0,509009,320,
701e5053b9e2,rolling_origin,PaySim,chronological,2,N,LOF,0.005,0.005,TP,0.0,509009,320,
701e5053b9e2,rolling_origin,PaySim,chronological,2,N,LOF,0.005,0.005,n_alerts,135812.0,509009,320,
701e5053b9e2,rolling_origin,PaySim,chronological,2,N,LOF,0.005,0.005,alert_rate,0.26681650029763715,509009,320,
701e5053b9e2,rolling_origin,PaySim,chronological,2,N,LOF,0.005,0.005,prevalence,0.0006286725774986297,509009,320,
701e5053b9e2,rolling_origin,PaySim,chronological,2,N,LOF,0.005,0.005,lift,0.0,509009,320,
701e5053b9e2,rolling_origin,PaySim,chronological,2,N,LOF,0.005,0.005,tie_ratio,0.020820849926032725,509009,320,
701e5053b9e2,rolling_origin,PaySim,chronological,2,N,LOF,0.005,0.005,fit_seconds,2.2006607055664062,509009,320,
701e5053b9e2,rolling_origin,PaySim,chronological,2,N,LOF,0.005,0.005,score_seconds,103.38284707069397,509009,320,
39be487c4739,rolling_origin,PaySim,chronological,2,N,OneClassSVM,0.005,0.005,PR_AUC,0.026891133233763118,509009,320,
39be487c4739,rolling_origin,PaySim,chronological,2,N,OneClassSVM,0.005,0.005,ROC_AUC,0.8649053897617208,509009,320,
39be487c4739,rolling_origin,PaySim,chronological,2,N,OneClassSVM,0.005,0.005,Precision,0.05659121171770972,509009,320,
39be487c4739,rolling_origin,PaySim,chronological,2,N,OneClassSVM,0.005,0.005,Recall,0.265625,509009,320,
39be487c4739,rolling_origin,PaySim,chronological,2,N,OneClassSVM,0.005,0.005,F1,0.09330406147091108,509009,320,
39be487c4739,rolling_origin,PaySim,chronological,2,N,OneClassSVM,0.005,0.005,TN,507272.0,509009,320,
39be487c4739,rolling_origin,PaySim,chronological,2,N,OneClassSVM,0.005,0.005,FP,1417.0,509009,320,
39be487c4739,rolling_origin,PaySim,chronological,2,N,OneClassSVM,0.005,0.005,FN,235.0,509009,320,
39be487c4739,rolling_origin,PaySim,chronological,2,N,OneClassSVM,0.005,0.005,TP,85.0,509009,320,
39be487c4739,rolling_origin,PaySim,chronological,2,N,OneClassSVM,0.005,0.005,n_alerts,1502.0,509009,320,
39be487c4739,rolling_origin,PaySim,chronological,2,N,OneClassSVM,0.005,0.005,alert_rate,0.002950831910634193,509009,320,
39be487c4739,rolling_origin,PaySim,chronological,2,N,OneClassSVM,0.005,0.005,prevalence,0.0006286725774986297,509009,320,
39be487c4739,rolling_origin,PaySim,chronological,2,N,OneClassSVM,0.005,0.005,lift,90.01698776631159,509009,320,
39be487c4739,rolling_origin,PaySim,chronological,2,N,OneClassSVM,0.005,0.005,tie_ratio,0.0006365309847173872,509009,320,
39be487c4739,rolling_origin,PaySim,chronological,2,N,OneClassSVM,0.005,0.005,fit_seconds,0.3072631359100342,509009,320,
39be487c4739,rolling_origin,PaySim,chronological,2,N,OneClassSVM,0.005,0.005,score_seconds,22.453354120254517,509009,320,
855184fafb52,rolling_origin,PaySim,chronological,2,N,DBSCAN,0.005,0.005,PR_AUC,0.002620799210635172,509009,320,
855184fafb52,rolling_origin,PaySim,chronological,2,N,DBSCAN,0.005,0.005,ROC_AUC,0.7781950391103405,509009,320,
855184fafb52,rolling_origin,PaySim,chronological,2,N,DBSCAN,0.005,0.005,Precision,0.007268951194184839,509009,320,
855184fafb52,rolling_origin,PaySim,chronological,2,N,DBSCAN,0.005,0.005,Recall,0.021875,509009,320,
855184fafb52,rolling_origin,PaySim,chronological,2,N,DBSCAN,0.005,0.005,F1,0.010911925175370226,509009,320,
855184fafb52,rolling_origin,PaySim,chronological,2,N,DBSCAN,0.005,0.005,TN,507733.0,509009,320,
855184fafb52,rolling_origin,PaySim,chronological,2,N,DBSCAN,0.005,0.005,FP,956.0,509009,320,
855184fafb52,rolling_origin,PaySim,chronological,2,N,DBSCAN,0.005,0.005,FN,313.0,509009,320,
855184fafb52,rolling_origin,PaySim,chronological,2,N,DBSCAN,0.005,0.005,TP,7.0,509009,320,
855184fafb52,rolling_origin,PaySim,chronological,2,N,DBSCAN,0.005,0.005,n_alerts,963.0,509009,320,
855184fafb52,rolling_origin,PaySim,chronological,2,N,DBSCAN,0.005,0.005,alert_rate,0.0018919115379099386,509009,320,
855184fafb52,rolling_origin,PaySim,chronological,2,N,DBSCAN,0.005,0.005,prevalence,0.0006286725774986297,509009,320,
855184fafb52,rolling_origin,PaySim,chronological,2,N,DBSCAN,0.005,0.005,lift,11.562379932502596,509009,320,
855184fafb52,rolling_origin,PaySim,chronological,2,N,DBSCAN,0.005,0.005,tie_ratio,0.09981945309414963,509009,320,
855184fafb52,rolling_origin,PaySim,chronological,2,N,DBSCAN,0.005,0.005,fit_seconds,1.052868366241455,509009,320,
855184fafb52,rolling_origin,PaySim,chronological,2,N,DBSCAN,0.005,0.005,score_seconds,0.05836844444274902,509009,320,
05a83f1d1511,rolling_origin,PaySim,chronological,2,N,KMeans,0.005,0.005,PR_AUC,0.005081671278691437,509009,320,
05a83f1d1511,rolling_origin,PaySim,chronological,2,N,KMeans,0.005,0.005,ROC_AUC,0.8157623874803662,509009,320,
05a83f1d1511,rolling_origin,PaySim,chronological,2,N,KMeans,0.005,0.005,Precision,0.012526096033402923,509009,320,
05a83f1d1511,rolling_origin,PaySim,chronological,2,N,KMeans,0.005,0.005,Recall,0.0375,509009,320,
05a83f1d1511,rolling_origin,PaySim,chronological,2,N,KMeans,0.005,0.005,F1,0.018779342723004695,509009,320,
05a83f1d1511,rolling_origin,PaySim,chronological,2,N,KMeans,0.005,0.005,TN,507743.0,509009,320,
05a83f1d1511,rolling_origin,PaySim,chronological,2,N,KMeans,0.005,0.005,FP,946.0,509009,320,
05a83f1d1511,rolling_origin,PaySim,chronological,2,N,KMeans,0.005,0.005,FN,308.0,509009,320,
05a83f1d1511,rolling_origin,PaySim,chronological,2,N,KMeans,0.005,0.005,TP,12.0,509009,320,
05a83f1d1511,rolling_origin,PaySim,chronological,2,N,KMeans,0.005,0.005,n_alerts,958.0,509009,320,
05a83f1d1511,rolling_origin,PaySim,chronological,2,N,KMeans,0.005,0.005,alert_rate,0.0018820885288865225,509009,320,
05a83f1d1511,rolling_origin,PaySim,chronological,2,N,KMeans,0.005,0.005,prevalence,0.0006286725774986297,509009,320,
05a83f1d1511,rolling_origin,PaySim,chronological,2,N,KMeans,0.005,0.005,lift,19.924673799582465,509009,320,
05a83f1d1511,rolling_origin,PaySim,chronological,2,N,KMeans,0.005,0.005,tie_ratio,0.14354363085917932,509009,320,
05a83f1d1511,rolling_origin,PaySim,chronological,2,N,KMeans,0.005,0.005,fit_seconds,82.27677917480469,509009,320,
05a83f1d1511,rolling_origin,PaySim,chronological,2,N,KMeans,0.005,0.005,score_seconds,0.43926095962524414,509009,320,
64f2d4834a35,rolling_origin,PaySim,chronological,2,N,Ensemble,0.005,0.005,PR_AUC,0.046131993121105525,509009,320,
64f2d4834a35,rolling_origin,PaySim,chronological,2,N,Ensemble,0.005,0.005,ROC_AUC,0.8928735589181208,509009,320,
64f2d4834a35,rolling_origin,PaySim,chronological,2,N,Ensemble,0.005,0.005,Precision,0.05661322645290581,509009,320,
64f2d4834a35,rolling_origin,PaySim,chronological,2,N,Ensemble,0.005,0.005,Recall,0.353125,509009,320,
64f2d4834a35,rolling_origin,PaySim,chronological,2,N,Ensemble,0.005,0.005,F1,0.09758203799654577,509009,320,
64f2d4834a35,rolling_origin,PaySim,chronological,2,N,Ensemble,0.005,0.005,TN,506806.0,509009,320,
64f2d4834a35,rolling_origin,PaySim,chronological,2,N,Ensemble,0.005,0.005,FP,1883.0,509009,320,
64f2d4834a35,rolling_origin,PaySim,chronological,2,N,Ensemble,0.005,0.005,FN,207.0,509009,320,
64f2d4834a35,rolling_origin,PaySim,chronological,2,N,Ensemble,0.005,0.005,TP,113.0,509009,320,
64f2d4834a35,rolling_origin,PaySim,chronological,2,N,Ensemble,0.005,0.005,n_alerts,1996.0,509009,320,
64f2d4834a35,rolling_origin,PaySim,chronological,2,N,Ensemble,0.005,0.005,alert_rate,0.003921345202147703,509009,320,
64f2d4834a35,rolling_origin,PaySim,chronological,2,N,Ensemble,0.005,0.005,prevalence,0.0006286725774986297,509009,320,
64f2d4834a35,rolling_origin,PaySim,chronological,2,N,Ensemble,0.005,0.005,lift,90.05200557364729,509009,320,
64f2d4834a35,rolling_origin,PaySim,chronological,2,N,Ensemble,0.005,0.005,tie_ratio,0.13326090501346732,509009,320,
64f2d4834a35,rolling_origin,PaySim,chronological,2,N,Ensemble,0.005,0.005,fit_seconds,0.0,509009,320,
64f2d4834a35,rolling_origin,PaySim,chronological,2,N,Ensemble,0.005,0.005,score_seconds,0.0,509009,320,
4dce9baaabc3,rolling_origin,PaySim,chronological,2,N,Ensemble,0.005,0.005,single_point_invariant,1.0,509009,320,invariance
7a18a0a209ac,rolling_origin,PaySim,chronological,2,O,IsolationForest,0.005,0.0008027117929525926,PR_AUC,0.0026894004904472503,509009,320,
7a18a0a209ac,rolling_origin,PaySim,chronological,2,O,IsolationForest,0.005,0.0008027117929525926,ROC_AUC,0.8018184735663638,509009,320,
7a18a0a209ac,rolling_origin,PaySim,chronological,2,O,IsolationForest,0.005,0.0008027117929525926,Precision,0.0,509009,320,
7a18a0a209ac,rolling_origin,PaySim,chronological,2,O,IsolationForest,0.005,0.0008027117929525926,Recall,0.0,509009,320,
7a18a0a209ac,rolling_origin,PaySim,chronological,2,O,IsolationForest,0.005,0.0008027117929525926,F1,0.0,509009,320,
7a18a0a209ac,rolling_origin,PaySim,chronological,2,O,IsolationForest,0.005,0.0008027117929525926,TN,508647.0,509009,320,
7a18a0a209ac,rolling_origin,PaySim,chronological,2,O,IsolationForest,0.005,0.0008027117929525926,FP,42.0,509009,320,
7a18a0a209ac,rolling_origin,PaySim,chronological,2,O,IsolationForest,0.005,0.0008027117929525926,FN,320.0,509009,320,
7a18a0a209ac,rolling_origin,PaySim,chronological,2,O,IsolationForest,0.005,0.0008027117929525926,TP,0.0,509009,320,
7a18a0a209ac,rolling_origin,PaySim,chronological,2,O,IsolationForest,0.005,0.0008027117929525926,n_alerts,42.0,509009,320,
7a18a0a209ac,rolling_origin,PaySim,chronological,2,O,IsolationForest,0.005,0.0008027117929525926,alert_rate,8.251327579669515e-05,509009,320,
7a18a0a209ac,rolling_origin,PaySim,chronological,2,O,IsolationForest,0.005,0.0008027117929525926,prevalence,0.0006286725774986297,509009,320,
7a18a0a209ac,rolling_origin,PaySim,chronological,2,O,IsolationForest,0.005,0.0008027117929525926,lift,0.0,509009,320,
7a18a0a209ac,rolling_origin,PaySim,chronological,2,O,IsolationForest,0.005,0.0008027117929525926,tie_ratio,0.5171087348160839,509009,320,
7a18a0a209ac,rolling_origin,PaySim,chronological,2,O,IsolationForest,0.005,0.0008027117929525926,fit_seconds,9.411558866500854,509009,320,
7a18a0a209ac,rolling_origin,PaySim,chronological,2,O,IsolationForest,0.005,0.0008027117929525926,score_seconds,20.718778610229492,509009,320,
d5f9586d49c4,rolling_origin,PaySim,chronological,2,O,LOF,0.005,0.0008027117929525926,PR_AUC,0.0005782112196526341,509009,320,
d5f9586d49c4,rolling_origin,PaySim,chronological,2,O,LOF,0.005,0.0008027117929525926,ROC_AUC,0.5014001433095663,509009,320,
d5f9586d49c4,rolling_origin,PaySim,chronological,2,O,LOF,0.005,0.0008027117929525926,Precision,0.0,509009,320,
d5f9586d49c4,rolling_origin,PaySim,chronological,2,O,LOF,0.005,0.0008027117929525926,Recall,0.0,509009,320,
d5f9586d49c4,rolling_origin,PaySim,chronological,2,O,LOF,0.005,0.0008027117929525926,F1,0.0,509009,320,
d5f9586d49c4,rolling_origin,PaySim,chronological,2,O,LOF,0.005,0.0008027117929525926,TN,373121.0,509009,320,
d5f9586d49c4,rolling_origin,PaySim,chronological,2,O,LOF,0.005,0.0008027117929525926,FP,135568.0,509009,320,
d5f9586d49c4,rolling_origin,PaySim,chronological,2,O,LOF,0.005,0.0008027117929525926,FN,320.0,509009,320,
d5f9586d49c4,rolling_origin,PaySim,chronological,2,O,LOF,0.005,0.0008027117929525926,TP,0.0,509009,320,
d5f9586d49c4,rolling_origin,PaySim,chronological,2,O,LOF,0.005,0.0008027117929525926,n_alerts,135568.0,509009,320,
d5f9586d49c4,rolling_origin,PaySim,chronological,2,O,LOF,0.005,0.0008027117929525926,alert_rate,0.2663371374572945,509009,320,
d5f9586d49c4,rolling_origin,PaySim,chronological,2,O,LOF,0.005,0.0008027117929525926,prevalence,0.0006286725774986297,509009,320,
d5f9586d49c4,rolling_origin,PaySim,chronological,2,O,LOF,0.005,0.0008027117929525926,lift,0.0,509009,320,
d5f9586d49c4,rolling_origin,PaySim,chronological,2,O,LOF,0.005,0.0008027117929525926,tie_ratio,0.024899363272555153,509009,320,
d5f9586d49c4,rolling_origin,PaySim,chronological,2,O,LOF,0.005,0.0008027117929525926,fit_seconds,1.8191611766815186,509009,320,
d5f9586d49c4,rolling_origin,PaySim,chronological,2,O,LOF,0.005,0.0008027117929525926,score_seconds,111.3591411113739,509009,320,
0a8d118e54ff,rolling_origin,PaySim,chronological,2,O,OneClassSVM,0.005,0.0008027117929525926,PR_AUC,0.02155005525139849,509009,320,
0a8d118e54ff,rolling_origin,PaySim,chronological,2,O,OneClassSVM,0.005,0.0008027117929525926,ROC_AUC,0.8023625437153152,509009,320,
0a8d118e54ff,rolling_origin,PaySim,chronological,2,O,OneClassSVM,0.005,0.0008027117929525926,Precision,0.07666666666666666,509009,320,
0a8d118e54ff,rolling_origin,PaySim,chronological,2,O,OneClassSVM,0.005,0.0008027117929525926,Recall,0.071875,509009,320,
0a8d118e54ff,rolling_origin,PaySim,chronological,2,O,OneClassSVM,0.005,0.0008027117929525926,F1,0.07419354838709677,509009,320,
0a8d118e54ff,rolling_origin,PaySim,chronological,2,O,OneClassSVM,0.005,0.0008027117929525926,TN,508412.0,509009,320,
0a8d118e54ff,rolling_origin,PaySim,chronological,2,O,OneClassSVM,0.005,0.0008027117929525926,FP,277.0,509009,320,
0a8d118e54ff,rolling_origin,PaySim,chronological,2,O,OneClassSVM,0.005,0.0008027117929525926,FN,297.0,509009,320,
0a8d118e54ff,rolling_origin,PaySim,chronological,2,O,OneClassSVM,0.005,0.0008027117929525926,TP,23.0,509009,320,
0a8d118e54ff,rolling_origin,PaySim,chronological,2,O,OneClassSVM,0.005,0.0008027117929525926,n_alerts,300.0,509009,320,
0a8d118e54ff,rolling_origin,PaySim,chronological,2,O,OneClassSVM,0.005,0.0008027117929525926,alert_rate,0.0005893805414049654,509009,320,
0a8d118e54ff,rolling_origin,PaySim,chronological,2,O,OneClassSVM,0.005,0.0008027117929525926,prevalence,0.0006286725774986297,509009,320,
0a8d118e54ff,rolling_origin,PaySim,chronological,2,O,OneClassSVM,0.005,0.0008027117929525926,lift,121.95007291666666,509009,320,
0a8d118e54ff,rolling_origin,PaySim,chronological,2,O,OneClassSVM,0.005,0.0008027117929525926,tie_ratio,0.00041649558259282404,509009,320,
0a8d118e54ff,rolling_origin,PaySim,chronological,2,O,OneClassSVM,0.005,0.0008027117929525926,fit_seconds,0.18889951705932617,509009,320,
0a8d118e54ff,rolling_origin,PaySim,chronological,2,O,OneClassSVM,0.005,0.0008027117929525926,score_seconds,21.962812423706055,509009,320,
c319521f91eb,rolling_origin,PaySim,chronological,2,O,DBSCAN,0.005,0.0008027117929525926,PR_AUC,0.002627832332436232,509009,320,
c319521f91eb,rolling_origin,PaySim,chronological,2,O,DBSCAN,0.005,0.0008027117929525926,ROC_AUC,0.780116098687017,509009,320,
c319521f91eb,rolling_origin,PaySim,chronological,2,O,DBSCAN,0.005,0.0008027117929525926,Precision,0.0,509009,320,
c319521f91eb,rolling_origin,PaySim,chronological,2,O,DBSCAN,0.005,0.0008027117929525926,Recall,0.0,509009,320,
c319521f91eb,rolling_origin,PaySim,chronological,2,O,DBSCAN,0.005,0.0008027117929525926,F1,0.0,509009,320,
c319521f91eb,rolling_origin,PaySim,chronological,2,O,DBSCAN,0.005,0.0008027117929525926,TN,508476.0,509009,320,
c319521f91eb,rolling_origin,PaySim,chronological,2,O,DBSCAN,0.005,0.0008027117929525926,FP,213.0,509009,320,
c319521f91eb,rolling_origin,PaySim,chronological,2,O,DBSCAN,0.005,0.0008027117929525926,FN,320.0,509009,320,
c319521f91eb,rolling_origin,PaySim,chronological,2,O,DBSCAN,0.005,0.0008027117929525926,TP,0.0,509009,320,
c319521f91eb,rolling_origin,PaySim,chronological,2,O,DBSCAN,0.005,0.0008027117929525926,n_alerts,213.0,509009,320,
c319521f91eb,rolling_origin,PaySim,chronological,2,O,DBSCAN,0.005,0.0008027117929525926,alert_rate,0.0004184601843975254,509009,320,
c319521f91eb,rolling_origin,PaySim,chronological,2,O,DBSCAN,0.005,0.0008027117929525926,prevalence,0.0006286725774986297,509009,320,
c319521f91eb,rolling_origin,PaySim,chronological,2,O,DBSCAN,0.005,0.0008027117929525926,lift,0.0,509009,320,
c319521f91eb,rolling_origin,PaySim,chronological,2,O,DBSCAN,0.005,0.0008027117929525926,tie_ratio,0.14522140080037882,509009,320,
c319521f91eb,rolling_origin,PaySim,chronological,2,O,DBSCAN,0.005,0.0008027117929525926,fit_seconds,0.9413745403289795,509009,320,
c319521f91eb,rolling_origin,PaySim,chronological,2,O,DBSCAN,0.005,0.0008027117929525926,score_seconds,0.0812385082244873,509009,320,
a1d487022acb,rolling_origin,PaySim,chronological,2,O,KMeans,0.005,0.0008027117929525926,PR_AUC,0.005067119658460098,509009,320,
a1d487022acb,rolling_origin,PaySim,chronological,2,O,KMeans,0.005,0.0008027117929525926,ROC_AUC,0.8154039354104374,509009,320,
a1d487022acb,rolling_origin,PaySim,chronological,2,O,KMeans,0.005,0.0008027117929525926,Precision,0.0,509009,320,
a1d487022acb,rolling_origin,PaySim,chronological,2,O,KMeans,0.005,0.0008027117929525926,Recall,0.0,509009,320,
a1d487022acb,rolling_origin,PaySim,chronological,2,O,KMeans,0.005,0.0008027117929525926,F1,0.0,509009,320,
a1d487022acb,rolling_origin,PaySim,chronological,2,O,KMeans,0.005,0.0008027117929525926,TN,508384.0,509009,320,
a1d487022acb,rolling_origin,PaySim,chronological,2,O,KMeans,0.005,0.0008027117929525926,FP,305.0,509009,320,
a1d487022acb,rolling_origin,PaySim,chronological,2,O,KMeans,0.005,0.0008027117929525926,FN,320.0,509009,320,
a1d487022acb,rolling_origin,PaySim,chronological,2,O,KMeans,0.005,0.0008027117929525926,TP,0.0,509009,320,
a1d487022acb,rolling_origin,PaySim,chronological,2,O,KMeans,0.005,0.0008027117929525926,n_alerts,305.0,509009,320,
a1d487022acb,rolling_origin,PaySim,chronological,2,O,KMeans,0.005,0.0008027117929525926,alert_rate,0.0005992035504283815,509009,320,
a1d487022acb,rolling_origin,PaySim,chronological,2,O,KMeans,0.005,0.0008027117929525926,prevalence,0.0006286725774986297,509009,320,
a1d487022acb,rolling_origin,PaySim,chronological,2,O,KMeans,0.005,0.0008027117929525926,lift,0.0,509009,320,
a1d487022acb,rolling_origin,PaySim,chronological,2,O,KMeans,0.005,0.0008027117929525926,tie_ratio,0.14308587863868816,509009,320,
a1d487022acb,rolling_origin,PaySim,chronological,2,O,KMeans,0.005,0.0008027117929525926,fit_seconds,105.62087297439575,509009,320,
a1d487022acb,rolling_origin,PaySim,chronological,2,O,KMeans,0.005,0.0008027117929525926,score_seconds,0.4578402042388916,509009,320,
399fc5cf751b,rolling_origin,PaySim,chronological,2,O,Ensemble,0.005,0.0008027117929525926,PR_AUC,0.03872446625574138,509009,320,
399fc5cf751b,rolling_origin,PaySim,chronological,2,O,Ensemble,0.005,0.0008027117929525926,ROC_AUC,0.8889016883351125,509009,320,
399fc5cf751b,rolling_origin,PaySim,chronological,2,O,Ensemble,0.005,0.0008027117929525926,Precision,0.09523809523809523,509009,320,
399fc5cf751b,rolling_origin,PaySim,chronological,2,O,Ensemble,0.005,0.0008027117929525926,Recall,0.1125,509009,320,
399fc5cf751b,rolling_origin,PaySim,chronological,2,O,Ensemble,0.005,0.0008027117929525926,F1,0.10315186246418338,509009,320,
399fc5cf751b,rolling_origin,PaySim,chronological,2,O,Ensemble,0.005,0.0008027117929525926,TN,508347.0,509009,320,
399fc5cf751b,rolling_origin,PaySim,chronological,2,O,Ensemble,0.005,0.0008027117929525926,FP,342.0,509009,320,
399fc5cf751b,rolling_origin,PaySim,chronological,2,O,Ensemble,0.005,0.0008027117929525926,FN,284.0,509009,320,
399fc5cf751b,rolling_origin,PaySim,chronological,2,O,Ensemble,0.005,0.0008027117929525926,TP,36.0,509009,320,
399fc5cf751b,rolling_origin,PaySim,chronological,2,O,Ensemble,0.005,0.0008027117929525926,n_alerts,378.0,509009,320,
399fc5cf751b,rolling_origin,PaySim,chronological,2,O,Ensemble,0.005,0.0008027117929525926,alert_rate,0.0007426194821702563,509009,320,
399fc5cf751b,rolling_origin,PaySim,chronological,2,O,Ensemble,0.005,0.0008027117929525926,prevalence,0.0006286725774986297,509009,320,
399fc5cf751b,rolling_origin,PaySim,chronological,2,O,Ensemble,0.005,0.0008027117929525926,lift,151.4907738095238,509009,320,
399fc5cf751b,rolling_origin,PaySim,chronological,2,O,Ensemble,0.005,0.0008027117929525926,tie_ratio,0.12813525890504884,509009,320,
399fc5cf751b,rolling_origin,PaySim,chronological,2,O,Ensemble,0.005,0.0008027117929525926,fit_seconds,0.0,509009,320,
399fc5cf751b,rolling_origin,PaySim,chronological,2,O,Ensemble,0.005,0.0008027117929525926,score_seconds,0.0,509009,320,
5c5d938314bd,rolling_origin,PaySim,chronological,2,O,Ensemble,0.005,0.0008027117929525926,single_point_invariant,1.0,509009,320,invariance
3b9b268d1975,rolling_origin,PaySim,chronological,3,U,IsolationForest,0.005,0.005,PR_AUC,0.003192577978374058,509009,320,
3b9b268d1975,rolling_origin,PaySim,chronological,3,U,IsolationForest,0.005,0.005,ROC_AUC,0.7955804989640036,509009,320,
3b9b268d1975,rolling_origin,PaySim,chronological,3,U,IsolationForest,0.005,0.005,Precision,0.005913978494623656,509009,320,
3b9b268d1975,rolling_origin,PaySim,chronological,3,U,IsolationForest,0.005,0.005,Recall,0.034375,509009,320,
3b9b268d1975,rolling_origin,PaySim,chronological,3,U,IsolationForest,0.005,0.005,F1,0.010091743119266056,509009,320,
3b9b268d1975,rolling_origin,PaySim,chronological,3,U,IsolationForest,0.005,0.005,TN,506840.0,509009,320,
3b9b268d1975,rolling_origin,PaySim,chronological,3,U,IsolationForest,0.005,0.005,FP,1849.0,509009,320,
3b9b268d1975,rolling_origin,PaySim,chronological,3,U,IsolationForest,0.005,0.005,FN,309.0,509009,320,
3b9b268d1975,rolling_origin,PaySim,chronological,3,U,IsolationForest,0.005,0.005,TP,11.0,509009,320,
3b9b268d1975,rolling_origin,PaySim,chronological,3,U,IsolationForest,0.005,0.005,n_alerts,1860.0,509009,320,
3b9b268d1975,rolling_origin,PaySim,chronological,3,U,IsolationForest,0.005,0.005,alert_rate,0.003654159356710785,509009,320,
3b9b268d1975,rolling_origin,PaySim,chronological,3,U,IsolationForest,0.005,0.005,prevalence,0.0006286725774986297,509009,320,
3b9b268d1975,rolling_origin,PaySim,chronological,3,U,IsolationForest,0.005,0.005,lift,9.407088373655913,509009,320,
3b9b268d1975,rolling_origin,PaySim,chronological,3,U,IsolationForest,0.005,0.005,tie_ratio,0.5199672304418979,509009,320,
3b9b268d1975,rolling_origin,PaySim,chronological,3,U,IsolationForest,0.005,0.005,fit_seconds,14.696969747543335,509009,320,
3b9b268d1975,rolling_origin,PaySim,chronological,3,U,IsolationForest,0.005,0.005,score_seconds,13.747096538543701,509009,320,
feb5fe97792a,rolling_origin,PaySim,chronological,3,U,LOF,0.005,0.005,PR_AUC,0.0006772468584827813,509009,320,
feb5fe97792a,rolling_origin,PaySim,chronological,3,U,LOF,0.005,0.005,ROC_AUC,0.5729146178952169,509009,320,
feb5fe97792a,rolling_origin,PaySim,chronological,3,U,LOF,0.005,0.005,Precision,0.0002559384640925252,509009,320,
feb5fe97792a,rolling_origin,PaySim,chronological,3,U,LOF,0.005,0.005,Recall,0.115625,509009,320,
feb5fe97792a,rolling_origin,PaySim,chronological,3,U,LOF,0.005,0.005,F1,0.000510746379912483,509009,320,
feb5fe97792a,rolling_origin,PaySim,chronological,3,U,LOF,0.005,0.005,TN,364160.0,509009,320,
feb5fe97792a,rolling_origin,PaySim,chronological,3,U,LOF,0.005,0.005,FP,144529.0,509009,320,
feb5fe97792a,rolling_origin,PaySim,chronological,3,U,LOF,0.005,0.005,FN,283.0,509009,320,
feb5fe97792a,rolling_origin,PaySim,chronological,3,U,LOF,0.005,0.005,TP,37.0,509009,320,
feb5fe97792a,rolling_origin,PaySim,chronological,3,U,LOF,0.005,0.005,n_alerts,144566.0,509009,320,
feb5fe97792a,rolling_origin,PaySim,chronological,3,U,LOF,0.005,0.005,alert_rate,0.2840146244958341,509009,320,
feb5fe97792a,rolling_origin,PaySim,chronological,3,U,LOF,0.005,0.005,prevalence,0.0006286725774986297,509009,320,
feb5fe97792a,rolling_origin,PaySim,chronological,3,U,LOF,0.005,0.005,lift,0.4071093177164755,509009,320,
feb5fe97792a,rolling_origin,PaySim,chronological,3,U,LOF,0.005,0.005,tie_ratio,0.0346202130021277,509009,320,
feb5fe97792a,rolling_origin,PaySim,chronological,3,U,LOF,0.005,0.005,fit_seconds,2.50358510017395,509009,320,
feb5fe97792a,rolling_origin,PaySim,chronological,3,U,LOF,0.005,0.005,score_seconds,118.05648970603943,509009,320,
6b7cb6181a73,rolling_origin,PaySim,chronological,3,U,OneClassSVM,0.005,0.005,PR_AUC,0.029132101645386446,509009,320,
6b7cb6181a73,rolling_origin,PaySim,chronological,3,U,OneClassSVM,0.005,0.005,ROC_AUC,0.5891298852294821,509009,320,
6b7cb6181a73,rolling_origin,PaySim,chronological,3,U,OneClassSVM,0.005,0.005,Precision,0.0190664036817883,509009,320,
6b7cb6181a73,rolling_origin,PaySim,chronological,3,U,OneClassSVM,0.005,0.005,Recall,0.271875,509009,320,
6b7cb6181a73,rolling_origin,PaySim,chronological,3,U,OneClassSVM,0.005,0.005,F1,0.03563383166086422,509009,320,
6b7cb6181a73,rolling_origin,PaySim,chronological,3,U,OneClassSVM,0.005,0.005,TN,504213.0,509009,320,
6b7cb6181a73,rolling_origin,PaySim,chronological,3,U,OneClassSVM,0.005,0.005,FP,4476.0,509009,320,
6b7cb6181a73,rolling_origin,PaySim,chronological,3,U,OneClassSVM,0.005,0.005,FN,233.0,509009,320,
6b7cb6181a73,rolling_origin,PaySim,chronological,3,U,OneClassSVM,0.005,0.005,TP,87.0,509009,320,
6b7cb6181a73,rolling_origin,PaySim,chronological,3,U,OneClassSVM,0.005,0.005,n_alerts,4563.0,509009,320,
6b7cb6181a73,rolling_origin,PaySim,chronological,3,U,OneClassSVM,0.005,0.005,alert_rate,0.008964478034769522,509009,320,
6b7cb6181a73,rolling_origin,PaySim,chronological,3,U,OneClassSVM,0.005,0.005,prevalence,0.0006286725774986297,509009,320,
6b7cb6181a73,rolling_origin,PaySim,chronological,3,U,OneClassSVM,0.005,0.005,lift,30.32803459894806,509009,320,
6b7cb6181a73,rolling_origin,PaySim,chronological,3,U,OneClassSVM,0.005,0.005,tie_ratio,0.00014930973715587825,509009,320,
6b7cb6181a73,rolling_origin,PaySim,chronological,3,U,OneClassSVM,0.005,0.005,fit_seconds,0.27533674240112305,509009,320,
6b7cb6181a73,rolling_origin,PaySim,chronological,3,U,OneClassSVM,0.005,0.005,score_seconds,20.287365436553955,509009,320,
6a1fac93a5a4,rolling_origin,PaySim,chronological,3,U,DBSCAN,0.005,0.005,PR_AUC,0.0038211849873451094,509009,320,
6a1fac93a5a4,rolling_origin,PaySim,chronological,3,U,DBSCAN,0.005,0.005,ROC_AUC,0.7860488708474136,509009,320,
6a1fac93a5a4,rolling_origin,PaySim,chronological,3,U,DBSCAN,0.005,0.005,Precision,0.014397905759162303,509009,320,
6a1fac93a5a4,rolling_origin,PaySim,chronological,3,U,DBSCAN,0.005,0.005,Recall,0.103125,509009,320,
6a1fac93a5a4,rolling_origin,PaySim,chronological,3,U,DBSCAN,0.005,0.005,F1,0.02526799387442573,509009,320,
6a1fac93a5a4,rolling_origin,PaySim,chronological,3,U,DBSCAN,0.005,0.005,TN,506430.0,509009,320,
6a1fac93a5a4,rolling_origin,PaySim,chronological,3,U,DBSCAN,0.005,0.005,FP,2259.0,509009,320,
6a1fac93a5a4,rolling_origin,PaySim,chronological,3,U,DBSCAN,0.005,0.005,FN,287.0,509009,320,
6a1fac93a5a4,rolling_origin,PaySim,chronological,3,U,DBSCAN,0.005,0.005,TP,33.0,509009,320,
6a1fac93a5a4,rolling_origin,PaySim,chronological,3,U,DBSCAN,0.005,0.005,n_alerts,2292.0,509009,320,
6a1fac93a5a4,rolling_origin,PaySim,chronological,3,U,DBSCAN,0.005,0.005,alert_rate,0.004502867336333935,509009,320,
6a1fac93a5a4,rolling_origin,PaySim,chronological,3,U,DBSCAN,0.005,0.005,prevalence,0.0006286725774986297,509009,320,
6a1fac93a5a4,rolling_origin,PaySim,chronological,3,U,DBSCAN,0.005,0.005,lift,22.902073789267014,509009,320,
6a1fac93a5a4,rolling_origin,PaySim,chronological,3,U,DBSCAN,0.005,0.005,tie_ratio,0.09034024938655305,509009,320,
6a1fac93a5a4,rolling_origin,PaySim,chronological,3,U,DBSCAN,0.005,0.005,fit_seconds,1.6534802913665771,509009,320,
6a1fac93a5a4,rolling_origin,PaySim,chronological,3,U,DBSCAN,0.005,0.005,score_seconds,0.05882406234741211,509009,320,
4deeed0a86b1,rolling_origin,PaySim,chronological,3,U,KMeans,0.005,0.005,PR_AUC,0.008080146813452153,509009,320,
4deeed0a86b1,rolling_origin,PaySim,chronological,3,U,KMeans,0.005,0.005,ROC_AUC,0.8102224726207956,509009,320,
4deeed0a86b1,rolling_origin,PaySim,chronological,3,U,KMeans,0.005,0.005,Precision,0.024926686217008796,509009,320,
4deeed0a86b1,rolling_origin,PaySim,chronological,3,U,KMeans,0.005,0.005,Recall,0.159375,509009,320,
4deeed0a86b1,rolling_origin,PaySim,chronological,3,U,KMeans,0.005,0.005,F1,0.04311073541842773,509009,320,
4deeed0a86b1,rolling_origin,PaySim,chronological,3,U,KMeans,0.005,0.005,TN,506694.0,509009,320,
4deeed0a86b1,rolling_origin,PaySim,chronological,3,U,KMeans,0.005,0.005,FP,1995.0,509009,320,
4deeed0a86b1,rolling_origin,PaySim,chronological,3,U,KMeans,0.005,0.005,FN,269.0,509009,320,
4deeed0a86b1,rolling_origin,PaySim,chronological,3,U,KMeans,0.005,0.005,TP,51.0,509009,320,
4deeed0a86b1,rolling_origin,PaySim,chronological,3,U,KMeans,0.005,0.005,n_alerts,2046.0,509009,320,
4deeed0a86b1,rolling_origin,PaySim,chronological,3,U,KMeans,0.005,0.005,alert_rate,0.004019575292381864,509009,320,
4deeed0a86b1,rolling_origin,PaySim,chronological,3,U,KMeans,0.005,0.005,prevalence,0.0006286725774986297,509009,320,
4deeed0a86b1,rolling_origin,PaySim,chronological,3,U,KMeans,0.005,0.005,lift,39.64971132697947,509009,320,
4deeed0a86b1,rolling_origin,PaySim,chronological,3,U,KMeans,0.005,0.005,tie_ratio,0.15360828590457143,509009,320,
4deeed0a86b1,rolling_origin,PaySim,chronological,3,U,KMeans,0.005,0.005,fit_seconds,99.4359860420227,509009,320,
4deeed0a86b1,rolling_origin,PaySim,chronological,3,U,KMeans,0.005,0.005,score_seconds,0.4542200565338135,509009,320,
22ea9e143f6e,rolling_origin,PaySim,chronological,3,U,Ensemble,0.005,0.005,PR_AUC,0.07738707573956509,509009,320,
22ea9e143f6e,rolling_origin,PaySim,chronological,3,U,Ensemble,0.005,0.005,ROC_AUC,0.8229664300043839,509009,320,
22ea9e143f6e,rolling_origin,PaySim,chronological,3,U,Ensemble,0.005,0.005,Precision,0.036542515811665496,509009,320,
22ea9e143f6e,rolling_origin,PaySim,chronological,3,U,Ensemble,0.005,0.005,Recall,0.325,509009,320,
22ea9e143f6e,rolling_origin,PaySim,chronological,3,U,Ensemble,0.005,0.005,F1,0.065698041692988,509009,320,
22ea9e143f6e,rolling_origin,PaySim,chronological,3,U,Ensemble,0.005,0.005,TN,505947.0,509009,320,
22ea9e143f6e,rolling_origin,PaySim,chronological,3,U,Ensemble,0.005,0.005,FP,2742.0,509009,320,
22ea9e143f6e,rolling_origin,PaySim,chronological,3,U,Ensemble,0.005,0.005,FN,216.0,509009,320,
22ea9e143f6e,rolling_origin,PaySim,chronological,3,U,Ensemble,0.005,0.005,TP,104.0,509009,320,
22ea9e143f6e,rolling_origin,PaySim,chronological,3,U,Ensemble,0.005,0.005,n_alerts,2846.0,509009,320,
22ea9e143f6e,rolling_origin,PaySim,chronological,3,U,Ensemble,0.005,0.005,alert_rate,0.005591256736128438,509009,320,
22ea9e143f6e,rolling_origin,PaySim,chronological,3,U,Ensemble,0.005,0.005,prevalence,0.0006286725774986297,509009,320,
22ea9e143f6e,rolling_origin,PaySim,chronological,3,U,Ensemble,0.005,0.005,lift,58.12646697118763,509009,320,
22ea9e143f6e,rolling_origin,PaySim,chronological,3,U,Ensemble,0.005,0.005,tie_ratio,0.1100019842478227,509009,320,
22ea9e143f6e,rolling_origin,PaySim,chronological,3,U,Ensemble,0.005,0.005,fit_seconds,0.0,509009,320,
22ea9e143f6e,rolling_origin,PaySim,chronological,3,U,Ensemble,0.005,0.005,score_seconds,0.0,509009,320,
41a2ce8bd44b,rolling_origin,PaySim,chronological,3,U,Ensemble,0.005,0.005,single_point_invariant,1.0,509009,320,invariance
5613a71acf33,rolling_origin,PaySim,chronological,3,N,IsolationForest,0.005,0.005,PR_AUC,0.004492225365772633,509009,320,
5613a71acf33,rolling_origin,PaySim,chronological,3,N,IsolationForest,0.005,0.005,ROC_AUC,0.8100423926750924,509009,320,
5613a71acf33,rolling_origin,PaySim,chronological,3,N,IsolationForest,0.005,0.005,Precision,0.0076726342710997444,509009,320,
5613a71acf33,rolling_origin,PaySim,chronological,3,N,IsolationForest,0.005,0.005,Recall,0.046875,509009,320,
5613a71acf33,rolling_origin,PaySim,chronological,3,N,IsolationForest,0.005,0.005,F1,0.013186813186813187,509009,320,
5613a71acf33,rolling_origin,PaySim,chronological,3,N,IsolationForest,0.005,0.005,TN,506749.0,509009,320,
5613a71acf33,rolling_origin,PaySim,chronological,3,N,IsolationForest,0.005,0.005,FP,1940.0,509009,320,
5613a71acf33,rolling_origin,PaySim,chronological,3,N,IsolationForest,0.005,0.005,FN,305.0,509009,320,
5613a71acf33,rolling_origin,PaySim,chronological,3,N,IsolationForest,0.005,0.005,TP,15.0,509009,320,
5613a71acf33,rolling_origin,PaySim,chronological,3,N,IsolationForest,0.005,0.005,n_alerts,1955.0,509009,320,
5613a71acf33,rolling_origin,PaySim,chronological,3,N,IsolationForest,0.005,0.005,alert_rate,0.0038407965281556907,509009,320,
5613a71acf33,rolling_origin,PaySim,chronological,3,N,IsolationForest,0.005,0.005,prevalence,0.0006286725774986297,509009,320,
5613a71acf33,rolling_origin,PaySim,chronological,3,N,IsolationForest,0.005,0.005,lift,12.204499680306906,509009,320,
5613a71acf33,rolling_origin,PaySim,chronological,3,N,IsolationForest,0.005,0.005,tie_ratio,0.5115705223286818,509009,320,
5613a71acf33,rolling_origin,PaySim,chronological,3,N,IsolationForest,0.005,0.005,fit_seconds,11.140023231506348,509009,320,
5613a71acf33,rolling_origin,PaySim,chronological,3,N,IsolationForest,0.005,0.005,score_seconds,13.02605414390564,509009,320,
8aa1810db256,rolling_origin,PaySim,chronological,3,N,LOF,0.005,0.005,PR_AUC,0.0006636841286641422,509009,320,
8aa1810db256,rolling_origin,PaySim,chronological,3,N,LOF,0.005,0.005,ROC_AUC,0.5641451511876608,509009,320,
8aa1810db256,rolling_origin,PaySim,chronological,3,N,LOF,0.005,0.005,Precision,0.00023219514712142516,509009,320,
8aa1810db256,rolling_origin,PaySim,chronological,3,N,LOF,0.005,0.005,Recall,0.1125,509009,320,
8aa1810db256,rolling_origin,PaySim,chronological,3,N,LOF,0.005,0.005,F1,0.000463433786897697,509009,320,
8aa1810db256,rolling_origin,PaySim,chronological,3,N,LOF,0.005,0.005,TN,353683.0,509009,320,
8aa1810db256,rolling_origin,PaySim,chronological,3,N,LOF,0.005,0.005,FP,155006.0,509009,320,
8aa1810db256,rolling_origin,PaySim,chronological,3,N,LOF,0.005,0.005,FN,284.0,509009,320,
8aa1810db256,rolling_origin,PaySim,chronological,3,N,LOF,0.005,0.005,TP,36.0,509009,320,
8aa1810db256,rolling_origin,PaySim,chronological,3,N,LOF,0.005,0.005,n_alerts,155042.0,509009,320,
8aa1810db256,rolling_origin,PaySim,chronological,3,N,LOF,0.005,0.005,alert_rate,0.3045957930016954,509009,320,
8aa1810db256,rolling_origin,PaySim,chronological,3,N,LOF,0.005,0.005,prevalence,0.0006286725774986297,509009,320,
8aa1810db256,rolling_origin,PaySim,chronological,3,N,LOF,0.005,0.005,lift,0.3693419363785297,509009,320,
8aa1810db256,rolling_origin,PaySim,chronological,3,N,LOF,0.005,0.005,tie_ratio,0.030673327976519116,509009,320,
8aa1810db256,rolling_origin,PaySim,chronological,3,N,LOF,0.005,0.005,fit_seconds,2.250875949859619,509009,320,
8aa1810db256,rolling_origin,PaySim,chronological,3,N,LOF,0.005,0.005,score_seconds,96.3587896823883,509009,320,
9f750792dba1,rolling_origin,PaySim,chronological,3,N,OneClassSVM,0.005,0.005,PR_AUC,0.06195207197697271,509009,320,
9f750792dba1,rolling_origin,PaySim,chronological,3,N,OneClassSVM,0.005,0.005,ROC_AUC,0.8271614938105601,509009,320,
9f750792dba1,rolling_origin,PaySim,chronological,3,N,OneClassSVM,0.005,0.005,Precision,0.03756906077348066,509009,320,
9f750792dba1,rolling_origin,PaySim,chronological,3,N,OneClassSVM,0.005,0.005,Recall,0.425,509009,320,
9f750792dba1,rolling_origin,PaySim,chronological,3,N,OneClassSVM,0.005,0.005,F1,0.06903553299492386,509009,320,
9f750792dba1,rolling_origin,PaySim,chronological,3,N,OneClassSVM,0.005,0.005,TN,505205.0,509009,320,
9f750792dba1,rolling_origin,PaySim,chronological,3,N,OneClassSVM,0.005,0.005,FP,3484.0,509009,320,
9f750792dba1,rolling_origin,PaySim,chronological,3,N,OneClassSVM,0.005,0.005,FN,184.0,509009,320,
9f750792dba1,rolling_origin,PaySim,chronological,3,N,OneClassSVM,0.005,0.005,TP,136.0,509009,320,
9f750792dba1,rolling_origin,PaySim,chronological,3,N,OneClassSVM,0.005,0.005,n_alerts,3620.0,509009,320,
9f750792dba1,rolling_origin,PaySim,chronological,3,N,OneClassSVM,0.005,0.005,alert_rate,0.007111858532953249,509009,320,
9f750792dba1,rolling_origin,PaySim,chronological,3,N,OneClassSVM,0.005,0.005,prevalence,0.0006286725774986297,509009,320,
9f750792dba1,rolling_origin,PaySim,chronological,3,N,OneClassSVM,0.005,0.005,lift,59.75934392265194,509009,320,
9f750792dba1,rolling_origin,PaySim,chronological,3,N,OneClassSVM,0.005,0.005,tie_ratio,0.0003143362887493284,509009,320,
9f750792dba1,rolling_origin,PaySim,chronological,3,N,OneClassSVM,0.005,0.005,fit_seconds,0.2922646999359131,509009,320,
9f750792dba1,rolling_origin,PaySim,chronological,3,N,OneClassSVM,0.005,0.005,score_seconds,22.86782693862915,509009,320,
b97358242881,rolling_origin,PaySim,chronological,3,N,DBSCAN,0.005,0.005,PR_AUC,0.003818329504895467,509009,320,
b97358242881,rolling_origin,PaySim,chronological,3,N,DBSCAN,0.005,0.005,ROC_AUC,0.7858826162694691,509009,320,
b97358242881,rolling_origin,PaySim,chronological,3,N,DBSCAN,0.005,0.005,Precision,0.014310494362532523,509009,320,
b97358242881,rolling_origin,PaySim,chronological,3,N,DBSCAN,0.005,0.005,Recall,0.103125,509009,320,
b97358242881,rolling_origin,PaySim,chronological,3,N,DBSCAN,0.005,0.005,F1,0.02513328255902513,509009,320,
b97358242881,rolling_origin,PaySim,chronological,3,N,DBSCAN,0.005,0.005,TN,506416.0,509009,320,
b97358242881,rolling_origin,PaySim,chronological,3,N,DBSCAN,0.005,0.005,FP,2273.0,509009,320,
b97358242881,rolling_origin,PaySim,chronological,3,N,DBSCAN,0.005,0.005,FN,287.0,509009,320,
b97358242881,rolling_origin,PaySim,chronological,3,N,DBSCAN,0.005,0.005,TP,33.0,509009,320,
b97358242881,rolling_origin,PaySim,chronological,3,N,DBSCAN,0.005,0.005,n_alerts,2306.0,509009,320,
b97358242881,rolling_origin,PaySim,chronological,3,N,DBSCAN,0.005,0.005,alert_rate,0.0045303717615995005,509009,320,
b97358242881,rolling_origin,PaySim,chronological,3,N,DBSCAN,0.005,0.005,prevalence,0.0006286725774986297,509009,320,
b97358242881,rolling_origin,PaySim,chronological,3,N,DBSCAN,0.005,0.005,lift,22.763032578057242,509009,320,
b97358242881,rolling_origin,PaySim,chronological,3,N,DBSCAN,0.005,0.005,tie_ratio,0.1490877371519953,509009,320,
b97358242881,rolling_origin,PaySim,chronological,3,N,DBSCAN,0.005,0.005,fit_seconds,1.159458875656128,509009,320,
b97358242881,rolling_origin,PaySim,chronological,3,N,DBSCAN,0.005,0.005,score_seconds,0.059755563735961914,509009,320,
2a3bbe0d26e3,rolling_origin,PaySim,chronological,3,N,KMeans,0.005,0.005,PR_AUC,0.008082801365443568,509009,320,
2a3bbe0d26e3,rolling_origin,PaySim,chronological,3,N,KMeans,0.005,0.005,ROC_AUC,0.8104253439970198,509009,320,
2a3bbe0d26e3,rolling_origin,PaySim,chronological,3,N,KMeans,0.005,0.005,Precision,0.024485798237022526,509009,320,
2a3bbe0d26e3,rolling_origin,PaySim,chronological,3,N,KMeans,0.005,0.005,Recall,0.15625,509009,320,
2a3bbe0d26e3,rolling_origin,PaySim,chronological,3,N,KMeans,0.005,0.005,F1,0.04233700254022015,509009,320,
2a3bbe0d26e3,rolling_origin,PaySim,chronological,3,N,KMeans,0.005,0.005,TN,506697.0,509009,320,
2a3bbe0d26e3,rolling_origin,PaySim,chronological,3,N,KMeans,0.005,0.005,FP,1992.0,509009,320,
2a3bbe0d26e3,rolling_origin,PaySim,chronological,3,N,KMeans,0.005,0.005,FN,270.0,509009,320,
2a3bbe0d26e3,rolling_origin,PaySim,chronological,3,N,KMeans,0.005,0.005,TP,50.0,509009,320,
2a3bbe0d26e3,rolling_origin,PaySim,chronological,3,N,KMeans,0.005,0.005,n_alerts,2042.0,509009,320,
2a3bbe0d26e3,rolling_origin,PaySim,chronological,3,N,KMeans,0.005,0.005,alert_rate,0.0040117168851631305,509009,320,
2a3bbe0d26e3,rolling_origin,PaySim,chronological,3,N,KMeans,0.005,0.005,prevalence,0.0006286725774986297,509009,320,
2a3bbe0d26e3,rolling_origin,PaySim,chronological,3,N,KMeans,0.005,0.005,lift,38.94841148383937,509009,320,
2a3bbe0d26e3,rolling_origin,PaySim,chronological,3,N,KMeans,0.005,0.005,tie_ratio,0.1532487637743144,509009,320,
2a3bbe0d26e3,rolling_origin,PaySim,chronological,3,N,KMeans,0.005,0.005,fit_seconds,101.10737109184265,509009,320,
2a3bbe0d26e3,rolling_origin,PaySim,chronological,3,N,KMeans,0.005,0.005,score_seconds,0.4470188617706299,509009,320,
d09f8460fce2,rolling_origin,PaySim,chronological,3,N,Ensemble,0.005,0.005,PR_AUC,0.1371389661399427,509009,320,
d09f8460fce2,rolling_origin,PaySim,chronological,3,N,Ensemble,0.005,0.005,ROC_AUC,0.8839589212416625,509009,320,
d09f8460fce2,rolling_origin,PaySim,chronological,3,N,Ensemble,0.005,0.005,Precision,0.04357298474945534,509009,320,
d09f8460fce2,rolling_origin,PaySim,chronological,3,N,Ensemble,0.005,0.005,Recall,0.4375,509009,320,
d09f8460fce2,rolling_origin,PaySim,chronological,3,N,Ensemble,0.005,0.005,F1,0.07925275969431078,509009,320,
d09f8460fce2,rolling_origin,PaySim,chronological,3,N,Ensemble,0.005,0.005,TN,505616.0,509009,320,
d09f8460fce2,rolling_origin,PaySim,chronological,3,N,Ensemble,0.005,0.005,FP,3073.0,509009,320,
d09f8460fce2,rolling_origin,PaySim,chronological,3,N,Ensemble,0.005,0.005,FN,180.0,509009,320,
d09f8460fce2,rolling_origin,PaySim,chronological,3,N,Ensemble,0.005,0.005,TP,140.0,509009,320,
d09f8460fce2,rolling_origin,PaySim,chronological,3,N,Ensemble,0.005,0.005,n_alerts,3213.0,509009,320,
d09f8460fce2,rolling_origin,PaySim,chronological,3,N,Ensemble,0.005,0.005,alert_rate,0.006312265598447179,509009,320,
d09f8460fce2,rolling_origin,PaySim,chronological,3,N,Ensemble,0.005,0.005,prevalence,0.0006286725774986297,509009,320,
d09f8460fce2,rolling_origin,PaySim,chronological,3,N,Ensemble,0.005,0.005,lift,69.30950435729848,509009,320,
d09f8460fce2,rolling_origin,PaySim,chronological,3,N,Ensemble,0.005,0.005,tie_ratio,0.11714920561326025,509009,320,
d09f8460fce2,rolling_origin,PaySim,chronological,3,N,Ensemble,0.005,0.005,fit_seconds,0.0,509009,320,
d09f8460fce2,rolling_origin,PaySim,chronological,3,N,Ensemble,0.005,0.005,score_seconds,0.0,509009,320,
9a265cfcf387,rolling_origin,PaySim,chronological,3,N,Ensemble,0.005,0.005,single_point_invariant,1.0,509009,320,invariance
6fe9e593a516,rolling_origin,PaySim,chronological,3,O,IsolationForest,0.005,0.0007984542950575038,PR_AUC,0.003192577978374058,509009,320,
6fe9e593a516,rolling_origin,PaySim,chronological,3,O,IsolationForest,0.005,0.0007984542950575038,ROC_AUC,0.7955804989640036,509009,320,
6fe9e593a516,rolling_origin,PaySim,chronological,3,O,IsolationForest,0.005,0.0007984542950575038,Precision,0.01293103448275862,509009,320,
6fe9e593a516,rolling_origin,PaySim,chronological,3,O,IsolationForest,0.005,0.0007984542950575038,Recall,0.009375,509009,320,
6fe9e593a516,rolling_origin,PaySim,chronological,3,O,IsolationForest,0.005,0.0007984542950575038,F1,0.010869565217391304,509009,320,
6fe9e593a516,rolling_origin,PaySim,chronological,3,O,IsolationForest,0.005,0.0007984542950575038,TN,508460.0,509009,320,
6fe9e593a516,rolling_origin,PaySim,chronological,3,O,IsolationForest,0.005,0.0007984542950575038,FP,229.0,509009,320,
6fe9e593a516,rolling_origin,PaySim,chronological,3,O,IsolationForest,0.005,0.0007984542950575038,FN,317.0,509009,320,
6fe9e593a516,rolling_origin,PaySim,chronological,3,O,IsolationForest,0.005,0.0007984542950575038,TP,3.0,509009,320,
6fe9e593a516,rolling_origin,PaySim,chronological,3,O,IsolationForest,0.005,0.0007984542950575038,n_alerts,232.0,509009,320,
6fe9e593a516,rolling_origin,PaySim,chronological,3,O,IsolationForest,0.005,0.0007984542950575038,alert_rate,0.0004557876186865065,509009,320,
6fe9e593a516,rolling_origin,PaySim,chronological,3,O,IsolationForest,0.005,0.0007984542950575038,prevalence,0.0006286725774986297,509009,320,
6fe9e593a516,rolling_origin,PaySim,chronological,3,O,IsolationForest,0.005,0.0007984542950575038,lift,20.56879040948276,509009,320,
6fe9e593a516,rolling_origin,PaySim,chronological,3,O,IsolationForest,0.005,0.0007984542950575038,tie_ratio,0.5199672304418979,509009,320,
6fe9e593a516,rolling_origin,PaySim,chronological,3,O,IsolationForest,0.005,0.0007984542950575038,fit_seconds,10.658895492553711,509009,320,
6fe9e593a516,rolling_origin,PaySim,chronological,3,O,IsolationForest,0.005,0.0007984542950575038,score_seconds,13.136282444000244,509009,320,
8702a076a70c,rolling_origin,PaySim,chronological,3,O,LOF,0.005,0.0007984542950575038,PR_AUC,0.0006772468584827813,509009,320,
8702a076a70c,rolling_origin,PaySim,chronological,3,O,LOF,0.005,0.0007984542950575038,ROC_AUC,0.5729146178952169,509009,320,
8702a076a70c,rolling_origin,PaySim,chronological,3,O,LOF,0.005,0.0007984542950575038,Precision,0.0002516356316054353,509009,320,
8702a076a70c,rolling_origin,PaySim,chronological,3,O,LOF,0.005,0.0007984542950575038,Recall,0.1125,509009,320,
8702a076a70c,rolling_origin,PaySim,chronological,3,O,LOF,0.005,0.0007984542950575038,F1,0.0005021480778887463,509009,320,
8702a076a70c,rolling_origin,PaySim,chronological,3,O,LOF,0.005,0.0007984542950575038,TN,365661.0,509009,320,
8702a076a70c,rolling_origin,PaySim,chronological,3,O,LOF,0.005,0.0007984542950575038,FP,143028.0,509009,320,
8702a076a70c,rolling_origin,PaySim,chronological,3,O,LOF,0.005,0.0007984542950575038,FN,284.0,509009,320,
8702a076a70c,rolling_origin,PaySim,chronological,3,O,LOF,0.005,0.0007984542950575038,TP,36.0,509009,320,
8702a076a70c,rolling_origin,PaySim,chronological,3,O,LOF,0.005,0.0007984542950575038,n_alerts,143064.0,509009,320,
8702a076a70c,rolling_origin,PaySim,chronological,3,O,LOF,0.005,0.0007984542950575038,alert_rate,0.28106379258519987,509009,320,
8702a076a70c,rolling_origin,PaySim,chronological,3,O,LOF,0.005,0.0007984542950575038,prevalence,0.0006286725774986297,509009,320,
8702a076a70c,rolling_origin,PaySim,chronological,3,O,LOF,0.005,0.0007984542950575038,lift,0.40026500377453444,509009,320,
8702a076a70c,rolling_origin,PaySim,chronological,3,O,LOF,0.005,0.0007984542950575038,tie_ratio,0.0346202130021277,509009,320,
8702a076a70c,rolling_origin,PaySim,chronological,3,O,LOF,0.005,0.0007984542950575038,fit_seconds,2.580191135406494,509009,320,
8702a076a70c,rolling_origin,PaySim,chronological,3,O,LOF,0.005,0.0007984542950575038,score_seconds,110.83313703536987,509009,320,
4eada84f9991,rolling_origin,PaySim,chronological,3,O,OneClassSVM,0.005,0.0007984542950575038,PR_AUC,0.02597291045326148,509009,320,
4eada84f9991,rolling_origin,PaySim,chronological,3,O,OneClassSVM,0.005,0.0007984542950575038,ROC_AUC,0.5811686327500694,509009,320,
4eada84f9991,rolling_origin,PaySim,chronological,3,O,OneClassSVM,0.005,0.0007984542950575038,Precision,0.09333333333333334,509009,320,
4eada84f9991,rolling_origin,PaySim,chronological,3,O,OneClassSVM,0.005,0.0007984542950575038,Recall,0.0875,509009,320,
4eada84f9991,rolling_origin,PaySim,chronological,3,O,OneClassSVM,0.005,0.0007984542950575038,F1,0.09032258064516129,509009,320,
4eada84f9991,rolling_origin,PaySim,chronological,3,O,OneClassSVM,0.005,0.0007984542950575038,TN,508417.0,509009,320,
4eada84f9991,rolling_origin,PaySim,chronological,3,O,OneClassSVM,0.005,0.0007984542950575038,FP,272.0,509009,320,
4eada84f9991,rolling_origin,PaySim,chronological,3,O,OneClassSVM,0.005,0.0007984542950575038,FN,292.0,509009,320,
4eada84f9991,rolling_origin,PaySim,chronological,3,O,OneClassSVM,0.005,0.0007984542950575038,TP,28.0,509009,320,
4eada84f9991,rolling_origin,PaySim,chronological,3,O,OneClassSVM,0.005,0.0007984542950575038,n_alerts,300.0,509009,320,
4eada84f9991,rolling_origin,PaySim,chronological,3,O,OneClassSVM,0.005,0.0007984542950575038,alert_rate,0.0005893805414049654,509009,320,
4eada84f9991,rolling_origin,PaySim,chronological,3,O,OneClassSVM,0.005,0.0007984542950575038,prevalence,0.0006286725774986297,509009,320,
4eada84f9991,rolling_origin,PaySim,chronological,3,O,OneClassSVM,0.005,0.0007984542950575038,lift,148.46095833333334,509009,320,
4eada84f9991,rolling_origin,PaySim,chronological,3,O,OneClassSVM,0.005,0.0007984542950575038,tie_ratio,0.00014734513535119564,509009,320,
4eada84f9991,rolling_origin,PaySim,chronological,3,O,OneClassSVM,0.005,0.0007984542950575038,fit_seconds,0.18935608863830566,509009,320,
4eada84f9991,rolling_origin,PaySim,chronological,3,O,OneClassSVM,0.005,0.0007984542950575038,score_seconds,18.841395139694214,509009,320,
66359d7fc7b9,rolling_origin,PaySim,chronological,3,O,DBSCAN,0.005,0.0007984542950575038,PR_AUC,0.0038211849873451094,509009,320,
66359d7fc7b9,rolling_origin,PaySim,chronological,3,O,DBSCAN,0.005,0.0007984542950575038,ROC_AUC,0.7860488708474136,509009,320,
66359d7fc7b9,rolling_origin,PaySim,chronological,3,O,DBSCAN,0.005,0.0007984542950575038,Precision,0.006349206349206349,509009,320,
66359d7fc7b9,rolling_origin,PaySim,chronological,3,O,DBSCAN,0.005,0.0007984542950575038,Recall,0.00625,509009,320,
66359d7fc7b9,rolling_origin,PaySim,chronological,3,O,DBSCAN,0.005,0.0007984542950575038,F1,0.006299212598425197,509009,320,
66359d7fc7b9,rolling_origin,PaySim,chronological,3,O,DBSCAN,0.005,0.0007984542950575038,TN,508376.0,509009,320,
66359d7fc7b9,rolling_origin,PaySim,chronological,3,O,DBSCAN,0.005,0.0007984542950575038,FP,313.0,509009,320,
66359d7fc7b9,rolling_origin,PaySim,chronological,3,O,DBSCAN,0.005,0.0007984542950575038,FN,318.0,509009,320,
66359d7fc7b9,rolling_origin,PaySim,chronological,3,O,DBSCAN,0.005,0.0007984542950575038,TP,2.0,509009,320,
66359d7fc7b9,rolling_origin,PaySim,chronological,3,O,DBSCAN,0.005,0.0007984542950575038,n_alerts,315.0,509009,320,
66359d7fc7b9,rolling_origin,PaySim,chronological,3,O,DBSCAN,0.005,0.0007984542950575038,alert_rate,0.0006188495684752136,509009,320,
66359d7fc7b9,rolling_origin,PaySim,chronological,3,O,DBSCAN,0.005,0.0007984542950575038,prevalence,0.0006286725774986297,509009,320,
66359d7fc7b9,rolling_origin,PaySim,chronological,3,O,DBSCAN,0.005,0.0007984542950575038,lift,10.09938492063492,509009,320,
66359d7fc7b9,rolling_origin,PaySim,chronological,3,O,DBSCAN,0.005,0.0007984542950575038,tie_ratio,0.09034024938655305,509009,320,
66359d7fc7b9,rolling_origin,PaySim,chronological,3,O,DBSCAN,0.005,0.0007984542950575038,fit_seconds,1.5650815963745117,509009,320,
66359d7fc7b9,rolling_origin,PaySim,chronological,3,O,DBSCAN,0.005,0.0007984542950575038,score_seconds,0.05961441993713379,509009,320,
d16063b2e0fb,rolling_origin,PaySim,chronological,3,O,KMeans,0.005,0.0007984542950575038,PR_AUC,0.008080146918579278,509009,320,
d16063b2e0fb,rolling_origin,PaySim,chronological,3,O,KMeans,0.005,0.0007984542950575038,ROC_AUC,0.8102224664775531,509009,320,
d16063b2e0fb,rolling_origin,PaySim,chronological,3,O,KMeans,0.005,0.0007984542950575038,Precision,0.03903903903903904,509009,320,
d16063b2e0fb,rolling_origin,PaySim,chronological,3,O,KMeans,0.005,0.0007984542950575038,Recall,0.040625,509009,320,
d16063b2e0fb,rolling_origin,PaySim,chronological,3,O,KMeans,0.005,0.0007984542950575038,F1,0.039816232771822356,509009,320,
d16063b2e0fb,rolling_origin,PaySim,chronological,3,O,KMeans,0.005,0.0007984542950575038,TN,508369.0,509009,320,
d16063b2e0fb,rolling_origin,PaySim,chronological,3,O,KMeans,0.005,0.0007984542950575038,FP,320.0,509009,320,
d16063b2e0fb,rolling_origin,PaySim,chronological,3,O,KMeans,0.005,0.0007984542950575038,FN,307.0,509009,320,
d16063b2e0fb,rolling_origin,PaySim,chronological,3,O,KMeans,0.005,0.0007984542950575038,TP,13.0,509009,320,
d16063b2e0fb,rolling_origin,PaySim,chronological,3,O,KMeans,0.005,0.0007984542950575038,n_alerts,333.0,509009,320,
d16063b2e0fb,rolling_origin,PaySim,chronological,3,O,KMeans,0.005,0.0007984542950575038,alert_rate,0.0006542124009595115,509009,320,
d16063b2e0fb,rolling_origin,PaySim,chronological,3,O,KMeans,0.005,0.0007984542950575038,prevalence,0.0006286725774986297,509009,320,
d16063b2e0fb,rolling_origin,PaySim,chronological,3,O,KMeans,0.005,0.0007984542950575038,lift,62.097569444444446,509009,320,
d16063b2e0fb,rolling_origin,PaySim,chronological,3,O,KMeans,0.005,0.0007984542950575038,tie_ratio,0.15411318856837497,509009,320,
d16063b2e0fb,rolling_origin,PaySim,chronological,3,O,KMeans,0.005,0.0007984542950575038,fit_seconds,96.89583945274353,509009,320,
d16063b2e0fb,rolling_origin,PaySim,chronological,3,O,KMeans,0.005,0.0007984542950575038,score_seconds,0.47278881072998047,509009,320,
a2ffea957bda,rolling_origin,PaySim,chronological,3,O,Ensemble,0.005,0.0007984542950575038,PR_AUC,0.0790200989930389,509009,320,
a2ffea957bda,rolling_origin,PaySim,chronological,3,O,Ensemble,0.005,0.0007984542950575038,ROC_AUC,0.8071247117590512,509009,320,
a2ffea957bda,rolling_origin,PaySim,chronological,3,O,Ensemble,0.005,0.0007984542950575038,Precision,0.14583333333333334,509009,320,
a2ffea957bda,rolling_origin,PaySim,chronological,3,O,Ensemble,0.005,0.0007984542950575038,Recall,0.153125,509009,320,
a2ffea957bda,rolling_origin,PaySim,chronological,3,O,Ensemble,0.005,0.0007984542950575038,F1,0.14939024390243902,509009,320,
a2ffea957bda,rolling_origin,PaySim,chronological,3,O,Ensemble,0.005,0.0007984542950575038,TN,508402.0,509009,320,
a2ffea957bda,rolling_origin,PaySim,chronological,3,O,Ensemble,0.005,0.0007984542950575038,FP,287.0,509009,320,
a2ffea957bda,rolling_origin,PaySim,chronological,3,O,Ensemble,0.005,0.0007984542950575038,FN,271.0,509009,320,
a2ffea957bda,rolling_origin,PaySim,chronological,3,O,Ensemble,0.005,0.0007984542950575038,TP,49.0,509009,320,
a2ffea957bda,rolling_origin,PaySim,chronological,3,O,Ensemble,0.005,0.0007984542950575038,n_alerts,336.0,509009,320,
a2ffea957bda,rolling_origin,PaySim,chronological,3,O,Ensemble,0.005,0.0007984542950575038,alert_rate,0.0006601062063735612,509009,320,
a2ffea957bda,rolling_origin,PaySim,chronological,3,O,Ensemble,0.005,0.0007984542950575038,prevalence,0.0006286725774986297,509009,320,
a2ffea957bda,rolling_origin,PaySim,chronological,3,O,Ensemble,0.005,0.0007984542950575038,lift,231.97024739583335,509009,320,
a2ffea957bda,rolling_origin,PaySim,chronological,3,O,Ensemble,0.005,0.0007984542950575038,tie_ratio,0.11034578956364227,509009,320,
a2ffea957bda,rolling_origin,PaySim,chronological,3,O,Ensemble,0.005,0.0007984542950575038,fit_seconds,0.0,509009,320,
a2ffea957bda,rolling_origin,PaySim,chronological,3,O,Ensemble,0.005,0.0007984542950575038,score_seconds,0.0,509009,320,
bd88a3e767ce,rolling_origin,PaySim,chronological,3,O,Ensemble,0.005,0.0007984542950575038,single_point_invariant,1.0,509009,320,invariance
555431a70690,rolling_origin,PaySim,chronological,4,U,IsolationForest,0.005,0.005,PR_AUC,0.04301652770079479,509009,3712,
555431a70690,rolling_origin,PaySim,chronological,4,U,IsolationForest,0.005,0.005,ROC_AUC,0.8105128290289227,509009,3712,
555431a70690,rolling_origin,PaySim,chronological,4,U,IsolationForest,0.005,0.005,Precision,0.10089160018770531,509009,3712,
555431a70690,rolling_origin,PaySim,chronological,4,U,IsolationForest,0.005,0.005,Recall,0.057920258620689655,509009,3712,
555431a70690,rolling_origin,PaySim,chronological,4,U,IsolationForest,0.005,0.005,F1,0.07359233270580182,509009,3712,
555431a70690,rolling_origin,PaySim,chronological,4,U,IsolationForest,0.005,0.005,TN,503381.0,509009,3712,
555431a70690,rolling_origin,PaySim,chronological,4,U,IsolationForest,0.005,0.005,FP,1916.0,509009,3712,
555431a70690,rolling_origin,PaySim,chronological,4,U,IsolationForest,0.005,0.005,FN,3497.0,509009,3712,
555431a70690,rolling_origin,PaySim,chronological,4,U,IsolationForest,0.005,0.005,TP,215.0,509009,3712,
555431a70690,rolling_origin,PaySim,chronological,4,U,IsolationForest,0.005,0.005,n_alerts,2131.0,509009,3712,
555431a70690,rolling_origin,PaySim,chronological,4,U,IsolationForest,0.005,0.005,alert_rate,0.004186566445779937,509009,3712,
555431a70690,rolling_origin,PaySim,chronological,4,U,IsolationForest,0.005,0.005,prevalence,0.007292601898984104,509009,3712,
555431a70690,rolling_origin,PaySim,chronological,4,U,IsolationForest,0.005,0.005,lift,13.83478785558828,509009,3712,
555431a70690,rolling_origin,PaySim,chronological,4,U,IsolationForest,0.005,0.005,tie_ratio,0.5025981858866936,509009,3712,
555431a70690,rolling_origin,PaySim,chronological,4,U,IsolationForest,0.005,0.005,fit_seconds,10.58292531967163,509009,3712,
555431a70690,rolling_origin,PaySim,chronological,4,U,IsolationForest,0.005,0.005,score_seconds,12.860120058059692,509009,3712,
8c6136998759,rolling_origin,PaySim,chronological,4,U,LOF,0.005,0.005,PR_AUC,0.006166354438560803,509009,3712,
8c6136998759,rolling_origin,PaySim,chronological,4,U,LOF,0.005,0.005,ROC_AUC,0.4614806819528058,509009,3712,
8c6136998759,rolling_origin,PaySim,chronological,4,U,LOF,0.005,0.005,Precision,0.002050085997113905,509009,3712,
8c6136998759,rolling_origin,PaySim,chronological,4,U,LOF,0.005,0.005,Recall,0.10371767241379311,509009,3712,
8c6136998759,rolling_origin,PaySim,chronological,4,U,LOF,0.005,0.005,F1,0.00402069876611543,509009,3712,
8c6136998759,rolling_origin,PaySim,chronological,4,U,LOF,0.005,0.005,TN,317885.0,509009,3712,
8c6136998759,rolling_origin,PaySim,chronological,4,U,LOF,0.005,0.005,FP,187412.0,509009,3712,
8c6136998759,rolling_origin,PaySim,chronological,4,U,LOF,0.005,0.005,FN,3327.0,509009,3712,
8c6136998759,rolling_origin,PaySim,chronological,4,U,LOF,0.005,0.005,TP,385.0,509009,3712,
8c6136998759,rolling_origin,PaySim,chronological,4,U,LOF,0.005,0.005,n_alerts,187797.0,509009,3712,
8c6136998759,rolling_origin,PaySim,chronological,4,U,LOF,0.005,0.005,alert_rate,0.36894632511409425,509009,3712,
8c6136998759,rolling_origin,PaySim,chronological,4,U,LOF,0.005,0.005,prevalence,0.007292601898984104,509009,3712,
8c6136998759,rolling_origin,PaySim,chronological,4,U,LOF,0.005,0.005,lift,0.2811185946403426,509009,3712,
8c6136998759,rolling_origin,PaySim,chronological,4,U,LOF,0.005,0.005,tie_ratio,0.030822637713674994,509009,3712,
8c6136998759,rolling_origin,PaySim,chronological,4,U,LOF,0.005,0.005,fit_seconds,2.147778034210205,509009,3712,
8c6136998759,rolling_origin,PaySim,chronological,4,U,LOF,0.005,0.005,score_seconds,103.63202381134033,509009,3712,
00d69593585e,rolling_origin,PaySim,chronological,4,U,OneClassSVM,0.005,0.005,PR_AUC,0.1747442005976883,509009,3712,
00d69593585e,rolling_origin,PaySim,chronological,4,U,OneClassSVM,0.005,0.005,ROC_AUC,0.7679365025134928,509009,3712,
00d69593585e,rolling_origin,PaySim,chronological,4,U,OneClassSVM,0.005,0.005,Precision,0.010086002802338503,509009,3712,
00d69593585e,rolling_origin,PaySim,chronological,4,U,OneClassSVM,0.005,0.005,Recall,0.8997844827586207,509009,3712,
00d69593585e,rolling_origin,PaySim,chronological,4,U,OneClassSVM,0.005,0.005,F1,0.01994839696115438,509009,3712,
00d69593585e,rolling_origin,PaySim,chronological,4,U,OneClassSVM,0.005,0.005,TN,177485.0,509009,3712,
00d69593585e,rolling_origin,PaySim,chronological,4,U,OneClassSVM,0.005,0.005,FP,327812.0,509009,3712,
00d69593585e,rolling_origin,PaySim,chronological,4,U,OneClassSVM,0.005,0.005,FN,372.0,509009,3712,
00d69593585e,rolling_origin,PaySim,chronological,4,U,OneClassSVM,0.005,0.005,TP,3340.0,509009,3712,
00d69593585e,rolling_origin,PaySim,chronological,4,U,OneClassSVM,0.005,0.005,n_alerts,331152.0,509009,3712,
00d69593585e,rolling_origin,PaySim,chronological,4,U,OneClassSVM,0.005,0.005,alert_rate,0.6505818168244569,509009,3712,
00d69593585e,rolling_origin,PaySim,chronological,4,U,OneClassSVM,0.005,0.005,prevalence,0.007292601898984104,509009,3712,
00d69593585e,rolling_origin,PaySim,chronological,4,U,OneClassSVM,0.005,0.005,lift,1.383045851405043,509009,3712,
00d69593585e,rolling_origin,PaySim,chronological,4,U,OneClassSVM,0.005,0.005,tie_ratio,0.00016502655159333912,509009,3712,
00d69593585e,rolling_origin,PaySim,chronological,4,U,OneClassSVM,0.005,0.005,fit_seconds,0.303875207901001,509009,3712,
00d69593585e,rolling_origin,PaySim,chronological,4,U,OneClassSVM,0.005,0.005,score_seconds,21.583422899246216,509009,3712,
98f3470e055a,rolling_origin,PaySim,chronological,4,U,DBSCAN,0.005,0.005,PR_AUC,0.03662989295396341,509009,3712,
98f3470e055a,rolling_origin,PaySim,chronological,4,U,DBSCAN,0.005,0.005,ROC_AUC,0.8040140264810459,509009,3712,
98f3470e055a,rolling_origin,PaySim,chronological,4,U,DBSCAN,0.005,0.005,Precision,0.13872571170356982,509009,3712,
98f3470e055a,rolling_origin,PaySim,chronological,4,U,DBSCAN,0.005,0.005,Recall,0.08270474137931035,509009,3712,
98f3470e055a,rolling_origin,PaySim,chronological,4,U,DBSCAN,0.005,0.005,F1,0.10362869198312236,509009,3712,
98f3470e055a,rolling_origin,PaySim,chronological,4,U,DBSCAN,0.005,0.005,TN,503391.0,509009,3712,
98f3470e055a,rolling_origin,PaySim,chronological,4,U,DBSCAN,0.005,0.005,FP,1906.0,509009,3712,
98f3470e055a,rolling_origin,PaySim,chronological,4,U,DBSCAN,0.005,0.005,FN,3405.0,509009,3712,
98f3470e055a,rolling_origin,PaySim,chronological,4,U,DBSCAN,0.005,0.005,TP,307.0,509009,3712,
98f3470e055a,rolling_origin,PaySim,chronological,4,U,DBSCAN,0.005,0.005,n_alerts,2213.0,509009,3712,
98f3470e055a,rolling_origin,PaySim,chronological,4,U,DBSCAN,0.005,0.005,alert_rate,0.004347663793763961,509009,3712,
98f3470e055a,rolling_origin,PaySim,chronological,4,U,DBSCAN,0.005,0.005,prevalence,0.007292601898984104,509009,3712,
98f3470e055a,rolling_origin,PaySim,chronological,4,U,DBSCAN,0.005,0.005,lift,19.02280058958038,509009,3712,
98f3470e055a,rolling_origin,PaySim,chronological,4,U,DBSCAN,0.005,0.005,tie_ratio,0.08857996616955688,509009,3712,
98f3470e055a,rolling_origin,PaySim,chronological,4,U,DBSCAN,0.005,0.005,fit_seconds,1.422257661819458,509009,3712,
98f3470e055a,rolling_origin,PaySim,chronological,4,U,DBSCAN,0.005,0.005,score_seconds,0.09347724914550781,509009,3712,
b6f36689c595,rolling_origin,PaySim,chronological,4,U,KMeans,0.005,0.005,PR_AUC,0.04765588864467744,509009,3712,
b6f36689c595,rolling_origin,PaySim,chronological,4,U,KMeans,0.005,0.005,ROC_AUC,0.7265531896894644,509009,3712,
b6f36689c595,rolling_origin,PaySim,chronological,4,U,KMeans,0.005,0.005,Precision,0.1454146876141761,509009,3712,
b6f36689c595,rolling_origin,PaySim,chronological,4,U,KMeans,0.005,0.005,Recall,0.10721982758620689,509009,3712,
b6f36689c595,rolling_origin,PaySim,chronological,4,U,KMeans,0.005,0.005,F1,0.12342998914560396,509009,3712,
b6f36689c595,rolling_origin,PaySim,chronological,4,U,KMeans,0.005,0.005,TN,502958.0,509009,3712,
b6f36689c595,rolling_origin,PaySim,chronological,4,U,KMeans,0.005,0.005,FP,2339.0,509009,3712,
b6f36689c595,rolling_origin,PaySim,chronological,4,U,KMeans,0.005,0.005,FN,3314.0,509009,3712,
b6f36689c595,rolling_origin,PaySim,chronological,4,U,KMeans,0.005,0.005,TP,398.0,509009,3712,
b6f36689c595,rolling_origin,PaySim,chronological,4,U,KMeans,0.005,0.005,n_alerts,2737.0,509009,3712,
b6f36689c595,rolling_origin,PaySim,chronological,4,U,KMeans,0.005,0.005,alert_rate,0.005377115139417967,509009,3712,
b6f36689c595,rolling_origin,PaySim,chronological,4,U,KMeans,0.005,0.005,prevalence,0.007292601898984104,509009,3712,
b6f36689c595,rolling_origin,PaySim,chronological,4,U,KMeans,0.005,0.005,lift,19.940028213309315,509009,3712,
b6f36689c595,rolling_origin,PaySim,chronological,4,U,KMeans,0.005,0.005,tie_ratio,0.12969908194157664,509009,3712,
b6f36689c595,rolling_origin,PaySim,chronological,4,U,KMeans,0.005,0.005,fit_seconds,135.40789580345154,509009,3712,
b6f36689c595,rolling_origin,PaySim,chronological,4,U,KMeans,0.005,0.005,score_seconds,0.44347405433654785,509009,3712,
4c0a92872923,rolling_origin,PaySim,chronological,4,U,Ensemble,0.005,0.005,PR_AUC,0.28088053522579987,509009,3712,
4c0a92872923,rolling_origin,PaySim,chronological,4,U,Ensemble,0.005,0.005,ROC_AUC,0.8636765004857505,509009,3712,
4c0a92872923,rolling_origin,PaySim,chronological,4,U,Ensemble,0.005,0.005,Precision,0.04182861373311123,509009,3712,
4c0a92872923,rolling_origin,PaySim,chronological,4,U,Ensemble,0.005,0.005,Recall,0.6088362068965517,509009,3712,
4c0a92872923,rolling_origin,PaySim,chronological,4,U,Ensemble,0.005,0.005,F1,0.07827924214609816,509009,3712,
4c0a92872923,rolling_origin,PaySim,chronological,4,U,Ensemble,0.005,0.005,TN,453527.0,509009,3712,
4c0a92872923,rolling_origin,PaySim,chronological,4,U,Ensemble,0.005,0.005,FP,51770.0,509009,3712,
4c0a92872923,rolling_origin,PaySim,chronological,4,U,Ensemble,0.005,0.005,FN,1452.0,509009,3712,
4c0a92872923,rolling_origin,PaySim,chronological,4,U,Ensemble,0.005,0.005,TP,2260.0,509009,3712,
4c0a92872923,rolling_origin,PaySim,chronological,4,U,Ensemble,0.005,0.005,n_alerts,54030.0,509009,3712,
4c0a92872923,rolling_origin,PaySim,chronological,4,U,Ensemble,0.005,0.005,alert_rate,0.10614743550703426,509009,3712,
4c0a92872923,rolling_origin,PaySim,chronological,4,U,Ensemble,0.005,0.005,prevalence,0.007292601898984104,509009,3712,
4c0a92872923,rolling_origin,PaySim,chronological,4,U,Ensemble,0.005,0.005,lift,5.735759926637181,509009,3712,
4c0a92872923,rolling_origin,PaySim,chronological,4,U,Ensemble,0.005,0.005,tie_ratio,0.12025131186285509,509009,3712,
4c0a92872923,rolling_origin,PaySim,chronological,4,U,Ensemble,0.005,0.005,fit_seconds,0.0,509009,3712,
4c0a92872923,rolling_origin,PaySim,chronological,4,U,Ensemble,0.005,0.005,score_seconds,0.0,509009,3712,
c6900f59f5ec,rolling_origin,PaySim,chronological,4,U,Ensemble,0.005,0.005,single_point_invariant,1.0,509009,3712,invariance
7f3130265b71,rolling_origin,PaySim,chronological,4,N,IsolationForest,0.005,0.005,PR_AUC,0.038864159286327304,509009,3712,
7f3130265b71,rolling_origin,PaySim,chronological,4,N,IsolationForest,0.005,0.005,ROC_AUC,0.8023741440080341,509009,3712,
7f3130265b71,rolling_origin,PaySim,chronological,4,N,IsolationForest,0.005,0.005,Precision,0.07015857760691975,509009,3712,
7f3130265b71,rolling_origin,PaySim,chronological,4,N,IsolationForest,0.005,0.005,Recall,0.03933189655172414,509009,3712,
7f3130265b71,rolling_origin,PaySim,chronological,4,N,IsolationForest,0.005,0.005,F1,0.05040566200586915,509009,3712,
7f3130265b71,rolling_origin,PaySim,chronological,4,N,IsolationForest,0.005,0.005,TN,503362.0,509009,3712,
7f3130265b71,rolling_origin,PaySim,chronological,4,N,IsolationForest,0.005,0.005,FP,1935.0,509009,3712,
7f3130265b71,rolling_origin,PaySim,chronological,4,N,IsolationForest,0.005,0.005,FN,3566.0,509009,3712,
7f3130265b71,rolling_origin,PaySim,chronological,4,N,IsolationForest,0.005,0.005,TP,146.0,509009,3712,
7f3130265b71,rolling_origin,PaySim,chronological,4,N,IsolationForest,0.005,0.005,n_alerts,2081.0,509009,3712,
7f3130265b71,rolling_origin,PaySim,chronological,4,N,IsolationForest,0.005,0.005,alert_rate,0.0040883363555457766,509009,3712,
7f3130265b71,rolling_origin,PaySim,chronological,4,N,IsolationForest,0.005,0.005,prevalence,0.007292601898984104,509009,3712,
7f3130265b71,rolling_origin,PaySim,chronological,4,N,IsolationForest,0.005,0.005,lift,9.620513854827752,509009,3712,
7f3130265b71,rolling_origin,PaySim,chronological,4,N,IsolationForest,0.005,0.005,tie_ratio,0.528090858904263,509009,3712,
7f3130265b71,rolling_origin,PaySim,chronological,4,N,IsolationForest,0.005,0.005,fit_seconds,14.860289335250854,509009,3712,
7f3130265b71,rolling_origin,PaySim,chronological,4,N,IsolationForest,0.005,0.005,score_seconds,13.079397201538086,509009,3712,
fa82e8ab6a75,rolling_origin,PaySim,chronological,4,N,LOF,0.005,0.005,PR_AUC,0.006281507547658971,509009,3712,
fa82e8ab6a75,rolling_origin,PaySim,chronological,4,N,LOF,0.005,0.005,ROC_AUC,0.47489063655964925,509009,3712,
fa82e8ab6a75,rolling_origin,PaySim,chronological,4,N,LOF,0.005,0.005,Precision,0.0035772435590460685,509009,3712,
fa82e8ab6a75,rolling_origin,PaySim,chronological,4,N,LOF,0.005,0.005,Recall,0.20123922413793102,509009,3712,
fa82e8ab6a75,rolling_origin,PaySim,chronological,4,N,LOF,0.005,0.005,F1,0.00702952967082604,509009,3712,
fa82e8ab6a75,rolling_origin,PaySim,chronological,4,N,LOF,0.005,0.005,TN,297224.0,509009,3712,
fa82e8ab6a75,rolling_origin,PaySim,chronological,4,N,LOF,0.005,0.005,FP,208073.0,509009,3712,
fa82e8ab6a75,rolling_origin,PaySim,chronological,4,N,LOF,0.005,0.005,FN,2965.0,509009,3712,
fa82e8ab6a75,rolling_origin,PaySim,chronological,4,N,LOF,0.005,0.005,TP,747.0,509009,3712,
fa82e8ab6a75,rolling_origin,PaySim,chronological,4,N,LOF,0.005,0.005,n_alerts,208820.0,509009,3712,
fa82e8ab6a75,rolling_origin,PaySim,chronological,4,N,LOF,0.005,0.005,alert_rate,0.41024814885394956,509009,3712,
fa82e8ab6a75,rolling_origin,PaySim,chronological,4,N,LOF,0.005,0.005,prevalence,0.007292601898984104,509009,3712,
fa82e8ab6a75,rolling_origin,PaySim,chronological,4,N,LOF,0.005,0.005,lift,0.49053048673127164,509009,3712,
fa82e8ab6a75,rolling_origin,PaySim,chronological,4,N,LOF,0.005,0.005,tie_ratio,0.032912974033857956,509009,3712,
fa82e8ab6a75,rolling_origin,PaySim,chronological,4,N,LOF,0.005,0.005,fit_seconds,2.383392333984375,509009,3712,
fa82e8ab6a75,rolling_origin,PaySim,chronological,4,N,LOF,0.005,0.005,score_seconds,106.10297751426697,509009,3712,
0133a7f59fca,rolling_origin,PaySim,chronological,4,N,OneClassSVM,0.005,0.005,PR_AUC,0.2310091562072515,509009,3712,
0133a7f59fca,rolling_origin,PaySim,chronological,4,N,OneClassSVM,0.005,0.005,ROC_AUC,0.767627421316248,509009,3712,
0133a7f59fca,rolling_origin,PaySim,chronological,4,N,OneClassSVM,0.005,0.005,Precision,0.010099901847694904,509009,3712,
0133a7f59fca,rolling_origin,PaySim,chronological,4,N,OneClassSVM,0.005,0.005,Recall,0.9175646551724138,509009,3712,
0133a7f59fca,rolling_origin,PaySim,chronological,4,N,OneClassSVM,0.005,0.005,F1,0.019979879334668844,509009,3712,
0133a7f59fca,rolling_origin,PaySim,chronological,4,N,OneClassSVM,0.005,0.005,TN,171472.0,509009,3712,
0133a7f59fca,rolling_origin,PaySim,chronological,4,N,OneClassSVM,0.005,0.005,FP,333825.0,509009,3712,
0133a7f59fca,rolling_origin,PaySim,chronological,4,N,OneClassSVM,0.005,0.005,FN,306.0,509009,3712,
0133a7f59fca,rolling_origin,PaySim,chronological,4,N,OneClassSVM,0.005,0.005,TP,3406.0,509009,3712,
0133a7f59fca,rolling_origin,PaySim,chronological,4,N,OneClassSVM,0.005,0.005,n_alerts,337231.0,509009,3712,
0133a7f59fca,rolling_origin,PaySim,chronological,4,N,OneClassSVM,0.005,0.005,alert_rate,0.6625246311951262,509009,3712,
0133a7f59fca,rolling_origin,PaySim,chronological,4,N,OneClassSVM,0.005,0.005,prevalence,0.007292601898984104,509009,3712,
0133a7f59fca,rolling_origin,PaySim,chronological,4,N,OneClassSVM,0.005,0.005,lift,1.3849517617438942,509009,3712,
0133a7f59fca,rolling_origin,PaySim,chronological,4,N,OneClassSVM,0.005,0.005,tie_ratio,0.00012376991369500434,509009,3712,
0133a7f59fca,rolling_origin,PaySim,chronological,4,N,OneClassSVM,0.005,0.005,fit_seconds,0.29422760009765625,509009,3712,
0133a7f59fca,rolling_origin,PaySim,chronological,4,N,OneClassSVM,0.005,0.005,score_seconds,20.689698696136475,509009,3712,
02989221e7ac,rolling_origin,PaySim,chronological,4,N,DBSCAN,0.005,0.005,PR_AUC,0.23731997794170784,509009,3712,
02989221e7ac,rolling_origin,PaySim,chronological,4,N,DBSCAN,0.005,0.005,ROC_AUC,0.769907772702541,509009,3712,
02989221e7ac,rolling_origin,PaySim,chronological,4,N,DBSCAN,0.005,0.005,Precision,0.011675969829742113,509009,3712,
02989221e7ac,rolling_origin,PaySim,chronological,4,N,DBSCAN,0.005,0.005,Recall,0.7860991379310345,509009,3712,
02989221e7ac,rolling_origin,PaySim,chronological,4,N,DBSCAN,0.005,0.005,F1,0.023010168475753764,509009,3712,
02989221e7ac,rolling_origin,PaySim,chronological,4,N,DBSCAN,0.005,0.005,TN,258300.0,509009,3712,
02989221e7ac,rolling_origin,PaySim,chronological,4,N,DBSCAN,0.005,0.005,FP,246997.0,509009,3712,
02989221e7ac,rolling_origin,PaySim,chronological,4,N,DBSCAN,0.005,0.005,FN,794.0,509009,3712,
02989221e7ac,rolling_origin,PaySim,chronological,4,N,DBSCAN,0.005,0.005,TP,2918.0,509009,3712,
02989221e7ac,rolling_origin,PaySim,chronological,4,N,DBSCAN,0.005,0.005,n_alerts,249915.0,509009,3712,
02989221e7ac,rolling_origin,PaySim,chronological,4,N,DBSCAN,0.005,0.005,alert_rate,0.4909834600174064,509009,3712,
02989221e7ac,rolling_origin,PaySim,chronological,4,N,DBSCAN,0.005,0.005,prevalence,0.007292601898984104,509009,3712,
02989221e7ac,rolling_origin,PaySim,chronological,4,N,DBSCAN,0.005,0.005,lift,1.6010705083693975,509009,3712,
02989221e7ac,rolling_origin,PaySim,chronological,4,N,DBSCAN,0.005,0.005,tie_ratio,7.269026677325652e-05,509009,3712,
02989221e7ac,rolling_origin,PaySim,chronological,4,N,DBSCAN,0.005,0.005,fit_seconds,1.1564884185791016,509009,3712,
02989221e7ac,rolling_origin,PaySim,chronological,4,N,DBSCAN,0.005,0.005,score_seconds,36.013388872146606,509009,3712,
d768338981eb,rolling_origin,PaySim,chronological,4,N,KMeans,0.005,0.005,PR_AUC,0.07145110710182935,509009,3712,
d768338981eb,rolling_origin,PaySim,chronological,4,N,KMeans,0.005,0.005,ROC_AUC,0.7593066470300703,509009,3712,
d768338981eb,rolling_origin,PaySim,chronological,4,N,KMeans,0.005,0.005,Precision,0.19334880123743234,509009,3712,
d768338981eb,rolling_origin,PaySim,chronological,4,N,KMeans,0.005,0.005,Recall,0.13469827586206898,509009,3712,
d768338981eb,rolling_origin,PaySim,chronological,4,N,KMeans,0.005,0.005,F1,0.15878056525881232,509009,3712,
d768338981eb,rolling_origin,PaySim,chronological,4,N,KMeans,0.005,0.005,TN,503211.0,509009,3712,
d768338981eb,rolling_origin,PaySim,chronological,4,N,KMeans,0.005,0.005,FP,2086.0,509009,3712,
d768338981eb,rolling_origin,PaySim,chronological,4,N,KMeans,0.005,0.005,FN,3212.0,509009,3712,
d768338981eb,rolling_origin,PaySim,chronological,4,N,KMeans,0.005,0.005,TP,500.0,509009,3712,
d768338981eb,rolling_origin,PaySim,chronological,4,N,KMeans,0.005,0.005,n_alerts,2586.0,509009,3712,
d768338981eb,rolling_origin,PaySim,chronological,4,N,KMeans,0.005,0.005,alert_rate,0.005080460266910801,509009,3712,
d768338981eb,rolling_origin,PaySim,chronological,4,N,KMeans,0.005,0.005,prevalence,0.007292601898984104,509009,3712,
d768338981eb,rolling_origin,PaySim,chronological,4,N,KMeans,0.005,0.005,lift,26.513006457183245,509009,3712,
d768338981eb,rolling_origin,PaySim,chronological,4,N,KMeans,0.005,0.005,tie_ratio,0.1455062680620578,509009,3712,
d768338981eb,rolling_origin,PaySim,chronological,4,N,KMeans,0.005,0.005,fit_seconds,117.19304537773132,509009,3712,
d768338981eb,rolling_origin,PaySim,chronological,4,N,KMeans,0.005,0.005,score_seconds,0.47464513778686523,509009,3712,
f810f1d1f69f,rolling_origin,PaySim,chronological,4,N,Ensemble,0.005,0.005,PR_AUC,0.34385780699866575,509009,3712,
f810f1d1f69f,rolling_origin,PaySim,chronological,4,N,Ensemble,0.005,0.005,ROC_AUC,0.8655717354058006,509009,3712,
f810f1d1f69f,rolling_origin,PaySim,chronological,4,N,Ensemble,0.005,0.005,Precision,0.021882772467112163,509009,3712,
f810f1d1f69f,rolling_origin,PaySim,chronological,4,N,Ensemble,0.005,0.005,Recall,0.7869073275862069,509009,3712,
f810f1d1f69f,rolling_origin,PaySim,chronological,4,N,Ensemble,0.005,0.005,F1,0.042581416367824136,509009,3712,
f810f1d1f69f,rolling_origin,PaySim,chronological,4,N,Ensemble,0.005,0.005,TN,374734.0,509009,3712,
f810f1d1f69f,rolling_origin,PaySim,chronological,4,N,Ensemble,0.005,0.005,FP,130563.0,509009,3712,
f810f1d1f69f,rolling_origin,PaySim,chronological,4,N,Ensemble,0.005,0.005,FN,791.0,509009,3712,
f810f1d1f69f,rolling_origin,PaySim,chronological,4,N,Ensemble,0.005,0.005,TP,2921.0,509009,3712,
f810f1d1f69f,rolling_origin,PaySim,chronological,4,N,Ensemble,0.005,0.005,n_alerts,133484.0,509009,3712,
f810f1d1f69f,rolling_origin,PaySim,chronological,4,N,Ensemble,0.005,0.005,alert_rate,0.26224290729633465,509009,3712,
f810f1d1f69f,rolling_origin,PaySim,chronological,4,N,Ensemble,0.005,0.005,prevalence,0.007292601898984104,509009,3712,
f810f1d1f69f,rolling_origin,PaySim,chronological,4,N,Ensemble,0.005,0.005,lift,3.0006810696962,509009,3712,
f810f1d1f69f,rolling_origin,PaySim,chronological,4,N,Ensemble,0.005,0.005,tie_ratio,0.10815132934781113,509009,3712,
f810f1d1f69f,rolling_origin,PaySim,chronological,4,N,Ensemble,0.005,0.005,fit_seconds,0.0,509009,3712,
f810f1d1f69f,rolling_origin,PaySim,chronological,4,N,Ensemble,0.005,0.005,score_seconds,0.0,509009,3712,
68e9ffcc9915,rolling_origin,PaySim,chronological,4,N,Ensemble,0.005,0.005,single_point_invariant,1.0,509009,3712,invariance
96013e629f23,rolling_origin,PaySim,chronological,4,O,IsolationForest,0.005,0.0007822846303616247,PR_AUC,0.04301652770079479,509009,3712,
96013e629f23,rolling_origin,PaySim,chronological,4,O,IsolationForest,0.005,0.0007822846303616247,ROC_AUC,0.8105128290289227,509009,3712,
96013e629f23,rolling_origin,PaySim,chronological,4,O,IsolationForest,0.005,0.0007822846303616247,Precision,0.10818713450292397,509009,3712,
96013e629f23,rolling_origin,PaySim,chronological,4,O,IsolationForest,0.005,0.0007822846303616247,Recall,0.009967672413793104,509009,3712,
96013e629f23,rolling_origin,PaySim,chronological,4,O,IsolationForest,0.005,0.0007822846303616247,F1,0.018253576714356193,509009,3712,
96013e629f23,rolling_origin,PaySim,chronological,4,O,IsolationForest,0.005,0.0007822846303616247,TN,504992.0,509009,3712,
96013e629f23,rolling_origin,PaySim,chronological,4,O,IsolationForest,0.005,0.0007822846303616247,FP,305.0,509009,3712,
96013e629f23,rolling_origin,PaySim,chronological,4,O,IsolationForest,0.005,0.0007822846303616247,FN,3675.0,509009,3712,
96013e629f23,rolling_origin,PaySim,chronological,4,O,IsolationForest,0.005,0.0007822846303616247,TP,37.0,509009,3712,
96013e629f23,rolling_origin,PaySim,chronological,4,O,IsolationForest,0.005,0.0007822846303616247,n_alerts,342.0,509009,3712,
96013e629f23,rolling_origin,PaySim,chronological,4,O,IsolationForest,0.005,0.0007822846303616247,alert_rate,0.0006718938172016605,509009,3712,
96013e629f23,rolling_origin,PaySim,chronological,4,O,IsolationForest,0.005,0.0007822846303616247,prevalence,0.007292601898984104,509009,3712,
96013e629f23,rolling_origin,PaySim,chronological,4,O,IsolationForest,0.005,0.0007822846303616247,lift,14.835189963954425,509009,3712,
96013e629f23,rolling_origin,PaySim,chronological,4,O,IsolationForest,0.005,0.0007822846303616247,tie_ratio,0.5025981858866936,509009,3712,
96013e629f23,rolling_origin,PaySim,chronological,4,O,IsolationForest,0.005,0.0007822846303616247,fit_seconds,11.541626214981079,509009,3712,
96013e629f23,rolling_origin,PaySim,chronological,4,O,IsolationForest,0.005,0.0007822846303616247,score_seconds,12.997408390045166,509009,3712,
479300bc2bbd,rolling_origin,PaySim,chronological,4,O,LOF,0.005,0.0007822846303616247,PR_AUC,0.006166354438560803,509009,3712,
479300bc2bbd,rolling_origin,PaySim,chronological,4,O,LOF,0.005,0.0007822846303616247,ROC_AUC,0.4614806819528058,509009,3712,
479300bc2bbd,rolling_origin,PaySim,chronological,4,O,LOF,0.005,0.0007822846303616247,Precision,0.0020284304816305335,509009,3712,
479300bc2bbd,rolling_origin,PaySim,chronological,4,O,LOF,0.005,0.0007822846303616247,Recall,0.10102370689655173,509009,3712,
479300bc2bbd,rolling_origin,PaySim,chronological,4,O,LOF,0.005,0.0007822846303616247,F1,0.003977007593433165,509009,3712,
479300bc2bbd,rolling_origin,PaySim,chronological,4,O,LOF,0.005,0.0007822846303616247,TN,320800.0,509009,3712,
479300bc2bbd,rolling_origin,PaySim,chronological,4,O,LOF,0.005,0.0007822846303616247,FP,184497.0,509009,3712,
479300bc2bbd,rolling_origin,PaySim,chronological,4,O,LOF,0.005,0.0007822846303616247,FN,3337.0,509009,3712,
479300bc2bbd,rolling_origin,PaySim,chronological,4,O,LOF,0.005,0.0007822846303616247,TP,375.0,509009,3712,
479300bc2bbd,rolling_origin,PaySim,chronological,4,O,LOF,0.005,0.0007822846303616247,n_alerts,184872.0,509009,3712,
479300bc2bbd,rolling_origin,PaySim,chronological,4,O,LOF,0.005,0.0007822846303616247,alert_rate,0.36319986483539585,509009,3712,
479300bc2bbd,rolling_origin,PaySim,chronological,4,O,LOF,0.005,0.0007822846303616247,prevalence,0.007292601898984104,509009,3712,
479300bc2bbd,rolling_origin,PaySim,chronological,4,O,LOF,0.005,0.0007822846303616247,lift,0.27814907624576407,509009,3712,
479300bc2bbd,rolling_origin,PaySim,chronological,4,O,LOF,0.005,0.0007822846303616247,tie_ratio,0.030822637713674994,509009,3712,
479300bc2bbd,rolling_origin,PaySim,chronological,4,O,LOF,0.005,0.0007822846303616247,fit_seconds,1.9818062782287598,509009,3712,
479300bc2bbd,rolling_origin,PaySim,chronological,4,O,LOF,0.005,0.0007822846303616247,score_seconds,110.38079237937927,509009,3712,
16a64f0b7a97,rolling_origin,PaySim,chronological,4,O,OneClassSVM,0.005,0.0007822846303616247,PR_AUC,0.15519164850695355,509009,3712,
16a64f0b7a97,rolling_origin,PaySim,chronological,4,O,OneClassSVM,0.005,0.0007822846303616247,ROC_AUC,0.759464071942957,509009,3712,
16a64f0b7a97,rolling_origin,PaySim,chronological,4,O,OneClassSVM,0.005,0.0007822846303616247,Precision,0.44189852700491,509009,3712,
16a64f0b7a97,rolling_origin,PaySim,chronological,4,O,OneClassSVM,0.005,0.0007822846303616247,Recall,0.07273706896551724,509009,3712,
16a64f0b7a97,rolling_origin,PaySim,chronological,4,O,OneClassSVM,0.005,0.0007822846303616247,F1,0.12491325468424705,509009,3712,
16a64f0b7a97,rolling_origin,PaySim,chronological,4,O,OneClassSVM,0.005,0.0007822846303616247,TN,504956.0,509009,3712,
16a64f0b7a97,rolling_origin,PaySim,chronological,4,O,OneClassSVM,0.005,0.0007822846303616247,FP,341.0,509009,3712,
16a64f0b7a97,rolling_origin,PaySim,chronological,4,O,OneClassSVM,0.005,0.0007822846303616247,FN,3442.0,509009,3712,
16a64f0b7a97,rolling_origin,PaySim,chronological,4,O,OneClassSVM,0.005,0.0007822846303616247,TP,270.0,509009,3712,
16a64f0b7a97,rolling_origin,PaySim,chronological,4,O,OneClassSVM,0.005,0.0007822846303616247,n_alerts,611.0,509009,3712,
16a64f0b7a97,rolling_origin,PaySim,chronological,4,O,OneClassSVM,0.005,0.0007822846303616247,alert_rate,0.0012003717026614462,509009,3712,
16a64f0b7a97,rolling_origin,PaySim,chronological,4,O,OneClassSVM,0.005,0.0007822846303616247,prevalence,0.007292601898984104,509009,3712,
16a64f0b7a97,rolling_origin,PaySim,chronological,4,O,OneClassSVM,0.005,0.0007822846303616247,lift,60.59545456148767,509009,3712,
16a64f0b7a97,rolling_origin,PaySim,chronological,4,O,OneClassSVM,0.005,0.0007822846303616247,tie_ratio,0.00015520354256992608,509009,3712,
16a64f0b7a97,rolling_origin,PaySim,chronological,4,O,OneClassSVM,0.005,0.0007822846303616247,fit_seconds,0.19813060760498047,509009,3712,
16a64f0b7a97,rolling_origin,PaySim,chronological,4,O,OneClassSVM,0.005,0.0007822846303616247,score_seconds,19.731090307235718,509009,3712,
a9e46e2cc7b3,rolling_origin,PaySim,chronological,4,O,DBSCAN,0.005,0.0007822846303616247,PR_AUC,0.03662989295396341,509009,3712,
a9e46e2cc7b3,rolling_origin,PaySim,chronological,4,O,DBSCAN,0.005,0.0007822846303616247,ROC_AUC,0.8040140264810459,509009,3712,
a9e46e2cc7b3,rolling_origin,PaySim,chronological,4,O,DBSCAN,0.005,0.0007822846303616247,Precision,0.21507760532150777,509009,3712,
a9e46e2cc7b3,rolling_origin,PaySim,chronological,4,O,DBSCAN,0.005,0.0007822846303616247,Recall,0.026131465517241378,509009,3712,
a9e46e2cc7b3,rolling_origin,PaySim,chronological,4,O,DBSCAN,0.005,0.0007822846303616247,F1,0.04660100888782128,509009,3712,
a9e46e2cc7b3,rolling_origin,PaySim,chronological,4,O,DBSCAN,0.005,0.0007822846303616247,TN,504943.0,509009,3712,
a9e46e2cc7b3,rolling_origin,PaySim,chronological,4,O,DBSCAN,0.005,0.0007822846303616247,FP,354.0,509009,3712,
a9e46e2cc7b3,rolling_origin,PaySim,chronological,4,O,DBSCAN,0.005,0.0007822846303616247,FN,3615.0,509009,3712,
a9e46e2cc7b3,rolling_origin,PaySim,chronological,4,O,DBSCAN,0.005,0.0007822846303616247,TP,97.0,509009,3712,
a9e46e2cc7b3,rolling_origin,PaySim,chronological,4,O,DBSCAN,0.005,0.0007822846303616247,n_alerts,451.0,509009,3712,
a9e46e2cc7b3,rolling_origin,PaySim,chronological,4,O,DBSCAN,0.005,0.0007822846303616247,alert_rate,0.0008860354139121312,509009,3712,
a9e46e2cc7b3,rolling_origin,PaySim,chronological,4,O,DBSCAN,0.005,0.0007822846303616247,prevalence,0.007292601898984104,509009,3712,
a9e46e2cc7b3,rolling_origin,PaySim,chronological,4,O,DBSCAN,0.005,0.0007822846303616247,lift,29.49257457087698,509009,3712,
a9e46e2cc7b3,rolling_origin,PaySim,chronological,4,O,DBSCAN,0.005,0.0007822846303616247,tie_ratio,0.08857996616955688,509009,3712,
a9e46e2cc7b3,rolling_origin,PaySim,chronological,4,O,DBSCAN,0.005,0.0007822846303616247,fit_seconds,1.1171464920043945,509009,3712,
a9e46e2cc7b3,rolling_origin,PaySim,chronological,4,O,DBSCAN,0.005,0.0007822846303616247,score_seconds,0.05805230140686035,509009,3712,
0576464c71de,rolling_origin,PaySim,chronological,4,O,KMeans,0.005,0.0007822846303616247,PR_AUC,0.04765588698831699,509009,3712,
0576464c71de,rolling_origin,PaySim,chronological,4,O,KMeans,0.005,0.0007822846303616247,ROC_AUC,0.7265531875568844,509009,3712,
0576464c71de,rolling_origin,PaySim,chronological,4,O,KMeans,0.005,0.0007822846303616247,Precision,0.22991071428571427,509009,3712,
0576464c71de,rolling_origin,PaySim,chronological,4,O,KMeans,0.005,0.0007822846303616247,Recall,0.02774784482758621,509009,3712,
0576464c71de,rolling_origin,PaySim,chronological,4,O,KMeans,0.005,0.0007822846303616247,F1,0.04951923076923077,509009,3712,
0576464c71de,rolling_origin,PaySim,chronological,4,O,KMeans,0.005,0.0007822846303616247,TN,504952.0,509009,3712,
0576464c71de,rolling_origin,PaySim,chronological,4,O,KMeans,0.005,0.0007822846303616247,FP,345.0,509009,3712,
0576464c71de,rolling_origin,PaySim,chronological,4,O,KMeans,0.005,0.0007822846303616247,FN,3609.0,509009,3712,
0576464c71de,rolling_origin,PaySim,chronological,4,O,KMeans,0.005,0.0007822846303616247,TP,103.0,509009,3712,
0576464c71de,rolling_origin,PaySim,chronological,4,O,KMeans,0.005,0.0007822846303616247,n_alerts,448.0,509009,3712,
0576464c71de,rolling_origin,PaySim,chronological,4,O,KMeans,0.005,0.0007822846303616247,alert_rate,0.0008801416084980815,509009,3712,
0576464c71de,rolling_origin,PaySim,chronological,4,O,KMeans,0.005,0.0007822846303616247,prevalence,0.007292601898984104,509009,3712,
0576464c71de,rolling_origin,PaySim,chronological,4,O,KMeans,0.005,0.0007822846303616247,lift,31.526568633582205,509009,3712,
0576464c71de,rolling_origin,PaySim,chronological,4,O,KMeans,0.005,0.0007822846303616247,tie_ratio,0.12942207308711628,509009,3712,
0576464c71de,rolling_origin,PaySim,chronological,4,O,KMeans,0.005,0.0007822846303616247,fit_seconds,101.5626790523529,509009,3712,
0576464c71de,rolling_origin,PaySim,chronological,4,O,KMeans,0.005,0.0007822846303616247,score_seconds,0.45813846588134766,509009,3712,
ec9d66936724,rolling_origin,PaySim,chronological,4,O,Ensemble,0.005,0.0007822846303616247,PR_AUC,0.2808908088343967,509009,3712,
ec9d66936724,rolling_origin,PaySim,chronological,4,O,Ensemble,0.005,0.0007822846303616247,ROC_AUC,0.8637856688483584,509009,3712,
ec9d66936724,rolling_origin,PaySim,chronological,4,O,Ensemble,0.005,0.0007822846303616247,Precision,0.6876971608832808,509009,3712,
ec9d66936724,rolling_origin,PaySim,chronological,4,O,Ensemble,0.005,0.0007822846303616247,Recall,0.2349137931034483,509009,3712,
ec9d66936724,rolling_origin,PaySim,chronological,4,O,Ensemble,0.005,0.0007822846303616247,F1,0.3502008032128514,509009,3712,
ec9d66936724,rolling_origin,PaySim,chronological,4,O,Ensemble,0.005,0.0007822846303616247,TN,504901.0,509009,3712,
ec9d66936724,rolling_origin,PaySim,chronological,4,O,Ensemble,0.005,0.0007822846303616247,FP,396.0,509009,3712,
ec9d66936724,rolling_origin,PaySim,chronological,4,O,Ensemble,0.005,0.0007822846303616247,FN,2840.0,509009,3712,
ec9d66936724,rolling_origin,PaySim,chronological,4,O,Ensemble,0.005,0.0007822846303616247,TP,872.0,509009,3712,
ec9d66936724,rolling_origin,PaySim,chronological,4,O,Ensemble,0.005,0.0007822846303616247,n_alerts,1268.0,509009,3712,
ec9d66936724,rolling_origin,PaySim,chronological,4,O,Ensemble,0.005,0.0007822846303616247,alert_rate,0.00249111508833832,509009,3712,
ec9d66936724,rolling_origin,PaySim,chronological,4,O,Ensemble,0.005,0.0007822846303616247,prevalence,0.007292601898984104,509009,3712,
ec9d66936724,rolling_origin,PaySim,chronological,4,O,Ensemble,0.005,0.0007822846303616247,lift,94.30065844936365,509009,3712,
ec9d66936724,rolling_origin,PaySim,chronological,4,O,Ensemble,0.005,0.0007822846303616247,tie_ratio,0.12014129416179287,509009,3712,
ec9d66936724,rolling_origin,PaySim,chronological,4,O,Ensemble,0.005,0.0007822846303616247,fit_seconds,0.0,509009,3712,
ec9d66936724,rolling_origin,PaySim,chronological,4,O,Ensemble,0.005,0.0007822846303616247,score_seconds,0.0,509009,3712,
dc429cbdfcf3,rolling_origin,PaySim,chronological,4,O,Ensemble,0.005,0.0007822846303616247,single_point_invariant,1.0,509009,3712,invariance
263db2c9d3e4,split_comparison,ULB,chronological,0,U,IsolationForest,0.005,0.005,PR_AUC,0.054562789355073034,56962,75,
263db2c9d3e4,split_comparison,ULB,chronological,0,U,IsolationForest,0.005,0.005,ROC_AUC,0.9484357879070203,56962,75,
263db2c9d3e4,split_comparison,ULB,chronological,0,U,IsolationForest,0.005,0.005,Precision,0.06547619047619048,56962,75,
263db2c9d3e4,split_comparison,ULB,chronological,0,U,IsolationForest,0.005,0.005,Recall,0.14666666666666667,56962,75,
263db2c9d3e4,split_comparison,ULB,chronological,0,U,IsolationForest,0.005,0.005,F1,0.09053497942386832,56962,75,
263db2c9d3e4,split_comparison,ULB,chronological,0,U,IsolationForest,0.005,0.005,TN,56730.0,56962,75,
263db2c9d3e4,split_comparison,ULB,chronological,0,U,IsolationForest,0.005,0.005,FP,157.0,56962,75,
263db2c9d3e4,split_comparison,ULB,chronological,0,U,IsolationForest,0.005,0.005,FN,64.0,56962,75,
263db2c9d3e4,split_comparison,ULB,chronological,0,U,IsolationForest,0.005,0.005,TP,11.0,56962,75,
263db2c9d3e4,split_comparison,ULB,chronological,0,U,IsolationForest,0.005,0.005,n_alerts,168.0,56962,75,
263db2c9d3e4,split_comparison,ULB,chronological,0,U,IsolationForest,0.005,0.005,alert_rate,0.0029493346441487305,56962,75,
263db2c9d3e4,split_comparison,ULB,chronological,0,U,IsolationForest,0.005,0.005,prevalence,0.001316667251852112,56962,75,
263db2c9d3e4,split_comparison,ULB,chronological,0,U,IsolationForest,0.005,0.005,lift,49.72873015873016,56962,75,
263db2c9d3e4,split_comparison,ULB,chronological,0,U,IsolationForest,0.005,0.005,tie_ratio,0.019627464405470363,56962,75,
263db2c9d3e4,split_comparison,ULB,chronological,0,U,IsolationForest,0.005,0.005,fit_seconds,1.447281837463379,56962,75,
263db2c9d3e4,split_comparison,ULB,chronological,0,U,IsolationForest,0.005,0.005,score_seconds,1.6424827575683594,56962,75,
e7e20448b266,split_comparison,ULB,chronological,0,U,LOF,0.005,0.005,PR_AUC,0.07627939933401451,56962,75,
e7e20448b266,split_comparison,ULB,chronological,0,U,LOF,0.005,0.005,ROC_AUC,0.8178164900006446,56962,75,
e7e20448b266,split_comparison,ULB,chronological,0,U,LOF,0.005,0.005,Precision,0.04313099041533546,56962,75,
e7e20448b266,split_comparison,ULB,chronological,0,U,LOF,0.005,0.005,Recall,0.36,56962,75,
e7e20448b266,split_comparison,ULB,chronological,0,U,LOF,0.005,0.005,F1,0.07703281027104136,56962,75,
e7e20448b266,split_comparison,ULB,chronological,0,U,LOF,0.005,0.005,TN,56288.0,56962,75,
e7e20448b266,split_comparison,ULB,chronological,0,U,LOF,0.005,0.005,FP,599.0,56962,75,
e7e20448b266,split_comparison,ULB,chronological,0,U,LOF,0.005,0.005,FN,48.0,56962,75,
e7e20448b266,split_comparison,ULB,chronological,0,U,LOF,0.005,0.005,TP,27.0,56962,75,
e7e20448b266,split_comparison,ULB,chronological,0,U,LOF,0.005,0.005,n_alerts,626.0,56962,75,
e7e20448b266,split_comparison,ULB,chronological,0,U,LOF,0.005,0.005,alert_rate,0.010989782662125627,56962,75,
e7e20448b266,split_comparison,ULB,chronological,0,U,LOF,0.005,0.005,prevalence,0.001316667251852112,56962,75,
e7e20448b266,split_comparison,ULB,chronological,0,U,LOF,0.005,0.005,lift,32.75769968051118,56962,75,
e7e20448b266,split_comparison,ULB,chronological,0,U,LOF,0.005,0.005,tie_ratio,0.020224364038552656,56962,75,
e7e20448b266,split_comparison,ULB,chronological,0,U,LOF,0.005,0.005,fit_seconds,0.8789854049682617,56962,75,
e7e20448b266,split_comparison,ULB,chronological,0,U,LOF,0.005,0.005,score_seconds,5.653696775436401,56962,75,
075bb5a25b9d,split_comparison,ULB,chronological,0,U,OneClassSVM,0.005,0.005,PR_AUC,0.0838610899727195,56962,75,
075bb5a25b9d,split_comparison,ULB,chronological,0,U,OneClassSVM,0.005,0.005,ROC_AUC,0.9473752058173807,56962,75,
075bb5a25b9d,split_comparison,ULB,chronological,0,U,OneClassSVM,0.005,0.005,Precision,0.13131313131313133,56962,75,
075bb5a25b9d,split_comparison,ULB,chronological,0,U,OneClassSVM,0.005,0.005,Recall,0.3466666666666667,56962,75,
075bb5a25b9d,split_comparison,ULB,chronological,0,U,OneClassSVM,0.005,0.005,F1,0.19047619047619047,56962,75,
075bb5a25b9d,split_comparison,ULB,chronological,0,U,OneClassSVM,0.005,0.005,TN,56715.0,56962,75,
075bb5a25b9d,split_comparison,ULB,chronological,0,U,OneClassSVM,0.005,0.005,FP,172.0,56962,75,
075bb5a25b9d,split_comparison,ULB,chronological,0,U,OneClassSVM,0.005,0.005,FN,49.0,56962,75,
075bb5a25b9d,split_comparison,ULB,chronological,0,U,OneClassSVM,0.005,0.005,TP,26.0,56962,75,
075bb5a25b9d,split_comparison,ULB,chronological,0,U,OneClassSVM,0.005,0.005,n_alerts,198.0,56962,75,
075bb5a25b9d,split_comparison,ULB,chronological,0,U,OneClassSVM,0.005,0.005,alert_rate,0.0034760015448895756,56962,75,
075bb5a25b9d,split_comparison,ULB,chronological,0,U,OneClassSVM,0.005,0.005,prevalence,0.001316667251852112,56962,75,
075bb5a25b9d,split_comparison,ULB,chronological,0,U,OneClassSVM,0.005,0.005,lift,99.73144781144782,56962,75,
075bb5a25b9d,split_comparison,ULB,chronological,0,U,OneClassSVM,0.005,0.005,tie_ratio,0.0035638419269324872,56962,75,
075bb5a25b9d,split_comparison,ULB,chronological,0,U,OneClassSVM,0.005,0.005,fit_seconds,0.7754795551300049,56962,75,
075bb5a25b9d,split_comparison,ULB,chronological,0,U,OneClassSVM,0.005,0.005,score_seconds,6.577329635620117,56962,75,
8248210296f5,split_comparison,ULB,chronological,0,U,DBSCAN,0.005,0.005,PR_AUC,0.024725100118224274,56962,75,
8248210296f5,split_comparison,ULB,chronological,0,U,DBSCAN,0.005,0.005,ROC_AUC,0.9381904477297097,56962,75,
8248210296f5,split_comparison,ULB,chronological,0,U,DBSCAN,0.005,0.005,Precision,0.0,56962,75,
8248210296f5,split_comparison,ULB,chronological,0,U,DBSCAN,0.005,0.005,Recall,0.0,56962,75,
8248210296f5,split_comparison,ULB,chronological,0,U,DBSCAN,0.005,0.005,F1,0.0,56962,75,
8248210296f5,split_comparison,ULB,chronological,0,U,DBSCAN,0.005,0.005,TN,56712.0,56962,75,
8248210296f5,split_comparison,ULB,chronological,0,U,DBSCAN,0.005,0.005,FP,175.0,56962,75,
8248210296f5,split_comparison,ULB,chronological,0,U,DBSCAN,0.005,0.005,FN,75.0,56962,75,
8248210296f5,split_comparison,ULB,chronological,0,U,DBSCAN,0.005,0.005,TP,0.0,56962,75,
8248210296f5,split_comparison,ULB,chronological,0,U,DBSCAN,0.005,0.005,n_alerts,175.0,56962,75,
8248210296f5,split_comparison,ULB,chronological,0,U,DBSCAN,0.005,0.005,alert_rate,0.003072223587654928,56962,75,
8248210296f5,split_comparison,ULB,chronological,0,U,DBSCAN,0.005,0.005,prevalence,0.001316667251852112,56962,75,
8248210296f5,split_comparison,ULB,chronological,0,U,DBSCAN,0.005,0.005,lift,0.0,56962,75,
8248210296f5,split_comparison,ULB,chronological,0,U,DBSCAN,0.005,0.005,tie_ratio,0.006039219817067787,56962,75,
8248210296f5,split_comparison,ULB,chronological,0,U,DBSCAN,0.005,0.005,fit_seconds,0.8135383129119873,56962,75,
8248210296f5,split_comparison,ULB,chronological,0,U,DBSCAN,0.005,0.005,score_seconds,0.031152725219726562,56962,75,
b378cc1841c8,split_comparison,ULB,chronological,0,U,KMeans,0.005,0.005,PR_AUC,0.06788595503536499,56962,75,
b378cc1841c8,split_comparison,ULB,chronological,0,U,KMeans,0.005,0.005,ROC_AUC,0.9667539742530513,56962,75,
b378cc1841c8,split_comparison,ULB,chronological,0,U,KMeans,0.005,0.005,Precision,0.09090909090909091,56962,75,
b378cc1841c8,split_comparison,ULB,chronological,0,U,KMeans,0.005,0.005,Recall,0.24,56962,75,
b378cc1841c8,split_comparison,ULB,chronological,0,U,KMeans,0.005,0.005,F1,0.13186813186813187,56962,75,
b378cc1841c8,split_comparison,ULB,chronological,0,U,KMeans,0.005,0.005,TN,56707.0,56962,75,
b378cc1841c8,split_comparison,ULB,chronological,0,U,KMeans,0.005,0.005,FP,180.0,56962,75,
b378cc1841c8,split_comparison,ULB,chronological,0,U,KMeans,0.005,0.005,FN,57.0,56962,75,
b378cc1841c8,split_comparison,ULB,chronological,0,U,KMeans,0.005,0.005,TP,18.0,56962,75,
b378cc1841c8,split_comparison,ULB,chronological,0,U,KMeans,0.005,0.005,n_alerts,198.0,56962,75,
b378cc1841c8,split_comparison,ULB,chronological,0,U,KMeans,0.005,0.005,alert_rate,0.0034760015448895756,56962,75,
b378cc1841c8,split_comparison,ULB,chronological,0,U,KMeans,0.005,0.005,prevalence,0.001316667251852112,56962,75,
b378cc1841c8,split_comparison,ULB,chronological,0,U,KMeans,0.005,0.005,lift,69.04484848484849,56962,75,
b378cc1841c8,split_comparison,ULB,chronological,0,U,KMeans,0.005,0.005,tie_ratio,0.006548340092343841,56962,75,
b378cc1841c8,split_comparison,ULB,chronological,0,U,KMeans,0.005,0.005,fit_seconds,6.384883165359497,56962,75,
b378cc1841c8,split_comparison,ULB,chronological,0,U,KMeans,0.005,0.005,score_seconds,0.11207914352416992,56962,75,
382e5b51ff68,split_comparison,ULB,chronological,0,U,Ensemble,0.005,0.005,PR_AUC,0.06951265687905143,56962,75,
382e5b51ff68,split_comparison,ULB,chronological,0,U,Ensemble,0.005,0.005,ROC_AUC,0.9585235056632739,56962,75,
382e5b51ff68,split_comparison,ULB,chronological,0,U,Ensemble,0.005,0.005,Precision,0.11170212765957446,56962,75,
382e5b51ff68,split_comparison,ULB,chronological,0,U,Ensemble,0.005,0.005,Recall,0.28,56962,75,
382e5b51ff68,split_comparison,ULB,chronological,0,U,Ensemble,0.005,0.005,F1,0.1596958174904943,56962,75,
382e5b51ff68,split_comparison,ULB,chronological,0,U,Ensemble,0.005,0.005,TN,56720.0,56962,75,
382e5b51ff68,split_comparison,ULB,chronological,0,U,Ensemble,0.005,0.005,FP,167.0,56962,75,
382e5b51ff68,split_comparison,ULB,chronological,0,U,Ensemble,0.005,0.005,FN,54.0,56962,75,
382e5b51ff68,split_comparison,ULB,chronological,0,U,Ensemble,0.005,0.005,TP,21.0,56962,75,
382e5b51ff68,split_comparison,ULB,chronological,0,U,Ensemble,0.005,0.005,n_alerts,188.0,56962,75,
382e5b51ff68,split_comparison,ULB,chronological,0,U,Ensemble,0.005,0.005,alert_rate,0.003300445911309294,56962,75,
382e5b51ff68,split_comparison,ULB,chronological,0,U,Ensemble,0.005,0.005,prevalence,0.001316667251852112,56962,75,
382e5b51ff68,split_comparison,ULB,chronological,0,U,Ensemble,0.005,0.005,lift,84.83702127659573,56962,75,
382e5b51ff68,split_comparison,ULB,chronological,0,U,Ensemble,0.005,0.005,tie_ratio,0.07097838872210815,56962,75,
382e5b51ff68,split_comparison,ULB,chronological,0,U,Ensemble,0.005,0.005,fit_seconds,0.0,56962,75,
382e5b51ff68,split_comparison,ULB,chronological,0,U,Ensemble,0.005,0.005,score_seconds,0.0,56962,75,
226ef4e5b819,split_comparison,ULB,chronological,0,U,Ensemble,0.005,0.005,single_point_invariant,1.0,56962,75,invariance
f873a1d48f1d,split_comparison,ULB,chronological,0,N,IsolationForest,0.005,0.005,PR_AUC,0.03689637579882185,56962,75,
f873a1d48f1d,split_comparison,ULB,chronological,0,N,IsolationForest,0.005,0.005,ROC_AUC,0.9442236949273707,56962,75,
f873a1d48f1d,split_comparison,ULB,chronological,0,N,IsolationForest,0.005,0.005,Precision,0.02717391304347826,56962,75,
f873a1d48f1d,split_comparison,ULB,chronological,0,N,IsolationForest,0.005,0.005,Recall,0.06666666666666667,56962,75,
f873a1d48f1d,split_comparison,ULB,chronological,0,N,IsolationForest,0.005,0.005,F1,0.03861003861003861,56962,75,
f873a1d48f1d,split_comparison,ULB,chronological,0,N,IsolationForest,0.005,0.005,TN,56708.0,56962,75,
f873a1d48f1d,split_comparison,ULB,chronological,0,N,IsolationForest,0.005,0.005,FP,179.0,56962,75,
f873a1d48f1d,split_comparison,ULB,chronological,0,N,IsolationForest,0.005,0.005,FN,70.0,56962,75,
f873a1d48f1d,split_comparison,ULB,chronological,0,N,IsolationForest,0.005,0.005,TP,5.0,56962,75,
f873a1d48f1d,split_comparison,ULB,chronological,0,N,IsolationForest,0.005,0.005,n_alerts,184.0,56962,75,
f873a1d48f1d,split_comparison,ULB,chronological,0,N,IsolationForest,0.005,0.005,alert_rate,0.003230223657877181,56962,75,
f873a1d48f1d,split_comparison,ULB,chronological,0,N,IsolationForest,0.005,0.005,prevalence,0.001316667251852112,56962,75,
f873a1d48f1d,split_comparison,ULB,chronological,0,N,IsolationForest,0.005,0.005,lift,20.63840579710145,56962,75,
f873a1d48f1d,split_comparison,ULB,chronological,0,N,IsolationForest,0.005,0.005,tie_ratio,0.01824055055213214,56962,75,
f873a1d48f1d,split_comparison,ULB,chronological,0,N,IsolationForest,0.005,0.005,fit_seconds,1.4897119998931885,56962,75,
f873a1d48f1d,split_comparison,ULB,chronological,0,N,IsolationForest,0.005,0.005,score_seconds,1.6000142097473145,56962,75,
d76cfcf74ca6,split_comparison,ULB,chronological,0,N,LOF,0.005,0.005,PR_AUC,0.603157863943587,56962,75,
d76cfcf74ca6,split_comparison,ULB,chronological,0,N,LOF,0.005,0.005,ROC_AUC,0.9266049068035462,56962,75,
d76cfcf74ca6,split_comparison,ULB,chronological,0,N,LOF,0.005,0.005,Precision,0.09320695102685624,56962,75,
d76cfcf74ca6,split_comparison,ULB,chronological,0,N,LOF,0.005,0.005,Recall,0.7866666666666666,56962,75,
d76cfcf74ca6,split_comparison,ULB,chronological,0,N,LOF,0.005,0.005,F1,0.16666666666666666,56962,75,
d76cfcf74ca6,split_comparison,ULB,chronological,0,N,LOF,0.005,0.005,TN,56313.0,56962,75,
d76cfcf74ca6,split_comparison,ULB,chronological,0,N,LOF,0.005,0.005,FP,574.0,56962,75,
d76cfcf74ca6,split_comparison,ULB,chronological,0,N,LOF,0.005,0.005,FN,16.0,56962,75,
d76cfcf74ca6,split_comparison,ULB,chronological,0,N,LOF,0.005,0.005,TP,59.0,56962,75,
d76cfcf74ca6,split_comparison,ULB,chronological,0,N,LOF,0.005,0.005,n_alerts,633.0,56962,75,
d76cfcf74ca6,split_comparison,ULB,chronological,0,N,LOF,0.005,0.005,alert_rate,0.011112671605631825,56962,75,
d76cfcf74ca6,split_comparison,ULB,chronological,0,N,LOF,0.005,0.005,prevalence,0.001316667251852112,56962,75,
d76cfcf74ca6,split_comparison,ULB,chronological,0,N,LOF,0.005,0.005,lift,70.79005792522379,56962,75,
d76cfcf74ca6,split_comparison,ULB,chronological,0,N,LOF,0.005,0.005,tie_ratio,0.02154105440564602,56962,75,
d76cfcf74ca6,split_comparison,ULB,chronological,0,N,LOF,0.005,0.005,fit_seconds,0.8920652866363525,56962,75,
d76cfcf74ca6,split_comparison,ULB,chronological,0,N,LOF,0.005,0.005,score_seconds,6.039461135864258,56962,75,
8a2f391c5cd4,split_comparison,ULB,chronological,0,N,OneClassSVM,0.005,0.005,PR_AUC,0.12476017332147252,56962,75,
8a2f391c5cd4,split_comparison,ULB,chronological,0,N,OneClassSVM,0.005,0.005,ROC_AUC,0.9539025319200052,56962,75,
8a2f391c5cd4,split_comparison,ULB,chronological,0,N,OneClassSVM,0.005,0.005,Precision,0.19387755102040816,56962,75,
8a2f391c5cd4,split_comparison,ULB,chronological,0,N,OneClassSVM,0.005,0.005,Recall,0.5066666666666667,56962,75,
8a2f391c5cd4,split_comparison,ULB,chronological,0,N,OneClassSVM,0.005,0.005,F1,0.28044280442804426,56962,75,
8a2f391c5cd4,split_comparison,ULB,chronological,0,N,OneClassSVM,0.005,0.005,TN,56729.0,56962,75,
8a2f391c5cd4,split_comparison,ULB,chronological,0,N,OneClassSVM,0.005,0.005,FP,158.0,56962,75,
8a2f391c5cd4,split_comparison,ULB,chronological,0,N,OneClassSVM,0.005,0.005,FN,37.0,56962,75,
8a2f391c5cd4,split_comparison,ULB,chronological,0,N,OneClassSVM,0.005,0.005,TP,38.0,56962,75,
8a2f391c5cd4,split_comparison,ULB,chronological,0,N,OneClassSVM,0.005,0.005,n_alerts,196.0,56962,75,
8a2f391c5cd4,split_comparison,ULB,chronological,0,N,OneClassSVM,0.005,0.005,alert_rate,0.003440890418173519,56962,75,
8a2f391c5cd4,split_comparison,ULB,chronological,0,N,OneClassSVM,0.005,0.005,prevalence,0.001316667251852112,56962,75,
8a2f391c5cd4,split_comparison,ULB,chronological,0,N,OneClassSVM,0.005,0.005,lift,147.24870748299318,56962,75,
8a2f391c5cd4,split_comparison,ULB,chronological,0,N,OneClassSVM,0.005,0.005,tie_ratio,0.0036867330278611554,56962,75,
8a2f391c5cd4,split_comparison,ULB,chronological,0,N,OneClassSVM,0.005,0.005,fit_seconds,1.250603199005127,56962,75,
8a2f391c5cd4,split_comparison,ULB,chronological,0,N,OneClassSVM,0.005,0.005,score_seconds,8.87890076637268,56962,75,
696eab3c6294,split_comparison,ULB,chronological,0,N,DBSCAN,0.005,0.005,PR_AUC,0.025021498387405985,56962,75,
696eab3c6294,split_comparison,ULB,chronological,0,N,DBSCAN,0.005,0.005,ROC_AUC,0.9437054745958362,56962,75,
696eab3c6294,split_comparison,ULB,chronological,0,N,DBSCAN,0.005,0.005,Precision,0.0,56962,75,
696eab3c6294,split_comparison,ULB,chronological,0,N,DBSCAN,0.005,0.005,Recall,0.0,56962,75,
696eab3c6294,split_comparison,ULB,chronological,0,N,DBSCAN,0.005,0.005,F1,0.0,56962,75,
696eab3c6294,split_comparison,ULB,chronological,0,N,DBSCAN,0.005,0.005,TN,56708.0,56962,75,
696eab3c6294,split_comparison,ULB,chronological,0,N,DBSCAN,0.005,0.005,FP,179.0,56962,75,
696eab3c6294,split_comparison,ULB,chronological,0,N,DBSCAN,0.005,0.005,FN,75.0,56962,75,
696eab3c6294,split_comparison,ULB,chronological,0,N,DBSCAN,0.005,0.005,TP,0.0,56962,75,
696eab3c6294,split_comparison,ULB,chronological,0,N,DBSCAN,0.005,0.005,n_alerts,179.0,56962,75,
696eab3c6294,split_comparison,ULB,chronological,0,N,DBSCAN,0.005,0.005,alert_rate,0.0031424458410870405,56962,75,
696eab3c6294,split_comparison,ULB,chronological,0,N,DBSCAN,0.005,0.005,prevalence,0.001316667251852112,56962,75,
696eab3c6294,split_comparison,ULB,chronological,0,N,DBSCAN,0.005,0.005,lift,0.0,56962,75,
696eab3c6294,split_comparison,ULB,chronological,0,N,DBSCAN,0.005,0.005,tie_ratio,0.006109443303312756,56962,75,
696eab3c6294,split_comparison,ULB,chronological,0,N,DBSCAN,0.005,0.005,fit_seconds,0.7975594997406006,56962,75,
696eab3c6294,split_comparison,ULB,chronological,0,N,DBSCAN,0.005,0.005,score_seconds,0.0519106388092041,56962,75,
8ce6003daea0,split_comparison,ULB,chronological,0,N,KMeans,0.005,0.005,PR_AUC,0.06734823561570871,56962,75,
8ce6003daea0,split_comparison,ULB,chronological,0,N,KMeans,0.005,0.005,ROC_AUC,0.9670830476793174,56962,75,
8ce6003daea0,split_comparison,ULB,chronological,0,N,KMeans,0.005,0.005,Precision,0.0893854748603352,56962,75,
8ce6003daea0,split_comparison,ULB,chronological,0,N,KMeans,0.005,0.005,Recall,0.21333333333333335,56962,75,
8ce6003daea0,split_comparison,ULB,chronological,0,N,KMeans,0.005,0.005,F1,0.12598425196850394,56962,75,
8ce6003daea0,split_comparison,ULB,chronological,0,N,KMeans,0.005,0.005,TN,56724.0,56962,75,
8ce6003daea0,split_comparison,ULB,chronological,0,N,KMeans,0.005,0.005,FP,163.0,56962,75,
8ce6003daea0,split_comparison,ULB,chronological,0,N,KMeans,0.005,0.005,FN,59.0,56962,75,
8ce6003daea0,split_comparison,ULB,chronological,0,N,KMeans,0.005,0.005,TP,16.0,56962,75,
8ce6003daea0,split_comparison,ULB,chronological,0,N,KMeans,0.005,0.005,n_alerts,179.0,56962,75,
8ce6003daea0,split_comparison,ULB,chronological,0,N,KMeans,0.005,0.005,alert_rate,0.0031424458410870405,56962,75,
8ce6003daea0,split_comparison,ULB,chronological,0,N,KMeans,0.005,0.005,prevalence,0.001316667251852112,56962,75,
8ce6003daea0,split_comparison,ULB,chronological,0,N,KMeans,0.005,0.005,lift,67.88767225325884,56962,75,
8ce6003daea0,split_comparison,ULB,chronological,0,N,KMeans,0.005,0.005,tie_ratio,0.0071452397254261335,56962,75,
8ce6003daea0,split_comparison,ULB,chronological,0,N,KMeans,0.005,0.005,fit_seconds,6.33633279800415,56962,75,
8ce6003daea0,split_comparison,ULB,chronological,0,N,KMeans,0.005,0.005,score_seconds,0.11352252960205078,56962,75,
c5c36605dd4c,split_comparison,ULB,chronological,0,N,Ensemble,0.005,0.005,PR_AUC,0.13996640831520835,56962,75,
c5c36605dd4c,split_comparison,ULB,chronological,0,N,Ensemble,0.005,0.005,ROC_AUC,0.9638818476394724,56962,75,
c5c36605dd4c,split_comparison,ULB,chronological,0,N,Ensemble,0.005,0.005,Precision,0.21761658031088082,56962,75,
c5c36605dd4c,split_comparison,ULB,chronological,0,N,Ensemble,0.005,0.005,Recall,0.56,56962,75,
c5c36605dd4c,split_comparison,ULB,chronological,0,N,Ensemble,0.005,0.005,F1,0.31343283582089554,56962,75,
c5c36605dd4c,split_comparison,ULB,chronological,0,N,Ensemble,0.005,0.005,TN,56736.0,56962,75,
c5c36605dd4c,split_comparison,ULB,chronological,0,N,Ensemble,0.005,0.005,FP,151.0,56962,75,
c5c36605dd4c,split_comparison,ULB,chronological,0,N,Ensemble,0.005,0.005,FN,33.0,56962,75,
c5c36605dd4c,split_comparison,ULB,chronological,0,N,Ensemble,0.005,0.005,TP,42.0,56962,75,
c5c36605dd4c,split_comparison,ULB,chronological,0,N,Ensemble,0.005,0.005,n_alerts,193.0,56962,75,
c5c36605dd4c,split_comparison,ULB,chronological,0,N,Ensemble,0.005,0.005,alert_rate,0.0033882237280994346,56962,75,
c5c36605dd4c,split_comparison,ULB,chronological,0,N,Ensemble,0.005,0.005,prevalence,0.001316667251852112,56962,75,
c5c36605dd4c,split_comparison,ULB,chronological,0,N,Ensemble,0.005,0.005,lift,165.27834196891192,56962,75,
c5c36605dd4c,split_comparison,ULB,chronological,0,N,Ensemble,0.005,0.005,tie_ratio,0.07238285844700765,56962,75,
c5c36605dd4c,split_comparison,ULB,chronological,0,N,Ensemble,0.005,0.005,fit_seconds,0.0,56962,75,
c5c36605dd4c,split_comparison,ULB,chronological,0,N,Ensemble,0.005,0.005,score_seconds,0.0,56962,75,
3db0e5d9ef8a,split_comparison,ULB,chronological,0,N,Ensemble,0.005,0.005,single_point_invariant,1.0,56962,75,invariance
f1803e765dd5,split_comparison,ULB,chronological,0,O,IsolationForest,0.005,0.0021066922590763323,PR_AUC,0.054562789355073034,56962,75,
f1803e765dd5,split_comparison,ULB,chronological,0,O,IsolationForest,0.005,0.0021066922590763323,ROC_AUC,0.9484357879070203,56962,75,
f1803e765dd5,split_comparison,ULB,chronological,0,O,IsolationForest,0.005,0.0021066922590763323,Precision,0.0,56962,75,
f1803e765dd5,split_comparison,ULB,chronological,0,O,IsolationForest,0.005,0.0021066922590763323,Recall,0.0,56962,75,
f1803e765dd5,split_comparison,ULB,chronological,0,O,IsolationForest,0.005,0.0021066922590763323,F1,0.0,56962,75,
f1803e765dd5,split_comparison,ULB,chronological,0,O,IsolationForest,0.005,0.0021066922590763323,TN,56804.0,56962,75,
f1803e765dd5,split_comparison,ULB,chronological,0,O,IsolationForest,0.005,0.0021066922590763323,FP,83.0,56962,75,
f1803e765dd5,split_comparison,ULB,chronological,0,O,IsolationForest,0.005,0.0021066922590763323,FN,75.0,56962,75,
f1803e765dd5,split_comparison,ULB,chronological,0,O,IsolationForest,0.005,0.0021066922590763323,TP,0.0,56962,75,
f1803e765dd5,split_comparison,ULB,chronological,0,O,IsolationForest,0.005,0.0021066922590763323,n_alerts,83.0,56962,75,
f1803e765dd5,split_comparison,ULB,chronological,0,O,IsolationForest,0.005,0.0021066922590763323,alert_rate,0.0014571117587163372,56962,75,
f1803e765dd5,split_comparison,ULB,chronological,0,O,IsolationForest,0.005,0.0021066922590763323,prevalence,0.001316667251852112,56962,75,
f1803e765dd5,split_comparison,ULB,chronological,0,O,IsolationForest,0.005,0.0021066922590763323,lift,0.0,56962,75,
f1803e765dd5,split_comparison,ULB,chronological,0,O,IsolationForest,0.005,0.0021066922590763323,tie_ratio,0.019627464405470363,56962,75,
f1803e765dd5,split_comparison,ULB,chronological,0,O,IsolationForest,0.005,0.0021066922590763323,fit_seconds,1.2628929615020752,56962,75,
f1803e765dd5,split_comparison,ULB,chronological,0,O,IsolationForest,0.005,0.0021066922590763323,score_seconds,1.6130709648132324,56962,75,
e45645a0aed4,split_comparison,ULB,chronological,0,O,LOF,0.005,0.0021066922590763323,PR_AUC,0.07627939933401451,56962,75,
e45645a0aed4,split_comparison,ULB,chronological,0,O,LOF,0.005,0.0021066922590763323,ROC_AUC,0.8178164900006446,56962,75,
e45645a0aed4,split_comparison,ULB,chronological,0,O,LOF,0.005,0.0021066922590763323,Precision,0.10232558139534884,56962,75,
e45645a0aed4,split_comparison,ULB,chronological,0,O,LOF,0.005,0.0021066922590763323,Recall,0.29333333333333333,56962,75,
e45645a0aed4,split_comparison,ULB,chronological,0,O,LOF,0.005,0.0021066922590763323,F1,0.15172413793103448,56962,75,
e45645a0aed4,split_comparison,ULB,chronological,0,O,LOF,0.005,0.0021066922590763323,TN,56694.0,56962,75,
e45645a0aed4,split_comparison,ULB,chronological,0,O,LOF,0.005,0.0021066922590763323,FP,193.0,56962,75,
e45645a0aed4,split_comparison,ULB,chronological,0,O,LOF,0.005,0.0021066922590763323,FN,53.0,56962,75,
e45645a0aed4,split_comparison,ULB,chronological,0,O,LOF,0.005,0.0021066922590763323,TP,22.0,56962,75,
e45645a0aed4,split_comparison,ULB,chronological,0,O,LOF,0.005,0.0021066922590763323,n_alerts,215.0,56962,75,
e45645a0aed4,split_comparison,ULB,chronological,0,O,LOF,0.005,0.0021066922590763323,alert_rate,0.003774446121976054,56962,75,
e45645a0aed4,split_comparison,ULB,chronological,0,O,LOF,0.005,0.0021066922590763323,prevalence,0.001316667251852112,56962,75,
e45645a0aed4,split_comparison,ULB,chronological,0,O,LOF,0.005,0.0021066922590763323,lift,77.7155968992248,56962,75,
e45645a0aed4,split_comparison,ULB,chronological,0,O,LOF,0.005,0.0021066922590763323,tie_ratio,0.020224364038552656,56962,75,
e45645a0aed4,split_comparison,ULB,chronological,0,O,LOF,0.005,0.0021066922590763323,fit_seconds,0.8480899333953857,56962,75,
e45645a0aed4,split_comparison,ULB,chronological,0,O,LOF,0.005,0.0021066922590763323,score_seconds,5.474750280380249,56962,75,
fa8e75758db4,split_comparison,ULB,chronological,0,O,OneClassSVM,0.005,0.0021066922590763323,PR_AUC,0.08380001760586703,56962,75,
fa8e75758db4,split_comparison,ULB,chronological,0,O,OneClassSVM,0.005,0.0021066922590763323,ROC_AUC,0.9473159069734738,56962,75,
fa8e75758db4,split_comparison,ULB,chronological,0,O,OneClassSVM,0.005,0.0021066922590763323,Precision,0.07865168539325842,56962,75,
fa8e75758db4,split_comparison,ULB,chronological,0,O,OneClassSVM,0.005,0.0021066922590763323,Recall,0.09333333333333334,56962,75,
fa8e75758db4,split_comparison,ULB,chronological,0,O,OneClassSVM,0.005,0.0021066922590763323,F1,0.08536585365853659,56962,75,
fa8e75758db4,split_comparison,ULB,chronological,0,O,OneClassSVM,0.005,0.0021066922590763323,TN,56805.0,56962,75,
fa8e75758db4,split_comparison,ULB,chronological,0,O,OneClassSVM,0.005,0.0021066922590763323,FP,82.0,56962,75,
fa8e75758db4,split_comparison,ULB,chronological,0,O,OneClassSVM,0.005,0.0021066922590763323,FN,68.0,56962,75,
fa8e75758db4,split_comparison,ULB,chronological,0,O,OneClassSVM,0.005,0.0021066922590763323,TP,7.0,56962,75,
fa8e75758db4,split_comparison,ULB,chronological,0,O,OneClassSVM,0.005,0.0021066922590763323,n_alerts,89.0,56962,75,
fa8e75758db4,split_comparison,ULB,chronological,0,O,OneClassSVM,0.005,0.0021066922590763323,alert_rate,0.0015624451388645062,56962,75,
fa8e75758db4,split_comparison,ULB,chronological,0,O,OneClassSVM,0.005,0.0021066922590763323,prevalence,0.001316667251852112,56962,75,
fa8e75758db4,split_comparison,ULB,chronological,0,O,OneClassSVM,0.005,0.0021066922590763323,lift,59.73543071161048,56962,75,
fa8e75758db4,split_comparison,ULB,chronological,0,O,OneClassSVM,0.005,0.0021066922590763323,tie_ratio,0.0035638419269324872,56962,75,
fa8e75758db4,split_comparison,ULB,chronological,0,O,OneClassSVM,0.005,0.0021066922590763323,fit_seconds,0.6648211479187012,56962,75,
fa8e75758db4,split_comparison,ULB,chronological,0,O,OneClassSVM,0.005,0.0021066922590763323,score_seconds,6.552947282791138,56962,75,
007dd3a17a74,split_comparison,ULB,chronological,0,O,DBSCAN,0.005,0.0021066922590763323,PR_AUC,0.024725100118224274,56962,75,
007dd3a17a74,split_comparison,ULB,chronological,0,O,DBSCAN,0.005,0.0021066922590763323,ROC_AUC,0.9381904477297097,56962,75,
007dd3a17a74,split_comparison,ULB,chronological,0,O,DBSCAN,0.005,0.0021066922590763323,Precision,0.0,56962,75,
007dd3a17a74,split_comparison,ULB,chronological,0,O,DBSCAN,0.005,0.0021066922590763323,Recall,0.0,56962,75,
007dd3a17a74,split_comparison,ULB,chronological,0,O,DBSCAN,0.005,0.0021066922590763323,F1,0.0,56962,75,
007dd3a17a74,split_comparison,ULB,chronological,0,O,DBSCAN,0.005,0.0021066922590763323,TN,56812.0,56962,75,
007dd3a17a74,split_comparison,ULB,chronological,0,O,DBSCAN,0.005,0.0021066922590763323,FP,75.0,56962,75,
007dd3a17a74,split_comparison,ULB,chronological,0,O,DBSCAN,0.005,0.0021066922590763323,FN,75.0,56962,75,
007dd3a17a74,split_comparison,ULB,chronological,0,O,DBSCAN,0.005,0.0021066922590763323,TP,0.0,56962,75,
007dd3a17a74,split_comparison,ULB,chronological,0,O,DBSCAN,0.005,0.0021066922590763323,n_alerts,75.0,56962,75,
007dd3a17a74,split_comparison,ULB,chronological,0,O,DBSCAN,0.005,0.0021066922590763323,alert_rate,0.001316667251852112,56962,75,
007dd3a17a74,split_comparison,ULB,chronological,0,O,DBSCAN,0.005,0.0021066922590763323,prevalence,0.001316667251852112,56962,75,
007dd3a17a74,split_comparison,ULB,chronological,0,O,DBSCAN,0.005,0.0021066922590763323,lift,0.0,56962,75,
007dd3a17a74,split_comparison,ULB,chronological,0,O,DBSCAN,0.005,0.0021066922590763323,tie_ratio,0.006039219817067787,56962,75,
007dd3a17a74,split_comparison,ULB,chronological,0,O,DBSCAN,0.005,0.0021066922590763323,fit_seconds,0.7487180233001709,56962,75,
007dd3a17a74,split_comparison,ULB,chronological,0,O,DBSCAN,0.005,0.0021066922590763323,score_seconds,0.028151273727416992,56962,75,
c52877a965a5,split_comparison,ULB,chronological,0,O,KMeans,0.005,0.0021066922590763323,PR_AUC,0.06788595503536499,56962,75,
c52877a965a5,split_comparison,ULB,chronological,0,O,KMeans,0.005,0.0021066922590763323,ROC_AUC,0.9667539742530513,56962,75,
c52877a965a5,split_comparison,ULB,chronological,0,O,KMeans,0.005,0.0021066922590763323,Precision,0.0,56962,75,
c52877a965a5,split_comparison,ULB,chronological,0,O,KMeans,0.005,0.0021066922590763323,Recall,0.0,56962,75,
c52877a965a5,split_comparison,ULB,chronological,0,O,KMeans,0.005,0.0021066922590763323,F1,0.0,56962,75,
c52877a965a5,split_comparison,ULB,chronological,0,O,KMeans,0.005,0.0021066922590763323,TN,56812.0,56962,75,
c52877a965a5,split_comparison,ULB,chronological,0,O,KMeans,0.005,0.0021066922590763323,FP,75.0,56962,75,
c52877a965a5,split_comparison,ULB,chronological,0,O,KMeans,0.005,0.0021066922590763323,FN,75.0,56962,75,
c52877a965a5,split_comparison,ULB,chronological,0,O,KMeans,0.005,0.0021066922590763323,TP,0.0,56962,75,
c52877a965a5,split_comparison,ULB,chronological,0,O,KMeans,0.005,0.0021066922590763323,n_alerts,75.0,56962,75,
c52877a965a5,split_comparison,ULB,chronological,0,O,KMeans,0.005,0.0021066922590763323,alert_rate,0.001316667251852112,56962,75,
c52877a965a5,split_comparison,ULB,chronological,0,O,KMeans,0.005,0.0021066922590763323,prevalence,0.001316667251852112,56962,75,
c52877a965a5,split_comparison,ULB,chronological,0,O,KMeans,0.005,0.0021066922590763323,lift,0.0,56962,75,
c52877a965a5,split_comparison,ULB,chronological,0,O,KMeans,0.005,0.0021066922590763323,tie_ratio,0.006759010551078859,56962,75,
c52877a965a5,split_comparison,ULB,chronological,0,O,KMeans,0.005,0.0021066922590763323,fit_seconds,6.375967979431152,56962,75,
c52877a965a5,split_comparison,ULB,chronological,0,O,KMeans,0.005,0.0021066922590763323,score_seconds,0.11215424537658691,56962,75,
ae85b1d74b71,split_comparison,ULB,chronological,0,O,Ensemble,0.005,0.0021066922590763323,PR_AUC,0.0694921030652268,56962,75,
ae85b1d74b71,split_comparison,ULB,chronological,0,O,Ensemble,0.005,0.0021066922590763323,ROC_AUC,0.9585086223566017,56962,75,
ae85b1d74b71,split_comparison,ULB,chronological,0,O,Ensemble,0.005,0.0021066922590763323,Precision,0.0,56962,75,
ae85b1d74b71,split_comparison,ULB,chronological,0,O,Ensemble,0.005,0.0021066922590763323,Recall,0.0,56962,75,
ae85b1d74b71,split_comparison,ULB,chronological,0,O,Ensemble,0.005,0.0021066922590763323,F1,0.0,56962,75,
ae85b1d74b71,split_comparison,ULB,chronological,0,O,Ensemble,0.005,0.0021066922590763323,TN,56814.0,56962,75,
ae85b1d74b71,split_comparison,ULB,chronological,0,O,Ensemble,0.005,0.0021066922590763323,FP,73.0,56962,75,
ae85b1d74b71,split_comparison,ULB,chronological,0,O,Ensemble,0.005,0.0021066922590763323,FN,75.0,56962,75,
ae85b1d74b71,split_comparison,ULB,chronological,0,O,Ensemble,0.005,0.0021066922590763323,TP,0.0,56962,75,
ae85b1d74b71,split_comparison,ULB,chronological,0,O,Ensemble,0.005,0.0021066922590763323,n_alerts,73.0,56962,75,
ae85b1d74b71,split_comparison,ULB,chronological,0,O,Ensemble,0.005,0.0021066922590763323,alert_rate,0.0012815561251360557,56962,75,
ae85b1d74b71,split_comparison,ULB,chronological,0,O,Ensemble,0.005,0.0021066922590763323,prevalence,0.001316667251852112,56962,75,
ae85b1d74b71,split_comparison,ULB,chronological,0,O,Ensemble,0.005,0.0021066922590763323,lift,0.0,56962,75,
ae85b1d74b71,split_comparison,ULB,chronological,0,O,Ensemble,0.005,0.0021066922590763323,tie_ratio,0.07355910184161096,56962,75,
ae85b1d74b71,split_comparison,ULB,chronological,0,O,Ensemble,0.005,0.0021066922590763323,fit_seconds,0.0,56962,75,
ae85b1d74b71,split_comparison,ULB,chronological,0,O,Ensemble,0.005,0.0021066922590763323,score_seconds,0.0,56962,75,
f4dffba1ed29,split_comparison,ULB,chronological,0,O,Ensemble,0.005,0.0021066922590763323,single_point_invariant,1.0,56962,75,invariance
18909ee06858,split_comparison,ULB,random,0,U,IsolationForest,0.005,0.005,PR_AUC,0.144919157519042,56962,99,
18909ee06858,split_comparison,ULB,random,0,U,IsolationForest,0.005,0.005,ROC_AUC,0.951458023244598,56962,99,
18909ee06858,split_comparison,ULB,random,0,U,IsolationForest,0.005,0.005,Precision,0.14189189189189189,56962,99,
18909ee06858,split_comparison,ULB,random,0,U,IsolationForest,0.005,0.005,Recall,0.42424242424242425,56962,99,
18909ee06858,split_comparison,ULB,random,0,U,IsolationForest,0.005,0.005,F1,0.21265822784810126,56962,99,
18909ee06858,split_comparison,ULB,random,0,U,IsolationForest,0.005,0.005,TN,56609.0,56962,99,
18909ee06858,split_comparison,ULB,random,0,U,IsolationForest,0.005,0.005,FP,254.0,56962,99,
18909ee06858,split_comparison,ULB,random,0,U,IsolationForest,0.005,0.005,FN,57.0,56962,99,
18909ee06858,split_comparison,ULB,random,0,U,IsolationForest,0.005,0.005,TP,42.0,56962,99,
18909ee06858,split_comparison,ULB,random,0,U,IsolationForest,0.005,0.005,n_alerts,296.0,56962,99,
18909ee06858,split_comparison,ULB,random,0,U,IsolationForest,0.005,0.005,alert_rate,0.005196446753976335,56962,99,
18909ee06858,split_comparison,ULB,random,0,U,IsolationForest,0.005,0.005,prevalence,0.0017380007724447878,56962,99,
18909ee06858,split_comparison,ULB,random,0,U,IsolationForest,0.005,0.005,lift,81.64086814086814,56962,99,
18909ee06858,split_comparison,ULB,random,0,U,IsolationForest,0.005,0.005,tie_ratio,0.006320113762047663,56962,99,
18909ee06858,split_comparison,ULB,random,0,U,IsolationForest,0.005,0.005,fit_seconds,1.5678019523620605,56962,99,
18909ee06858,split_comparison,ULB,random,0,U,IsolationForest,0.005,0.005,score_seconds,1.662517786026001,56962,99,
7d1cccd6ca79,split_comparison,ULB,random,0,U,LOF,0.005,0.005,PR_AUC,0.10906050231880021,56962,99,
7d1cccd6ca79,split_comparison,ULB,random,0,U,LOF,0.005,0.005,ROC_AUC,0.9381282710864338,56962,99,
7d1cccd6ca79,split_comparison,ULB,random,0,U,LOF,0.005,0.005,Precision,0.11437908496732026,56962,99,
7d1cccd6ca79,split_comparison,ULB,random,0,U,LOF,0.005,0.005,Recall,0.35353535353535354,56962,99,
7d1cccd6ca79,split_comparison,ULB,random,0,U,LOF,0.005,0.005,F1,0.1728395061728395,56962,99,
7d1cccd6ca79,split_comparison,ULB,random,0,U,LOF,0.005,0.005,TN,56592.0,56962,99,
7d1cccd6ca79,split_comparison,ULB,random,0,U,LOF,0.005,0.005,FP,271.0,56962,99,
7d1cccd6ca79,split_comparison,ULB,random,0,U,LOF,0.005,0.005,FN,64.0,56962,99,
7d1cccd6ca79,split_comparison,ULB,random,0,U,LOF,0.005,0.005,TP,35.0,56962,99,
7d1cccd6ca79,split_comparison,ULB,random,0,U,LOF,0.005,0.005,n_alerts,306.0,56962,99,
7d1cccd6ca79,split_comparison,ULB,random,0,U,LOF,0.005,0.005,alert_rate,0.005372002387556617,56962,99,
7d1cccd6ca79,split_comparison,ULB,random,0,U,LOF,0.005,0.005,prevalence,0.0017380007724447878,56962,99,
7d1cccd6ca79,split_comparison,ULB,random,0,U,LOF,0.005,0.005,lift,65.81072159503532,56962,99,
7d1cccd6ca79,split_comparison,ULB,random,0,U,LOF,0.005,0.005,tie_ratio,0.015993398992293018,56962,99,
7d1cccd6ca79,split_comparison,ULB,random,0,U,LOF,0.005,0.005,fit_seconds,0.8842933177947998,56962,99,
7d1cccd6ca79,split_comparison,ULB,random,0,U,LOF,0.005,0.005,score_seconds,5.4414894580841064,56962,99,
59669ff59d7f,split_comparison,ULB,random,0,U,OneClassSVM,0.005,0.005,PR_AUC,0.10674915529374965,56962,99,
59669ff59d7f,split_comparison,ULB,random,0,U,OneClassSVM,0.005,0.005,ROC_AUC,0.9337187715219124,56962,99,
59669ff59d7f,split_comparison,ULB,random,0,U,OneClassSVM,0.005,0.005,Precision,0.15181518151815182,56962,99,
59669ff59d7f,split_comparison,ULB,random,0,U,OneClassSVM,0.005,0.005,Recall,0.46464646464646464,56962,99,
59669ff59d7f,split_comparison,ULB,random,0,U,OneClassSVM,0.005,0.005,F1,0.22885572139303484,56962,99,
59669ff59d7f,split_comparison,ULB,random,0,U,OneClassSVM,0.005,0.005,TN,56606.0,56962,99,
59669ff59d7f,split_comparison,ULB,random,0,U,OneClassSVM,0.005,0.005,FP,257.0,56962,99,
59669ff59d7f,split_comparison,ULB,random,0,U,OneClassSVM,0.005,0.005,FN,53.0,56962,99,
59669ff59d7f,split_comparison,ULB,random,0,U,OneClassSVM,0.005,0.005,TP,46.0,56962,99,
59669ff59d7f,split_comparison,ULB,random,0,U,OneClassSVM,0.005,0.005,n_alerts,303.0,56962,99,
59669ff59d7f,split_comparison,ULB,random,0,U,OneClassSVM,0.005,0.005,alert_rate,0.005319335697482532,56962,99,
59669ff59d7f,split_comparison,ULB,random,0,U,OneClassSVM,0.005,0.005,prevalence,0.0017380007724447878,56962,99,
59669ff59d7f,split_comparison,ULB,random,0,U,OneClassSVM,0.005,0.005,lift,87.35046838017135,56962,99,
59669ff59d7f,split_comparison,ULB,random,0,U,OneClassSVM,0.005,0.005,tie_ratio,0.0011762433946033157,56962,99,
59669ff59d7f,split_comparison,ULB,random,0,U,OneClassSVM,0.005,0.005,fit_seconds,0.8620085716247559,56962,99,
59669ff59d7f,split_comparison,ULB,random,0,U,OneClassSVM,0.005,0.005,score_seconds,7.604109525680542,56962,99,
eaed7a240fdb,split_comparison,ULB,random,0,U,DBSCAN,0.005,0.005,PR_AUC,0.06609911955551756,56962,99,
eaed7a240fdb,split_comparison,ULB,random,0,U,DBSCAN,0.005,0.005,ROC_AUC,0.9488545657407659,56962,99,
eaed7a240fdb,split_comparison,ULB,random,0,U,DBSCAN,0.005,0.005,Precision,0.08450704225352113,56962,99,
eaed7a240fdb,split_comparison,ULB,random,0,U,DBSCAN,0.005,0.005,Recall,0.24242424242424243,56962,99,
eaed7a240fdb,split_comparison,ULB,random,0,U,DBSCAN,0.005,0.005,F1,0.12532637075718014,56962,99,
eaed7a240fdb,split_comparison,ULB,random,0,U,DBSCAN,0.005,0.005,TN,56603.0,56962,99,
eaed7a240fdb,split_comparison,ULB,random,0,U,DBSCAN,0.005,0.005,FP,260.0,56962,99,
eaed7a240fdb,split_comparison,ULB,random,0,U,DBSCAN,0.005,0.005,FN,75.0,56962,99,
eaed7a240fdb,split_comparison,ULB,random,0,U,DBSCAN,0.005,0.005,TP,24.0,56962,99,
eaed7a240fdb,split_comparison,ULB,random,0,U,DBSCAN,0.005,0.005,n_alerts,284.0,56962,99,
eaed7a240fdb,split_comparison,ULB,random,0,U,DBSCAN,0.005,0.005,alert_rate,0.004985779993679997,56962,99,
eaed7a240fdb,split_comparison,ULB,random,0,U,DBSCAN,0.005,0.005,prevalence,0.0017380007724447878,56962,99,
eaed7a240fdb,split_comparison,ULB,random,0,U,DBSCAN,0.005,0.005,lift,48.62313273580879,56962,99,
eaed7a240fdb,split_comparison,ULB,random,0,U,DBSCAN,0.005,0.005,tie_ratio,0.0029493864222889243,56962,99,
eaed7a240fdb,split_comparison,ULB,random,0,U,DBSCAN,0.005,0.005,fit_seconds,0.7085442543029785,56962,99,
eaed7a240fdb,split_comparison,ULB,random,0,U,DBSCAN,0.005,0.005,score_seconds,0.02810215950012207,56962,99,
5f76bbbc7b16,split_comparison,ULB,random,0,U,KMeans,0.005,0.005,PR_AUC,0.14234658007354556,56962,99,
5f76bbbc7b16,split_comparison,ULB,random,0,U,KMeans,0.005,0.005,ROC_AUC,0.9568837878459249,56962,99,
5f76bbbc7b16,split_comparison,ULB,random,0,U,KMeans,0.005,0.005,Precision,0.14625850340136054,56962,99,
5f76bbbc7b16,split_comparison,ULB,random,0,U,KMeans,0.005,0.005,Recall,0.43434343434343436,56962,99,
5f76bbbc7b16,split_comparison,ULB,random,0,U,KMeans,0.005,0.005,F1,0.21882951653944022,56962,99,
5f76bbbc7b16,split_comparison,ULB,random,0,U,KMeans,0.005,0.005,TN,56612.0,56962,99,
5f76bbbc7b16,split_comparison,ULB,random,0,U,KMeans,0.005,0.005,FP,251.0,56962,99,
5f76bbbc7b16,split_comparison,ULB,random,0,U,KMeans,0.005,0.005,FN,56.0,56962,99,
5f76bbbc7b16,split_comparison,ULB,random,0,U,KMeans,0.005,0.005,TP,43.0,56962,99,
5f76bbbc7b16,split_comparison,ULB,random,0,U,KMeans,0.005,0.005,n_alerts,294.0,56962,99,
5f76bbbc7b16,split_comparison,ULB,random,0,U,KMeans,0.005,0.005,alert_rate,0.005161335627260279,56962,99,
5f76bbbc7b16,split_comparison,ULB,random,0,U,KMeans,0.005,0.005,prevalence,0.0017380007724447878,56962,99,
5f76bbbc7b16,split_comparison,ULB,random,0,U,KMeans,0.005,0.005,lift,84.1533017247303,56962,99,
5f76bbbc7b16,split_comparison,ULB,random,0,U,KMeans,0.005,0.005,tie_ratio,0.003282947981952611,56962,99,
5f76bbbc7b16,split_comparison,ULB,random,0,U,KMeans,0.005,0.005,fit_seconds,6.735915422439575,56962,99,
5f76bbbc7b16,split_comparison,ULB,random,0,U,KMeans,0.005,0.005,score_seconds,0.17841649055480957,56962,99,
12439fb39c9f,split_comparison,ULB,random,0,U,Ensemble,0.005,0.005,PR_AUC,0.15252171590487051,56962,99,
12439fb39c9f,split_comparison,ULB,random,0,U,Ensemble,0.005,0.005,ROC_AUC,0.9592078213149912,56962,99,
12439fb39c9f,split_comparison,ULB,random,0,U,Ensemble,0.005,0.005,Precision,0.19122257053291536,56962,99,
12439fb39c9f,split_comparison,ULB,random,0,U,Ensemble,0.005,0.005,Recall,0.6161616161616161,56962,99,
12439fb39c9f,split_comparison,ULB,random,0,U,Ensemble,0.005,0.005,F1,0.291866028708134,56962,99,
12439fb39c9f,split_comparison,ULB,random,0,U,Ensemble,0.005,0.005,TN,56605.0,56962,99,
12439fb39c9f,split_comparison,ULB,random,0,U,Ensemble,0.005,0.005,FP,258.0,56962,99,
12439fb39c9f,split_comparison,ULB,random,0,U,Ensemble,0.005,0.005,FN,38.0,56962,99,
12439fb39c9f,split_comparison,ULB,random,0,U,Ensemble,0.005,0.005,TP,61.0,56962,99,
12439fb39c9f,split_comparison,ULB,random,0,U,Ensemble,0.005,0.005,n_alerts,319.0,56962,99,
12439fb39c9f,split_comparison,ULB,random,0,U,Ensemble,0.005,0.005,alert_rate,0.0056002247112109825,56962,99,
12439fb39c9f,split_comparison,ULB,random,0,U,Ensemble,0.005,0.005,prevalence,0.0017380007724447878,56962,99,
12439fb39c9f,split_comparison,ULB,random,0,U,Ensemble,0.005,0.005,lift,110.02444507773662,56962,99,
12439fb39c9f,split_comparison,ULB,random,0,U,Ensemble,0.005,0.005,tie_ratio,0.07361176945629466,56962,99,
12439fb39c9f,split_comparison,ULB,random,0,U,Ensemble,0.005,0.005,fit_seconds,0.0,56962,99,
12439fb39c9f,split_comparison,ULB,random,0,U,Ensemble,0.005,0.005,score_seconds,0.0,56962,99,
5c9e5313ad52,split_comparison,ULB,random,0,U,Ensemble,0.005,0.005,single_point_invariant,1.0,56962,99,invariance
edde6d9a4399,split_comparison,ULB,random,0,N,IsolationForest,0.005,0.005,PR_AUC,0.12497784809167763,56962,99,
edde6d9a4399,split_comparison,ULB,random,0,N,IsolationForest,0.005,0.005,ROC_AUC,0.9509387883726207,56962,99,
edde6d9a4399,split_comparison,ULB,random,0,N,IsolationForest,0.005,0.005,Precision,0.12099644128113879,56962,99,
edde6d9a4399,split_comparison,ULB,random,0,N,IsolationForest,0.005,0.005,Recall,0.3434343434343434,56962,99,
edde6d9a4399,split_comparison,ULB,random,0,N,IsolationForest,0.005,0.005,F1,0.17894736842105263,56962,99,
edde6d9a4399,split_comparison,ULB,random,0,N,IsolationForest,0.005,0.005,TN,56616.0,56962,99,
edde6d9a4399,split_comparison,ULB,random,0,N,IsolationForest,0.005,0.005,FP,247.0,56962,99,
edde6d9a4399,split_comparison,ULB,random,0,N,IsolationForest,0.005,0.005,FN,65.0,56962,99,
edde6d9a4399,split_comparison,ULB,random,0,N,IsolationForest,0.005,0.005,TP,34.0,56962,99,
edde6d9a4399,split_comparison,ULB,random,0,N,IsolationForest,0.005,0.005,n_alerts,281.0,56962,99,
edde6d9a4399,split_comparison,ULB,random,0,N,IsolationForest,0.005,0.005,alert_rate,0.004933113303605912,56962,99,
edde6d9a4399,split_comparison,ULB,random,0,N,IsolationForest,0.005,0.005,prevalence,0.0017380007724447878,56962,99,
edde6d9a4399,split_comparison,ULB,random,0,N,IsolationForest,0.005,0.005,lift,69.61817462885078,56962,99,
edde6d9a4399,split_comparison,ULB,random,0,N,IsolationForest,0.005,0.005,tie_ratio,0.006688787064833779,56962,99,
edde6d9a4399,split_comparison,ULB,random,0,N,IsolationForest,0.005,0.005,fit_seconds,1.5499904155731201,56962,99,
edde6d9a4399,split_comparison,ULB,random,0,N,IsolationForest,0.005,0.005,score_seconds,1.6575570106506348,56962,99,
ac44ce38eb83,split_comparison,ULB,random,0,N,LOF,0.005,0.005,PR_AUC,0.6711740447930494,56962,99,
ac44ce38eb83,split_comparison,ULB,random,0,N,LOF,0.005,0.005,ROC_AUC,0.9608324065088569,56962,99,
ac44ce38eb83,split_comparison,ULB,random,0,N,LOF,0.005,0.005,Precision,0.25806451612903225,56962,99,
ac44ce38eb83,split_comparison,ULB,random,0,N,LOF,0.005,0.005,Recall,0.8080808080808081,56962,99,
ac44ce38eb83,split_comparison,ULB,random,0,N,LOF,0.005,0.005,F1,0.39119804400978,56962,99,
ac44ce38eb83,split_comparison,ULB,random,0,N,LOF,0.005,0.005,TN,56633.0,56962,99,
ac44ce38eb83,split_comparison,ULB,random,0,N,LOF,0.005,0.005,FP,230.0,56962,99,
ac44ce38eb83,split_comparison,ULB,random,0,N,LOF,0.005,0.005,FN,19.0,56962,99,
ac44ce38eb83,split_comparison,ULB,random,0,N,LOF,0.005,0.005,TP,80.0,56962,99,
ac44ce38eb83,split_comparison,ULB,random,0,N,LOF,0.005,0.005,n_alerts,310.0,56962,99,
ac44ce38eb83,split_comparison,ULB,random,0,N,LOF,0.005,0.005,alert_rate,0.005442224640988729,56962,99,
ac44ce38eb83,split_comparison,ULB,random,0,N,LOF,0.005,0.005,prevalence,0.0017380007724447878,56962,99,
ac44ce38eb83,split_comparison,ULB,random,0,N,LOF,0.005,0.005,lift,148.48354512870642,56962,99,
ac44ce38eb83,split_comparison,ULB,random,0,N,LOF,0.005,0.005,tie_ratio,0.015958287249170477,56962,99,
ac44ce38eb83,split_comparison,ULB,random,0,N,LOF,0.005,0.005,fit_seconds,0.8505167961120605,56962,99,
ac44ce38eb83,split_comparison,ULB,random,0,N,LOF,0.005,0.005,score_seconds,5.9747350215911865,56962,99,
18e2f9ea244a,split_comparison,ULB,random,0,N,OneClassSVM,0.005,0.005,PR_AUC,0.21533491165045024,56962,99,
18e2f9ea244a,split_comparison,ULB,random,0,N,OneClassSVM,0.005,0.005,ROC_AUC,0.9457692660917956,56962,99,
18e2f9ea244a,split_comparison,ULB,random,0,N,OneClassSVM,0.005,0.005,Precision,0.2483221476510067,56962,99,
18e2f9ea244a,split_comparison,ULB,random,0,N,OneClassSVM,0.005,0.005,Recall,0.7474747474747475,56962,99,
18e2f9ea244a,split_comparison,ULB,random,0,N,OneClassSVM,0.005,0.005,F1,0.37279596977329976,56962,99,
18e2f9ea244a,split_comparison,ULB,random,0,N,OneClassSVM,0.005,0.005,TN,56639.0,56962,99,
18e2f9ea244a,split_comparison,ULB,random,0,N,OneClassSVM,0.005,0.005,FP,224.0,56962,99,
18e2f9ea244a,split_comparison,ULB,random,0,N,OneClassSVM,0.005,0.005,FN,25.0,56962,99,
18e2f9ea244a,split_comparison,ULB,random,0,N,OneClassSVM,0.005,0.005,TP,74.0,56962,99,
18e2f9ea244a,split_comparison,ULB,random,0,N,OneClassSVM,0.005,0.005,n_alerts,298.0,56962,99,
18e2f9ea244a,split_comparison,ULB,random,0,N,OneClassSVM,0.005,0.005,alert_rate,0.005231557880692392,56962,99,
18e2f9ea244a,split_comparison,ULB,random,0,N,OneClassSVM,0.005,0.005,prevalence,0.0017380007724447878,56962,99,
18e2f9ea244a,split_comparison,ULB,random,0,N,OneClassSVM,0.005,0.005,lift,142.87804216663278,56962,99,
18e2f9ea244a,split_comparison,ULB,random,0,N,OneClassSVM,0.005,0.005,tie_ratio,0.0012640227524095549,56962,99,
18e2f9ea244a,split_comparison,ULB,random,0,N,OneClassSVM,0.005,0.005,fit_seconds,0.9042208194732666,56962,99,
18e2f9ea244a,split_comparison,ULB,random,0,N,OneClassSVM,0.005,0.005,score_seconds,7.748697757720947,56962,99,
46cf6a9ac6fd,split_comparison,ULB,random,0,N,DBSCAN,0.005,0.005,PR_AUC,0.066125998357343,56962,99,
46cf6a9ac6fd,split_comparison,ULB,random,0,N,DBSCAN,0.005,0.005,ROC_AUC,0.9479987075084062,56962,99,
46cf6a9ac6fd,split_comparison,ULB,random,0,N,DBSCAN,0.005,0.005,Precision,0.08450704225352113,56962,99,
46cf6a9ac6fd,split_comparison,ULB,random,0,N,DBSCAN,0.005,0.005,Recall,0.24242424242424243,56962,99,
46cf6a9ac6fd,split_comparison,ULB,random,0,N,DBSCAN,0.005,0.005,F1,0.12532637075718014,56962,99,
46cf6a9ac6fd,split_comparison,ULB,random,0,N,DBSCAN,0.005,0.005,TN,56603.0,56962,99,
46cf6a9ac6fd,split_comparison,ULB,random,0,N,DBSCAN,0.005,0.005,FP,260.0,56962,99,
46cf6a9ac6fd,split_comparison,ULB,random,0,N,DBSCAN,0.005,0.005,FN,75.0,56962,99,
46cf6a9ac6fd,split_comparison,ULB,random,0,N,DBSCAN,0.005,0.005,TP,24.0,56962,99,
46cf6a9ac6fd,split_comparison,ULB,random,0,N,DBSCAN,0.005,0.005,n_alerts,284.0,56962,99,
46cf6a9ac6fd,split_comparison,ULB,random,0,N,DBSCAN,0.005,0.005,alert_rate,0.004985779993679997,56962,99,
46cf6a9ac6fd,split_comparison,ULB,random,0,N,DBSCAN,0.005,0.005,prevalence,0.0017380007724447878,56962,99,
46cf6a9ac6fd,split_comparison,ULB,random,0,N,DBSCAN,0.005,0.005,lift,48.62313273580879,56962,99,
46cf6a9ac6fd,split_comparison,ULB,random,0,N,DBSCAN,0.005,0.005,tie_ratio,0.0032302803672688007,56962,99,
46cf6a9ac6fd,split_comparison,ULB,random,0,N,DBSCAN,0.005,0.005,fit_seconds,0.7452545166015625,56962,99,
46cf6a9ac6fd,split_comparison,ULB,random,0,N,DBSCAN,0.005,0.005,score_seconds,0.031068801879882812,56962,99,
ddfa78fe451e,split_comparison,ULB,random,0,N,KMeans,0.005,0.005,PR_AUC,0.14560263631918507,56962,99,
ddfa78fe451e,split_comparison,ULB,random,0,N,KMeans,0.005,0.005,ROC_AUC,0.9612806751367854,56962,99,
ddfa78fe451e,split_comparison,ULB,random,0,N,KMeans,0.005,0.005,Precision,0.1525974025974026,56962,99,
ddfa78fe451e,split_comparison,ULB,random,0,N,KMeans,0.005,0.005,Recall,0.47474747474747475,56962,99,
ddfa78fe451e,split_comparison,ULB,random,0,N,KMeans,0.005,0.005,F1,0.23095823095823095,56962,99,
ddfa78fe451e,split_comparison,ULB,random,0,N,KMeans,0.005,0.005,TN,56602.0,56962,99,
ddfa78fe451e,split_comparison,ULB,random,0,N,KMeans,0.005,0.005,FP,261.0,56962,99,
ddfa78fe451e,split_comparison,ULB,random,0,N,KMeans,0.005,0.005,FN,52.0,56962,99,
ddfa78fe451e,split_comparison,ULB,random,0,N,KMeans,0.005,0.005,TP,47.0,56962,99,
ddfa78fe451e,split_comparison,ULB,random,0,N,KMeans,0.005,0.005,n_alerts,308.0,56962,99,
ddfa78fe451e,split_comparison,ULB,random,0,N,KMeans,0.005,0.005,alert_rate,0.005407113514272673,56962,99,
ddfa78fe451e,split_comparison,ULB,random,0,N,KMeans,0.005,0.005,prevalence,0.0017380007724447878,56962,99,
ddfa78fe451e,split_comparison,ULB,random,0,N,KMeans,0.005,0.005,lift,87.80053784599238,56962,99,
ddfa78fe451e,split_comparison,ULB,random,0,N,KMeans,0.005,0.005,tie_ratio,0.0031951686241463717,56962,99,
ddfa78fe451e,split_comparison,ULB,random,0,N,KMeans,0.005,0.005,fit_seconds,6.41205620765686,56962,99,
ddfa78fe451e,split_comparison,ULB,random,0,N,KMeans,0.005,0.005,score_seconds,0.11310243606567383,56962,99,
7d0c1971ca5b,split_comparison,ULB,random,0,N,Ensemble,0.005,0.005,PR_AUC,0.24576048109864163,56962,99,
7d0c1971ca5b,split_comparison,ULB,random,0,N,Ensemble,0.005,0.005,ROC_AUC,0.9636284232330871,56962,99,
7d0c1971ca5b,split_comparison,ULB,random,0,N,Ensemble,0.005,0.005,Precision,0.2356902356902357,56962,99,
7d0c1971ca5b,split_comparison,ULB,random,0,N,Ensemble,0.005,0.005,Recall,0.7070707070707071,56962,99,
7d0c1971ca5b,split_comparison,ULB,random,0,N,Ensemble,0.005,0.005,F1,0.35353535353535354,56962,99,
7d0c1971ca5b,split_comparison,ULB,random,0,N,Ensemble,0.005,0.005,TN,56636.0,56962,99,
7d0c1971ca5b,split_comparison,ULB,random,0,N,Ensemble,0.005,0.005,FP,227.0,56962,99,
7d0c1971ca5b,split_comparison,ULB,random,0,N,Ensemble,0.005,0.005,FN,29.0,56962,99,
7d0c1971ca5b,split_comparison,ULB,random,0,N,Ensemble,0.005,0.005,TP,70.0,56962,99,
7d0c1971ca5b,split_comparison,ULB,random,0,N,Ensemble,0.005,0.005,n_alerts,297.0,56962,99,
7d0c1971ca5b,split_comparison,ULB,random,0,N,Ensemble,0.005,0.005,alert_rate,0.005214002317334363,56962,99,
7d0c1971ca5b,split_comparison,ULB,random,0,N,Ensemble,0.005,0.005,prevalence,0.0017380007724447878,56962,99,
7d0c1971ca5b,split_comparison,ULB,random,0,N,Ensemble,0.005,0.005,lift,135.60997177158794,56962,99,
7d0c1971ca5b,split_comparison,ULB,random,0,N,Ensemble,0.005,0.005,tie_ratio,0.07245308193325262,56962,99,
7d0c1971ca5b,split_comparison,ULB,random,0,N,Ensemble,0.005,0.005,fit_seconds,0.0,56962,99,
7d0c1971ca5b,split_comparison,ULB,random,0,N,Ensemble,0.005,0.005,score_seconds,0.0,56962,99,
996f68e02d04,split_comparison,ULB,random,0,N,Ensemble,0.005,0.005,single_point_invariant,1.0,56962,99,invariance
b7116399da9b,split_comparison,ULB,random,0,O,IsolationForest,0.005,0.0017263172678542169,PR_AUC,0.144919157519042,56962,99,
b7116399da9b,split_comparison,ULB,random,0,O,IsolationForest,0.005,0.0017263172678542169,ROC_AUC,0.951458023244598,56962,99,
b7116399da9b,split_comparison,ULB,random,0,O,IsolationForest,0.005,0.0017263172678542169,Precision,0.24242424242424243,56962,99,
b7116399da9b,split_comparison,ULB,random,0,O,IsolationForest,0.005,0.0017263172678542169,Recall,0.24242424242424243,56962,99,
b7116399da9b,split_comparison,ULB,random,0,O,IsolationForest,0.005,0.0017263172678542169,F1,0.24242424242424243,56962,99,
b7116399da9b,split_comparison,ULB,random,0,O,IsolationForest,0.005,0.0017263172678542169,TN,56788.0,56962,99,
b7116399da9b,split_comparison,ULB,random,0,O,IsolationForest,0.005,0.0017263172678542169,FP,75.0,56962,99,
b7116399da9b,split_comparison,ULB,random,0,O,IsolationForest,0.005,0.0017263172678542169,FN,75.0,56962,99,
b7116399da9b,split_comparison,ULB,random,0,O,IsolationForest,0.005,0.0017263172678542169,TP,24.0,56962,99,
b7116399da9b,split_comparison,ULB,random,0,O,IsolationForest,0.005,0.0017263172678542169,n_alerts,99.0,56962,99,
b7116399da9b,split_comparison,ULB,random,0,O,IsolationForest,0.005,0.0017263172678542169,alert_rate,0.0017380007724447878,56962,99,
b7116399da9b,split_comparison,ULB,random,0,O,IsolationForest,0.005,0.0017263172678542169,prevalence,0.0017380007724447878,56962,99,
b7116399da9b,split_comparison,ULB,random,0,O,IsolationForest,0.005,0.0017263172678542169,lift,139.4845423936333,56962,99,
b7116399da9b,split_comparison,ULB,random,0,O,IsolationForest,0.005,0.0017263172678542169,tie_ratio,0.006320113762047663,56962,99,
b7116399da9b,split_comparison,ULB,random,0,O,IsolationForest,0.005,0.0017263172678542169,fit_seconds,1.4396002292633057,56962,99,
b7116399da9b,split_comparison,ULB,random,0,O,IsolationForest,0.005,0.0017263172678542169,score_seconds,1.6716272830963135,56962,99,
f06fd7fd46e1,split_comparison,ULB,random,0,O,LOF,0.005,0.0017263172678542169,PR_AUC,0.10906050231880021,56962,99,
f06fd7fd46e1,split_comparison,ULB,random,0,O,LOF,0.005,0.0017263172678542169,ROC_AUC,0.9381282710864338,56962,99,
f06fd7fd46e1,split_comparison,ULB,random,0,O,LOF,0.005,0.0017263172678542169,Precision,0.2,56962,99,
f06fd7fd46e1,split_comparison,ULB,random,0,O,LOF,0.005,0.0017263172678542169,Recall,0.23232323232323232,56962,99,
f06fd7fd46e1,split_comparison,ULB,random,0,O,LOF,0.005,0.0017263172678542169,F1,0.21495327102803738,56962,99,
f06fd7fd46e1,split_comparison,ULB,random,0,O,LOF,0.005,0.0017263172678542169,TN,56771.0,56962,99,
f06fd7fd46e1,split_comparison,ULB,random,0,O,LOF,0.005,0.0017263172678542169,FP,92.0,56962,99,
f06fd7fd46e1,split_comparison,ULB,random,0,O,LOF,0.005,0.0017263172678542169,FN,76.0,56962,99,
f06fd7fd46e1,split_comparison,ULB,random,0,O,LOF,0.005,0.0017263172678542169,TP,23.0,56962,99,
f06fd7fd46e1,split_comparison,ULB,random,0,O,LOF,0.005,0.0017263172678542169,n_alerts,115.0,56962,99,
f06fd7fd46e1,split_comparison,ULB,random,0,O,LOF,0.005,0.0017263172678542169,alert_rate,0.0020188897861732383,56962,99,
f06fd7fd46e1,split_comparison,ULB,random,0,O,LOF,0.005,0.0017263172678542169,prevalence,0.0017380007724447878,56962,99,
f06fd7fd46e1,split_comparison,ULB,random,0,O,LOF,0.005,0.0017263172678542169,lift,115.07474747474748,56962,99,
f06fd7fd46e1,split_comparison,ULB,random,0,O,LOF,0.005,0.0017263172678542169,tie_ratio,0.015993398992293018,56962,99,
f06fd7fd46e1,split_comparison,ULB,random,0,O,LOF,0.005,0.0017263172678542169,fit_seconds,0.8527185916900635,56962,99,
f06fd7fd46e1,split_comparison,ULB,random,0,O,LOF,0.005,0.0017263172678542169,score_seconds,6.102003574371338,56962,99,
84cb4d760616,split_comparison,ULB,random,0,O,OneClassSVM,0.005,0.0017263172678542169,PR_AUC,0.1067165712567605,56962,99,
84cb4d760616,split_comparison,ULB,random,0,O,OneClassSVM,0.005,0.0017263172678542169,ROC_AUC,0.9337557201546087,56962,99,
84cb4d760616,split_comparison,ULB,random,0,O,OneClassSVM,0.005,0.0017263172678542169,Precision,0.14678899082568808,56962,99,
84cb4d760616,split_comparison,ULB,random,0,O,OneClassSVM,0.005,0.0017263172678542169,Recall,0.16161616161616163,56962,99,
84cb4d760616,split_comparison,ULB,random,0,O,OneClassSVM,0.005,0.0017263172678542169,F1,0.15384615384615385,56962,99,
84cb4d760616,split_comparison,ULB,random,0,O,OneClassSVM,0.005,0.0017263172678542169,TN,56770.0,56962,99,
84cb4d760616,split_comparison,ULB,random,0,O,OneClassSVM,0.005,0.0017263172678542169,FP,93.0,56962,99,
84cb4d760616,split_comparison,ULB,random,0,O,OneClassSVM,0.005,0.0017263172678542169,FN,83.0,56962,99,
84cb4d760616,split_comparison,ULB,random,0,O,OneClassSVM,0.005,0.0017263172678542169,TP,16.0,56962,99,
84cb4d760616,split_comparison,ULB,random,0,O,OneClassSVM,0.005,0.0017263172678542169,n_alerts,109.0,56962,99,
84cb4d760616,split_comparison,ULB,random,0,O,OneClassSVM,0.005,0.0017263172678542169,alert_rate,0.0019135564060250693,56962,99,
84cb4d760616,split_comparison,ULB,random,0,O,OneClassSVM,0.005,0.0017263172678542169,prevalence,0.0017380007724447878,56962,99,
84cb4d760616,split_comparison,ULB,random,0,O,OneClassSVM,0.005,0.0017263172678542169,lift,84.4585302566954,56962,99,
84cb4d760616,split_comparison,ULB,random,0,O,OneClassSVM,0.005,0.0017263172678542169,tie_ratio,0.0011762433946033157,56962,99,
84cb4d760616,split_comparison,ULB,random,0,O,OneClassSVM,0.005,0.0017263172678542169,fit_seconds,0.7338354587554932,56962,99,
84cb4d760616,split_comparison,ULB,random,0,O,OneClassSVM,0.005,0.0017263172678542169,score_seconds,7.535889387130737,56962,99,
e6c4c949140a,split_comparison,ULB,random,0,O,DBSCAN,0.005,0.0017263172678542169,PR_AUC,0.06609911955551756,56962,99,
e6c4c949140a,split_comparison,ULB,random,0,O,DBSCAN,0.005,0.0017263172678542169,ROC_AUC,0.9488545657407659,56962,99,
e6c4c949140a,split_comparison,ULB,random,0,O,DBSCAN,0.005,0.0017263172678542169,Precision,0.15384615384615385,56962,99,
e6c4c949140a,split_comparison,ULB,random,0,O,DBSCAN,0.005,0.0017263172678542169,Recall,0.12121212121212122,56962,99,
e6c4c949140a,split_comparison,ULB,random,0,O,DBSCAN,0.005,0.0017263172678542169,F1,0.13559322033898305,56962,99,
e6c4c949140a,split_comparison,ULB,random,0,O,DBSCAN,0.005,0.0017263172678542169,TN,56797.0,56962,99,
e6c4c949140a,split_comparison,ULB,random,0,O,DBSCAN,0.005,0.0017263172678542169,FP,66.0,56962,99,
e6c4c949140a,split_comparison,ULB,random,0,O,DBSCAN,0.005,0.0017263172678542169,FN,87.0,56962,99,
e6c4c949140a,split_comparison,ULB,random,0,O,DBSCAN,0.005,0.0017263172678542169,TP,12.0,56962,99,
e6c4c949140a,split_comparison,ULB,random,0,O,DBSCAN,0.005,0.0017263172678542169,n_alerts,78.0,56962,99,
e6c4c949140a,split_comparison,ULB,random,0,O,DBSCAN,0.005,0.0017263172678542169,alert_rate,0.0013693339419261965,56962,99,
e6c4c949140a,split_comparison,ULB,random,0,O,DBSCAN,0.005,0.0017263172678542169,prevalence,0.0017380007724447878,56962,99,
e6c4c949140a,split_comparison,ULB,random,0,O,DBSCAN,0.005,0.0017263172678542169,lift,88.51903651903652,56962,99,
e6c4c949140a,split_comparison,ULB,random,0,O,DBSCAN,0.005,0.0017263172678542169,tie_ratio,0.0029493864222889243,56962,99,
e6c4c949140a,split_comparison,ULB,random,0,O,DBSCAN,0.005,0.0017263172678542169,fit_seconds,0.7674856185913086,56962,99,
e6c4c949140a,split_comparison,ULB,random,0,O,DBSCAN,0.005,0.0017263172678542169,score_seconds,0.031003475189208984,56962,99,
e2aaef8eed5b,split_comparison,ULB,random,0,O,KMeans,0.005,0.0017263172678542169,PR_AUC,0.14234658007354556,56962,99,
e2aaef8eed5b,split_comparison,ULB,random,0,O,KMeans,0.005,0.0017263172678542169,ROC_AUC,0.9568837878459249,56962,99,
e2aaef8eed5b,split_comparison,ULB,random,0,O,KMeans,0.005,0.0017263172678542169,Precision,0.19607843137254902,56962,99,
e2aaef8eed5b,split_comparison,ULB,random,0,O,KMeans,0.005,0.0017263172678542169,Recall,0.20202020202020202,56962,99,
e2aaef8eed5b,split_comparison,ULB,random,0,O,KMeans,0.005,0.0017263172678542169,F1,0.19900497512437812,56962,99,
e2aaef8eed5b,split_comparison,ULB,random,0,O,KMeans,0.005,0.0017263172678542169,TN,56781.0,56962,99,
e2aaef8eed5b,split_comparison,ULB,random,0,O,KMeans,0.005,0.0017263172678542169,FP,82.0,56962,99,
e2aaef8eed5b,split_comparison,ULB,random,0,O,KMeans,0.005,0.0017263172678542169,FN,79.0,56962,99,
e2aaef8eed5b,split_comparison,ULB,random,0,O,KMeans,0.005,0.0017263172678542169,TP,20.0,56962,99,
e2aaef8eed5b,split_comparison,ULB,random,0,O,KMeans,0.005,0.0017263172678542169,n_alerts,102.0,56962,99,
e2aaef8eed5b,split_comparison,ULB,random,0,O,KMeans,0.005,0.0017263172678542169,alert_rate,0.0017906674625188723,56962,99,
e2aaef8eed5b,split_comparison,ULB,random,0,O,KMeans,0.005,0.0017263172678542169,prevalence,0.0017380007724447878,56962,99,
e2aaef8eed5b,split_comparison,ULB,random,0,O,KMeans,0.005,0.0017263172678542169,lift,112.8183798772034,56962,99,
e2aaef8eed5b,split_comparison,ULB,random,0,O,KMeans,0.005,0.0017263172678542169,tie_ratio,0.003440950826003708,56962,99,
e2aaef8eed5b,split_comparison,ULB,random,0,O,KMeans,0.005,0.0017263172678542169,fit_seconds,6.289698839187622,56962,99,
e2aaef8eed5b,split_comparison,ULB,random,0,O,KMeans,0.005,0.0017263172678542169,score_seconds,0.11682415008544922,56962,99,
af5ff3963491,split_comparison,ULB,random,0,O,Ensemble,0.005,0.0017263172678542169,PR_AUC,0.15249286290669042,56962,99,
af5ff3963491,split_comparison,ULB,random,0,O,Ensemble,0.005,0.0017263172678542169,ROC_AUC,0.959210485879849,56962,99,
af5ff3963491,split_comparison,ULB,random,0,O,Ensemble,0.005,0.0017263172678542169,Precision,0.1320754716981132,56962,99,
af5ff3963491,split_comparison,ULB,random,0,O,Ensemble,0.005,0.0017263172678542169,Recall,0.1414141414141414,56962,99,
af5ff3963491,split_comparison,ULB,random,0,O,Ensemble,0.005,0.0017263172678542169,F1,0.13658536585365855,56962,99,
af5ff3963491,split_comparison,ULB,random,0,O,Ensemble,0.005,0.0017263172678542169,TN,56771.0,56962,99,
af5ff3963491,split_comparison,ULB,random,0,O,Ensemble,0.005,0.0017263172678542169,FP,92.0,56962,99,
af5ff3963491,split_comparison,ULB,random,0,O,Ensemble,0.005,0.0017263172678542169,FN,85.0,56962,99,
af5ff3963491,split_comparison,ULB,random,0,O,Ensemble,0.005,0.0017263172678542169,TP,14.0,56962,99,
af5ff3963491,split_comparison,ULB,random,0,O,Ensemble,0.005,0.0017263172678542169,n_alerts,106.0,56962,99,
af5ff3963491,split_comparison,ULB,random,0,O,Ensemble,0.005,0.0017263172678542169,alert_rate,0.0018608897159509848,56962,99,
af5ff3963491,split_comparison,ULB,random,0,O,Ensemble,0.005,0.0017263172678542169,prevalence,0.0017380007724447878,56962,99,
af5ff3963491,split_comparison,ULB,random,0,O,Ensemble,0.005,0.0017263172678542169,lift,75.99275776634266,56962,99,
af5ff3963491,split_comparison,ULB,random,0,O,Ensemble,0.005,0.0017263172678542169,tie_ratio,0.07392777514439708,56962,99,
af5ff3963491,split_comparison,ULB,random,0,O,Ensemble,0.005,0.0017263172678542169,fit_seconds,0.0,56962,99,
af5ff3963491,split_comparison,ULB,random,0,O,Ensemble,0.005,0.0017263172678542169,score_seconds,0.0,56962,99,
71fdbbfd4c35,split_comparison,ULB,random,0,O,Ensemble,0.005,0.0017263172678542169,single_point_invariant,1.0,56962,99,invariance
498b6479e52b,split_comparison,ULB,random_matched,0,U,IsolationForest,0.005,0.005,PR_AUC,0.15892797310086004,56962,75,
498b6479e52b,split_comparison,ULB,random_matched,0,U,IsolationForest,0.005,0.005,ROC_AUC,0.9543980171216622,56962,75,
498b6479e52b,split_comparison,ULB,random_matched,0,U,IsolationForest,0.005,0.005,Precision,0.13284132841328414,56962,75,
498b6479e52b,split_comparison,ULB,random_matched,0,U,IsolationForest,0.005,0.005,Recall,0.48,56962,75,
498b6479e52b,split_comparison,ULB,random_matched,0,U,IsolationForest,0.005,0.005,F1,0.20809248554913296,56962,75,
498b6479e52b,split_comparison,ULB,random_matched,0,U,IsolationForest,0.005,0.005,TN,56652.0,56962,75,
498b6479e52b,split_comparison,ULB,random_matched,0,U,IsolationForest,0.005,0.005,FP,235.0,56962,75,
498b6479e52b,split_comparison,ULB,random_matched,0,U,IsolationForest,0.005,0.005,FN,39.0,56962,75,
498b6479e52b,split_comparison,ULB,random_matched,0,U,IsolationForest,0.005,0.005,TP,36.0,56962,75,
498b6479e52b,split_comparison,ULB,random_matched,0,U,IsolationForest,0.005,0.005,n_alerts,271.0,56962,75,
498b6479e52b,split_comparison,ULB,random_matched,0,U,IsolationForest,0.005,0.005,alert_rate,0.004757557670025631,56962,75,
498b6479e52b,split_comparison,ULB,random_matched,0,U,IsolationForest,0.005,0.005,prevalence,0.001316667251852112,56962,75,
498b6479e52b,split_comparison,ULB,random_matched,0,U,IsolationForest,0.005,0.005,lift,100.89210332103322,56962,75,
498b6479e52b,split_comparison,ULB,random_matched,0,U,IsolationForest,0.005,0.005,tie_ratio,0.006495558442470406,56962,75,
498b6479e52b,split_comparison,ULB,random_matched,0,U,IsolationForest,0.005,0.005,fit_seconds,1.4379286766052246,56962,75,
498b6479e52b,split_comparison,ULB,random_matched,0,U,IsolationForest,0.005,0.005,score_seconds,1.657562017440796,56962,75,
32a17e575909,split_comparison,ULB,random_matched,0,U,LOF,0.005,0.005,PR_AUC,0.13913147760296196,56962,75,
32a17e575909,split_comparison,ULB,random_matched,0,U,LOF,0.005,0.005,ROC_AUC,0.9050491910864228,56962,75,
32a17e575909,split_comparison,ULB,random_matched,0,U,LOF,0.005,0.005,Precision,0.11956521739130435,56962,75,
32a17e575909,split_comparison,ULB,random_matched,0,U,LOF,0.005,0.005,Recall,0.44,56962,75,
32a17e575909,split_comparison,ULB,random_matched,0,U,LOF,0.005,0.005,F1,0.18803418803418803,56962,75,
32a17e575909,split_comparison,ULB,random_matched,0,U,LOF,0.005,0.005,TN,56644.0,56962,75,
32a17e575909,split_comparison,ULB,random_matched,0,U,LOF,0.005,0.005,FP,243.0,56962,75,
32a17e575909,split_comparison,ULB,random_matched,0,U,LOF,0.005,0.005,FN,42.0,56962,75,
32a17e575909,split_comparison,ULB,random_matched,0,U,LOF,0.005,0.005,TP,33.0,56962,75,
32a17e575909,split_comparison,ULB,random_matched,0,U,LOF,0.005,0.005,n_alerts,276.0,56962,75,
32a17e575909,split_comparison,ULB,random_matched,0,U,LOF,0.005,0.005,alert_rate,0.004845335486815772,56962,75,
32a17e575909,split_comparison,ULB,random_matched,0,U,LOF,0.005,0.005,prevalence,0.001316667251852112,56962,75,
32a17e575909,split_comparison,ULB,random_matched,0,U,LOF,0.005,0.005,lift,90.80898550724638,56962,75,
32a17e575909,split_comparison,ULB,random_matched,0,U,LOF,0.005,0.005,tie_ratio,0.015782451458867364,56962,75,
32a17e575909,split_comparison,ULB,random_matched,0,U,LOF,0.005,0.005,fit_seconds,0.8902816772460938,56962,75,
32a17e575909,split_comparison,ULB,random_matched,0,U,LOF,0.005,0.005,score_seconds,6.38550877571106,56962,75,
c1a61015567c,split_comparison,ULB,random_matched,0,U,OneClassSVM,0.005,0.005,PR_AUC,0.08051378220452682,56962,75,
c1a61015567c,split_comparison,ULB,random_matched,0,U,OneClassSVM,0.005,0.005,ROC_AUC,0.9445837068808924,56962,75,
c1a61015567c,split_comparison,ULB,random_matched,0,U,OneClassSVM,0.005,0.005,Precision,0.10034602076124567,56962,75,
c1a61015567c,split_comparison,ULB,random_matched,0,U,OneClassSVM,0.005,0.005,Recall,0.38666666666666666,56962,75,
c1a61015567c,split_comparison,ULB,random_matched,0,U,OneClassSVM,0.005,0.005,F1,0.15934065934065933,56962,75,
c1a61015567c,split_comparison,ULB,random_matched,0,U,OneClassSVM,0.005,0.005,TN,56627.0,56962,75,
c1a61015567c,split_comparison,ULB,random_matched,0,U,OneClassSVM,0.005,0.005,FP,260.0,56962,75,
c1a61015567c,split_comparison,ULB,random_matched,0,U,OneClassSVM,0.005,0.005,FN,46.0,56962,75,
c1a61015567c,split_comparison,ULB,random_matched,0,U,OneClassSVM,0.005,0.005,TP,29.0,56962,75,
c1a61015567c,split_comparison,ULB,random_matched,0,U,OneClassSVM,0.005,0.005,n_alerts,289.0,56962,75,
c1a61015567c,split_comparison,ULB,random_matched,0,U,OneClassSVM,0.005,0.005,alert_rate,0.005073557810470138,56962,75,
c1a61015567c,split_comparison,ULB,random_matched,0,U,OneClassSVM,0.005,0.005,prevalence,0.001316667251852112,56962,75,
c1a61015567c,split_comparison,ULB,random_matched,0,U,OneClassSVM,0.005,0.005,lift,76.21213379469434,56962,75,
c1a61015567c,split_comparison,ULB,random_matched,0,U,OneClassSVM,0.005,0.005,tie_ratio,0.0011060004915557364,56962,75,
c1a61015567c,split_comparison,ULB,random_matched,0,U,OneClassSVM,0.005,0.005,fit_seconds,0.8789803981781006,56962,75,
c1a61015567c,split_comparison,ULB,random_matched,0,U,OneClassSVM,0.005,0.005,score_seconds,7.375620365142822,56962,75,
b0a676c0e89e,split_comparison,ULB,random_matched,0,U,DBSCAN,0.005,0.005,PR_AUC,0.06452176133986341,56962,75,
b0a676c0e89e,split_comparison,ULB,random_matched,0,U,DBSCAN,0.005,0.005,ROC_AUC,0.9501840490797546,56962,75,
b0a676c0e89e,split_comparison,ULB,random_matched,0,U,DBSCAN,0.005,0.005,Precision,0.07508532423208192,56962,75,
b0a676c0e89e,split_comparison,ULB,random_matched,0,U,DBSCAN,0.005,0.005,Recall,0.29333333333333333,56962,75,
b0a676c0e89e,split_comparison,ULB,random_matched,0,U,DBSCAN,0.005,0.005,F1,0.11956521739130435,56962,75,
b0a676c0e89e,split_comparison,ULB,random_matched,0,U,DBSCAN,0.005,0.005,TN,56616.0,56962,75,
b0a676c0e89e,split_comparison,ULB,random_matched,0,U,DBSCAN,0.005,0.005,FP,271.0,56962,75,
b0a676c0e89e,split_comparison,ULB,random_matched,0,U,DBSCAN,0.005,0.005,FN,53.0,56962,75,
b0a676c0e89e,split_comparison,ULB,random_matched,0,U,DBSCAN,0.005,0.005,TP,22.0,56962,75,
b0a676c0e89e,split_comparison,ULB,random_matched,0,U,DBSCAN,0.005,0.005,n_alerts,293.0,56962,75,
b0a676c0e89e,split_comparison,ULB,random_matched,0,U,DBSCAN,0.005,0.005,alert_rate,0.00514378006390225,56962,75,
b0a676c0e89e,split_comparison,ULB,random_matched,0,U,DBSCAN,0.005,0.005,prevalence,0.001316667251852112,56962,75,
b0a676c0e89e,split_comparison,ULB,random_matched,0,U,DBSCAN,0.005,0.005,lift,57.026803185438,56962,75,
b0a676c0e89e,split_comparison,ULB,random_matched,0,U,DBSCAN,0.005,0.005,tie_ratio,0.003300445911309291,56962,75,
b0a676c0e89e,split_comparison,ULB,random_matched,0,U,DBSCAN,0.005,0.005,fit_seconds,0.7771995067596436,56962,75,
b0a676c0e89e,split_comparison,ULB,random_matched,0,U,DBSCAN,0.005,0.005,score_seconds,0.03300285339355469,56962,75,
1abcac636c57,split_comparison,ULB,random_matched,0,U,KMeans,0.005,0.005,PR_AUC,0.19700562524511134,56962,75,
1abcac636c57,split_comparison,ULB,random_matched,0,U,KMeans,0.005,0.005,ROC_AUC,0.9617620897568864,56962,75,
1abcac636c57,split_comparison,ULB,random_matched,0,U,KMeans,0.005,0.005,Precision,0.13028169014084506,56962,75,
1abcac636c57,split_comparison,ULB,random_matched,0,U,KMeans,0.005,0.005,Recall,0.49333333333333335,56962,75,
1abcac636c57,split_comparison,ULB,random_matched,0,U,KMeans,0.005,0.005,F1,0.20612813370473537,56962,75,
1abcac636c57,split_comparison,ULB,random_matched,0,U,KMeans,0.005,0.005,TN,56640.0,56962,75,
1abcac636c57,split_comparison,ULB,random_matched,0,U,KMeans,0.005,0.005,FP,247.0,56962,75,
1abcac636c57,split_comparison,ULB,random_matched,0,U,KMeans,0.005,0.005,FN,38.0,56962,75,
1abcac636c57,split_comparison,ULB,random_matched,0,U,KMeans,0.005,0.005,TP,37.0,56962,75,
1abcac636c57,split_comparison,ULB,random_matched,0,U,KMeans,0.005,0.005,n_alerts,284.0,56962,75,
1abcac636c57,split_comparison,ULB,random_matched,0,U,KMeans,0.005,0.005,alert_rate,0.004985779993679997,56962,75,
1abcac636c57,split_comparison,ULB,random_matched,0,U,KMeans,0.005,0.005,prevalence,0.001316667251852112,56962,75,
1abcac636c57,split_comparison,ULB,random_matched,0,U,KMeans,0.005,0.005,lift,98.94807511737089,56962,75,
1abcac636c57,split_comparison,ULB,random_matched,0,U,KMeans,0.005,0.005,tie_ratio,0.0033706681647414083,56962,75,
1abcac636c57,split_comparison,ULB,random_matched,0,U,KMeans,0.005,0.005,fit_seconds,6.62891411781311,56962,75,
1abcac636c57,split_comparison,ULB,random_matched,0,U,KMeans,0.005,0.005,score_seconds,0.11345291137695312,56962,75,
3a531d5cda0a,split_comparison,ULB,random_matched,0,U,Ensemble,0.005,0.005,PR_AUC,0.11756921029626208,56962,75,
3a531d5cda0a,split_comparison,ULB,random_matched,0,U,Ensemble,0.005,0.005,ROC_AUC,0.9580929444922976,56962,75,
3a531d5cda0a,split_comparison,ULB,random_matched,0,U,Ensemble,0.005,0.005,Precision,0.12056737588652482,56962,75,
3a531d5cda0a,split_comparison,ULB,random_matched,0,U,Ensemble,0.005,0.005,Recall,0.4533333333333333,56962,75,
3a531d5cda0a,split_comparison,ULB,random_matched,0,U,Ensemble,0.005,0.005,F1,0.19047619047619047,56962,75,
3a531d5cda0a,split_comparison,ULB,random_matched,0,U,Ensemble,0.005,0.005,TN,56639.0,56962,75,
3a531d5cda0a,split_comparison,ULB,random_matched,0,U,Ensemble,0.005,0.005,FP,248.0,56962,75,
3a531d5cda0a,split_comparison,ULB,random_matched,0,U,Ensemble,0.005,0.005,FN,41.0,56962,75,
3a531d5cda0a,split_comparison,ULB,random_matched,0,U,Ensemble,0.005,0.005,TP,34.0,56962,75,
3a531d5cda0a,split_comparison,ULB,random_matched,0,U,Ensemble,0.005,0.005,n_alerts,282.0,56962,75,
3a531d5cda0a,split_comparison,ULB,random_matched,0,U,Ensemble,0.005,0.005,alert_rate,0.004950668866963941,56962,75,
3a531d5cda0a,split_comparison,ULB,random_matched,0,U,Ensemble,0.005,0.005,prevalence,0.001316667251852112,56962,75,
3a531d5cda0a,split_comparison,ULB,random_matched,0,U,Ensemble,0.005,0.005,lift,91.57011820330969,56962,75,
3a531d5cda0a,split_comparison,ULB,random_matched,0,U,Ensemble,0.005,0.005,tie_ratio,0.07183736526105122,56962,75,
3a531d5cda0a,split_comparison,ULB,random_matched,0,U,Ensemble,0.005,0.005,fit_seconds,0.0,56962,75,
3a531d5cda0a,split_comparison,ULB,random_matched,0,U,Ensemble,0.005,0.005,score_seconds,0.0,56962,75,
ab9d43832527,split_comparison,ULB,random_matched,0,U,Ensemble,0.005,0.005,single_point_invariant,1.0,56962,75,invariance
de08a3139cb8,split_comparison,ULB,random_matched,0,N,IsolationForest,0.005,0.005,PR_AUC,0.1541392183768018,56962,75,
de08a3139cb8,split_comparison,ULB,random_matched,0,N,IsolationForest,0.005,0.005,ROC_AUC,0.9544666912768587,56962,75,
de08a3139cb8,split_comparison,ULB,random_matched,0,N,IsolationForest,0.005,0.005,Precision,0.12323943661971831,56962,75,
de08a3139cb8,split_comparison,ULB,random_matched,0,N,IsolationForest,0.005,0.005,Recall,0.4666666666666667,56962,75,
de08a3139cb8,split_comparison,ULB,random_matched,0,N,IsolationForest,0.005,0.005,F1,0.19498607242339833,56962,75,
de08a3139cb8,split_comparison,ULB,random_matched,0,N,IsolationForest,0.005,0.005,TN,56638.0,56962,75,
de08a3139cb8,split_comparison,ULB,random_matched,0,N,IsolationForest,0.005,0.005,FP,249.0,56962,75,
de08a3139cb8,split_comparison,ULB,random_matched,0,N,IsolationForest,0.005,0.005,FN,40.0,56962,75,
de08a3139cb8,split_comparison,ULB,random_matched,0,N,IsolationForest,0.005,0.005,TP,35.0,56962,75,
de08a3139cb8,split_comparison,ULB,random_matched,0,N,IsolationForest,0.005,0.005,n_alerts,284.0,56962,75,
de08a3139cb8,split_comparison,ULB,random_matched,0,N,IsolationForest,0.005,0.005,alert_rate,0.004985779993679997,56962,75,
de08a3139cb8,split_comparison,ULB,random_matched,0,N,IsolationForest,0.005,0.005,prevalence,0.001316667251852112,56962,75,
de08a3139cb8,split_comparison,ULB,random_matched,0,N,IsolationForest,0.005,0.005,lift,93.59953051643193,56962,75,
de08a3139cb8,split_comparison,ULB,random_matched,0,N,IsolationForest,0.005,0.005,tie_ratio,0.006109336048593761,56962,75,
de08a3139cb8,split_comparison,ULB,random_matched,0,N,IsolationForest,0.005,0.005,fit_seconds,1.3776154518127441,56962,75,
de08a3139cb8,split_comparison,ULB,random_matched,0,N,IsolationForest,0.005,0.005,score_seconds,1.67506742477417,56962,75,
4f6a92de5edc,split_comparison,ULB,random_matched,0,N,LOF,0.005,0.005,PR_AUC,0.5248191370318727,56962,75,
4f6a92de5edc,split_comparison,ULB,random_matched,0,N,LOF,0.005,0.005,ROC_AUC,0.9560424467218638,56962,75,
4f6a92de5edc,split_comparison,ULB,random_matched,0,N,LOF,0.005,0.005,Precision,0.22957198443579765,56962,75,
4f6a92de5edc,split_comparison,ULB,random_matched,0,N,LOF,0.005,0.005,Recall,0.7866666666666666,56962,75,
4f6a92de5edc,split_comparison,ULB,random_matched,0,N,LOF,0.005,0.005,F1,0.35542168674698793,56962,75,
4f6a92de5edc,split_comparison,ULB,random_matched,0,N,LOF,0.005,0.005,TN,56689.0,56962,75,
4f6a92de5edc,split_comparison,ULB,random_matched,0,N,LOF,0.005,0.005,FP,198.0,56962,75,
4f6a92de5edc,split_comparison,ULB,random_matched,0,N,LOF,0.005,0.005,FN,16.0,56962,75,
4f6a92de5edc,split_comparison,ULB,random_matched,0,N,LOF,0.005,0.005,TP,59.0,56962,75,
4f6a92de5edc,split_comparison,ULB,random_matched,0,N,LOF,0.005,0.005,n_alerts,257.0,56962,75,
4f6a92de5edc,split_comparison,ULB,random_matched,0,N,LOF,0.005,0.005,alert_rate,0.004511779783013237,56962,75,
4f6a92de5edc,split_comparison,ULB,random_matched,0,N,LOF,0.005,0.005,prevalence,0.001316667251852112,56962,75,
4f6a92de5edc,split_comparison,ULB,random_matched,0,N,LOF,0.005,0.005,lift,174.35839169909207,56962,75,
4f6a92de5edc,split_comparison,ULB,random_matched,0,N,LOF,0.005,0.005,tie_ratio,0.016572451809978572,56962,75,
4f6a92de5edc,split_comparison,ULB,random_matched,0,N,LOF,0.005,0.005,fit_seconds,1.0404911041259766,56962,75,
4f6a92de5edc,split_comparison,ULB,random_matched,0,N,LOF,0.005,0.005,score_seconds,6.247728586196899,56962,75,
b2f5d1b1fb1f,split_comparison,ULB,random_matched,0,N,OneClassSVM,0.005,0.005,PR_AUC,0.1906229839393203,56962,75,
b2f5d1b1fb1f,split_comparison,ULB,random_matched,0,N,OneClassSVM,0.005,0.005,ROC_AUC,0.9486617329091004,56962,75,
b2f5d1b1fb1f,split_comparison,ULB,random_matched,0,N,OneClassSVM,0.005,0.005,Precision,0.16785714285714284,56962,75,
b2f5d1b1fb1f,split_comparison,ULB,random_matched,0,N,OneClassSVM,0.005,0.005,Recall,0.6266666666666667,56962,75,
b2f5d1b1fb1f,split_comparison,ULB,random_matched,0,N,OneClassSVM,0.005,0.005,F1,0.2647887323943662,56962,75,
b2f5d1b1fb1f,split_comparison,ULB,random_matched,0,N,OneClassSVM,0.005,0.005,TN,56654.0,56962,75,
b2f5d1b1fb1f,split_comparison,ULB,random_matched,0,N,OneClassSVM,0.005,0.005,FP,233.0,56962,75,
b2f5d1b1fb1f,split_comparison,ULB,random_matched,0,N,OneClassSVM,0.005,0.005,FN,28.0,56962,75,
b2f5d1b1fb1f,split_comparison,ULB,random_matched,0,N,OneClassSVM,0.005,0.005,TP,47.0,56962,75,
b2f5d1b1fb1f,split_comparison,ULB,random_matched,0,N,OneClassSVM,0.005,0.005,n_alerts,280.0,56962,75,
b2f5d1b1fb1f,split_comparison,ULB,random_matched,0,N,OneClassSVM,0.005,0.005,alert_rate,0.004915557740247885,56962,75,
b2f5d1b1fb1f,split_comparison,ULB,random_matched,0,N,OneClassSVM,0.005,0.005,prevalence,0.001316667251852112,56962,75,
b2f5d1b1fb1f,split_comparison,ULB,random_matched,0,N,OneClassSVM,0.005,0.005,lift,127.48638095238094,56962,75,
b2f5d1b1fb1f,split_comparison,ULB,random_matched,0,N,OneClassSVM,0.005,0.005,tie_ratio,0.0011235560549137658,56962,75,
b2f5d1b1fb1f,split_comparison,ULB,random_matched,0,N,OneClassSVM,0.005,0.005,fit_seconds,1.0365478992462158,56962,75,
b2f5d1b1fb1f,split_comparison,ULB,random_matched,0,N,OneClassSVM,0.005,0.005,score_seconds,8.01187515258789,56962,75,
c44030bbd4bb,split_comparison,ULB,random_matched,0,N,DBSCAN,0.005,0.005,PR_AUC,0.06318893096005945,56962,75,
c44030bbd4bb,split_comparison,ULB,random_matched,0,N,DBSCAN,0.005,0.005,ROC_AUC,0.9417319715693685,56962,75,
c44030bbd4bb,split_comparison,ULB,random_matched,0,N,DBSCAN,0.005,0.005,Precision,0.07167235494880546,56962,75,
c44030bbd4bb,split_comparison,ULB,random_matched,0,N,DBSCAN,0.005,0.005,Recall,0.28,56962,75,
c44030bbd4bb,split_comparison,ULB,random_matched,0,N,DBSCAN,0.005,0.005,F1,0.11413043478260869,56962,75,
c44030bbd4bb,split_comparison,ULB,random_matched,0,N,DBSCAN,0.005,0.005,TN,56615.0,56962,75,
c44030bbd4bb,split_comparison,ULB,random_matched,0,N,DBSCAN,0.005,0.005,FP,272.0,56962,75,
c44030bbd4bb,split_comparison,ULB,random_matched,0,N,DBSCAN,0.005,0.005,FN,54.0,56962,75,
c44030bbd4bb,split_comparison,ULB,random_matched,0,N,DBSCAN,0.005,0.005,TP,21.0,56962,75,
c44030bbd4bb,split_comparison,ULB,random_matched,0,N,DBSCAN,0.005,0.005,n_alerts,293.0,56962,75,
c44030bbd4bb,split_comparison,ULB,random_matched,0,N,DBSCAN,0.005,0.005,alert_rate,0.00514378006390225,56962,75,
c44030bbd4bb,split_comparison,ULB,random_matched,0,N,DBSCAN,0.005,0.005,prevalence,0.001316667251852112,56962,75,
c44030bbd4bb,split_comparison,ULB,random_matched,0,N,DBSCAN,0.005,0.005,lift,54.43467576791809,56962,75,
c44030bbd4bb,split_comparison,ULB,random_matched,0,N,DBSCAN,0.005,0.005,tie_ratio,0.0028264457006424992,56962,75,
c44030bbd4bb,split_comparison,ULB,random_matched,0,N,DBSCAN,0.005,0.005,fit_seconds,0.7228069305419922,56962,75,
c44030bbd4bb,split_comparison,ULB,random_matched,0,N,DBSCAN,0.005,0.005,score_seconds,0.030097007751464844,56962,75,
5263ce83ac65,split_comparison,ULB,random_matched,0,N,KMeans,0.005,0.005,PR_AUC,0.20576583971996387,56962,75,
5263ce83ac65,split_comparison,ULB,random_matched,0,N,KMeans,0.005,0.005,ROC_AUC,0.9619807688927171,56962,75,
5263ce83ac65,split_comparison,ULB,random_matched,0,N,KMeans,0.005,0.005,Precision,0.12857142857142856,56962,75,
5263ce83ac65,split_comparison,ULB,random_matched,0,N,KMeans,0.005,0.005,Recall,0.48,56962,75,
5263ce83ac65,split_comparison,ULB,random_matched,0,N,KMeans,0.005,0.005,F1,0.2028169014084507,56962,75,
5263ce83ac65,split_comparison,ULB,random_matched,0,N,KMeans,0.005,0.005,TN,56643.0,56962,75,
5263ce83ac65,split_comparison,ULB,random_matched,0,N,KMeans,0.005,0.005,FP,244.0,56962,75,
5263ce83ac65,split_comparison,ULB,random_matched,0,N,KMeans,0.005,0.005,FN,39.0,56962,75,
5263ce83ac65,split_comparison,ULB,random_matched,0,N,KMeans,0.005,0.005,TP,36.0,56962,75,
5263ce83ac65,split_comparison,ULB,random_matched,0,N,KMeans,0.005,0.005,n_alerts,280.0,56962,75,
5263ce83ac65,split_comparison,ULB,random_matched,0,N,KMeans,0.005,0.005,alert_rate,0.004915557740247885,56962,75,
5263ce83ac65,split_comparison,ULB,random_matched,0,N,KMeans,0.005,0.005,prevalence,0.001316667251852112,56962,75,
5263ce83ac65,split_comparison,ULB,random_matched,0,N,KMeans,0.005,0.005,lift,97.64914285714285,56962,75,
5263ce83ac65,split_comparison,ULB,random_matched,0,N,KMeans,0.005,0.005,tie_ratio,0.003247779221235203,56962,75,
5263ce83ac65,split_comparison,ULB,random_matched,0,N,KMeans,0.005,0.005,fit_seconds,6.604287385940552,56962,75,
5263ce83ac65,split_comparison,ULB,random_matched,0,N,KMeans,0.005,0.005,score_seconds,0.11466097831726074,56962,75,
54a543b418b9,split_comparison,ULB,random_matched,0,N,Ensemble,0.005,0.005,PR_AUC,0.27995680125922745,56962,75,
54a543b418b9,split_comparison,ULB,random_matched,0,N,Ensemble,0.005,0.005,ROC_AUC,0.9593930657853874,56962,75,
54a543b418b9,split_comparison,ULB,random_matched,0,N,Ensemble,0.005,0.005,Precision,0.19424460431654678,56962,75,
54a543b418b9,split_comparison,ULB,random_matched,0,N,Ensemble,0.005,0.005,Recall,0.72,56962,75,
54a543b418b9,split_comparison,ULB,random_matched,0,N,Ensemble,0.005,0.005,F1,0.3059490084985836,56962,75,
54a543b418b9,split_comparison,ULB,random_matched,0,N,Ensemble,0.005,0.005,TN,56663.0,56962,75,
54a543b418b9,split_comparison,ULB,random_matched,0,N,Ensemble,0.005,0.005,FP,224.0,56962,75,
54a543b418b9,split_comparison,ULB,random_matched,0,N,Ensemble,0.005,0.005,FN,21.0,56962,75,
54a543b418b9,split_comparison,ULB,random_matched,0,N,Ensemble,0.005,0.005,TP,54.0,56962,75,
54a543b418b9,split_comparison,ULB,random_matched,0,N,Ensemble,0.005,0.005,n_alerts,278.0,56962,75,
54a543b418b9,split_comparison,ULB,random_matched,0,N,Ensemble,0.005,0.005,alert_rate,0.004880446613531828,56962,75,
54a543b418b9,split_comparison,ULB,random_matched,0,N,Ensemble,0.005,0.005,prevalence,0.001316667251852112,56962,75,
54a543b418b9,split_comparison,ULB,random_matched,0,N,Ensemble,0.005,0.005,lift,147.52748201438848,56962,75,
54a543b418b9,split_comparison,ULB,random_matched,0,N,Ensemble,0.005,0.005,tie_ratio,0.06906358625048281,56962,75,
54a543b418b9,split_comparison,ULB,random_matched,0,N,Ensemble,0.005,0.005,fit_seconds,0.0,56962,75,
54a543b418b9,split_comparison,ULB,random_matched,0,N,Ensemble,0.005,0.005,score_seconds,0.0,56962,75,
d474dc865d8e,split_comparison,ULB,random_matched,0,N,Ensemble,0.005,0.005,single_point_invariant,1.0,56962,75,invariance
473d58f80524,split_comparison,ULB,random_matched,0,O,IsolationForest,0.005,0.0018316625995564216,PR_AUC,0.15892797310086004,56962,75,
473d58f80524,split_comparison,ULB,random_matched,0,O,IsolationForest,0.005,0.0018316625995564216,ROC_AUC,0.9543980171216622,56962,75,
473d58f80524,split_comparison,ULB,random_matched,0,O,IsolationForest,0.005,0.0018316625995564216,Precision,0.2403846153846154,56962,75,
473d58f80524,split_comparison,ULB,random_matched,0,O,IsolationForest,0.005,0.0018316625995564216,Recall,0.3333333333333333,56962,75,
473d58f80524,split_comparison,ULB,random_matched,0,O,IsolationForest,0.005,0.0018316625995564216,F1,0.27932960893854747,56962,75,
473d58f80524,split_comparison,ULB,random_matched,0,O,IsolationForest,0.005,0.0018316625995564216,TN,56808.0,56962,75,
473d58f80524,split_comparison,ULB,random_matched,0,O,IsolationForest,0.005,0.0018316625995564216,FP,79.0,56962,75,
473d58f80524,split_comparison,ULB,random_matched,0,O,IsolationForest,0.005,0.0018316625995564216,FN,50.0,56962,75,
473d58f80524,split_comparison,ULB,random_matched,0,O,IsolationForest,0.005,0.0018316625995564216,TP,25.0,56962,75,
473d58f80524,split_comparison,ULB,random_matched,0,O,IsolationForest,0.005,0.0018316625995564216,n_alerts,104.0,56962,75,
473d58f80524,split_comparison,ULB,random_matched,0,O,IsolationForest,0.005,0.0018316625995564216,alert_rate,0.0018257785892349286,56962,75,
473d58f80524,split_comparison,ULB,random_matched,0,O,IsolationForest,0.005,0.0018316625995564216,prevalence,0.001316667251852112,56962,75,
473d58f80524,split_comparison,ULB,random_matched,0,O,IsolationForest,0.005,0.0018316625995564216,lift,182.57051282051282,56962,75,
473d58f80524,split_comparison,ULB,random_matched,0,O,IsolationForest,0.005,0.0018316625995564216,tie_ratio,0.006495558442470406,56962,75,
473d58f80524,split_comparison,ULB,random_matched,0,O,IsolationForest,0.005,0.0018316625995564216,fit_seconds,1.4334256649017334,56962,75,
473d58f80524,split_comparison,ULB,random_matched,0,O,IsolationForest,0.005,0.0018316625995564216,score_seconds,1.6563982963562012,56962,75,
37913f77cbc6,split_comparison,ULB,random_matched,0,O,LOF,0.005,0.0018316625995564216,PR_AUC,0.13913147760296196,56962,75,
37913f77cbc6,split_comparison,ULB,random_matched,0,O,LOF,0.005,0.0018316625995564216,ROC_AUC,0.9050491910864228,56962,75,
37913f77cbc6,split_comparison,ULB,random_matched,0,O,LOF,0.005,0.0018316625995564216,Precision,0.16494845360824742,56962,75,
37913f77cbc6,split_comparison,ULB,random_matched,0,O,LOF,0.005,0.0018316625995564216,Recall,0.21333333333333335,56962,75,
37913f77cbc6,split_comparison,ULB,random_matched,0,O,LOF,0.005,0.0018316625995564216,F1,0.18604651162790697,56962,75,
37913f77cbc6,split_comparison,ULB,random_matched,0,O,LOF,0.005,0.0018316625995564216,TN,56806.0,56962,75,
37913f77cbc6,split_comparison,ULB,random_matched,0,O,LOF,0.005,0.0018316625995564216,FP,81.0,56962,75,
37913f77cbc6,split_comparison,ULB,random_matched,0,O,LOF,0.005,0.0018316625995564216,FN,59.0,56962,75,
37913f77cbc6,split_comparison,ULB,random_matched,0,O,LOF,0.005,0.0018316625995564216,TP,16.0,56962,75,
37913f77cbc6,split_comparison,ULB,random_matched,0,O,LOF,0.005,0.0018316625995564216,n_alerts,97.0,56962,75,
37913f77cbc6,split_comparison,ULB,random_matched,0,O,LOF,0.005,0.0018316625995564216,alert_rate,0.0017028896457287315,56962,75,
37913f77cbc6,split_comparison,ULB,random_matched,0,O,LOF,0.005,0.0018316625995564216,prevalence,0.001316667251852112,56962,75,
37913f77cbc6,split_comparison,ULB,random_matched,0,O,LOF,0.005,0.0018316625995564216,lift,125.27725085910653,56962,75,
37913f77cbc6,split_comparison,ULB,random_matched,0,O,LOF,0.005,0.0018316625995564216,tie_ratio,0.015782451458867364,56962,75,
37913f77cbc6,split_comparison,ULB,random_matched,0,O,LOF,0.005,0.0018316625995564216,fit_seconds,0.8980894088745117,56962,75,
37913f77cbc6,split_comparison,ULB,random_matched,0,O,LOF,0.005,0.0018316625995564216,score_seconds,6.26327919960022,56962,75,
f37c2735a0b6,split_comparison,ULB,random_matched,0,O,OneClassSVM,0.005,0.0018316625995564216,PR_AUC,0.08046675432727673,56962,75,
f37c2735a0b6,split_comparison,ULB,random_matched,0,O,OneClassSVM,0.005,0.0018316625995564216,ROC_AUC,0.9445525339708544,56962,75,
f37c2735a0b6,split_comparison,ULB,random_matched,0,O,OneClassSVM,0.005,0.0018316625995564216,Precision,0.06593406593406594,56962,75,
f37c2735a0b6,split_comparison,ULB,random_matched,0,O,OneClassSVM,0.005,0.0018316625995564216,Recall,0.08,56962,75,
f37c2735a0b6,split_comparison,ULB,random_matched,0,O,OneClassSVM,0.005,0.0018316625995564216,F1,0.07228915662650602,56962,75,
f37c2735a0b6,split_comparison,ULB,random_matched,0,O,OneClassSVM,0.005,0.0018316625995564216,TN,56802.0,56962,75,
f37c2735a0b6,split_comparison,ULB,random_matched,0,O,OneClassSVM,0.005,0.0018316625995564216,FP,85.0,56962,75,
f37c2735a0b6,split_comparison,ULB,random_matched,0,O,OneClassSVM,0.005,0.0018316625995564216,FN,69.0,56962,75,
f37c2735a0b6,split_comparison,ULB,random_matched,0,O,OneClassSVM,0.005,0.0018316625995564216,TP,6.0,56962,75,
f37c2735a0b6,split_comparison,ULB,random_matched,0,O,OneClassSVM,0.005,0.0018316625995564216,n_alerts,91.0,56962,75,
f37c2735a0b6,split_comparison,ULB,random_matched,0,O,OneClassSVM,0.005,0.0018316625995564216,alert_rate,0.0015975562655805625,56962,75,
f37c2735a0b6,split_comparison,ULB,random_matched,0,O,OneClassSVM,0.005,0.0018316625995564216,prevalence,0.001316667251852112,56962,75,
f37c2735a0b6,split_comparison,ULB,random_matched,0,O,OneClassSVM,0.005,0.0018316625995564216,lift,50.07648351648351,56962,75,
f37c2735a0b6,split_comparison,ULB,random_matched,0,O,OneClassSVM,0.005,0.0018316625995564216,tie_ratio,0.0011060004915557364,56962,75,
f37c2735a0b6,split_comparison,ULB,random_matched,0,O,OneClassSVM,0.005,0.0018316625995564216,fit_seconds,0.8636317253112793,56962,75,
f37c2735a0b6,split_comparison,ULB,random_matched,0,O,OneClassSVM,0.005,0.0018316625995564216,score_seconds,8.273380994796753,56962,75,
87f6c4814fb7,split_comparison,ULB,random_matched,0,O,DBSCAN,0.005,0.0018316625995564216,PR_AUC,0.06452176133986341,56962,75,
87f6c4814fb7,split_comparison,ULB,random_matched,0,O,DBSCAN,0.005,0.0018316625995564216,ROC_AUC,0.9501840490797546,56962,75,
87f6c4814fb7,split_comparison,ULB,random_matched,0,O,DBSCAN,0.005,0.0018316625995564216,Precision,0.16326530612244897,56962,75,
87f6c4814fb7,split_comparison,ULB,random_matched,0,O,DBSCAN,0.005,0.0018316625995564216,Recall,0.21333333333333335,56962,75,
87f6c4814fb7,split_comparison,ULB,random_matched,0,O,DBSCAN,0.005,0.0018316625995564216,F1,0.18497109826589594,56962,75,
87f6c4814fb7,split_comparison,ULB,random_matched,0,O,DBSCAN,0.005,0.0018316625995564216,TN,56805.0,56962,75,
87f6c4814fb7,split_comparison,ULB,random_matched,0,O,DBSCAN,0.005,0.0018316625995564216,FP,82.0,56962,75,
87f6c4814fb7,split_comparison,ULB,random_matched,0,O,DBSCAN,0.005,0.0018316625995564216,FN,59.0,56962,75,
87f6c4814fb7,split_comparison,ULB,random_matched,0,O,DBSCAN,0.005,0.0018316625995564216,TP,16.0,56962,75,
87f6c4814fb7,split_comparison,ULB,random_matched,0,O,DBSCAN,0.005,0.0018316625995564216,n_alerts,98.0,56962,75,
87f6c4814fb7,split_comparison,ULB,random_matched,0,O,DBSCAN,0.005,0.0018316625995564216,alert_rate,0.0017204452090867595,56962,75,
87f6c4814fb7,split_comparison,ULB,random_matched,0,O,DBSCAN,0.005,0.0018316625995564216,prevalence,0.001316667251852112,56962,75,
87f6c4814fb7,split_comparison,ULB,random_matched,0,O,DBSCAN,0.005,0.0018316625995564216,lift,123.99891156462584,56962,75,
87f6c4814fb7,split_comparison,ULB,random_matched,0,O,DBSCAN,0.005,0.0018316625995564216,tie_ratio,0.003300445911309291,56962,75,
87f6c4814fb7,split_comparison,ULB,random_matched,0,O,DBSCAN,0.005,0.0018316625995564216,fit_seconds,0.765894889831543,56962,75,
87f6c4814fb7,split_comparison,ULB,random_matched,0,O,DBSCAN,0.005,0.0018316625995564216,score_seconds,0.030995607376098633,56962,75,
8ec6a95272f4,split_comparison,ULB,random_matched,0,O,KMeans,0.005,0.0018316625995564216,PR_AUC,0.19700562524511134,56962,75,
8ec6a95272f4,split_comparison,ULB,random_matched,0,O,KMeans,0.005,0.0018316625995564216,ROC_AUC,0.9617620897568865,56962,75,
8ec6a95272f4,split_comparison,ULB,random_matched,0,O,KMeans,0.005,0.0018316625995564216,Precision,0.23711340206185566,56962,75,
8ec6a95272f4,split_comparison,ULB,random_matched,0,O,KMeans,0.005,0.0018316625995564216,Recall,0.30666666666666664,56962,75,
8ec6a95272f4,split_comparison,ULB,random_matched,0,O,KMeans,0.005,0.0018316625995564216,F1,0.26744186046511625,56962,75,
8ec6a95272f4,split_comparison,ULB,random_matched,0,O,KMeans,0.005,0.0018316625995564216,TN,56813.0,56962,75,
8ec6a95272f4,split_comparison,ULB,random_matched,0,O,KMeans,0.005,0.0018316625995564216,FP,74.0,56962,75,
8ec6a95272f4,split_comparison,ULB,random_matched,0,O,KMeans,0.005,0.0018316625995564216,FN,52.0,56962,75,
8ec6a95272f4,split_comparison,ULB,random_matched,0,O,KMeans,0.005,0.0018316625995564216,TP,23.0,56962,75,
8ec6a95272f4,split_comparison,ULB,random_matched,0,O,KMeans,0.005,0.0018316625995564216,n_alerts,97.0,56962,75,
8ec6a95272f4,split_comparison,ULB,random_matched,0,O,KMeans,0.005,0.0018316625995564216,alert_rate,0.0017028896457287315,56962,75,
8ec6a95272f4,split_comparison,ULB,random_matched,0,O,KMeans,0.005,0.0018316625995564216,prevalence,0.001316667251852112,56962,75,
8ec6a95272f4,split_comparison,ULB,random_matched,0,O,KMeans,0.005,0.0018316625995564216,lift,180.08604810996562,56962,75,
8ec6a95272f4,split_comparison,ULB,random_matched,0,O,KMeans,0.005,0.0018316625995564216,tie_ratio,0.003353112601383379,56962,75,
8ec6a95272f4,split_comparison,ULB,random_matched,0,O,KMeans,0.005,0.0018316625995564216,fit_seconds,6.686687469482422,56962,75,
8ec6a95272f4,split_comparison,ULB,random_matched,0,O,KMeans,0.005,0.0018316625995564216,score_seconds,0.11334919929504395,56962,75,
4f15778d23be,split_comparison,ULB,random_matched,0,O,Ensemble,0.005,0.0018316625995564216,PR_AUC,0.1175948986592434,56962,75,
4f15778d23be,split_comparison,ULB,random_matched,0,O,Ensemble,0.005,0.0018316625995564216,ROC_AUC,0.9580827488412702,56962,75,
4f15778d23be,split_comparison,ULB,random_matched,0,O,Ensemble,0.005,0.0018316625995564216,Precision,0.1411764705882353,56962,75,
4f15778d23be,split_comparison,ULB,random_matched,0,O,Ensemble,0.005,0.0018316625995564216,Recall,0.16,56962,75,
4f15778d23be,split_comparison,ULB,random_matched,0,O,Ensemble,0.005,0.0018316625995564216,F1,0.15,56962,75,
4f15778d23be,split_comparison,ULB,random_matched,0,O,Ensemble,0.005,0.0018316625995564216,TN,56814.0,56962,75,
4f15778d23be,split_comparison,ULB,random_matched,0,O,Ensemble,0.005,0.0018316625995564216,FP,73.0,56962,75,
4f15778d23be,split_comparison,ULB,random_matched,0,O,Ensemble,0.005,0.0018316625995564216,FN,63.0,56962,75,
4f15778d23be,split_comparison,ULB,random_matched,0,O,Ensemble,0.005,0.0018316625995564216,TP,12.0,56962,75,
4f15778d23be,split_comparison,ULB,random_matched,0,O,Ensemble,0.005,0.0018316625995564216,n_alerts,85.0,56962,75,
4f15778d23be,split_comparison,ULB,random_matched,0,O,Ensemble,0.005,0.0018316625995564216,alert_rate,0.0014922228854323935,56962,75,
4f15778d23be,split_comparison,ULB,random_matched,0,O,Ensemble,0.005,0.0018316625995564216,prevalence,0.001316667251852112,56962,75,
4f15778d23be,split_comparison,ULB,random_matched,0,O,Ensemble,0.005,0.0018316625995564216,lift,107.22258823529411,56962,75,
4f15778d23be,split_comparison,ULB,random_matched,0,O,Ensemble,0.005,0.0018316625995564216,tie_ratio,0.07297847687932302,56962,75,
4f15778d23be,split_comparison,ULB,random_matched,0,O,Ensemble,0.005,0.0018316625995564216,fit_seconds,0.0,56962,75,
4f15778d23be,split_comparison,ULB,random_matched,0,O,Ensemble,0.005,0.0018316625995564216,score_seconds,0.0,56962,75,
414ac04c2448,split_comparison,ULB,random_matched,0,O,Ensemble,0.005,0.0018316625995564216,single_point_invariant,1.0,56962,75,invariance
079ff7318f16,split_comparison,ULB,random_matched,1,U,IsolationForest,0.005,0.005,PR_AUC,0.11461052542899912,56962,75,
079ff7318f16,split_comparison,ULB,random_matched,1,U,IsolationForest,0.005,0.005,ROC_AUC,0.9501275628292345,56962,75,
079ff7318f16,split_comparison,ULB,random_matched,1,U,IsolationForest,0.005,0.005,Precision,0.12121212121212122,56962,75,
079ff7318f16,split_comparison,ULB,random_matched,1,U,IsolationForest,0.005,0.005,Recall,0.48,56962,75,
079ff7318f16,split_comparison,ULB,random_matched,1,U,IsolationForest,0.005,0.005,F1,0.1935483870967742,56962,75,
079ff7318f16,split_comparison,ULB,random_matched,1,U,IsolationForest,0.005,0.005,TN,56626.0,56962,75,
079ff7318f16,split_comparison,ULB,random_matched,1,U,IsolationForest,0.005,0.005,FP,261.0,56962,75,
079ff7318f16,split_comparison,ULB,random_matched,1,U,IsolationForest,0.005,0.005,FN,39.0,56962,75,
079ff7318f16,split_comparison,ULB,random_matched,1,U,IsolationForest,0.005,0.005,TP,36.0,56962,75,
079ff7318f16,split_comparison,ULB,random_matched,1,U,IsolationForest,0.005,0.005,n_alerts,297.0,56962,75,
079ff7318f16,split_comparison,ULB,random_matched,1,U,IsolationForest,0.005,0.005,alert_rate,0.005214002317334363,56962,75,
079ff7318f16,split_comparison,ULB,random_matched,1,U,IsolationForest,0.005,0.005,prevalence,0.001316667251852112,56962,75,
079ff7318f16,split_comparison,ULB,random_matched,1,U,IsolationForest,0.005,0.005,lift,92.05979797979798,56962,75,
079ff7318f16,split_comparison,ULB,random_matched,1,U,IsolationForest,0.005,0.005,tie_ratio,0.006829114146272963,56962,75,
079ff7318f16,split_comparison,ULB,random_matched,1,U,IsolationForest,0.005,0.005,fit_seconds,1.2912852764129639,56962,75,
079ff7318f16,split_comparison,ULB,random_matched,1,U,IsolationForest,0.005,0.005,score_seconds,1.6702141761779785,56962,75,
c0dee947be14,split_comparison,ULB,random_matched,1,U,LOF,0.005,0.005,PR_AUC,0.010121626991627879,56962,75,
c0dee947be14,split_comparison,ULB,random_matched,1,U,LOF,0.005,0.005,ROC_AUC,0.802908221562044,56962,75,
c0dee947be14,split_comparison,ULB,random_matched,1,U,LOF,0.005,0.005,Precision,0.014545454545454545,56962,75,
c0dee947be14,split_comparison,ULB,random_matched,1,U,LOF,0.005,0.005,Recall,0.05333333333333334,56962,75,
c0dee947be14,split_comparison,ULB,random_matched,1,U,LOF,0.005,0.005,F1,0.022857142857142857,56962,75,
c0dee947be14,split_comparison,ULB,random_matched,1,U,LOF,0.005,0.005,TN,56616.0,56962,75,
c0dee947be14,split_comparison,ULB,random_matched,1,U,LOF,0.005,0.005,FP,271.0,56962,75,
c0dee947be14,split_comparison,ULB,random_matched,1,U,LOF,0.005,0.005,FN,71.0,56962,75,
c0dee947be14,split_comparison,ULB,random_matched,1,U,LOF,0.005,0.005,TP,4.0,56962,75,
c0dee947be14,split_comparison,ULB,random_matched,1,U,LOF,0.005,0.005,n_alerts,275.0,56962,75,
c0dee947be14,split_comparison,ULB,random_matched,1,U,LOF,0.005,0.005,alert_rate,0.004827779923457743,56962,75,
c0dee947be14,split_comparison,ULB,random_matched,1,U,LOF,0.005,0.005,prevalence,0.001316667251852112,56962,75,
c0dee947be14,split_comparison,ULB,random_matched,1,U,LOF,0.005,0.005,lift,11.047175757575758,56962,75,
c0dee947be14,split_comparison,ULB,random_matched,1,U,LOF,0.005,0.005,tie_ratio,0.016291562796250103,56962,75,
c0dee947be14,split_comparison,ULB,random_matched,1,U,LOF,0.005,0.005,fit_seconds,0.8522775173187256,56962,75,
c0dee947be14,split_comparison,ULB,random_matched,1,U,LOF,0.005,0.005,score_seconds,6.113820552825928,56962,75,
b29865721ccd,split_comparison,ULB,random_matched,1,U,OneClassSVM,0.005,0.005,PR_AUC,0.06945573251900168,56962,75,
b29865721ccd,split_comparison,ULB,random_matched,1,U,OneClassSVM,0.005,0.005,ROC_AUC,0.921608803417301,56962,75,
b29865721ccd,split_comparison,ULB,random_matched,1,U,OneClassSVM,0.005,0.005,Precision,0.10460251046025104,56962,75,
b29865721ccd,split_comparison,ULB,random_matched,1,U,OneClassSVM,0.005,0.005,Recall,0.3333333333333333,56962,75,
b29865721ccd,split_comparison,ULB,random_matched,1,U,OneClassSVM,0.005,0.005,F1,0.1592356687898089,56962,75,
b29865721ccd,split_comparison,ULB,random_matched,1,U,OneClassSVM,0.005,0.005,TN,56673.0,56962,75,
b29865721ccd,split_comparison,ULB,random_matched,1,U,OneClassSVM,0.005,0.005,FP,214.0,56962,75,
b29865721ccd,split_comparison,ULB,random_matched,1,U,OneClassSVM,0.005,0.005,FN,50.0,56962,75,
b29865721ccd,split_comparison,ULB,random_matched,1,U,OneClassSVM,0.005,0.005,TP,25.0,56962,75,
b29865721ccd,split_comparison,ULB,random_matched,1,U,OneClassSVM,0.005,0.005,n_alerts,239.0,56962,75,
b29865721ccd,split_comparison,ULB,random_matched,1,U,OneClassSVM,0.005,0.005,alert_rate,0.00419577964256873,56962,75,
b29865721ccd,split_comparison,ULB,random_matched,1,U,OneClassSVM,0.005,0.005,prevalence,0.001316667251852112,56962,75,
b29865721ccd,split_comparison,ULB,random_matched,1,U,OneClassSVM,0.005,0.005,lift,79.44490934449092,56962,75,
b29865721ccd,split_comparison,ULB,random_matched,1,U,OneClassSVM,0.005,0.005,tie_ratio,0.0008251114778273783,56962,75,
b29865721ccd,split_comparison,ULB,random_matched,1,U,OneClassSVM,0.005,0.005,fit_seconds,0.7986049652099609,56962,75,
b29865721ccd,split_comparison,ULB,random_matched,1,U,OneClassSVM,0.005,0.005,score_seconds,7.599189758300781,56962,75,
be01f06ce9da,split_comparison,ULB,random_matched,1,U,DBSCAN,0.005,0.005,PR_AUC,0.05231045998708476,56962,75,
be01f06ce9da,split_comparison,ULB,random_matched,1,U,DBSCAN,0.005,0.005,ROC_AUC,0.950867743655551,56962,75,
be01f06ce9da,split_comparison,ULB,random_matched,1,U,DBSCAN,0.005,0.005,Precision,0.06872852233676977,56962,75,
be01f06ce9da,split_comparison,ULB,random_matched,1,U,DBSCAN,0.005,0.005,Recall,0.26666666666666666,56962,75,
be01f06ce9da,split_comparison,ULB,random_matched,1,U,DBSCAN,0.005,0.005,F1,0.1092896174863388,56962,75,
be01f06ce9da,split_comparison,ULB,random_matched,1,U,DBSCAN,0.005,0.005,TN,56616.0,56962,75,
be01f06ce9da,split_comparison,ULB,random_matched,1,U,DBSCAN,0.005,0.005,FP,271.0,56962,75,
be01f06ce9da,split_comparison,ULB,random_matched,1,U,DBSCAN,0.005,0.005,FN,55.0,56962,75,
be01f06ce9da,split_comparison,ULB,random_matched,1,U,DBSCAN,0.005,0.005,TP,20.0,56962,75,
be01f06ce9da,split_comparison,ULB,random_matched,1,U,DBSCAN,0.005,0.005,n_alerts,291.0,56962,75,
be01f06ce9da,split_comparison,ULB,random_matched,1,U,DBSCAN,0.005,0.005,alert_rate,0.005108668937186194,56962,75,
be01f06ce9da,split_comparison,ULB,random_matched,1,U,DBSCAN,0.005,0.005,prevalence,0.001316667251852112,56962,75,
be01f06ce9da,split_comparison,ULB,random_matched,1,U,DBSCAN,0.005,0.005,lift,52.19885452462773,56962,75,
be01f06ce9da,split_comparison,ULB,random_matched,1,U,DBSCAN,0.005,0.005,tie_ratio,0.002914223517432646,56962,75,
be01f06ce9da,split_comparison,ULB,random_matched,1,U,DBSCAN,0.005,0.005,fit_seconds,0.9786686897277832,56962,75,
be01f06ce9da,split_comparison,ULB,random_matched,1,U,DBSCAN,0.005,0.005,score_seconds,0.033354997634887695,56962,75,
a26be111cf5c,split_comparison,ULB,random_matched,1,U,KMeans,0.005,0.005,PR_AUC,0.12970533713233293,56962,75,
a26be111cf5c,split_comparison,ULB,random_matched,1,U,KMeans,0.005,0.005,ROC_AUC,0.9600421889008035,56962,75,
a26be111cf5c,split_comparison,ULB,random_matched,1,U,KMeans,0.005,0.005,Precision,0.15079365079365079,56962,75,
a26be111cf5c,split_comparison,ULB,random_matched,1,U,KMeans,0.005,0.005,Recall,0.5066666666666667,56962,75,
a26be111cf5c,split_comparison,ULB,random_matched,1,U,KMeans,0.005,0.005,F1,0.2324159021406728,56962,75,
a26be111cf5c,split_comparison,ULB,random_matched,1,U,KMeans,0.005,0.005,TN,56673.0,56962,75,
a26be111cf5c,split_comparison,ULB,random_matched,1,U,KMeans,0.005,0.005,FP,214.0,56962,75,
a26be111cf5c,split_comparison,ULB,random_matched,1,U,KMeans,0.005,0.005,FN,37.0,56962,75,
a26be111cf5c,split_comparison,ULB,random_matched,1,U,KMeans,0.005,0.005,TP,38.0,56962,75,
a26be111cf5c,split_comparison,ULB,random_matched,1,U,KMeans,0.005,0.005,n_alerts,252.0,56962,75,
a26be111cf5c,split_comparison,ULB,random_matched,1,U,KMeans,0.005,0.005,alert_rate,0.004424001966223096,56962,75,
a26be111cf5c,split_comparison,ULB,random_matched,1,U,KMeans,0.005,0.005,prevalence,0.001316667251852112,56962,75,
a26be111cf5c,split_comparison,ULB,random_matched,1,U,KMeans,0.005,0.005,lift,114.52677248677247,56962,75,
a26be111cf5c,split_comparison,ULB,random_matched,1,U,KMeans,0.005,0.005,tie_ratio,0.002931779080790675,56962,75,
a26be111cf5c,split_comparison,ULB,random_matched,1,U,KMeans,0.005,0.005,fit_seconds,6.617050647735596,56962,75,
a26be111cf5c,split_comparison,ULB,random_matched,1,U,KMeans,0.005,0.005,score_seconds,0.11113119125366211,56962,75,
e44bd5d48bf5,split_comparison,ULB,random_matched,1,U,Ensemble,0.005,0.005,PR_AUC,0.05365282287276206,56962,75,
e44bd5d48bf5,split_comparison,ULB,random_matched,1,U,Ensemble,0.005,0.005,ROC_AUC,0.9463671254709629,56962,75,
e44bd5d48bf5,split_comparison,ULB,random_matched,1,U,Ensemble,0.005,0.005,Precision,0.1031390134529148,56962,75,
e44bd5d48bf5,split_comparison,ULB,random_matched,1,U,Ensemble,0.005,0.005,Recall,0.30666666666666664,56962,75,
e44bd5d48bf5,split_comparison,ULB,random_matched,1,U,Ensemble,0.005,0.005,F1,0.15436241610738255,56962,75,
e44bd5d48bf5,split_comparison,ULB,random_matched,1,U,Ensemble,0.005,0.005,TN,56687.0,56962,75,
e44bd5d48bf5,split_comparison,ULB,random_matched,1,U,Ensemble,0.005,0.005,FP,200.0,56962,75,
e44bd5d48bf5,split_comparison,ULB,random_matched,1,U,Ensemble,0.005,0.005,FN,52.0,56962,75,
e44bd5d48bf5,split_comparison,ULB,random_matched,1,U,Ensemble,0.005,0.005,TP,23.0,56962,75,
e44bd5d48bf5,split_comparison,ULB,random_matched,1,U,Ensemble,0.005,0.005,n_alerts,223.0,56962,75,
e44bd5d48bf5,split_comparison,ULB,random_matched,1,U,Ensemble,0.005,0.005,alert_rate,0.003914890628840279,56962,75,
e44bd5d48bf5,split_comparison,ULB,random_matched,1,U,Ensemble,0.005,0.005,prevalence,0.001316667251852112,56962,75,
e44bd5d48bf5,split_comparison,ULB,random_matched,1,U,Ensemble,0.005,0.005,lift,78.33339312406578,56962,75,
e44bd5d48bf5,split_comparison,ULB,random_matched,1,U,Ensemble,0.005,0.005,tie_ratio,0.07396158842737266,56962,75,
e44bd5d48bf5,split_comparison,ULB,random_matched,1,U,Ensemble,0.005,0.005,fit_seconds,0.0,56962,75,
e44bd5d48bf5,split_comparison,ULB,random_matched,1,U,Ensemble,0.005,0.005,score_seconds,0.0,56962,75,
d0348cfc5e27,split_comparison,ULB,random_matched,1,U,Ensemble,0.005,0.005,single_point_invariant,1.0,56962,75,invariance
f80505b8552b,split_comparison,ULB,random_matched,1,N,IsolationForest,0.005,0.005,PR_AUC,0.08562739147332474,56962,75,
f80505b8552b,split_comparison,ULB,random_matched,1,N,IsolationForest,0.005,0.005,ROC_AUC,0.9513578380532166,56962,75,
f80505b8552b,split_comparison,ULB,random_matched,1,N,IsolationForest,0.005,0.005,Precision,0.10457516339869281,56962,75,
f80505b8552b,split_comparison,ULB,random_matched,1,N,IsolationForest,0.005,0.005,Recall,0.4266666666666667,56962,75,
f80505b8552b,split_comparison,ULB,random_matched,1,N,IsolationForest,0.005,0.005,F1,0.1679790026246719,56962,75,
f80505b8552b,split_comparison,ULB,random_matched,1,N,IsolationForest,0.005,0.005,TN,56613.0,56962,75,
f80505b8552b,split_comparison,ULB,random_matched,1,N,IsolationForest,0.005,0.005,FP,274.0,56962,75,
f80505b8552b,split_comparison,ULB,random_matched,1,N,IsolationForest,0.005,0.005,FN,43.0,56962,75,
f80505b8552b,split_comparison,ULB,random_matched,1,N,IsolationForest,0.005,0.005,TP,32.0,56962,75,
f80505b8552b,split_comparison,ULB,random_matched,1,N,IsolationForest,0.005,0.005,n_alerts,306.0,56962,75,
f80505b8552b,split_comparison,ULB,random_matched,1,N,IsolationForest,0.005,0.005,alert_rate,0.005372002387556617,56962,75,
f80505b8552b,split_comparison,ULB,random_matched,1,N,IsolationForest,0.005,0.005,prevalence,0.001316667251852112,56962,75,
f80505b8552b,split_comparison,ULB,random_matched,1,N,IsolationForest,0.005,0.005,lift,79.4241394335512,56962,75,
f80505b8552b,split_comparison,ULB,random_matched,1,N,IsolationForest,0.005,0.005,tie_ratio,0.006214669428741937,56962,75,
f80505b8552b,split_comparison,ULB,random_matched,1,N,IsolationForest,0.005,0.005,fit_seconds,1.379835605621338,56962,75,
f80505b8552b,split_comparison,ULB,random_matched,1,N,IsolationForest,0.005,0.005,score_seconds,1.6675245761871338,56962,75,
96f398893ff4,split_comparison,ULB,random_matched,1,N,LOF,0.005,0.005,PR_AUC,0.5939019626212622,56962,75,
96f398893ff4,split_comparison,ULB,random_matched,1,N,LOF,0.005,0.005,ROC_AUC,0.9726986247590251,56962,75,
96f398893ff4,split_comparison,ULB,random_matched,1,N,LOF,0.005,0.005,Precision,0.21107266435986158,56962,75,
96f398893ff4,split_comparison,ULB,random_matched,1,N,LOF,0.005,0.005,Recall,0.8133333333333334,56962,75,
96f398893ff4,split_comparison,ULB,random_matched,1,N,LOF,0.005,0.005,F1,0.33516483516483514,56962,75,
96f398893ff4,split_comparison,ULB,random_matched,1,N,LOF,0.005,0.005,TN,56659.0,56962,75,
96f398893ff4,split_comparison,ULB,random_matched,1,N,LOF,0.005,0.005,FP,228.0,56962,75,
96f398893ff4,split_comparison,ULB,random_matched,1,N,LOF,0.005,0.005,FN,14.0,56962,75,
96f398893ff4,split_comparison,ULB,random_matched,1,N,LOF,0.005,0.005,TP,61.0,56962,75,
96f398893ff4,split_comparison,ULB,random_matched,1,N,LOF,0.005,0.005,n_alerts,289.0,56962,75,
96f398893ff4,split_comparison,ULB,random_matched,1,N,LOF,0.005,0.005,alert_rate,0.005073557810470138,56962,75,
96f398893ff4,split_comparison,ULB,random_matched,1,N,LOF,0.005,0.005,prevalence,0.001316667251852112,56962,75,
96f398893ff4,split_comparison,ULB,random_matched,1,N,LOF,0.005,0.005,lift,160.30828143021913,56962,75,
96f398893ff4,split_comparison,ULB,random_matched,1,N,LOF,0.005,0.005,tie_ratio,0.015203117868052396,56962,75,
96f398893ff4,split_comparison,ULB,random_matched,1,N,LOF,0.005,0.005,fit_seconds,0.886465311050415,56962,75,
96f398893ff4,split_comparison,ULB,random_matched,1,N,LOF,0.005,0.005,score_seconds,5.595007658004761,56962,75,
7260c2126ab4,split_comparison,ULB,random_matched,1,N,OneClassSVM,0.005,0.005,PR_AUC,0.23431626171718484,56962,75,
7260c2126ab4,split_comparison,ULB,random_matched,1,N,OneClassSVM,0.005,0.005,ROC_AUC,0.9343889933845458,56962,75,
7260c2126ab4,split_comparison,ULB,random_matched,1,N,OneClassSVM,0.005,0.005,Precision,0.2248062015503876,56962,75,
7260c2126ab4,split_comparison,ULB,random_matched,1,N,OneClassSVM,0.005,0.005,Recall,0.7733333333333333,56962,75,
7260c2126ab4,split_comparison,ULB,random_matched,1,N,OneClassSVM,0.005,0.005,F1,0.3483483483483483,56962,75,
7260c2126ab4,split_comparison,ULB,random_matched,1,N,OneClassSVM,0.005,0.005,TN,56687.0,56962,75,
7260c2126ab4,split_comparison,ULB,random_matched,1,N,OneClassSVM,0.005,0.005,FP,200.0,56962,75,
7260c2126ab4,split_comparison,ULB,random_matched,1,N,OneClassSVM,0.005,0.005,FN,17.0,56962,75,
7260c2126ab4,split_comparison,ULB,random_matched,1,N,OneClassSVM,0.005,0.005,TP,58.0,56962,75,
7260c2126ab4,split_comparison,ULB,random_matched,1,N,OneClassSVM,0.005,0.005,n_alerts,258.0,56962,75,
7260c2126ab4,split_comparison,ULB,random_matched,1,N,OneClassSVM,0.005,0.005,alert_rate,0.004529335346371265,56962,75,
7260c2126ab4,split_comparison,ULB,random_matched,1,N,OneClassSVM,0.005,0.005,prevalence,0.001316667251852112,56962,75,
7260c2126ab4,split_comparison,ULB,random_matched,1,N,OneClassSVM,0.005,0.005,lift,170.73881136950905,56962,75,
7260c2126ab4,split_comparison,ULB,random_matched,1,N,OneClassSVM,0.005,0.005,tie_ratio,0.0008251114778273783,56962,75,
7260c2126ab4,split_comparison,ULB,random_matched,1,N,OneClassSVM,0.005,0.005,fit_seconds,0.9448137283325195,56962,75,
7260c2126ab4,split_comparison,ULB,random_matched,1,N,OneClassSVM,0.005,0.005,score_seconds,7.15535306930542,56962,75,
5d305532bc6d,split_comparison,ULB,random_matched,1,N,DBSCAN,0.005,0.005,PR_AUC,0.23226819732272244,56962,75,
5d305532bc6d,split_comparison,ULB,random_matched,1,N,DBSCAN,0.005,0.005,ROC_AUC,0.976776416404451,56962,75,
5d305532bc6d,split_comparison,ULB,random_matched,1,N,DBSCAN,0.005,0.005,Precision,0.22265625,56962,75,
5d305532bc6d,split_comparison,ULB,random_matched,1,N,DBSCAN,0.005,0.005,Recall,0.76,56962,75,
5d305532bc6d,split_comparison,ULB,random_matched,1,N,DBSCAN,0.005,0.005,F1,0.34441087613293053,56962,75,
5d305532bc6d,split_comparison,ULB,random_matched,1,N,DBSCAN,0.005,0.005,TN,56688.0,56962,75,
5d305532bc6d,split_comparison,ULB,random_matched,1,N,DBSCAN,0.005,0.005,FP,199.0,56962,75,
5d305532bc6d,split_comparison,ULB,random_matched,1,N,DBSCAN,0.005,0.005,FN,18.0,56962,75,
5d305532bc6d,split_comparison,ULB,random_matched,1,N,DBSCAN,0.005,0.005,TP,57.0,56962,75,
5d305532bc6d,split_comparison,ULB,random_matched,1,N,DBSCAN,0.005,0.005,n_alerts,256.0,56962,75,
5d305532bc6d,split_comparison,ULB,random_matched,1,N,DBSCAN,0.005,0.005,alert_rate,0.004494224219655209,56962,75,
5d305532bc6d,split_comparison,ULB,random_matched,1,N,DBSCAN,0.005,0.005,prevalence,0.001316667251852112,56962,75,
5d305532bc6d,split_comparison,ULB,random_matched,1,N,DBSCAN,0.005,0.005,lift,169.1059375,56962,75,
5d305532bc6d,split_comparison,ULB,random_matched,1,N,DBSCAN,0.005,0.005,tie_ratio,0.003247779221235203,56962,75,
5d305532bc6d,split_comparison,ULB,random_matched,1,N,DBSCAN,0.005,0.005,fit_seconds,0.7306928634643555,56962,75,
5d305532bc6d,split_comparison,ULB,random_matched,1,N,DBSCAN,0.005,0.005,score_seconds,5.316370487213135,56962,75,
766620d70553,split_comparison,ULB,random_matched,1,N,KMeans,0.005,0.005,PR_AUC,0.13397711922878824,56962,75,
766620d70553,split_comparison,ULB,random_matched,1,N,KMeans,0.005,0.005,ROC_AUC,0.9598921839201693,56962,75,
766620d70553,split_comparison,ULB,random_matched,1,N,KMeans,0.005,0.005,Precision,0.15079365079365079,56962,75,
766620d70553,split_comparison,ULB,random_matched,1,N,KMeans,0.005,0.005,Recall,0.5066666666666667,56962,75,
766620d70553,split_comparison,ULB,random_matched,1,N,KMeans,0.005,0.005,F1,0.2324159021406728,56962,75,
766620d70553,split_comparison,ULB,random_matched,1,N,KMeans,0.005,0.005,TN,56673.0,56962,75,
766620d70553,split_comparison,ULB,random_matched,1,N,KMeans,0.005,0.005,FP,214.0,56962,75,
766620d70553,split_comparison,ULB,random_matched,1,N,KMeans,0.005,0.005,FN,37.0,56962,75,
766620d70553,split_comparison,ULB,random_matched,1,N,KMeans,0.005,0.005,TP,38.0,56962,75,
766620d70553,split_comparison,ULB,random_matched,1,N,KMeans,0.005,0.005,n_alerts,252.0,56962,75,
766620d70553,split_comparison,ULB,random_matched,1,N,KMeans,0.005,0.005,alert_rate,0.004424001966223096,56962,75,
766620d70553,split_comparison,ULB,random_matched,1,N,KMeans,0.005,0.005,prevalence,0.001316667251852112,56962,75,
766620d70553,split_comparison,ULB,random_matched,1,N,KMeans,0.005,0.005,lift,114.52677248677247,56962,75,
766620d70553,split_comparison,ULB,random_matched,1,N,KMeans,0.005,0.005,tie_ratio,0.002966890207506734,56962,75,
766620d70553,split_comparison,ULB,random_matched,1,N,KMeans,0.005,0.005,fit_seconds,6.833870887756348,56962,75,
766620d70553,split_comparison,ULB,random_matched,1,N,KMeans,0.005,0.005,score_seconds,0.11345171928405762,56962,75,
3b21db49e78e,split_comparison,ULB,random_matched,1,N,Ensemble,0.005,0.005,PR_AUC,0.27674130853259704,56962,75,
3b21db49e78e,split_comparison,ULB,random_matched,1,N,Ensemble,0.005,0.005,ROC_AUC,0.967758070092171,56962,75,
3b21db49e78e,split_comparison,ULB,random_matched,1,N,Ensemble,0.005,0.005,Precision,0.23809523809523808,56962,75,
3b21db49e78e,split_comparison,ULB,random_matched,1,N,Ensemble,0.005,0.005,Recall,0.8,56962,75,
3b21db49e78e,split_comparison,ULB,random_matched,1,N,Ensemble,0.005,0.005,F1,0.3669724770642202,56962,75,
3b21db49e78e,split_comparison,ULB,random_matched,1,N,Ensemble,0.005,0.005,TN,56695.0,56962,75,
3b21db49e78e,split_comparison,ULB,random_matched,1,N,Ensemble,0.005,0.005,FP,192.0,56962,75,
3b21db49e78e,split_comparison,ULB,random_matched,1,N,Ensemble,0.005,0.005,FN,15.0,56962,75,
3b21db49e78e,split_comparison,ULB,random_matched,1,N,Ensemble,0.005,0.005,TP,60.0,56962,75,
3b21db49e78e,split_comparison,ULB,random_matched,1,N,Ensemble,0.005,0.005,n_alerts,252.0,56962,75,
3b21db49e78e,split_comparison,ULB,random_matched,1,N,Ensemble,0.005,0.005,alert_rate,0.004424001966223096,56962,75,
3b21db49e78e,split_comparison,ULB,random_matched,1,N,Ensemble,0.005,0.005,prevalence,0.001316667251852112,56962,75,
3b21db49e78e,split_comparison,ULB,random_matched,1,N,Ensemble,0.005,0.005,lift,180.831746031746,56962,75,
3b21db49e78e,split_comparison,ULB,random_matched,1,N,Ensemble,0.005,0.005,tie_ratio,0.07517292229907657,56962,75,
3b21db49e78e,split_comparison,ULB,random_matched,1,N,Ensemble,0.005,0.005,fit_seconds,0.0,56962,75,
3b21db49e78e,split_comparison,ULB,random_matched,1,N,Ensemble,0.005,0.005,score_seconds,0.0,56962,75,
3f5fd2da1561,split_comparison,ULB,random_matched,1,N,Ensemble,0.005,0.005,single_point_invariant,1.0,56962,75,invariance
10b65c7603be,split_comparison,ULB,random_matched,1,O,IsolationForest,0.005,0.0018316625995564216,PR_AUC,0.11461052542899912,56962,75,
10b65c7603be,split_comparison,ULB,random_matched,1,O,IsolationForest,0.005,0.0018316625995564216,ROC_AUC,0.9501275628292345,56962,75,
10b65c7603be,split_comparison,ULB,random_matched,1,O,IsolationForest,0.005,0.0018316625995564216,Precision,0.18627450980392157,56962,75,
10b65c7603be,split_comparison,ULB,random_matched,1,O,IsolationForest,0.005,0.0018316625995564216,Recall,0.25333333333333335,56962,75,
10b65c7603be,split_comparison,ULB,random_matched,1,O,IsolationForest,0.005,0.0018316625995564216,F1,0.21468926553672316,56962,75,
10b65c7603be,split_comparison,ULB,random_matched,1,O,IsolationForest,0.005,0.0018316625995564216,TN,56804.0,56962,75,
10b65c7603be,split_comparison,ULB,random_matched,1,O,IsolationForest,0.005,0.0018316625995564216,FP,83.0,56962,75,
10b65c7603be,split_comparison,ULB,random_matched,1,O,IsolationForest,0.005,0.0018316625995564216,FN,56.0,56962,75,
10b65c7603be,split_comparison,ULB,random_matched,1,O,IsolationForest,0.005,0.0018316625995564216,TP,19.0,56962,75,
10b65c7603be,split_comparison,ULB,random_matched,1,O,IsolationForest,0.005,0.0018316625995564216,n_alerts,102.0,56962,75,
10b65c7603be,split_comparison,ULB,random_matched,1,O,IsolationForest,0.005,0.0018316625995564216,alert_rate,0.0017906674625188723,56962,75,
10b65c7603be,split_comparison,ULB,random_matched,1,O,IsolationForest,0.005,0.0018316625995564216,prevalence,0.001316667251852112,56962,75,
10b65c7603be,split_comparison,ULB,random_matched,1,O,IsolationForest,0.005,0.0018316625995564216,lift,141.4742483660131,56962,75,
10b65c7603be,split_comparison,ULB,random_matched,1,O,IsolationForest,0.005,0.0018316625995564216,tie_ratio,0.006829114146272963,56962,75,
10b65c7603be,split_comparison,ULB,random_matched,1,O,IsolationForest,0.005,0.0018316625995564216,fit_seconds,1.3780908584594727,56962,75,
10b65c7603be,split_comparison,ULB,random_matched,1,O,IsolationForest,0.005,0.0018316625995564216,score_seconds,1.6513314247131348,56962,75,
190b20f6f98d,split_comparison,ULB,random_matched,1,O,LOF,0.005,0.0018316625995564216,PR_AUC,0.010121626991627879,56962,75,
190b20f6f98d,split_comparison,ULB,random_matched,1,O,LOF,0.005,0.0018316625995564216,ROC_AUC,0.802908221562044,56962,75,
190b20f6f98d,split_comparison,ULB,random_matched,1,O,LOF,0.005,0.0018316625995564216,Precision,0.010416666666666666,56962,75,
190b20f6f98d,split_comparison,ULB,random_matched,1,O,LOF,0.005,0.0018316625995564216,Recall,0.013333333333333334,56962,75,
190b20f6f98d,split_comparison,ULB,random_matched,1,O,LOF,0.005,0.0018316625995564216,F1,0.011695906432748537,56962,75,
190b20f6f98d,split_comparison,ULB,random_matched,1,O,LOF,0.005,0.0018316625995564216,TN,56792.0,56962,75,
190b20f6f98d,split_comparison,ULB,random_matched,1,O,LOF,0.005,0.0018316625995564216,FP,95.0,56962,75,
190b20f6f98d,split_comparison,ULB,random_matched,1,O,LOF,0.005,0.0018316625995564216,FN,74.0,56962,75,
190b20f6f98d,split_comparison,ULB,random_matched,1,O,LOF,0.005,0.0018316625995564216,TP,1.0,56962,75,
190b20f6f98d,split_comparison,ULB,random_matched,1,O,LOF,0.005,0.0018316625995564216,n_alerts,96.0,56962,75,
190b20f6f98d,split_comparison,ULB,random_matched,1,O,LOF,0.005,0.0018316625995564216,alert_rate,0.0016853340823707033,56962,75,
190b20f6f98d,split_comparison,ULB,random_matched,1,O,LOF,0.005,0.0018316625995564216,prevalence,0.001316667251852112,56962,75,
190b20f6f98d,split_comparison,ULB,random_matched,1,O,LOF,0.005,0.0018316625995564216,lift,7.911388888888888,56962,75,
190b20f6f98d,split_comparison,ULB,random_matched,1,O,LOF,0.005,0.0018316625995564216,tie_ratio,0.016291562796250103,56962,75,
190b20f6f98d,split_comparison,ULB,random_matched,1,O,LOF,0.005,0.0018316625995564216,fit_seconds,0.8985011577606201,56962,75,
190b20f6f98d,split_comparison,ULB,random_matched,1,O,LOF,0.005,0.0018316625995564216,score_seconds,5.579487323760986,56962,75,
860f4edf4d0a,split_comparison,ULB,random_matched,1,O,OneClassSVM,0.005,0.0018316625995564216,PR_AUC,0.06943004461446914,56962,75,
860f4edf4d0a,split_comparison,ULB,random_matched,1,O,OneClassSVM,0.005,0.0018316625995564216,ROC_AUC,0.9215731772344004,56962,75,
860f4edf4d0a,split_comparison,ULB,random_matched,1,O,OneClassSVM,0.005,0.0018316625995564216,Precision,0.06060606060606061,56962,75,
860f4edf4d0a,split_comparison,ULB,random_matched,1,O,OneClassSVM,0.005,0.0018316625995564216,Recall,0.08,56962,75,
860f4edf4d0a,split_comparison,ULB,random_matched,1,O,OneClassSVM,0.005,0.0018316625995564216,F1,0.06896551724137931,56962,75,
860f4edf4d0a,split_comparison,ULB,random_matched,1,O,OneClassSVM,0.005,0.0018316625995564216,TN,56794.0,56962,75,
860f4edf4d0a,split_comparison,ULB,random_matched,1,O,OneClassSVM,0.005,0.0018316625995564216,FP,93.0,56962,75,
860f4edf4d0a,split_comparison,ULB,random_matched,1,O,OneClassSVM,0.005,0.0018316625995564216,FN,69.0,56962,75,
860f4edf4d0a,split_comparison,ULB,random_matched,1,O,OneClassSVM,0.005,0.0018316625995564216,TP,6.0,56962,75,
860f4edf4d0a,split_comparison,ULB,random_matched,1,O,OneClassSVM,0.005,0.0018316625995564216,n_alerts,99.0,56962,75,
860f4edf4d0a,split_comparison,ULB,random_matched,1,O,OneClassSVM,0.005,0.0018316625995564216,alert_rate,0.0017380007724447878,56962,75,
860f4edf4d0a,split_comparison,ULB,random_matched,1,O,OneClassSVM,0.005,0.0018316625995564216,prevalence,0.001316667251852112,56962,75,
860f4edf4d0a,split_comparison,ULB,random_matched,1,O,OneClassSVM,0.005,0.0018316625995564216,lift,46.02989898989899,56962,75,
860f4edf4d0a,split_comparison,ULB,random_matched,1,O,OneClassSVM,0.005,0.0018316625995564216,tie_ratio,0.0008251114778273783,56962,75,
860f4edf4d0a,split_comparison,ULB,random_matched,1,O,OneClassSVM,0.005,0.0018316625995564216,fit_seconds,0.6945593357086182,56962,75,
860f4edf4d0a,split_comparison,ULB,random_matched,1,O,OneClassSVM,0.005,0.0018316625995564216,score_seconds,7.152829647064209,56962,75,
0b1f616c06f7,split_comparison,ULB,random_matched,1,O,DBSCAN,0.005,0.0018316625995564216,PR_AUC,0.05231045998708476,56962,75,
0b1f616c06f7,split_comparison,ULB,random_matched,1,O,DBSCAN,0.005,0.0018316625995564216,ROC_AUC,0.950867743655551,56962,75,
0b1f616c06f7,split_comparison,ULB,random_matched,1,O,DBSCAN,0.005,0.0018316625995564216,Precision,0.11711711711711711,56962,75,
0b1f616c06f7,split_comparison,ULB,random_matched,1,O,DBSCAN,0.005,0.0018316625995564216,Recall,0.17333333333333334,56962,75,
0b1f616c06f7,split_comparison,ULB,random_matched,1,O,DBSCAN,0.005,0.0018316625995564216,F1,0.13978494623655913,56962,75,
0b1f616c06f7,split_comparison,ULB,random_matched,1,O,DBSCAN,0.005,0.0018316625995564216,TN,56789.0,56962,75,
0b1f616c06f7,split_comparison,ULB,random_matched,1,O,DBSCAN,0.005,0.0018316625995564216,FP,98.0,56962,75,
0b1f616c06f7,split_comparison,ULB,random_matched,1,O,DBSCAN,0.005,0.0018316625995564216,FN,62.0,56962,75,
0b1f616c06f7,split_comparison,ULB,random_matched,1,O,DBSCAN,0.005,0.0018316625995564216,TP,13.0,56962,75,
0b1f616c06f7,split_comparison,ULB,random_matched,1,O,DBSCAN,0.005,0.0018316625995564216,n_alerts,111.0,56962,75,
0b1f616c06f7,split_comparison,ULB,random_matched,1,O,DBSCAN,0.005,0.0018316625995564216,alert_rate,0.0019486675327411256,56962,75,
0b1f616c06f7,split_comparison,ULB,random_matched,1,O,DBSCAN,0.005,0.0018316625995564216,prevalence,0.001316667251852112,56962,75,
0b1f616c06f7,split_comparison,ULB,random_matched,1,O,DBSCAN,0.005,0.0018316625995564216,lift,88.94966966966966,56962,75,
0b1f616c06f7,split_comparison,ULB,random_matched,1,O,DBSCAN,0.005,0.0018316625995564216,tie_ratio,0.002914223517432646,56962,75,
0b1f616c06f7,split_comparison,ULB,random_matched,1,O,DBSCAN,0.005,0.0018316625995564216,fit_seconds,0.742755651473999,56962,75,
0b1f616c06f7,split_comparison,ULB,random_matched,1,O,DBSCAN,0.005,0.0018316625995564216,score_seconds,0.02818012237548828,56962,75,
083983d702de,split_comparison,ULB,random_matched,1,O,KMeans,0.005,0.0018316625995564216,PR_AUC,0.12970533713233293,56962,75,
083983d702de,split_comparison,ULB,random_matched,1,O,KMeans,0.005,0.0018316625995564216,ROC_AUC,0.9600421889008033,56962,75,
083983d702de,split_comparison,ULB,random_matched,1,O,KMeans,0.005,0.0018316625995564216,Precision,0.14606741573033707,56962,75,
083983d702de,split_comparison,ULB,random_matched,1,O,KMeans,0.005,0.0018316625995564216,Recall,0.17333333333333334,56962,75,
083983d702de,split_comparison,ULB,random_matched,1,O,KMeans,0.005,0.0018316625995564216,F1,0.15853658536585366,56962,75,
083983d702de,split_comparison,ULB,random_matched,1,O,KMeans,0.005,0.0018316625995564216,TN,56811.0,56962,75,
083983d702de,split_comparison,ULB,random_matched,1,O,KMeans,0.005,0.0018316625995564216,FP,76.0,56962,75,
083983d702de,split_comparison,ULB,random_matched,1,O,KMeans,0.005,0.0018316625995564216,FN,62.0,56962,75,
083983d702de,split_comparison,ULB,random_matched,1,O,KMeans,0.005,0.0018316625995564216,TP,13.0,56962,75,
083983d702de,split_comparison,ULB,random_matched,1,O,KMeans,0.005,0.0018316625995564216,n_alerts,89.0,56962,75,
083983d702de,split_comparison,ULB,random_matched,1,O,KMeans,0.005,0.0018316625995564216,alert_rate,0.0015624451388645062,56962,75,
083983d702de,split_comparison,ULB,random_matched,1,O,KMeans,0.005,0.0018316625995564216,prevalence,0.001316667251852112,56962,75,
083983d702de,split_comparison,ULB,random_matched,1,O,KMeans,0.005,0.0018316625995564216,lift,110.93722846441948,56962,75,
083983d702de,split_comparison,ULB,random_matched,1,O,KMeans,0.005,0.0018316625995564216,tie_ratio,0.002861556827358558,56962,75,
083983d702de,split_comparison,ULB,random_matched,1,O,KMeans,0.005,0.0018316625995564216,fit_seconds,6.649404048919678,56962,75,
083983d702de,split_comparison,ULB,random_matched,1,O,KMeans,0.005,0.0018316625995564216,score_seconds,0.11388707160949707,56962,75,
571966241160,split_comparison,ULB,random_matched,1,O,Ensemble,0.005,0.0018316625995564216,PR_AUC,0.05365667849197355,56962,75,
571966241160,split_comparison,ULB,random_matched,1,O,Ensemble,0.005,0.0018316625995564216,ROC_AUC,0.9463657191742694,56962,75,
571966241160,split_comparison,ULB,random_matched,1,O,Ensemble,0.005,0.0018316625995564216,Precision,0.07291666666666667,56962,75,
571966241160,split_comparison,ULB,random_matched,1,O,Ensemble,0.005,0.0018316625995564216,Recall,0.09333333333333334,56962,75,
571966241160,split_comparison,ULB,random_matched,1,O,Ensemble,0.005,0.0018316625995564216,F1,0.08187134502923976,56962,75,
571966241160,split_comparison,ULB,random_matched,1,O,Ensemble,0.005,0.0018316625995564216,TN,56798.0,56962,75,
571966241160,split_comparison,ULB,random_matched,1,O,Ensemble,0.005,0.0018316625995564216,FP,89.0,56962,75,
571966241160,split_comparison,ULB,random_matched,1,O,Ensemble,0.005,0.0018316625995564216,FN,68.0,56962,75,
571966241160,split_comparison,ULB,random_matched,1,O,Ensemble,0.005,0.0018316625995564216,TP,7.0,56962,75,
571966241160,split_comparison,ULB,random_matched,1,O,Ensemble,0.005,0.0018316625995564216,n_alerts,96.0,56962,75,
571966241160,split_comparison,ULB,random_matched,1,O,Ensemble,0.005,0.0018316625995564216,alert_rate,0.0016853340823707033,56962,75,
571966241160,split_comparison,ULB,random_matched,1,O,Ensemble,0.005,0.0018316625995564216,prevalence,0.001316667251852112,56962,75,
571966241160,split_comparison,ULB,random_matched,1,O,Ensemble,0.005,0.0018316625995564216,lift,55.37972222222223,56962,75,
571966241160,split_comparison,ULB,random_matched,1,O,Ensemble,0.005,0.0018316625995564216,tie_ratio,0.07250447666865634,56962,75,
571966241160,split_comparison,ULB,random_matched,1,O,Ensemble,0.005,0.0018316625995564216,fit_seconds,0.0,56962,75,
571966241160,split_comparison,ULB,random_matched,1,O,Ensemble,0.005,0.0018316625995564216,score_seconds,0.0,56962,75,
6b54e2918dc3,split_comparison,ULB,random_matched,1,O,Ensemble,0.005,0.0018316625995564216,single_point_invariant,1.0,56962,75,invariance
99694cdfacb9,split_comparison,ULB,random_matched,2,U,IsolationForest,0.005,0.005,PR_AUC,0.1218999185281655,56962,75,
99694cdfacb9,split_comparison,ULB,random_matched,2,U,IsolationForest,0.005,0.005,ROC_AUC,0.9668327268678842,56962,75,
99694cdfacb9,split_comparison,ULB,random_matched,2,U,IsolationForest,0.005,0.005,Precision,0.11827956989247312,56962,75,
99694cdfacb9,split_comparison,ULB,random_matched,2,U,IsolationForest,0.005,0.005,Recall,0.44,56962,75,
99694cdfacb9,split_comparison,ULB,random_matched,2,U,IsolationForest,0.005,0.005,F1,0.1864406779661017,56962,75,
99694cdfacb9,split_comparison,ULB,random_matched,2,U,IsolationForest,0.005,0.005,TN,56641.0,56962,75,
99694cdfacb9,split_comparison,ULB,random_matched,2,U,IsolationForest,0.005,0.005,FP,246.0,56962,75,
99694cdfacb9,split_comparison,ULB,random_matched,2,U,IsolationForest,0.005,0.005,FN,42.0,56962,75,
99694cdfacb9,split_comparison,ULB,random_matched,2,U,IsolationForest,0.005,0.005,TP,33.0,56962,75,
99694cdfacb9,split_comparison,ULB,random_matched,2,U,IsolationForest,0.005,0.005,n_alerts,279.0,56962,75,
99694cdfacb9,split_comparison,ULB,random_matched,2,U,IsolationForest,0.005,0.005,alert_rate,0.004898002176889856,56962,75,
99694cdfacb9,split_comparison,ULB,random_matched,2,U,IsolationForest,0.005,0.005,prevalence,0.001316667251852112,56962,75,
99694cdfacb9,split_comparison,ULB,random_matched,2,U,IsolationForest,0.005,0.005,lift,89.83254480286739,56962,75,
99694cdfacb9,split_comparison,ULB,random_matched,2,U,IsolationForest,0.005,0.005,tie_ratio,0.007057336469927344,56962,75,
99694cdfacb9,split_comparison,ULB,random_matched,2,U,IsolationForest,0.005,0.005,fit_seconds,1.3834972381591797,56962,75,
99694cdfacb9,split_comparison,ULB,random_matched,2,U,IsolationForest,0.005,0.005,score_seconds,1.648324728012085,56962,75,
d9d1d013f4ed,split_comparison,ULB,random_matched,2,U,LOF,0.005,0.005,PR_AUC,0.06482903841889237,56962,75,
d9d1d013f4ed,split_comparison,ULB,random_matched,2,U,LOF,0.005,0.005,ROC_AUC,0.9557685704408154,56962,75,
d9d1d013f4ed,split_comparison,ULB,random_matched,2,U,LOF,0.005,0.005,Precision,0.08843537414965986,56962,75,
d9d1d013f4ed,split_comparison,ULB,random_matched,2,U,LOF,0.005,0.005,Recall,0.3466666666666667,56962,75,
d9d1d013f4ed,split_comparison,ULB,random_matched,2,U,LOF,0.005,0.005,F1,0.14092140921409213,56962,75,
d9d1d013f4ed,split_comparison,ULB,random_matched,2,U,LOF,0.005,0.005,TN,56619.0,56962,75,
d9d1d013f4ed,split_comparison,ULB,random_matched,2,U,LOF,0.005,0.005,FP,268.0,56962,75,
d9d1d013f4ed,split_comparison,ULB,random_matched,2,U,LOF,0.005,0.005,FN,49.0,56962,75,
d9d1d013f4ed,split_comparison,ULB,random_matched,2,U,LOF,0.005,0.005,TP,26.0,56962,75,
d9d1d013f4ed,split_comparison,ULB,random_matched,2,U,LOF,0.005,0.005,n_alerts,294.0,56962,75,
d9d1d013f4ed,split_comparison,ULB,random_matched,2,U,LOF,0.005,0.005,alert_rate,0.005161335627260279,56962,75,
d9d1d013f4ed,split_comparison,ULB,random_matched,2,U,LOF,0.005,0.005,prevalence,0.001316667251852112,56962,75,
d9d1d013f4ed,split_comparison,ULB,random_matched,2,U,LOF,0.005,0.005,lift,67.16607709750566,56962,75,
d9d1d013f4ed,split_comparison,ULB,random_matched,2,U,LOF,0.005,0.005,tie_ratio,0.01485200660089181,56962,75,
d9d1d013f4ed,split_comparison,ULB,random_matched,2,U,LOF,0.005,0.005,fit_seconds,0.8869960308074951,56962,75,
d9d1d013f4ed,split_comparison,ULB,random_matched,2,U,LOF,0.005,0.005,score_seconds,5.8513336181640625,56962,75,
a6e5a889b9f6,split_comparison,ULB,random_matched,2,U,OneClassSVM,0.005,0.005,PR_AUC,0.07333889637982247,56962,75,
a6e5a889b9f6,split_comparison,ULB,random_matched,2,U,OneClassSVM,0.005,0.005,ROC_AUC,0.9486837648906312,56962,75,
a6e5a889b9f6,split_comparison,ULB,random_matched,2,U,OneClassSVM,0.005,0.005,Precision,0.1056338028169014,56962,75,
a6e5a889b9f6,split_comparison,ULB,random_matched,2,U,OneClassSVM,0.005,0.005,Recall,0.4,56962,75,
a6e5a889b9f6,split_comparison,ULB,random_matched,2,U,OneClassSVM,0.005,0.005,F1,0.1671309192200557,56962,75,
a6e5a889b9f6,split_comparison,ULB,random_matched,2,U,OneClassSVM,0.005,0.005,TN,56633.0,56962,75,
a6e5a889b9f6,split_comparison,ULB,random_matched,2,U,OneClassSVM,0.005,0.005,FP,254.0,56962,75,
a6e5a889b9f6,split_comparison,ULB,random_matched,2,U,OneClassSVM,0.005,0.005,FN,45.0,56962,75,
a6e5a889b9f6,split_comparison,ULB,random_matched,2,U,OneClassSVM,0.005,0.005,TP,30.0,56962,75,
a6e5a889b9f6,split_comparison,ULB,random_matched,2,U,OneClassSVM,0.005,0.005,n_alerts,284.0,56962,75,
a6e5a889b9f6,split_comparison,ULB,random_matched,2,U,OneClassSVM,0.005,0.005,alert_rate,0.004985779993679997,56962,75,
a6e5a889b9f6,split_comparison,ULB,random_matched,2,U,OneClassSVM,0.005,0.005,prevalence,0.001316667251852112,56962,75,
a6e5a889b9f6,split_comparison,ULB,random_matched,2,U,OneClassSVM,0.005,0.005,lift,80.2281690140845,56962,75,
a6e5a889b9f6,split_comparison,ULB,random_matched,2,U,OneClassSVM,0.005,0.005,tie_ratio,0.0010708893648396778,56962,75,
a6e5a889b9f6,split_comparison,ULB,random_matched,2,U,OneClassSVM,0.005,0.005,fit_seconds,0.9578373432159424,56962,75,
a6e5a889b9f6,split_comparison,ULB,random_matched,2,U,OneClassSVM,0.005,0.005,score_seconds,8.1974778175354,56962,75,
d2e9e50326c7,split_comparison,ULB,random_matched,2,U,DBSCAN,0.005,0.005,PR_AUC,0.050927065185763974,56962,75,
d2e9e50326c7,split_comparison,ULB,random_matched,2,U,DBSCAN,0.005,0.005,ROC_AUC,0.9544371590462963,56962,75,
d2e9e50326c7,split_comparison,ULB,random_matched,2,U,DBSCAN,0.005,0.005,Precision,0.06713780918727916,56962,75,
d2e9e50326c7,split_comparison,ULB,random_matched,2,U,DBSCAN,0.005,0.005,Recall,0.25333333333333335,56962,75,
d2e9e50326c7,split_comparison,ULB,random_matched,2,U,DBSCAN,0.005,0.005,F1,0.10614525139664804,56962,75,
d2e9e50326c7,split_comparison,ULB,random_matched,2,U,DBSCAN,0.005,0.005,TN,56623.0,56962,75,
d2e9e50326c7,split_comparison,ULB,random_matched,2,U,DBSCAN,0.005,0.005,FP,264.0,56962,75,
d2e9e50326c7,split_comparison,ULB,random_matched,2,U,DBSCAN,0.005,0.005,FN,56.0,56962,75,
d2e9e50326c7,split_comparison,ULB,random_matched,2,U,DBSCAN,0.005,0.005,TP,19.0,56962,75,
d2e9e50326c7,split_comparison,ULB,random_matched,2,U,DBSCAN,0.005,0.005,n_alerts,283.0,56962,75,
d2e9e50326c7,split_comparison,ULB,random_matched,2,U,DBSCAN,0.005,0.005,alert_rate,0.004968224430321969,56962,75,
d2e9e50326c7,split_comparison,ULB,random_matched,2,U,DBSCAN,0.005,0.005,prevalence,0.001316667251852112,56962,75,
d2e9e50326c7,split_comparison,ULB,random_matched,2,U,DBSCAN,0.005,0.005,lift,50.99071849234394,56962,75,
d2e9e50326c7,split_comparison,ULB,random_matched,2,U,DBSCAN,0.005,0.005,tie_ratio,0.0030020013342227925,56962,75,
d2e9e50326c7,split_comparison,ULB,random_matched,2,U,DBSCAN,0.005,0.005,fit_seconds,0.9810934066772461,56962,75,
d2e9e50326c7,split_comparison,ULB,random_matched,2,U,DBSCAN,0.005,0.005,score_seconds,0.035556793212890625,56962,75,
dd4a1dc79270,split_comparison,ULB,random_matched,2,U,KMeans,0.005,0.005,PR_AUC,0.13312645545779087,56962,75,
dd4a1dc79270,split_comparison,ULB,random_matched,2,U,KMeans,0.005,0.005,ROC_AUC,0.9723866612758627,56962,75,
dd4a1dc79270,split_comparison,ULB,random_matched,2,U,KMeans,0.005,0.005,Precision,0.13087248322147652,56962,75,
dd4a1dc79270,split_comparison,ULB,random_matched,2,U,KMeans,0.005,0.005,Recall,0.52,56962,75,
dd4a1dc79270,split_comparison,ULB,random_matched,2,U,KMeans,0.005,0.005,F1,0.20911528150134048,56962,75,
dd4a1dc79270,split_comparison,ULB,random_matched,2,U,KMeans,0.005,0.005,TN,56628.0,56962,75,
dd4a1dc79270,split_comparison,ULB,random_matched,2,U,KMeans,0.005,0.005,FP,259.0,56962,75,
dd4a1dc79270,split_comparison,ULB,random_matched,2,U,KMeans,0.005,0.005,FN,36.0,56962,75,
dd4a1dc79270,split_comparison,ULB,random_matched,2,U,KMeans,0.005,0.005,TP,39.0,56962,75,
dd4a1dc79270,split_comparison,ULB,random_matched,2,U,KMeans,0.005,0.005,n_alerts,298.0,56962,75,
dd4a1dc79270,split_comparison,ULB,random_matched,2,U,KMeans,0.005,0.005,alert_rate,0.005231557880692392,56962,75,
dd4a1dc79270,split_comparison,ULB,random_matched,2,U,KMeans,0.005,0.005,prevalence,0.001316667251852112,56962,75,
dd4a1dc79270,split_comparison,ULB,random_matched,2,U,KMeans,0.005,0.005,lift,99.39677852348993,56962,75,
dd4a1dc79270,split_comparison,ULB,random_matched,2,U,KMeans,0.005,0.005,tie_ratio,0.0028440012640005286,56962,75,
dd4a1dc79270,split_comparison,ULB,random_matched,2,U,KMeans,0.005,0.005,fit_seconds,6.69652247428894,56962,75,
dd4a1dc79270,split_comparison,ULB,random_matched,2,U,KMeans,0.005,0.005,score_seconds,0.11341214179992676,56962,75,
fad1072a8172,split_comparison,ULB,random_matched,2,U,Ensemble,0.005,0.005,PR_AUC,0.1264674196930292,56962,75,
fad1072a8172,split_comparison,ULB,random_matched,2,U,Ensemble,0.005,0.005,ROC_AUC,0.9751543703599533,56962,75,
fad1072a8172,split_comparison,ULB,random_matched,2,U,Ensemble,0.005,0.005,Precision,0.15579710144927536,56962,75,
fad1072a8172,split_comparison,ULB,random_matched,2,U,Ensemble,0.005,0.005,Recall,0.5733333333333334,56962,75,
fad1072a8172,split_comparison,ULB,random_matched,2,U,Ensemble,0.005,0.005,F1,0.245014245014245,56962,75,
fad1072a8172,split_comparison,ULB,random_matched,2,U,Ensemble,0.005,0.005,TN,56654.0,56962,75,
fad1072a8172,split_comparison,ULB,random_matched,2,U,Ensemble,0.005,0.005,FP,233.0,56962,75,
fad1072a8172,split_comparison,ULB,random_matched,2,U,Ensemble,0.005,0.005,FN,32.0,56962,75,
fad1072a8172,split_comparison,ULB,random_matched,2,U,Ensemble,0.005,0.005,TP,43.0,56962,75,
fad1072a8172,split_comparison,ULB,random_matched,2,U,Ensemble,0.005,0.005,n_alerts,276.0,56962,75,
fad1072a8172,split_comparison,ULB,random_matched,2,U,Ensemble,0.005,0.005,alert_rate,0.004845335486815772,56962,75,
fad1072a8172,split_comparison,ULB,random_matched,2,U,Ensemble,0.005,0.005,prevalence,0.001316667251852112,56962,75,
fad1072a8172,split_comparison,ULB,random_matched,2,U,Ensemble,0.005,0.005,lift,118.32685990338163,56962,75,
fad1072a8172,split_comparison,ULB,random_matched,2,U,Ensemble,0.005,0.005,tie_ratio,0.07297847687932302,56962,75,
fad1072a8172,split_comparison,ULB,random_matched,2,U,Ensemble,0.005,0.005,fit_seconds,0.0,56962,75,
fad1072a8172,split_comparison,ULB,random_matched,2,U,Ensemble,0.005,0.005,score_seconds,0.0,56962,75,
d4cfcd99c6ba,split_comparison,ULB,random_matched,2,U,Ensemble,0.005,0.005,single_point_invariant,1.0,56962,75,invariance
27bfd4b6b6cc,split_comparison,ULB,random_matched,2,N,IsolationForest,0.005,0.005,PR_AUC,0.0823896283329886,56962,75,
27bfd4b6b6cc,split_comparison,ULB,random_matched,2,N,IsolationForest,0.005,0.005,ROC_AUC,0.9686452089229526,56962,75,
27bfd4b6b6cc,split_comparison,ULB,random_matched,2,N,IsolationForest,0.005,0.005,Precision,0.09215017064846416,56962,75,
27bfd4b6b6cc,split_comparison,ULB,random_matched,2,N,IsolationForest,0.005,0.005,Recall,0.36,56962,75,
27bfd4b6b6cc,split_comparison,ULB,random_matched,2,N,IsolationForest,0.005,0.005,F1,0.14673913043478262,56962,75,
27bfd4b6b6cc,split_comparison,ULB,random_matched,2,N,IsolationForest,0.005,0.005,TN,56621.0,56962,75,
27bfd4b6b6cc,split_comparison,ULB,random_matched,2,N,IsolationForest,0.005,0.005,FP,266.0,56962,75,
27bfd4b6b6cc,split_comparison,ULB,random_matched,2,N,IsolationForest,0.005,0.005,FN,48.0,56962,75,
27bfd4b6b6cc,split_comparison,ULB,random_matched,2,N,IsolationForest,0.005,0.005,TP,27.0,56962,75,
27bfd4b6b6cc,split_comparison,ULB,random_matched,2,N,IsolationForest,0.005,0.005,n_alerts,293.0,56962,75,
27bfd4b6b6cc,split_comparison,ULB,random_matched,2,N,IsolationForest,0.005,0.005,alert_rate,0.00514378006390225,56962,75,
27bfd4b6b6cc,split_comparison,ULB,random_matched,2,N,IsolationForest,0.005,0.005,prevalence,0.001316667251852112,56962,75,
27bfd4b6b6cc,split_comparison,ULB,random_matched,2,N,IsolationForest,0.005,0.005,lift,69.98744027303754,56962,75,
27bfd4b6b6cc,split_comparison,ULB,random_matched,2,N,IsolationForest,0.005,0.005,tie_ratio,0.006460447315754347,56962,75,
27bfd4b6b6cc,split_comparison,ULB,random_matched,2,N,IsolationForest,0.005,0.005,fit_seconds,1.3515496253967285,56962,75,
27bfd4b6b6cc,split_comparison,ULB,random_matched,2,N,IsolationForest,0.005,0.005,score_seconds,1.66634202003479,56962,75,
4bf7f480a8c5,split_comparison,ULB,random_matched,2,N,LOF,0.005,0.005,PR_AUC,0.5167772289740543,56962,75,
4bf7f480a8c5,split_comparison,ULB,random_matched,2,N,LOF,0.005,0.005,ROC_AUC,0.9614004371238889,56962,75,
4bf7f480a8c5,split_comparison,ULB,random_matched,2,N,LOF,0.005,0.005,Precision,0.20921985815602837,56962,75,
4bf7f480a8c5,split_comparison,ULB,random_matched,2,N,LOF,0.005,0.005,Recall,0.7866666666666666,56962,75,
4bf7f480a8c5,split_comparison,ULB,random_matched,2,N,LOF,0.005,0.005,F1,0.33053221288515405,56962,75,
4bf7f480a8c5,split_comparison,ULB,random_matched,2,N,LOF,0.005,0.005,TN,56664.0,56962,75,
4bf7f480a8c5,split_comparison,ULB,random_matched,2,N,LOF,0.005,0.005,FP,223.0,56962,75,
4bf7f480a8c5,split_comparison,ULB,random_matched,2,N,LOF,0.005,0.005,FN,16.0,56962,75,
4bf7f480a8c5,split_comparison,ULB,random_matched,2,N,LOF,0.005,0.005,TP,59.0,56962,75,
4bf7f480a8c5,split_comparison,ULB,random_matched,2,N,LOF,0.005,0.005,n_alerts,282.0,56962,75,
4bf7f480a8c5,split_comparison,ULB,random_matched,2,N,LOF,0.005,0.005,alert_rate,0.004950668866963941,56962,75,
4bf7f480a8c5,split_comparison,ULB,random_matched,2,N,LOF,0.005,0.005,prevalence,0.001316667251852112,56962,75,
4bf7f480a8c5,split_comparison,ULB,random_matched,2,N,LOF,0.005,0.005,lift,158.90108747044917,56962,75,
4bf7f480a8c5,split_comparison,ULB,random_matched,2,N,LOF,0.005,0.005,tie_ratio,0.015922895965731487,56962,75,
4bf7f480a8c5,split_comparison,ULB,random_matched,2,N,LOF,0.005,0.005,fit_seconds,0.8481385707855225,56962,75,
4bf7f480a8c5,split_comparison,ULB,random_matched,2,N,LOF,0.005,0.005,score_seconds,6.014920234680176,56962,75,
c84914e308ca,split_comparison,ULB,random_matched,2,N,OneClassSVM,0.005,0.005,PR_AUC,0.13843238395662621,56962,75,
c84914e308ca,split_comparison,ULB,random_matched,2,N,OneClassSVM,0.005,0.005,ROC_AUC,0.9517866413533261,56962,75,
c84914e308ca,split_comparison,ULB,random_matched,2,N,OneClassSVM,0.005,0.005,Precision,0.176056338028169,56962,75,
c84914e308ca,split_comparison,ULB,random_matched,2,N,OneClassSVM,0.005,0.005,Recall,0.6666666666666666,56962,75,
c84914e308ca,split_comparison,ULB,random_matched,2,N,OneClassSVM,0.005,0.005,F1,0.2785515320334262,56962,75,
c84914e308ca,split_comparison,ULB,random_matched,2,N,OneClassSVM,0.005,0.005,TN,56653.0,56962,75,
c84914e308ca,split_comparison,ULB,random_matched,2,N,OneClassSVM,0.005,0.005,FP,234.0,56962,75,
c84914e308ca,split_comparison,ULB,random_matched,2,N,OneClassSVM,0.005,0.005,FN,25.0,56962,75,
c84914e308ca,split_comparison,ULB,random_matched,2,N,OneClassSVM,0.005,0.005,TP,50.0,56962,75,
c84914e308ca,split_comparison,ULB,random_matched,2,N,OneClassSVM,0.005,0.005,n_alerts,284.0,56962,75,
c84914e308ca,split_comparison,ULB,random_matched,2,N,OneClassSVM,0.005,0.005,alert_rate,0.004985779993679997,56962,75,
c84914e308ca,split_comparison,ULB,random_matched,2,N,OneClassSVM,0.005,0.005,prevalence,0.001316667251852112,56962,75,
c84914e308ca,split_comparison,ULB,random_matched,2,N,OneClassSVM,0.005,0.005,lift,133.71361502347418,56962,75,
c84914e308ca,split_comparison,ULB,random_matched,2,N,OneClassSVM,0.005,0.005,tie_ratio,0.0010708893648396778,56962,75,
c84914e308ca,split_comparison,ULB,random_matched,2,N,OneClassSVM,0.005,0.005,fit_seconds,0.9269137382507324,56962,75,
c84914e308ca,split_comparison,ULB,random_matched,2,N,OneClassSVM,0.005,0.005,score_seconds,7.6453986167907715,56962,75,
2a19cc3c6562,split_comparison,ULB,random_matched,2,N,DBSCAN,0.005,0.005,PR_AUC,0.05017320994216777,56962,75,
2a19cc3c6562,split_comparison,ULB,random_matched,2,N,DBSCAN,0.005,0.005,ROC_AUC,0.9490006504122206,56962,75,
2a19cc3c6562,split_comparison,ULB,random_matched,2,N,DBSCAN,0.005,0.005,Precision,0.06315789473684211,56962,75,
2a19cc3c6562,split_comparison,ULB,random_matched,2,N,DBSCAN,0.005,0.005,Recall,0.24,56962,75,
2a19cc3c6562,split_comparison,ULB,random_matched,2,N,DBSCAN,0.005,0.005,F1,0.1,56962,75,
2a19cc3c6562,split_comparison,ULB,random_matched,2,N,DBSCAN,0.005,0.005,TN,56620.0,56962,75,
2a19cc3c6562,split_comparison,ULB,random_matched,2,N,DBSCAN,0.005,0.005,FP,267.0,56962,75,
2a19cc3c6562,split_comparison,ULB,random_matched,2,N,DBSCAN,0.005,0.005,FN,57.0,56962,75,
2a19cc3c6562,split_comparison,ULB,random_matched,2,N,DBSCAN,0.005,0.005,TP,18.0,56962,75,
2a19cc3c6562,split_comparison,ULB,random_matched,2,N,DBSCAN,0.005,0.005,n_alerts,285.0,56962,75,
2a19cc3c6562,split_comparison,ULB,random_matched,2,N,DBSCAN,0.005,0.005,alert_rate,0.005003335557038025,56962,75,
2a19cc3c6562,split_comparison,ULB,random_matched,2,N,DBSCAN,0.005,0.005,prevalence,0.001316667251852112,56962,75,
2a19cc3c6562,split_comparison,ULB,random_matched,2,N,DBSCAN,0.005,0.005,lift,47.968,56962,75,
2a19cc3c6562,split_comparison,ULB,random_matched,2,N,DBSCAN,0.005,0.005,tie_ratio,0.0029493346441487045,56962,75,
2a19cc3c6562,split_comparison,ULB,random_matched,2,N,DBSCAN,0.005,0.005,fit_seconds,0.8060510158538818,56962,75,
2a19cc3c6562,split_comparison,ULB,random_matched,2,N,DBSCAN,0.005,0.005,score_seconds,0.0318303108215332,56962,75,
40c1679d9ef5,split_comparison,ULB,random_matched,2,N,KMeans,0.005,0.005,PR_AUC,0.13686779739114166,56962,75,
40c1679d9ef5,split_comparison,ULB,random_matched,2,N,KMeans,0.005,0.005,ROC_AUC,0.9691967116095651,56962,75,
40c1679d9ef5,split_comparison,ULB,random_matched,2,N,KMeans,0.005,0.005,Precision,0.11643835616438356,56962,75,
40c1679d9ef5,split_comparison,ULB,random_matched,2,N,KMeans,0.005,0.005,Recall,0.4533333333333333,56962,75,
40c1679d9ef5,split_comparison,ULB,random_matched,2,N,KMeans,0.005,0.005,F1,0.18528610354223432,56962,75,
40c1679d9ef5,split_comparison,ULB,random_matched,2,N,KMeans,0.005,0.005,TN,56629.0,56962,75,
40c1679d9ef5,split_comparison,ULB,random_matched,2,N,KMeans,0.005,0.005,FP,258.0,56962,75,
40c1679d9ef5,split_comparison,ULB,random_matched,2,N,KMeans,0.005,0.005,FN,41.0,56962,75,
40c1679d9ef5,split_comparison,ULB,random_matched,2,N,KMeans,0.005,0.005,TP,34.0,56962,75,
40c1679d9ef5,split_comparison,ULB,random_matched,2,N,KMeans,0.005,0.005,n_alerts,292.0,56962,75,
40c1679d9ef5,split_comparison,ULB,random_matched,2,N,KMeans,0.005,0.005,alert_rate,0.005126224500544223,56962,75,
40c1679d9ef5,split_comparison,ULB,random_matched,2,N,KMeans,0.005,0.005,prevalence,0.001316667251852112,56962,75,
40c1679d9ef5,split_comparison,ULB,random_matched,2,N,KMeans,0.005,0.005,lift,88.43415525114155,56962,75,
40c1679d9ef5,split_comparison,ULB,random_matched,2,N,KMeans,0.005,0.005,tie_ratio,0.003563779361679731,56962,75,
40c1679d9ef5,split_comparison,ULB,random_matched,2,N,KMeans,0.005,0.005,fit_seconds,6.551977634429932,56962,75,
40c1679d9ef5,split_comparison,ULB,random_matched,2,N,KMeans,0.005,0.005,score_seconds,0.11605715751647949,56962,75,
f6b9d7de4ca8,split_comparison,ULB,random_matched,2,N,Ensemble,0.005,0.005,PR_AUC,0.20639779431655567,56962,75,
f6b9d7de4ca8,split_comparison,ULB,random_matched,2,N,Ensemble,0.005,0.005,ROC_AUC,0.9739154229730284,56962,75,
f6b9d7de4ca8,split_comparison,ULB,random_matched,2,N,Ensemble,0.005,0.005,Precision,0.18439716312056736,56962,75,
f6b9d7de4ca8,split_comparison,ULB,random_matched,2,N,Ensemble,0.005,0.005,Recall,0.6933333333333334,56962,75,
f6b9d7de4ca8,split_comparison,ULB,random_matched,2,N,Ensemble,0.005,0.005,F1,0.2913165266106443,56962,75,
f6b9d7de4ca8,split_comparison,ULB,random_matched,2,N,Ensemble,0.005,0.005,TN,56657.0,56962,75,
f6b9d7de4ca8,split_comparison,ULB,random_matched,2,N,Ensemble,0.005,0.005,FP,230.0,56962,75,
f6b9d7de4ca8,split_comparison,ULB,random_matched,2,N,Ensemble,0.005,0.005,FN,23.0,56962,75,
f6b9d7de4ca8,split_comparison,ULB,random_matched,2,N,Ensemble,0.005,0.005,TP,52.0,56962,75,
f6b9d7de4ca8,split_comparison,ULB,random_matched,2,N,Ensemble,0.005,0.005,n_alerts,282.0,56962,75,
f6b9d7de4ca8,split_comparison,ULB,random_matched,2,N,Ensemble,0.005,0.005,alert_rate,0.004950668866963941,56962,75,
f6b9d7de4ca8,split_comparison,ULB,random_matched,2,N,Ensemble,0.005,0.005,prevalence,0.001316667251852112,56962,75,
f6b9d7de4ca8,split_comparison,ULB,random_matched,2,N,Ensemble,0.005,0.005,lift,140.0484160756501,56962,75,
f6b9d7de4ca8,split_comparison,ULB,random_matched,2,N,Ensemble,0.005,0.005,tie_ratio,0.07155647624732275,56962,75,
f6b9d7de4ca8,split_comparison,ULB,random_matched,2,N,Ensemble,0.005,0.005,fit_seconds,0.0,56962,75,
f6b9d7de4ca8,split_comparison,ULB,random_matched,2,N,Ensemble,0.005,0.005,score_seconds,0.0,56962,75,
f7f11a63186a,split_comparison,ULB,random_matched,2,N,Ensemble,0.005,0.005,single_point_invariant,1.0,56962,75,invariance
d1b65ecc85b4,split_comparison,ULB,random_matched,2,O,IsolationForest,0.005,0.0018316625995564216,PR_AUC,0.1218999185281655,56962,75,
d1b65ecc85b4,split_comparison,ULB,random_matched,2,O,IsolationForest,0.005,0.0018316625995564216,ROC_AUC,0.9668327268678842,56962,75,
d1b65ecc85b4,split_comparison,ULB,random_matched,2,O,IsolationForest,0.005,0.0018316625995564216,Precision,0.19801980198019803,56962,75,
d1b65ecc85b4,split_comparison,ULB,random_matched,2,O,IsolationForest,0.005,0.0018316625995564216,Recall,0.26666666666666666,56962,75,
d1b65ecc85b4,split_comparison,ULB,random_matched,2,O,IsolationForest,0.005,0.0018316625995564216,F1,0.22727272727272727,56962,75,
d1b65ecc85b4,split_comparison,ULB,random_matched,2,O,IsolationForest,0.005,0.0018316625995564216,TN,56806.0,56962,75,
d1b65ecc85b4,split_comparison,ULB,random_matched,2,O,IsolationForest,0.005,0.0018316625995564216,FP,81.0,56962,75,
d1b65ecc85b4,split_comparison,ULB,random_matched,2,O,IsolationForest,0.005,0.0018316625995564216,FN,55.0,56962,75,
d1b65ecc85b4,split_comparison,ULB,random_matched,2,O,IsolationForest,0.005,0.0018316625995564216,TP,20.0,56962,75,
d1b65ecc85b4,split_comparison,ULB,random_matched,2,O,IsolationForest,0.005,0.0018316625995564216,n_alerts,101.0,56962,75,
d1b65ecc85b4,split_comparison,ULB,random_matched,2,O,IsolationForest,0.005,0.0018316625995564216,alert_rate,0.001773111899160844,56962,75,
d1b65ecc85b4,split_comparison,ULB,random_matched,2,O,IsolationForest,0.005,0.0018316625995564216,prevalence,0.001316667251852112,56962,75,
d1b65ecc85b4,split_comparison,ULB,random_matched,2,O,IsolationForest,0.005,0.0018316625995564216,lift,150.3947194719472,56962,75,
d1b65ecc85b4,split_comparison,ULB,random_matched,2,O,IsolationForest,0.005,0.0018316625995564216,tie_ratio,0.007057336469927344,56962,75,
d1b65ecc85b4,split_comparison,ULB,random_matched,2,O,IsolationForest,0.005,0.0018316625995564216,fit_seconds,1.361823558807373,56962,75,
d1b65ecc85b4,split_comparison,ULB,random_matched,2,O,IsolationForest,0.005,0.0018316625995564216,score_seconds,1.6621782779693604,56962,75,
d1eb5ddbc2ad,split_comparison,ULB,random_matched,2,O,LOF,0.005,0.0018316625995564216,PR_AUC,0.06482903841889237,56962,75,
d1eb5ddbc2ad,split_comparison,ULB,random_matched,2,O,LOF,0.005,0.0018316625995564216,ROC_AUC,0.9557685704408154,56962,75,
d1eb5ddbc2ad,split_comparison,ULB,random_matched,2,O,LOF,0.005,0.0018316625995564216,Precision,0.12631578947368421,56962,75,
d1eb5ddbc2ad,split_comparison,ULB,random_matched,2,O,LOF,0.005,0.0018316625995564216,Recall,0.16,56962,75,
d1eb5ddbc2ad,split_comparison,ULB,random_matched,2,O,LOF,0.005,0.0018316625995564216,F1,0.1411764705882353,56962,75,
d1eb5ddbc2ad,split_comparison,ULB,random_matched,2,O,LOF,0.005,0.0018316625995564216,TN,56804.0,56962,75,
d1eb5ddbc2ad,split_comparison,ULB,random_matched,2,O,LOF,0.005,0.0018316625995564216,FP,83.0,56962,75,
d1eb5ddbc2ad,split_comparison,ULB,random_matched,2,O,LOF,0.005,0.0018316625995564216,FN,63.0,56962,75,
d1eb5ddbc2ad,split_comparison,ULB,random_matched,2,O,LOF,0.005,0.0018316625995564216,TP,12.0,56962,75,
d1eb5ddbc2ad,split_comparison,ULB,random_matched,2,O,LOF,0.005,0.0018316625995564216,n_alerts,95.0,56962,75,
d1eb5ddbc2ad,split_comparison,ULB,random_matched,2,O,LOF,0.005,0.0018316625995564216,alert_rate,0.001667778519012675,56962,75,
d1eb5ddbc2ad,split_comparison,ULB,random_matched,2,O,LOF,0.005,0.0018316625995564216,prevalence,0.001316667251852112,56962,75,
d1eb5ddbc2ad,split_comparison,ULB,random_matched,2,O,LOF,0.005,0.0018316625995564216,lift,95.936,56962,75,
d1eb5ddbc2ad,split_comparison,ULB,random_matched,2,O,LOF,0.005,0.0018316625995564216,tie_ratio,0.01485200660089181,56962,75,
d1eb5ddbc2ad,split_comparison,ULB,random_matched,2,O,LOF,0.005,0.0018316625995564216,fit_seconds,0.8755853176116943,56962,75,
d1eb5ddbc2ad,split_comparison,ULB,random_matched,2,O,LOF,0.005,0.0018316625995564216,score_seconds,6.056630373001099,56962,75,
ad76f0a3c6d6,split_comparison,ULB,random_matched,2,O,OneClassSVM,0.005,0.0018316625995564216,PR_AUC,0.07339094056552686,56962,75,
ad76f0a3c6d6,split_comparison,ULB,random_matched,2,O,OneClassSVM,0.005,0.0018316625995564216,ROC_AUC,0.9486863431012359,56962,75,
ad76f0a3c6d6,split_comparison,ULB,random_matched,2,O,OneClassSVM,0.005,0.0018316625995564216,Precision,0.07207207207207207,56962,75,
ad76f0a3c6d6,split_comparison,ULB,random_matched,2,O,OneClassSVM,0.005,0.0018316625995564216,Recall,0.10666666666666667,56962,75,
ad76f0a3c6d6,split_comparison,ULB,random_matched,2,O,OneClassSVM,0.005,0.0018316625995564216,F1,0.08602150537634409,56962,75,
ad76f0a3c6d6,split_comparison,ULB,random_matched,2,O,OneClassSVM,0.005,0.0018316625995564216,TN,56784.0,56962,75,
ad76f0a3c6d6,split_comparison,ULB,random_matched,2,O,OneClassSVM,0.005,0.0018316625995564216,FP,103.0,56962,75,
ad76f0a3c6d6,split_comparison,ULB,random_matched,2,O,OneClassSVM,0.005,0.0018316625995564216,FN,67.0,56962,75,
ad76f0a3c6d6,split_comparison,ULB,random_matched,2,O,OneClassSVM,0.005,0.0018316625995564216,TP,8.0,56962,75,
ad76f0a3c6d6,split_comparison,ULB,random_matched,2,O,OneClassSVM,0.005,0.0018316625995564216,n_alerts,111.0,56962,75,
ad76f0a3c6d6,split_comparison,ULB,random_matched,2,O,OneClassSVM,0.005,0.0018316625995564216,alert_rate,0.0019486675327411256,56962,75,
ad76f0a3c6d6,split_comparison,ULB,random_matched,2,O,OneClassSVM,0.005,0.0018316625995564216,prevalence,0.001316667251852112,56962,75,
ad76f0a3c6d6,split_comparison,ULB,random_matched,2,O,OneClassSVM,0.005,0.0018316625995564216,lift,54.738258258258256,56962,75,
ad76f0a3c6d6,split_comparison,ULB,random_matched,2,O,OneClassSVM,0.005,0.0018316625995564216,tie_ratio,0.0010708893648396778,56962,75,
ad76f0a3c6d6,split_comparison,ULB,random_matched,2,O,OneClassSVM,0.005,0.0018316625995564216,fit_seconds,0.7658491134643555,56962,75,
ad76f0a3c6d6,split_comparison,ULB,random_matched,2,O,OneClassSVM,0.005,0.0018316625995564216,score_seconds,7.944968938827515,56962,75,
ecdd0989c854,split_comparison,ULB,random_matched,2,O,DBSCAN,0.005,0.0018316625995564216,PR_AUC,0.050927065185763974,56962,75,
ecdd0989c854,split_comparison,ULB,random_matched,2,O,DBSCAN,0.005,0.0018316625995564216,ROC_AUC,0.9544371590462963,56962,75,
ecdd0989c854,split_comparison,ULB,random_matched,2,O,DBSCAN,0.005,0.0018316625995564216,Precision,0.13392857142857142,56962,75,
ecdd0989c854,split_comparison,ULB,random_matched,2,O,DBSCAN,0.005,0.0018316625995564216,Recall,0.2,56962,75,
ecdd0989c854,split_comparison,ULB,random_matched,2,O,DBSCAN,0.005,0.0018316625995564216,F1,0.16042780748663102,56962,75,
ecdd0989c854,split_comparison,ULB,random_matched,2,O,DBSCAN,0.005,0.0018316625995564216,TN,56790.0,56962,75,
ecdd0989c854,split_comparison,ULB,random_matched,2,O,DBSCAN,0.005,0.0018316625995564216,FP,97.0,56962,75,
ecdd0989c854,split_comparison,ULB,random_matched,2,O,DBSCAN,0.005,0.0018316625995564216,FN,60.0,56962,75,
ecdd0989c854,split_comparison,ULB,random_matched,2,O,DBSCAN,0.005,0.0018316625995564216,TP,15.0,56962,75,
ecdd0989c854,split_comparison,ULB,random_matched,2,O,DBSCAN,0.005,0.0018316625995564216,n_alerts,112.0,56962,75,
ecdd0989c854,split_comparison,ULB,random_matched,2,O,DBSCAN,0.005,0.0018316625995564216,alert_rate,0.001966223096099154,56962,75,
ecdd0989c854,split_comparison,ULB,random_matched,2,O,DBSCAN,0.005,0.0018316625995564216,prevalence,0.001316667251852112,56962,75,
ecdd0989c854,split_comparison,ULB,random_matched,2,O,DBSCAN,0.005,0.0018316625995564216,lift,101.71785714285714,56962,75,
ecdd0989c854,split_comparison,ULB,random_matched,2,O,DBSCAN,0.005,0.0018316625995564216,tie_ratio,0.0030020013342227925,56962,75,
ecdd0989c854,split_comparison,ULB,random_matched,2,O,DBSCAN,0.005,0.0018316625995564216,fit_seconds,0.7156581878662109,56962,75,
ecdd0989c854,split_comparison,ULB,random_matched,2,O,DBSCAN,0.005,0.0018316625995564216,score_seconds,0.030586957931518555,56962,75,
2fa42f63ecc4,split_comparison,ULB,random_matched,2,O,KMeans,0.005,0.0018316625995564216,PR_AUC,0.13312645545779087,56962,75,
2fa42f63ecc4,split_comparison,ULB,random_matched,2,O,KMeans,0.005,0.0018316625995564216,ROC_AUC,0.9723866612758627,56962,75,
2fa42f63ecc4,split_comparison,ULB,random_matched,2,O,KMeans,0.005,0.0018316625995564216,Precision,0.1651376146788991,56962,75,
2fa42f63ecc4,split_comparison,ULB,random_matched,2,O,KMeans,0.005,0.0018316625995564216,Recall,0.24,56962,75,
2fa42f63ecc4,split_comparison,ULB,random_matched,2,O,KMeans,0.005,0.0018316625995564216,F1,0.1956521739130435,56962,75,
2fa42f63ecc4,split_comparison,ULB,random_matched,2,O,KMeans,0.005,0.0018316625995564216,TN,56796.0,56962,75,
2fa42f63ecc4,split_comparison,ULB,random_matched,2,O,KMeans,0.005,0.0018316625995564216,FP,91.0,56962,75,
2fa42f63ecc4,split_comparison,ULB,random_matched,2,O,KMeans,0.005,0.0018316625995564216,FN,57.0,56962,75,
2fa42f63ecc4,split_comparison,ULB,random_matched,2,O,KMeans,0.005,0.0018316625995564216,TP,18.0,56962,75,
2fa42f63ecc4,split_comparison,ULB,random_matched,2,O,KMeans,0.005,0.0018316625995564216,n_alerts,109.0,56962,75,
2fa42f63ecc4,split_comparison,ULB,random_matched,2,O,KMeans,0.005,0.0018316625995564216,alert_rate,0.0019135564060250693,56962,75,
2fa42f63ecc4,split_comparison,ULB,random_matched,2,O,KMeans,0.005,0.0018316625995564216,prevalence,0.001316667251852112,56962,75,
2fa42f63ecc4,split_comparison,ULB,random_matched,2,O,KMeans,0.005,0.0018316625995564216,lift,125.42091743119266,56962,75,
2fa42f63ecc4,split_comparison,ULB,random_matched,2,O,KMeans,0.005,0.0018316625995564216,tie_ratio,0.0028966679540746165,56962,75,
2fa42f63ecc4,split_comparison,ULB,random_matched,2,O,KMeans,0.005,0.0018316625995564216,fit_seconds,6.7506468296051025,56962,75,
2fa42f63ecc4,split_comparison,ULB,random_matched,2,O,KMeans,0.005,0.0018316625995564216,score_seconds,0.11540818214416504,56962,75,
ae8f6414f01b,split_comparison,ULB,random_matched,2,O,Ensemble,0.005,0.0018316625995564216,PR_AUC,0.12645887788278828,56962,75,
ae8f6414f01b,split_comparison,ULB,random_matched,2,O,Ensemble,0.005,0.0018316625995564216,ROC_AUC,0.9751576517189047,56962,75,
ae8f6414f01b,split_comparison,ULB,random_matched,2,O,Ensemble,0.005,0.0018316625995564216,Precision,0.14563106796116504,56962,75,
ae8f6414f01b,split_comparison,ULB,random_matched,2,O,Ensemble,0.005,0.0018316625995564216,Recall,0.2,56962,75,
ae8f6414f01b,split_comparison,ULB,random_matched,2,O,Ensemble,0.005,0.0018316625995564216,F1,0.16853932584269662,56962,75,
ae8f6414f01b,split_comparison,ULB,random_matched,2,O,Ensemble,0.005,0.0018316625995564216,TN,56799.0,56962,75,
ae8f6414f01b,split_comparison,ULB,random_matched,2,O,Ensemble,0.005,0.0018316625995564216,FP,88.0,56962,75,
ae8f6414f01b,split_comparison,ULB,random_matched,2,O,Ensemble,0.005,0.0018316625995564216,FN,60.0,56962,75,
ae8f6414f01b,split_comparison,ULB,random_matched,2,O,Ensemble,0.005,0.0018316625995564216,TP,15.0,56962,75,
ae8f6414f01b,split_comparison,ULB,random_matched,2,O,Ensemble,0.005,0.0018316625995564216,n_alerts,103.0,56962,75,
ae8f6414f01b,split_comparison,ULB,random_matched,2,O,Ensemble,0.005,0.0018316625995564216,alert_rate,0.0018082230258769003,56962,75,
ae8f6414f01b,split_comparison,ULB,random_matched,2,O,Ensemble,0.005,0.0018316625995564216,prevalence,0.001316667251852112,56962,75,
ae8f6414f01b,split_comparison,ULB,random_matched,2,O,Ensemble,0.005,0.0018316625995564216,lift,110.60582524271844,56962,75,
ae8f6414f01b,split_comparison,ULB,random_matched,2,O,Ensemble,0.005,0.0018316625995564216,tie_ratio,0.07473403321512584,56962,75,
ae8f6414f01b,split_comparison,ULB,random_matched,2,O,Ensemble,0.005,0.0018316625995564216,fit_seconds,0.0,56962,75,
ae8f6414f01b,split_comparison,ULB,random_matched,2,O,Ensemble,0.005,0.0018316625995564216,score_seconds,0.0,56962,75,
006a7cea0d8c,split_comparison,ULB,random_matched,2,O,Ensemble,0.005,0.0018316625995564216,single_point_invariant,1.0,56962,75,invariance
486777c0cddd,split_comparison,PaySim,chronological,0,U,IsolationForest,0.005,0.005,PR_AUC,0.01609538541908355,1272524,4254,
486777c0cddd,split_comparison,PaySim,chronological,0,U,IsolationForest,0.005,0.005,ROC_AUC,0.813015355620548,1272524,4254,
486777c0cddd,split_comparison,PaySim,chronological,0,U,IsolationForest,0.005,0.005,Precision,0.038506417736289385,1272524,4254,
486777c0cddd,split_comparison,PaySim,chronological,0,U,IsolationForest,0.005,0.005,Recall,0.007757404795486601,1272524,4254,
486777c0cddd,split_comparison,PaySim,chronological,0,U,IsolationForest,0.005,0.005,F1,0.012913324202700058,1272524,4254,
486777c0cddd,split_comparison,PaySim,chronological,0,U,IsolationForest,0.005,0.005,TN,1267446.0,1272524,4254,
486777c0cddd,split_comparison,PaySim,chronological,0,U,IsolationForest,0.005,0.005,FP,824.0,1272524,4254,
486777c0cddd,split_comparison,PaySim,chronological,0,U,IsolationForest,0.005,0.005,FN,4221.0,1272524,4254,
486777c0cddd,split_comparison,PaySim,chronological,0,U,IsolationForest,0.005,0.005,TP,33.0,1272524,4254,
486777c0cddd,split_comparison,PaySim,chronological,0,U,IsolationForest,0.005,0.005,n_alerts,857.0,1272524,4254,
486777c0cddd,split_comparison,PaySim,chronological,0,U,IsolationForest,0.005,0.005,alert_rate,0.0006734647047914224,1272524,4254,
486777c0cddd,split_comparison,PaySim,chronological,0,U,IsolationForest,0.005,0.005,prevalence,0.0033429624902948786,1272524,4254,
486777c0cddd,split_comparison,PaySim,chronological,0,U,IsolationForest,0.005,0.005,lift,11.51865085177572,1272524,4254,
486777c0cddd,split_comparison,PaySim,chronological,0,U,IsolationForest,0.005,0.005,tie_ratio,0.5940076572229679,1272524,4254,
486777c0cddd,split_comparison,PaySim,chronological,0,U,IsolationForest,0.005,0.005,fit_seconds,8.946947813034058,1272524,4254,
486777c0cddd,split_comparison,PaySim,chronological,0,U,IsolationForest,0.005,0.005,score_seconds,33.26933026313782,1272524,4254,
050db5c65d89,split_comparison,PaySim,chronological,0,U,LOF,0.005,0.005,PR_AUC,0.0030799352569791417,1272524,4254,
050db5c65d89,split_comparison,PaySim,chronological,0,U,LOF,0.005,0.005,ROC_AUC,0.4998612955691239,1272524,4254,
050db5c65d89,split_comparison,PaySim,chronological,0,U,LOF,0.005,0.005,Precision,0.0,1272524,4254,
050db5c65d89,split_comparison,PaySim,chronological,0,U,LOF,0.005,0.005,Recall,0.0,1272524,4254,
050db5c65d89,split_comparison,PaySim,chronological,0,U,LOF,0.005,0.005,F1,0.0,1272524,4254,
050db5c65d89,split_comparison,PaySim,chronological,0,U,LOF,0.005,0.005,TN,910268.0,1272524,4254,
050db5c65d89,split_comparison,PaySim,chronological,0,U,LOF,0.005,0.005,FP,358002.0,1272524,4254,
050db5c65d89,split_comparison,PaySim,chronological,0,U,LOF,0.005,0.005,FN,4254.0,1272524,4254,
050db5c65d89,split_comparison,PaySim,chronological,0,U,LOF,0.005,0.005,TP,0.0,1272524,4254,
050db5c65d89,split_comparison,PaySim,chronological,0,U,LOF,0.005,0.005,n_alerts,358002.0,1272524,4254,
050db5c65d89,split_comparison,PaySim,chronological,0,U,LOF,0.005,0.005,alert_rate,0.28133221848861006,1272524,4254,
050db5c65d89,split_comparison,PaySim,chronological,0,U,LOF,0.005,0.005,prevalence,0.0033429624902948786,1272524,4254,
050db5c65d89,split_comparison,PaySim,chronological,0,U,LOF,0.005,0.005,lift,0.0,1272524,4254,
050db5c65d89,split_comparison,PaySim,chronological,0,U,LOF,0.005,0.005,tie_ratio,0.042048715780606094,1272524,4254,
050db5c65d89,split_comparison,PaySim,chronological,0,U,LOF,0.005,0.005,fit_seconds,2.1043930053710938,1272524,4254,
050db5c65d89,split_comparison,PaySim,chronological,0,U,LOF,0.005,0.005,score_seconds,248.25619745254517,1272524,4254,
84bf059ff1dc,split_comparison,PaySim,chronological,0,U,OneClassSVM,0.005,0.005,PR_AUC,0.10543568280199875,1272524,4254,
84bf059ff1dc,split_comparison,PaySim,chronological,0,U,OneClassSVM,0.005,0.005,ROC_AUC,0.8757167375165967,1272524,4254,
84bf059ff1dc,split_comparison,PaySim,chronological,0,U,OneClassSVM,0.005,0.005,Precision,0.2609289617486339,1272524,4254,
84bf059ff1dc,split_comparison,PaySim,chronological,0,U,OneClassSVM,0.005,0.005,Recall,0.08979783732957217,1272524,4254,
84bf059ff1dc,split_comparison,PaySim,chronological,0,U,OneClassSVM,0.005,0.005,F1,0.1336131514515565,1272524,4254,
84bf059ff1dc,split_comparison,PaySim,chronological,0,U,OneClassSVM,0.005,0.005,TN,1267188.0,1272524,4254,
84bf059ff1dc,split_comparison,PaySim,chronological,0,U,OneClassSVM,0.005,0.005,FP,1082.0,1272524,4254,
84bf059ff1dc,split_comparison,PaySim,chronological,0,U,OneClassSVM,0.005,0.005,FN,3872.0,1272524,4254,
84bf059ff1dc,split_comparison,PaySim,chronological,0,U,OneClassSVM,0.005,0.005,TP,382.0,1272524,4254,
84bf059ff1dc,split_comparison,PaySim,chronological,0,U,OneClassSVM,0.005,0.005,n_alerts,1464.0,1272524,4254,
84bf059ff1dc,split_comparison,PaySim,chronological,0,U,OneClassSVM,0.005,0.005,alert_rate,0.001150469460693865,1272524,4254,
84bf059ff1dc,split_comparison,PaySim,chronological,0,U,OneClassSVM,0.005,0.005,prevalence,0.0033429624902948786,1272524,4254,
84bf059ff1dc,split_comparison,PaySim,chronological,0,U,OneClassSVM,0.005,0.005,lift,78.05321253413695,1272524,4254,
84bf059ff1dc,split_comparison,PaySim,chronological,0,U,OneClassSVM,0.005,0.005,tie_ratio,0.004126444766464177,1272524,4254,
84bf059ff1dc,split_comparison,PaySim,chronological,0,U,OneClassSVM,0.005,0.005,fit_seconds,0.3382294178009033,1272524,4254,
84bf059ff1dc,split_comparison,PaySim,chronological,0,U,OneClassSVM,0.005,0.005,score_seconds,65.30086874961853,1272524,4254,
7bbf78644cfd,split_comparison,PaySim,chronological,0,U,DBSCAN,0.005,0.005,PR_AUC,0.024800190516075682,1272524,4254,
7bbf78644cfd,split_comparison,PaySim,chronological,0,U,DBSCAN,0.005,0.005,ROC_AUC,0.8407100109704875,1272524,4254,
7bbf78644cfd,split_comparison,PaySim,chronological,0,U,DBSCAN,0.005,0.005,Precision,0.1179245283018868,1272524,4254,
7bbf78644cfd,split_comparison,PaySim,chronological,0,U,DBSCAN,0.005,0.005,Recall,0.02938410907381288,1272524,4254,
7bbf78644cfd,split_comparison,PaySim,chronological,0,U,DBSCAN,0.005,0.005,F1,0.04704554008280015,1272524,4254,
7bbf78644cfd,split_comparison,PaySim,chronological,0,U,DBSCAN,0.005,0.005,TN,1267335.0,1272524,4254,
7bbf78644cfd,split_comparison,PaySim,chronological,0,U,DBSCAN,0.005,0.005,FP,935.0,1272524,4254,
7bbf78644cfd,split_comparison,PaySim,chronological,0,U,DBSCAN,0.005,0.005,FN,4129.0,1272524,4254,
7bbf78644cfd,split_comparison,PaySim,chronological,0,U,DBSCAN,0.005,0.005,TP,125.0,1272524,4254,
7bbf78644cfd,split_comparison,PaySim,chronological,0,U,DBSCAN,0.005,0.005,n_alerts,1060.0,1272524,4254,
7bbf78644cfd,split_comparison,PaySim,chronological,0,U,DBSCAN,0.005,0.005,alert_rate,0.0008329901832892739,1272524,4254,
7bbf78644cfd,split_comparison,PaySim,chronological,0,U,DBSCAN,0.005,0.005,prevalence,0.0033429624902948786,1272524,4254,
7bbf78644cfd,split_comparison,PaySim,chronological,0,U,DBSCAN,0.005,0.005,lift,35.27545661796666,1272524,4254,
7bbf78644cfd,split_comparison,PaySim,chronological,0,U,DBSCAN,0.005,0.005,tie_ratio,0.10432730541820823,1272524,4254,
7bbf78644cfd,split_comparison,PaySim,chronological,0,U,DBSCAN,0.005,0.005,fit_seconds,1.013347864151001,1272524,4254,
7bbf78644cfd,split_comparison,PaySim,chronological,0,U,DBSCAN,0.005,0.005,score_seconds,0.12263059616088867,1272524,4254,
40f019ae6580,split_comparison,PaySim,chronological,0,U,KMeans,0.005,0.005,PR_AUC,0.04194993745677103,1272524,4254,
40f019ae6580,split_comparison,PaySim,chronological,0,U,KMeans,0.005,0.005,ROC_AUC,0.8688532131340586,1272524,4254,
40f019ae6580,split_comparison,PaySim,chronological,0,U,KMeans,0.005,0.005,Precision,0.12138263665594855,1272524,4254,
40f019ae6580,split_comparison,PaySim,chronological,0,U,KMeans,0.005,0.005,Recall,0.03549600376116596,1272524,4254,
40f019ae6580,split_comparison,PaySim,chronological,0,U,KMeans,0.005,0.005,F1,0.054929065114587124,1272524,4254,
40f019ae6580,split_comparison,PaySim,chronological,0,U,KMeans,0.005,0.005,TN,1267177.0,1272524,4254,
40f019ae6580,split_comparison,PaySim,chronological,0,U,KMeans,0.005,0.005,FP,1093.0,1272524,4254,
40f019ae6580,split_comparison,PaySim,chronological,0,U,KMeans,0.005,0.005,FN,4103.0,1272524,4254,
40f019ae6580,split_comparison,PaySim,chronological,0,U,KMeans,0.005,0.005,TP,151.0,1272524,4254,
40f019ae6580,split_comparison,PaySim,chronological,0,U,KMeans,0.005,0.005,n_alerts,1244.0,1272524,4254,
40f019ae6580,split_comparison,PaySim,chronological,0,U,KMeans,0.005,0.005,alert_rate,0.000977584705671563,1272524,4254,
40f019ae6580,split_comparison,PaySim,chronological,0,U,KMeans,0.005,0.005,prevalence,0.0033429624902948786,1272524,4254,
40f019ae6580,split_comparison,PaySim,chronological,0,U,KMeans,0.005,0.005,lift,36.30990087634562,1272524,4254,
40f019ae6580,split_comparison,PaySim,chronological,0,U,KMeans,0.005,0.005,tie_ratio,0.15048674916936733,1272524,4254,
40f019ae6580,split_comparison,PaySim,chronological,0,U,KMeans,0.005,0.005,fit_seconds,73.43687748908997,1272524,4254,
40f019ae6580,split_comparison,PaySim,chronological,0,U,KMeans,0.005,0.005,score_seconds,1.132737398147583,1272524,4254,
915416a4ba9b,split_comparison,PaySim,chronological,0,U,Ensemble,0.005,0.005,PR_AUC,0.15018493974459565,1272524,4254,
915416a4ba9b,split_comparison,PaySim,chronological,0,U,Ensemble,0.005,0.005,ROC_AUC,0.9177841420155617,1272524,4254,
915416a4ba9b,split_comparison,PaySim,chronological,0,U,Ensemble,0.005,0.005,Precision,0.24559585492227978,1272524,4254,
915416a4ba9b,split_comparison,PaySim,chronological,0,U,Ensemble,0.005,0.005,Recall,0.05571227080394922,1272524,4254,
915416a4ba9b,split_comparison,PaySim,chronological,0,U,Ensemble,0.005,0.005,F1,0.09082199655106342,1272524,4254,
915416a4ba9b,split_comparison,PaySim,chronological,0,U,Ensemble,0.005,0.005,TN,1267542.0,1272524,4254,
915416a4ba9b,split_comparison,PaySim,chronological,0,U,Ensemble,0.005,0.005,FP,728.0,1272524,4254,
915416a4ba9b,split_comparison,PaySim,chronological,0,U,Ensemble,0.005,0.005,FN,4017.0,1272524,4254,
915416a4ba9b,split_comparison,PaySim,chronological,0,U,Ensemble,0.005,0.005,TP,237.0,1272524,4254,
915416a4ba9b,split_comparison,PaySim,chronological,0,U,Ensemble,0.005,0.005,n_alerts,965.0,1272524,4254,
915416a4ba9b,split_comparison,PaySim,chronological,0,U,Ensemble,0.005,0.005,alert_rate,0.0007583354027114617,1272524,4254,
915416a4ba9b,split_comparison,PaySim,chronological,0,U,Ensemble,0.005,0.005,prevalence,0.0033429624902948786,1272524,4254,
915416a4ba9b,split_comparison,PaySim,chronological,0,U,Ensemble,0.005,0.005,lift,73.4665302513209,1272524,4254,
915416a4ba9b,split_comparison,PaySim,chronological,0,U,Ensemble,0.005,0.005,tie_ratio,0.10080674313411775,1272524,4254,
915416a4ba9b,split_comparison,PaySim,chronological,0,U,Ensemble,0.005,0.005,fit_seconds,0.0,1272524,4254,
915416a4ba9b,split_comparison,PaySim,chronological,0,U,Ensemble,0.005,0.005,score_seconds,0.0,1272524,4254,
9aa749ee7f6f,split_comparison,PaySim,chronological,0,U,Ensemble,0.005,0.005,single_point_invariant,1.0,1272524,4254,invariance
502baa9769eb,split_comparison,PaySim,chronological,0,N,IsolationForest,0.005,0.005,PR_AUC,0.016475860057613735,1272524,4254,
502baa9769eb,split_comparison,PaySim,chronological,0,N,IsolationForest,0.005,0.005,ROC_AUC,0.8133172071344671,1272524,4254,
502baa9769eb,split_comparison,PaySim,chronological,0,N,IsolationForest,0.005,0.005,Precision,0.03090727816550349,1272524,4254,
502baa9769eb,split_comparison,PaySim,chronological,0,N,IsolationForest,0.005,0.005,Recall,0.007287259050305595,1272524,4254,
502baa9769eb,split_comparison,PaySim,chronological,0,N,IsolationForest,0.005,0.005,F1,0.011793798744531101,1272524,4254,
502baa9769eb,split_comparison,PaySim,chronological,0,N,IsolationForest,0.005,0.005,TN,1267298.0,1272524,4254,
502baa9769eb,split_comparison,PaySim,chronological,0,N,IsolationForest,0.005,0.005,FP,972.0,1272524,4254,
502baa9769eb,split_comparison,PaySim,chronological,0,N,IsolationForest,0.005,0.005,FN,4223.0,1272524,4254,
502baa9769eb,split_comparison,PaySim,chronological,0,N,IsolationForest,0.005,0.005,TP,31.0,1272524,4254,
502baa9769eb,split_comparison,PaySim,chronological,0,N,IsolationForest,0.005,0.005,n_alerts,1003.0,1272524,4254,
502baa9769eb,split_comparison,PaySim,chronological,0,N,IsolationForest,0.005,0.005,alert_rate,0.0007881973149425866,1272524,4254,
502baa9769eb,split_comparison,PaySim,chronological,0,N,IsolationForest,0.005,0.005,prevalence,0.0033429624902948786,1272524,4254,
502baa9769eb,split_comparison,PaySim,chronological,0,N,IsolationForest,0.005,0.005,lift,9.245475608904364,1272524,4254,
502baa9769eb,split_comparison,PaySim,chronological,0,N,IsolationForest,0.005,0.005,tie_ratio,0.5972382446224983,1272524,4254,
502baa9769eb,split_comparison,PaySim,chronological,0,N,IsolationForest,0.005,0.005,fit_seconds,7.666740655899048,1272524,4254,
502baa9769eb,split_comparison,PaySim,chronological,0,N,IsolationForest,0.005,0.005,score_seconds,31.519209623336792,1272524,4254,
a48aa63a8a5b,split_comparison,PaySim,chronological,0,N,LOF,0.005,0.005,PR_AUC,0.0030319200122619254,1272524,4254,
a48aa63a8a5b,split_comparison,PaySim,chronological,0,N,LOF,0.005,0.005,ROC_AUC,0.49302603351576035,1272524,4254,
a48aa63a8a5b,split_comparison,PaySim,chronological,0,N,LOF,0.005,0.005,Precision,9.353861942342795e-05,1272524,4254,
a48aa63a8a5b,split_comparison,PaySim,chronological,0,N,LOF,0.005,0.005,Recall,0.008227550540667606,1272524,4254,
a48aa63a8a5b,split_comparison,PaySim,chronological,0,N,LOF,0.005,0.005,F1,0.00018497427536327626,1272524,4254,
a48aa63a8a5b,split_comparison,PaySim,chronological,0,N,LOF,0.005,0.005,TN,894128.0,1272524,4254,
a48aa63a8a5b,split_comparison,PaySim,chronological,0,N,LOF,0.005,0.005,FP,374142.0,1272524,4254,
a48aa63a8a5b,split_comparison,PaySim,chronological,0,N,LOF,0.005,0.005,FN,4219.0,1272524,4254,
a48aa63a8a5b,split_comparison,PaySim,chronological,0,N,LOF,0.005,0.005,TP,35.0,1272524,4254,
a48aa63a8a5b,split_comparison,PaySim,chronological,0,N,LOF,0.005,0.005,n_alerts,374177.0,1272524,4254,
a48aa63a8a5b,split_comparison,PaySim,chronological,0,N,LOF,0.005,0.005,alert_rate,0.294043177181727,1272524,4254,
a48aa63a8a5b,split_comparison,PaySim,chronological,0,N,LOF,0.005,0.005,prevalence,0.0033429624902948786,1272524,4254,
a48aa63a8a5b,split_comparison,PaySim,chronological,0,N,LOF,0.005,0.005,lift,0.027980756498161313,1272524,4254,
a48aa63a8a5b,split_comparison,PaySim,chronological,0,N,LOF,0.005,0.005,tie_ratio,0.037686519075475156,1272524,4254,
a48aa63a8a5b,split_comparison,PaySim,chronological,0,N,LOF,0.005,0.005,fit_seconds,1.5357885360717773,1272524,4254,
a48aa63a8a5b,split_comparison,PaySim,chronological,0,N,LOF,0.005,0.005,score_seconds,218.14455699920654,1272524,4254,
9661edf0d196,split_comparison,PaySim,chronological,0,N,OneClassSVM,0.005,0.005,PR_AUC,0.10176947215072668,1272524,4254,
9661edf0d196,split_comparison,PaySim,chronological,0,N,OneClassSVM,0.005,0.005,ROC_AUC,0.8708153097421645,1272524,4254,
9661edf0d196,split_comparison,PaySim,chronological,0,N,OneClassSVM,0.005,0.005,Precision,0.2674982674982675,1272524,4254,
9661edf0d196,split_comparison,PaySim,chronological,0,N,OneClassSVM,0.005,0.005,Recall,0.09073812881993418,1272524,4254,
9661edf0d196,split_comparison,PaySim,chronological,0,N,OneClassSVM,0.005,0.005,F1,0.13550991750043884,1272524,4254,
9661edf0d196,split_comparison,PaySim,chronological,0,N,OneClassSVM,0.005,0.005,TN,1267213.0,1272524,4254,
9661edf0d196,split_comparison,PaySim,chronological,0,N,OneClassSVM,0.005,0.005,FP,1057.0,1272524,4254,
9661edf0d196,split_comparison,PaySim,chronological,0,N,OneClassSVM,0.005,0.005,FN,3868.0,1272524,4254,
9661edf0d196,split_comparison,PaySim,chronological,0,N,OneClassSVM,0.005,0.005,TP,386.0,1272524,4254,
9661edf0d196,split_comparison,PaySim,chronological,0,N,OneClassSVM,0.005,0.005,n_alerts,1443.0,1272524,4254,
9661edf0d196,split_comparison,PaySim,chronological,0,N,OneClassSVM,0.005,0.005,alert_rate,0.001133966824987191,1272524,4254,
9661edf0d196,split_comparison,PaySim,chronological,0,N,OneClassSVM,0.005,0.005,prevalence,0.0033429624902948786,1272524,4254,
9661edf0d196,split_comparison,PaySim,chronological,0,N,OneClassSVM,0.005,0.005,lift,80.01832753877888,1272524,4254,
9661edf0d196,split_comparison,PaySim,chronological,0,N,OneClassSVM,0.005,0.005,tie_ratio,0.0044376373255042845,1272524,4254,
9661edf0d196,split_comparison,PaySim,chronological,0,N,OneClassSVM,0.005,0.005,fit_seconds,0.33753395080566406,1272524,4254,
9661edf0d196,split_comparison,PaySim,chronological,0,N,OneClassSVM,0.005,0.005,score_seconds,63.66807270050049,1272524,4254,
753448593cfc,split_comparison,PaySim,chronological,0,N,DBSCAN,0.005,0.005,PR_AUC,0.02480496478288824,1272524,4254,
753448593cfc,split_comparison,PaySim,chronological,0,N,DBSCAN,0.005,0.005,ROC_AUC,0.8406674069663339,1272524,4254,
753448593cfc,split_comparison,PaySim,chronological,0,N,DBSCAN,0.005,0.005,Precision,0.1179245283018868,1272524,4254,
753448593cfc,split_comparison,PaySim,chronological,0,N,DBSCAN,0.005,0.005,Recall,0.02938410907381288,1272524,4254,
753448593cfc,split_comparison,PaySim,chronological,0,N,DBSCAN,0.005,0.005,F1,0.04704554008280015,1272524,4254,
753448593cfc,split_comparison,PaySim,chronological,0,N,DBSCAN,0.005,0.005,TN,1267335.0,1272524,4254,
753448593cfc,split_comparison,PaySim,chronological,0,N,DBSCAN,0.005,0.005,FP,935.0,1272524,4254,
753448593cfc,split_comparison,PaySim,chronological,0,N,DBSCAN,0.005,0.005,FN,4129.0,1272524,4254,
753448593cfc,split_comparison,PaySim,chronological,0,N,DBSCAN,0.005,0.005,TP,125.0,1272524,4254,
753448593cfc,split_comparison,PaySim,chronological,0,N,DBSCAN,0.005,0.005,n_alerts,1060.0,1272524,4254,
753448593cfc,split_comparison,PaySim,chronological,0,N,DBSCAN,0.005,0.005,alert_rate,0.0008329901832892739,1272524,4254,
753448593cfc,split_comparison,PaySim,chronological,0,N,DBSCAN,0.005,0.005,prevalence,0.0033429624902948786,1272524,4254,
753448593cfc,split_comparison,PaySim,chronological,0,N,DBSCAN,0.005,0.005,lift,35.27545661796666,1272524,4254,
753448593cfc,split_comparison,PaySim,chronological,0,N,DBSCAN,0.005,0.005,tie_ratio,0.0998142274723306,1272524,4254,
753448593cfc,split_comparison,PaySim,chronological,0,N,DBSCAN,0.005,0.005,fit_seconds,1.0261456966400146,1272524,4254,
753448593cfc,split_comparison,PaySim,chronological,0,N,DBSCAN,0.005,0.005,score_seconds,0.14288091659545898,1272524,4254,
4cce53ccd6c3,split_comparison,PaySim,chronological,0,N,KMeans,0.005,0.005,PR_AUC,0.045800538190623186,1272524,4254,
4cce53ccd6c3,split_comparison,PaySim,chronological,0,N,KMeans,0.005,0.005,ROC_AUC,0.8627522777761942,1272524,4254,
4cce53ccd6c3,split_comparison,PaySim,chronological,0,N,KMeans,0.005,0.005,Precision,0.1257918552036199,1272524,4254,
4cce53ccd6c3,split_comparison,PaySim,chronological,0,N,KMeans,0.005,0.005,Recall,0.03267512929007992,1272524,4254,
4cce53ccd6c3,split_comparison,PaySim,chronological,0,N,KMeans,0.005,0.005,F1,0.05187534987870871,1272524,4254,
4cce53ccd6c3,split_comparison,PaySim,chronological,0,N,KMeans,0.005,0.005,TN,1267304.0,1272524,4254,
4cce53ccd6c3,split_comparison,PaySim,chronological,0,N,KMeans,0.005,0.005,FP,966.0,1272524,4254,
4cce53ccd6c3,split_comparison,PaySim,chronological,0,N,KMeans,0.005,0.005,FN,4115.0,1272524,4254,
4cce53ccd6c3,split_comparison,PaySim,chronological,0,N,KMeans,0.005,0.005,TP,139.0,1272524,4254,
4cce53ccd6c3,split_comparison,PaySim,chronological,0,N,KMeans,0.005,0.005,n_alerts,1105.0,1272524,4254,
4cce53ccd6c3,split_comparison,PaySim,chronological,0,N,KMeans,0.005,0.005,alert_rate,0.0008683529740892902,1272524,4254,
4cce53ccd6c3,split_comparison,PaySim,chronological,0,N,KMeans,0.005,0.005,prevalence,0.0033429624902948786,1272524,4254,
4cce53ccd6c3,split_comparison,PaySim,chronological,0,N,KMeans,0.005,0.005,lift,37.62885631197255,1272524,4254,
4cce53ccd6c3,split_comparison,PaySim,chronological,0,N,KMeans,0.005,0.005,tie_ratio,0.15261244581634614,1272524,4254,
4cce53ccd6c3,split_comparison,PaySim,chronological,0,N,KMeans,0.005,0.005,fit_seconds,83.46533441543579,1272524,4254,
4cce53ccd6c3,split_comparison,PaySim,chronological,0,N,KMeans,0.005,0.005,score_seconds,1.5503158569335938,1272524,4254,
35695ed14ab6,split_comparison,PaySim,chronological,0,N,Ensemble,0.005,0.005,PR_AUC,0.17058697841506912,1272524,4254,
35695ed14ab6,split_comparison,PaySim,chronological,0,N,Ensemble,0.005,0.005,ROC_AUC,0.9162555535403151,1272524,4254,
35695ed14ab6,split_comparison,PaySim,chronological,0,N,Ensemble,0.005,0.005,Precision,0.3146747352496218,1272524,4254,
35695ed14ab6,split_comparison,PaySim,chronological,0,N,Ensemble,0.005,0.005,Recall,0.09779031499764927,1272524,4254,
35695ed14ab6,split_comparison,PaySim,chronological,0,N,Ensemble,0.005,0.005,F1,0.1492109038737446,1272524,4254,
35695ed14ab6,split_comparison,PaySim,chronological,0,N,Ensemble,0.005,0.005,TN,1267364.0,1272524,4254,
35695ed14ab6,split_comparison,PaySim,chronological,0,N,Ensemble,0.005,0.005,FP,906.0,1272524,4254,
35695ed14ab6,split_comparison,PaySim,chronological,0,N,Ensemble,0.005,0.005,FN,3838.0,1272524,4254,
35695ed14ab6,split_comparison,PaySim,chronological,0,N,Ensemble,0.005,0.005,TP,416.0,1272524,4254,
35695ed14ab6,split_comparison,PaySim,chronological,0,N,Ensemble,0.005,0.005,n_alerts,1322.0,1272524,4254,
35695ed14ab6,split_comparison,PaySim,chronological,0,N,Ensemble,0.005,0.005,alert_rate,0.0010388802097249245,1272524,4254,
35695ed14ab6,split_comparison,PaySim,chronological,0,N,Ensemble,0.005,0.005,prevalence,0.0033429624902948786,1272524,4254,
35695ed14ab6,split_comparison,PaySim,chronological,0,N,Ensemble,0.005,0.005,lift,94.13050136313817,1272524,4254,
35695ed14ab6,split_comparison,PaySim,chronological,0,N,Ensemble,0.005,0.005,tie_ratio,0.10187627109586928,1272524,4254,
35695ed14ab6,split_comparison,PaySim,chronological,0,N,Ensemble,0.005,0.005,fit_seconds,0.0,1272524,4254,
35695ed14ab6,split_comparison,PaySim,chronological,0,N,Ensemble,0.005,0.005,score_seconds,0.0,1272524,4254,
88aa8b416bf0,split_comparison,PaySim,chronological,0,N,Ensemble,0.005,0.005,single_point_invariant,1.0,1272524,4254,invariance
71ca7b274f98,split_comparison,PaySim,chronological,0,O,IsolationForest,0.005,0.000835871595872979,PR_AUC,0.01609538541908355,1272524,4254,
71ca7b274f98,split_comparison,PaySim,chronological,0,O,IsolationForest,0.005,0.000835871595872979,ROC_AUC,0.813015355620548,1272524,4254,
71ca7b274f98,split_comparison,PaySim,chronological,0,O,IsolationForest,0.005,0.000835871595872979,Precision,0.0,1272524,4254,
71ca7b274f98,split_comparison,PaySim,chronological,0,O,IsolationForest,0.005,0.000835871595872979,Recall,0.0,1272524,4254,
71ca7b274f98,split_comparison,PaySim,chronological,0,O,IsolationForest,0.005,0.000835871595872979,F1,0.0,1272524,4254,
71ca7b274f98,split_comparison,PaySim,chronological,0,O,IsolationForest,0.005,0.000835871595872979,TN,1268227.0,1272524,4254,
71ca7b274f98,split_comparison,PaySim,chronological,0,O,IsolationForest,0.005,0.000835871595872979,FP,43.0,1272524,4254,
71ca7b274f98,split_comparison,PaySim,chronological,0,O,IsolationForest,0.005,0.000835871595872979,FN,4254.0,1272524,4254,
71ca7b274f98,split_comparison,PaySim,chronological,0,O,IsolationForest,0.005,0.000835871595872979,TP,0.0,1272524,4254,
71ca7b274f98,split_comparison,PaySim,chronological,0,O,IsolationForest,0.005,0.000835871595872979,n_alerts,43.0,1272524,4254,
71ca7b274f98,split_comparison,PaySim,chronological,0,O,IsolationForest,0.005,0.000835871595872979,alert_rate,3.379111120890451e-05,1272524,4254,
71ca7b274f98,split_comparison,PaySim,chronological,0,O,IsolationForest,0.005,0.000835871595872979,prevalence,0.0033429624902948786,1272524,4254,
71ca7b274f98,split_comparison,PaySim,chronological,0,O,IsolationForest,0.005,0.000835871595872979,lift,0.0,1272524,4254,
71ca7b274f98,split_comparison,PaySim,chronological,0,O,IsolationForest,0.005,0.000835871595872979,tie_ratio,0.5940076572229679,1272524,4254,
71ca7b274f98,split_comparison,PaySim,chronological,0,O,IsolationForest,0.005,0.000835871595872979,fit_seconds,11.368480682373047,1272524,4254,
71ca7b274f98,split_comparison,PaySim,chronological,0,O,IsolationForest,0.005,0.000835871595872979,score_seconds,33.31442475318909,1272524,4254,
7e0d7a255c7c,split_comparison,PaySim,chronological,0,O,LOF,0.005,0.000835871595872979,PR_AUC,0.0030799352569791417,1272524,4254,
7e0d7a255c7c,split_comparison,PaySim,chronological,0,O,LOF,0.005,0.000835871595872979,ROC_AUC,0.4998612955691239,1272524,4254,
7e0d7a255c7c,split_comparison,PaySim,chronological,0,O,LOF,0.005,0.000835871595872979,Precision,0.0,1272524,4254,
7e0d7a255c7c,split_comparison,PaySim,chronological,0,O,LOF,0.005,0.000835871595872979,Recall,0.0,1272524,4254,
7e0d7a255c7c,split_comparison,PaySim,chronological,0,O,LOF,0.005,0.000835871595872979,F1,0.0,1272524,4254,
7e0d7a255c7c,split_comparison,PaySim,chronological,0,O,LOF,0.005,0.000835871595872979,TN,924712.0,1272524,4254,
7e0d7a255c7c,split_comparison,PaySim,chronological,0,O,LOF,0.005,0.000835871595872979,FP,343558.0,1272524,4254,
7e0d7a255c7c,split_comparison,PaySim,chronological,0,O,LOF,0.005,0.000835871595872979,FN,4254.0,1272524,4254,
7e0d7a255c7c,split_comparison,PaySim,chronological,0,O,LOF,0.005,0.000835871595872979,TP,0.0,1272524,4254,
7e0d7a255c7c,split_comparison,PaySim,chronological,0,O,LOF,0.005,0.000835871595872979,n_alerts,343558.0,1272524,4254,
7e0d7a255c7c,split_comparison,PaySim,chronological,0,O,LOF,0.005,0.000835871595872979,alert_rate,0.26998154848160033,1272524,4254,
7e0d7a255c7c,split_comparison,PaySim,chronological,0,O,LOF,0.005,0.000835871595872979,prevalence,0.0033429624902948786,1272524,4254,
7e0d7a255c7c,split_comparison,PaySim,chronological,0,O,LOF,0.005,0.000835871595872979,lift,0.0,1272524,4254,
7e0d7a255c7c,split_comparison,PaySim,chronological,0,O,LOF,0.005,0.000835871595872979,tie_ratio,0.042048715780606094,1272524,4254,
7e0d7a255c7c,split_comparison,PaySim,chronological,0,O,LOF,0.005,0.000835871595872979,fit_seconds,2.050959348678589,1272524,4254,
7e0d7a255c7c,split_comparison,PaySim,chronological,0,O,LOF,0.005,0.000835871595872979,score_seconds,314.29869532585144,1272524,4254,
b1d0eb2eff5a,split_comparison,PaySim,chronological,0,O,OneClassSVM,0.005,0.000835871595872979,PR_AUC,0.10480411796427487,1272524,4254,
b1d0eb2eff5a,split_comparison,PaySim,chronological,0,O,OneClassSVM,0.005,0.000835871595872979,ROC_AUC,0.8738096597896652,1272524,4254,
b1d0eb2eff5a,split_comparison,PaySim,chronological,0,O,OneClassSVM,0.005,0.000835871595872979,Precision,0.2849462365591398,1272524,4254,
b1d0eb2eff5a,split_comparison,PaySim,chronological,0,O,OneClassSVM,0.005,0.000835871595872979,Recall,0.06229431123648331,1272524,4254,
b1d0eb2eff5a,split_comparison,PaySim,chronological,0,O,OneClassSVM,0.005,0.000835871595872979,F1,0.10223765432098765,1272524,4254,
b1d0eb2eff5a,split_comparison,PaySim,chronological,0,O,OneClassSVM,0.005,0.000835871595872979,TN,1267605.0,1272524,4254,
b1d0eb2eff5a,split_comparison,PaySim,chronological,0,O,OneClassSVM,0.005,0.000835871595872979,FP,665.0,1272524,4254,
b1d0eb2eff5a,split_comparison,PaySim,chronological,0,O,OneClassSVM,0.005,0.000835871595872979,FN,3989.0,1272524,4254,
b1d0eb2eff5a,split_comparison,PaySim,chronological,0,O,OneClassSVM,0.005,0.000835871595872979,TP,265.0,1272524,4254,
b1d0eb2eff5a,split_comparison,PaySim,chronological,0,O,OneClassSVM,0.005,0.000835871595872979,n_alerts,930.0,1272524,4254,
b1d0eb2eff5a,split_comparison,PaySim,chronological,0,O,OneClassSVM,0.005,0.000835871595872979,alert_rate,0.0007308310098670045,1272524,4254,
b1d0eb2eff5a,split_comparison,PaySim,chronological,0,O,OneClassSVM,0.005,0.000835871595872979,prevalence,0.0033429624902948786,1272524,4254,
b1d0eb2eff5a,split_comparison,PaySim,chronological,0,O,OneClassSVM,0.005,0.000835871595872979,lift,85.23764098053192,1272524,4254,
b1d0eb2eff5a,split_comparison,PaySim,chronological,0,O,OneClassSVM,0.005,0.000835871595872979,tie_ratio,0.004086366936890795,1272524,4254,
b1d0eb2eff5a,split_comparison,PaySim,chronological,0,O,OneClassSVM,0.005,0.000835871595872979,fit_seconds,0.24466729164123535,1272524,4254,
b1d0eb2eff5a,split_comparison,PaySim,chronological,0,O,OneClassSVM,0.005,0.000835871595872979,score_seconds,66.30465817451477,1272524,4254,
b5af1593c99e,split_comparison,PaySim,chronological,0,O,DBSCAN,0.005,0.000835871595872979,PR_AUC,0.024800190516075682,1272524,4254,
b5af1593c99e,split_comparison,PaySim,chronological,0,O,DBSCAN,0.005,0.000835871595872979,ROC_AUC,0.8407100109704875,1272524,4254,
b5af1593c99e,split_comparison,PaySim,chronological,0,O,DBSCAN,0.005,0.000835871595872979,Precision,0.0125,1272524,4254,
b5af1593c99e,split_comparison,PaySim,chronological,0,O,DBSCAN,0.005,0.000835871595872979,Recall,0.00023507287259050304,1272524,4254,
b5af1593c99e,split_comparison,PaySim,chronological,0,O,DBSCAN,0.005,0.000835871595872979,F1,0.00046146746654360867,1272524,4254,
b5af1593c99e,split_comparison,PaySim,chronological,0,O,DBSCAN,0.005,0.000835871595872979,TN,1268191.0,1272524,4254,
b5af1593c99e,split_comparison,PaySim,chronological,0,O,DBSCAN,0.005,0.000835871595872979,FP,79.0,1272524,4254,
b5af1593c99e,split_comparison,PaySim,chronological,0,O,DBSCAN,0.005,0.000835871595872979,FN,4253.0,1272524,4254,
b5af1593c99e,split_comparison,PaySim,chronological,0,O,DBSCAN,0.005,0.000835871595872979,TP,1.0,1272524,4254,
b5af1593c99e,split_comparison,PaySim,chronological,0,O,DBSCAN,0.005,0.000835871595872979,n_alerts,80.0,1272524,4254,
b5af1593c99e,split_comparison,PaySim,chronological,0,O,DBSCAN,0.005,0.000835871595872979,alert_rate,6.286718364447351e-05,1272524,4254,
b5af1593c99e,split_comparison,PaySim,chronological,0,O,DBSCAN,0.005,0.000835871595872979,prevalence,0.0033429624902948786,1272524,4254,
b5af1593c99e,split_comparison,PaySim,chronological,0,O,DBSCAN,0.005,0.000835871595872979,lift,3.7391984015044666,1272524,4254,
b5af1593c99e,split_comparison,PaySim,chronological,0,O,DBSCAN,0.005,0.000835871595872979,tie_ratio,0.10432730541820823,1272524,4254,
b5af1593c99e,split_comparison,PaySim,chronological,0,O,DBSCAN,0.005,0.000835871595872979,fit_seconds,1.7869486808776855,1272524,4254,
b5af1593c99e,split_comparison,PaySim,chronological,0,O,DBSCAN,0.005,0.000835871595872979,score_seconds,0.15198397636413574,1272524,4254,
4d9e32834a5f,split_comparison,PaySim,chronological,0,O,KMeans,0.005,0.000835871595872979,PR_AUC,0.04194993862889205,1272524,4254,
4d9e32834a5f,split_comparison,PaySim,chronological,0,O,KMeans,0.005,0.000835871595872979,ROC_AUC,0.8688532140608046,1272524,4254,
4d9e32834a5f,split_comparison,PaySim,chronological,0,O,KMeans,0.005,0.000835871595872979,Precision,0.006802721088435374,1272524,4254,
4d9e32834a5f,split_comparison,PaySim,chronological,0,O,KMeans,0.005,0.000835871595872979,Recall,0.00023507287259050304,1272524,4254,
4d9e32834a5f,split_comparison,PaySim,chronological,0,O,KMeans,0.005,0.000835871595872979,F1,0.0004544421722335833,1272524,4254,
4d9e32834a5f,split_comparison,PaySim,chronological,0,O,KMeans,0.005,0.000835871595872979,TN,1268124.0,1272524,4254,
4d9e32834a5f,split_comparison,PaySim,chronological,0,O,KMeans,0.005,0.000835871595872979,FP,146.0,1272524,4254,
4d9e32834a5f,split_comparison,PaySim,chronological,0,O,KMeans,0.005,0.000835871595872979,FN,4253.0,1272524,4254,
4d9e32834a5f,split_comparison,PaySim,chronological,0,O,KMeans,0.005,0.000835871595872979,TP,1.0,1272524,4254,
4d9e32834a5f,split_comparison,PaySim,chronological,0,O,KMeans,0.005,0.000835871595872979,n_alerts,147.0,1272524,4254,
4d9e32834a5f,split_comparison,PaySim,chronological,0,O,KMeans,0.005,0.000835871595872979,alert_rate,0.00011551844994672006,1272524,4254,
4d9e32834a5f,split_comparison,PaySim,chronological,0,O,KMeans,0.005,0.000835871595872979,prevalence,0.0033429624902948786,1272524,4254,
4d9e32834a5f,split_comparison,PaySim,chronological,0,O,KMeans,0.005,0.000835871595872979,lift,2.034937905580662,1272524,4254,
4d9e32834a5f,split_comparison,PaySim,chronological,0,O,KMeans,0.005,0.000835871595872979,tie_ratio,0.15031307857454945,1272524,4254,
4d9e32834a5f,split_comparison,PaySim,chronological,0,O,KMeans,0.005,0.000835871595872979,fit_seconds,74.30480718612671,1272524,4254,
4d9e32834a5f,split_comparison,PaySim,chronological,0,O,KMeans,0.005,0.000835871595872979,score_seconds,1.158858299255371,1272524,4254,
830a7b8fd36c,split_comparison,PaySim,chronological,0,O,Ensemble,0.005,0.000835871595872979,PR_AUC,0.15021362933488022,1272524,4254,
830a7b8fd36c,split_comparison,PaySim,chronological,0,O,Ensemble,0.005,0.000835871595872979,ROC_AUC,0.9177738955392257,1272524,4254,
830a7b8fd36c,split_comparison,PaySim,chronological,0,O,Ensemble,0.005,0.000835871595872979,Precision,0.041666666666666664,1272524,4254,
830a7b8fd36c,split_comparison,PaySim,chronological,0,O,Ensemble,0.005,0.000835871595872979,Recall,0.0007052186177715092,1272524,4254,
830a7b8fd36c,split_comparison,PaySim,chronological,0,O,Ensemble,0.005,0.000835871595872979,F1,0.0013869625520110957,1272524,4254,
830a7b8fd36c,split_comparison,PaySim,chronological,0,O,Ensemble,0.005,0.000835871595872979,TN,1268201.0,1272524,4254,
830a7b8fd36c,split_comparison,PaySim,chronological,0,O,Ensemble,0.005,0.000835871595872979,FP,69.0,1272524,4254,
830a7b8fd36c,split_comparison,PaySim,chronological,0,O,Ensemble,0.005,0.000835871595872979,FN,4251.0,1272524,4254,
830a7b8fd36c,split_comparison,PaySim,chronological,0,O,Ensemble,0.005,0.000835871595872979,TP,3.0,1272524,4254,
830a7b8fd36c,split_comparison,PaySim,chronological,0,O,Ensemble,0.005,0.000835871595872979,n_alerts,72.0,1272524,4254,
830a7b8fd36c,split_comparison,PaySim,chronological,0,O,Ensemble,0.005,0.000835871595872979,alert_rate,5.6580465280026154e-05,1272524,4254,
830a7b8fd36c,split_comparison,PaySim,chronological,0,O,Ensemble,0.005,0.000835871595872979,prevalence,0.0033429624902948786,1272524,4254,
830a7b8fd36c,split_comparison,PaySim,chronological,0,O,Ensemble,0.005,0.000835871595872979,lift,12.463994671681554,1272524,4254,
830a7b8fd36c,split_comparison,PaySim,chronological,0,O,Ensemble,0.005,0.000835871595872979,tie_ratio,0.10009791563852621,1272524,4254,
830a7b8fd36c,split_comparison,PaySim,chronological,0,O,Ensemble,0.005,0.000835871595872979,fit_seconds,0.0,1272524,4254,
830a7b8fd36c,split_comparison,PaySim,chronological,0,O,Ensemble,0.005,0.000835871595872979,score_seconds,0.0,1272524,4254,
1652ed55def6,split_comparison,PaySim,chronological,0,O,Ensemble,0.005,0.000835871595872979,single_point_invariant,1.0,1272524,4254,invariance
567d663e1c55,split_comparison,PaySim,random,0,U,IsolationForest,0.005,0.005,PR_AUC,0.0063871135095295035,1272524,1642,
567d663e1c55,split_comparison,PaySim,random,0,U,IsolationForest,0.005,0.005,ROC_AUC,0.8336390400424355,1272524,1642,
567d663e1c55,split_comparison,PaySim,random,0,U,IsolationForest,0.005,0.005,Precision,0.009555137844611528,1272524,1642,
567d663e1c55,split_comparison,PaySim,random,0,U,IsolationForest,0.005,0.005,Recall,0.03714981729598051,1272524,1642,
567d663e1c55,split_comparison,PaySim,random,0,U,IsolationForest,0.005,0.005,F1,0.01520059805631697,1272524,1642,
567d663e1c55,split_comparison,PaySim,random,0,U,IsolationForest,0.005,0.005,TN,1264559.0,1272524,1642,
567d663e1c55,split_comparison,PaySim,random,0,U,IsolationForest,0.005,0.005,FP,6323.0,1272524,1642,
567d663e1c55,split_comparison,PaySim,random,0,U,IsolationForest,0.005,0.005,FN,1581.0,1272524,1642,
567d663e1c55,split_comparison,PaySim,random,0,U,IsolationForest,0.005,0.005,TP,61.0,1272524,1642,
567d663e1c55,split_comparison,PaySim,random,0,U,IsolationForest,0.005,0.005,n_alerts,6384.0,1272524,1642,
567d663e1c55,split_comparison,PaySim,random,0,U,IsolationForest,0.005,0.005,alert_rate,0.005016801254828986,1272524,1642,
567d663e1c55,split_comparison,PaySim,random,0,U,IsolationForest,0.005,0.005,prevalence,0.0012903489443028186,1272524,1642,
567d663e1c55,split_comparison,PaySim,random,0,U,IsolationForest,0.005,0.005,lift,7.405080530192716,1272524,1642,
567d663e1c55,split_comparison,PaySim,random,0,U,IsolationForest,0.005,0.005,tie_ratio,0.20331797278479624,1272524,1642,
567d663e1c55,split_comparison,PaySim,random,0,U,IsolationForest,0.005,0.005,fit_seconds,8.466621160507202,1272524,1642,
567d663e1c55,split_comparison,PaySim,random,0,U,IsolationForest,0.005,0.005,score_seconds,35.45148587226868,1272524,1642,
abd3a32cc699,split_comparison,PaySim,random,0,U,LOF,0.005,0.005,PR_AUC,0.15088137766101126,1272524,1642,
abd3a32cc699,split_comparison,PaySim,random,0,U,LOF,0.005,0.005,ROC_AUC,0.872792476302641,1272524,1642,
abd3a32cc699,split_comparison,PaySim,random,0,U,LOF,0.005,0.005,Precision,0.11145272867025365,1272524,1642,
abd3a32cc699,split_comparison,PaySim,random,0,U,LOF,0.005,0.005,Recall,0.4415347137637028,1272524,1642,
abd3a32cc699,split_comparison,PaySim,random,0,U,LOF,0.005,0.005,F1,0.17797962440162024,1272524,1642,
abd3a32cc699,split_comparison,PaySim,random,0,U,LOF,0.005,0.005,TN,1265102.0,1272524,1642,
abd3a32cc699,split_comparison,PaySim,random,0,U,LOF,0.005,0.005,FP,5780.0,1272524,1642,
abd3a32cc699,split_comparison,PaySim,random,0,U,LOF,0.005,0.005,FN,917.0,1272524,1642,
abd3a32cc699,split_comparison,PaySim,random,0,U,LOF,0.005,0.005,TP,725.0,1272524,1642,
abd3a32cc699,split_comparison,PaySim,random,0,U,LOF,0.005,0.005,n_alerts,6505.0,1272524,1642,
abd3a32cc699,split_comparison,PaySim,random,0,U,LOF,0.005,0.005,alert_rate,0.0051118878700912515,1272524,1642,
abd3a32cc699,split_comparison,PaySim,random,0,U,LOF,0.005,0.005,prevalence,0.0012903489443028186,1272524,1642,
abd3a32cc699,split_comparison,PaySim,random,0,U,LOF,0.005,0.005,lift,86.37409993811562,1272524,1642,
abd3a32cc699,split_comparison,PaySim,random,0,U,LOF,0.005,0.005,tie_ratio,0.2642158419016065,1272524,1642,
abd3a32cc699,split_comparison,PaySim,random,0,U,LOF,0.005,0.005,fit_seconds,1.7859854698181152,1272524,1642,
abd3a32cc699,split_comparison,PaySim,random,0,U,LOF,0.005,0.005,score_seconds,222.92544150352478,1272524,1642,
fa879251f666,split_comparison,PaySim,random,0,U,OneClassSVM,0.005,0.005,PR_AUC,0.03964127252603968,1272524,1642,
fa879251f666,split_comparison,PaySim,random,0,U,OneClassSVM,0.005,0.005,ROC_AUC,0.6933505168337531,1272524,1642,
fa879251f666,split_comparison,PaySim,random,0,U,OneClassSVM,0.005,0.005,Precision,0.06737753052078505,1272524,1642,
fa879251f666,split_comparison,PaySim,random,0,U,OneClassSVM,0.005,0.005,Recall,0.26552984165651644,1272524,1642,
fa879251f666,split_comparison,PaySim,random,0,U,OneClassSVM,0.005,0.005,F1,0.10748181930235425,1272524,1642,
fa879251f666,split_comparison,PaySim,random,0,U,OneClassSVM,0.005,0.005,TN,1264847.0,1272524,1642,
fa879251f666,split_comparison,PaySim,random,0,U,OneClassSVM,0.005,0.005,FP,6035.0,1272524,1642,
fa879251f666,split_comparison,PaySim,random,0,U,OneClassSVM,0.005,0.005,FN,1206.0,1272524,1642,
fa879251f666,split_comparison,PaySim,random,0,U,OneClassSVM,0.005,0.005,TP,436.0,1272524,1642,
fa879251f666,split_comparison,PaySim,random,0,U,OneClassSVM,0.005,0.005,n_alerts,6471.0,1272524,1642,
fa879251f666,split_comparison,PaySim,random,0,U,OneClassSVM,0.005,0.005,alert_rate,0.00508516931704235,1272524,1642,
fa879251f666,split_comparison,PaySim,random,0,U,OneClassSVM,0.005,0.005,prevalence,0.0012903489443028186,1272524,1642,
fa879251f666,split_comparison,PaySim,random,0,U,OneClassSVM,0.005,0.005,lift,52.2165192743188,1272524,1642,
fa879251f666,split_comparison,PaySim,random,0,U,OneClassSVM,0.005,0.005,tie_ratio,0.00017367059481787628,1272524,1642,
fa879251f666,split_comparison,PaySim,random,0,U,OneClassSVM,0.005,0.005,fit_seconds,0.3022482395172119,1272524,1642,
fa879251f666,split_comparison,PaySim,random,0,U,OneClassSVM,0.005,0.005,score_seconds,67.08909630775452,1272524,1642,
ffd8fb269484,split_comparison,PaySim,random,0,U,DBSCAN,0.005,0.005,PR_AUC,0.006437547403706509,1272524,1642,
ffd8fb269484,split_comparison,PaySim,random,0,U,DBSCAN,0.005,0.005,ROC_AUC,0.8141393602752154,1272524,1642,
ffd8fb269484,split_comparison,PaySim,random,0,U,DBSCAN,0.005,0.005,Precision,0.02109300095877277,1272524,1642,
ffd8fb269484,split_comparison,PaySim,random,0,U,DBSCAN,0.005,0.005,Recall,0.08038976857490865,1272524,1642,
ffd8fb269484,split_comparison,PaySim,random,0,U,DBSCAN,0.005,0.005,F1,0.033417721518987344,1272524,1642,
ffd8fb269484,split_comparison,PaySim,random,0,U,DBSCAN,0.005,0.005,TN,1264756.0,1272524,1642,
ffd8fb269484,split_comparison,PaySim,random,0,U,DBSCAN,0.005,0.005,FP,6126.0,1272524,1642,
ffd8fb269484,split_comparison,PaySim,random,0,U,DBSCAN,0.005,0.005,FN,1510.0,1272524,1642,
ffd8fb269484,split_comparison,PaySim,random,0,U,DBSCAN,0.005,0.005,TP,132.0,1272524,1642,
ffd8fb269484,split_comparison,PaySim,random,0,U,DBSCAN,0.005,0.005,n_alerts,6258.0,1272524,1642,
ffd8fb269484,split_comparison,PaySim,random,0,U,DBSCAN,0.005,0.005,alert_rate,0.0049177854405889395,1272524,1642,
ffd8fb269484,split_comparison,PaySim,random,0,U,DBSCAN,0.005,0.005,prevalence,0.0012903489443028186,1272524,1642,
ffd8fb269484,split_comparison,PaySim,random,0,U,DBSCAN,0.005,0.005,lift,16.34674174912385,1272524,1642,
ffd8fb269484,split_comparison,PaySim,random,0,U,DBSCAN,0.005,0.005,tie_ratio,0.07207172516981997,1272524,1642,
ffd8fb269484,split_comparison,PaySim,random,0,U,DBSCAN,0.005,0.005,fit_seconds,0.8145005702972412,1272524,1642,
ffd8fb269484,split_comparison,PaySim,random,0,U,DBSCAN,0.005,0.005,score_seconds,0.1508772373199463,1272524,1642,
443ed3ccad67,split_comparison,PaySim,random,0,U,KMeans,0.005,0.005,PR_AUC,0.015015976779019311,1272524,1642,
443ed3ccad67,split_comparison,PaySim,random,0,U,KMeans,0.005,0.005,ROC_AUC,0.8448972671613345,1272524,1642,
443ed3ccad67,split_comparison,PaySim,random,0,U,KMeans,0.005,0.005,Precision,0.03668713588411274,1272524,1642,
443ed3ccad67,split_comparison,PaySim,random,0,U,KMeans,0.005,0.005,Recall,0.14190012180267966,1272524,1642,
443ed3ccad67,split_comparison,PaySim,random,0,U,KMeans,0.005,0.005,F1,0.058301013386713375,1272524,1642,
443ed3ccad67,split_comparison,PaySim,random,0,U,KMeans,0.005,0.005,TN,1264764.0,1272524,1642,
443ed3ccad67,split_comparison,PaySim,random,0,U,KMeans,0.005,0.005,FP,6118.0,1272524,1642,
443ed3ccad67,split_comparison,PaySim,random,0,U,KMeans,0.005,0.005,FN,1409.0,1272524,1642,
443ed3ccad67,split_comparison,PaySim,random,0,U,KMeans,0.005,0.005,TP,233.0,1272524,1642,
443ed3ccad67,split_comparison,PaySim,random,0,U,KMeans,0.005,0.005,n_alerts,6351.0,1272524,1642,
443ed3ccad67,split_comparison,PaySim,random,0,U,KMeans,0.005,0.005,alert_rate,0.00499086854157564,1272524,1642,
443ed3ccad67,split_comparison,PaySim,random,0,U,KMeans,0.005,0.005,prevalence,0.0012903489443028186,1272524,1642,
443ed3ccad67,split_comparison,PaySim,random,0,U,KMeans,0.005,0.005,lift,28.43194939329761,1272524,1642,
443ed3ccad67,split_comparison,PaySim,random,0,U,KMeans,0.005,0.005,tie_ratio,0.035347074004105195,1272524,1642,
443ed3ccad67,split_comparison,PaySim,random,0,U,KMeans,0.005,0.005,fit_seconds,88.69634079933167,1272524,1642,
443ed3ccad67,split_comparison,PaySim,random,0,U,KMeans,0.005,0.005,score_seconds,1.214923620223999,1272524,1642,
45eac6fc21b1,split_comparison,PaySim,random,0,U,Ensemble,0.005,0.005,PR_AUC,0.03236822251850791,1272524,1642,
45eac6fc21b1,split_comparison,PaySim,random,0,U,Ensemble,0.005,0.005,ROC_AUC,0.8974063151277749,1272524,1642,
45eac6fc21b1,split_comparison,PaySim,random,0,U,Ensemble,0.005,0.005,Precision,0.05724225173940544,1272524,1642,
45eac6fc21b1,split_comparison,PaySim,random,0,U,Ensemble,0.005,0.005,Recall,0.220462850182704,1272524,1642,
45eac6fc21b1,split_comparison,PaySim,random,0,U,Ensemble,0.005,0.005,F1,0.09088626663319106,1272524,1642,
45eac6fc21b1,split_comparison,PaySim,random,0,U,Ensemble,0.005,0.005,TN,1264920.0,1272524,1642,
45eac6fc21b1,split_comparison,PaySim,random,0,U,Ensemble,0.005,0.005,FP,5962.0,1272524,1642,
45eac6fc21b1,split_comparison,PaySim,random,0,U,Ensemble,0.005,0.005,FN,1280.0,1272524,1642,
45eac6fc21b1,split_comparison,PaySim,random,0,U,Ensemble,0.005,0.005,TP,362.0,1272524,1642,
45eac6fc21b1,split_comparison,PaySim,random,0,U,Ensemble,0.005,0.005,n_alerts,6324.0,1272524,1642,
45eac6fc21b1,split_comparison,PaySim,random,0,U,Ensemble,0.005,0.005,alert_rate,0.0049696508670956305,1272524,1642,
45eac6fc21b1,split_comparison,PaySim,random,0,U,Ensemble,0.005,0.005,prevalence,0.0012903489443028186,1272524,1642,
45eac6fc21b1,split_comparison,PaySim,random,0,U,Ensemble,0.005,0.005,lift,44.361838704284516,1272524,1642,
45eac6fc21b1,split_comparison,PaySim,random,0,U,Ensemble,0.005,0.005,tie_ratio,0.09667322580949356,1272524,1642,
45eac6fc21b1,split_comparison,PaySim,random,0,U,Ensemble,0.005,0.005,fit_seconds,0.0,1272524,1642,
45eac6fc21b1,split_comparison,PaySim,random,0,U,Ensemble,0.005,0.005,score_seconds,0.0,1272524,1642,
e89d6de8a5fc,split_comparison,PaySim,random,0,U,Ensemble,0.005,0.005,single_point_invariant,1.0,1272524,1642,invariance
a6389b9d46d1,split_comparison,PaySim,random,0,N,IsolationForest,0.005,0.005,PR_AUC,0.008029258947704239,1272524,1642,
a6389b9d46d1,split_comparison,PaySim,random,0,N,IsolationForest,0.005,0.005,ROC_AUC,0.8325948126244093,1272524,1642,
a6389b9d46d1,split_comparison,PaySim,random,0,N,IsolationForest,0.005,0.005,Precision,0.01935483870967742,1272524,1642,
a6389b9d46d1,split_comparison,PaySim,random,0,N,IsolationForest,0.005,0.005,Recall,0.07490864799025579,1272524,1642,
a6389b9d46d1,split_comparison,PaySim,random,0,N,IsolationForest,0.005,0.005,F1,0.03076153557584094,1272524,1642,
a6389b9d46d1,split_comparison,PaySim,random,0,N,IsolationForest,0.005,0.005,TN,1264650.0,1272524,1642,
a6389b9d46d1,split_comparison,PaySim,random,0,N,IsolationForest,0.005,0.005,FP,6232.0,1272524,1642,
a6389b9d46d1,split_comparison,PaySim,random,0,N,IsolationForest,0.005,0.005,FN,1519.0,1272524,1642,
a6389b9d46d1,split_comparison,PaySim,random,0,N,IsolationForest,0.005,0.005,TP,123.0,1272524,1642,
a6389b9d46d1,split_comparison,PaySim,random,0,N,IsolationForest,0.005,0.005,n_alerts,6355.0,1272524,1642,
a6389b9d46d1,split_comparison,PaySim,random,0,N,IsolationForest,0.005,0.005,alert_rate,0.004994011900757864,1272524,1642,
a6389b9d46d1,split_comparison,PaySim,random,0,N,IsolationForest,0.005,0.005,prevalence,0.0012903489443028186,1272524,1642,
a6389b9d46d1,split_comparison,PaySim,random,0,N,IsolationForest,0.005,0.005,lift,14.999693528741505,1272524,1642,
a6389b9d46d1,split_comparison,PaySim,random,0,N,IsolationForest,0.005,0.005,tie_ratio,0.22519732437266404,1272524,1642,
a6389b9d46d1,split_comparison,PaySim,random,0,N,IsolationForest,0.005,0.005,fit_seconds,10.682822465896606,1272524,1642,
a6389b9d46d1,split_comparison,PaySim,random,0,N,IsolationForest,0.005,0.005,score_seconds,52.01556587219238,1272524,1642,
f67e554a12d8,split_comparison,PaySim,random,0,N,LOF,0.005,0.005,PR_AUC,0.22476813909978735,1272524,1642,
f67e554a12d8,split_comparison,PaySim,random,0,N,LOF,0.005,0.005,ROC_AUC,0.8797076563845161,1272524,1642,
f67e554a12d8,split_comparison,PaySim,random,0,N,LOF,0.005,0.005,Precision,0.11953399297797639,1272524,1642,
f67e554a12d8,split_comparison,PaySim,random,0,N,LOF,0.005,0.005,Recall,0.4561510353227771,1272524,1642,
f67e554a12d8,split_comparison,PaySim,random,0,N,LOF,0.005,0.005,F1,0.18942842690945877,1272524,1642,
f67e554a12d8,split_comparison,PaySim,random,0,N,LOF,0.005,0.005,TN,1265365.0,1272524,1642,
f67e554a12d8,split_comparison,PaySim,random,0,N,LOF,0.005,0.005,FP,5517.0,1272524,1642,
f67e554a12d8,split_comparison,PaySim,random,0,N,LOF,0.005,0.005,FN,893.0,1272524,1642,
f67e554a12d8,split_comparison,PaySim,random,0,N,LOF,0.005,0.005,TP,749.0,1272524,1642,
f67e554a12d8,split_comparison,PaySim,random,0,N,LOF,0.005,0.005,n_alerts,6266.0,1272524,1642,
f67e554a12d8,split_comparison,PaySim,random,0,N,LOF,0.005,0.005,alert_rate,0.004924072158953387,1272524,1642,
f67e554a12d8,split_comparison,PaySim,random,0,N,LOF,0.005,0.005,prevalence,0.0012903489443028186,1272524,1642,
f67e554a12d8,split_comparison,PaySim,random,0,N,LOF,0.005,0.005,lift,92.63695181504654,1272524,1642,
f67e554a12d8,split_comparison,PaySim,random,0,N,LOF,0.005,0.005,tie_ratio,0.27099606765766304,1272524,1642,
f67e554a12d8,split_comparison,PaySim,random,0,N,LOF,0.005,0.005,fit_seconds,1.4553718566894531,1272524,1642,
f67e554a12d8,split_comparison,PaySim,random,0,N,LOF,0.005,0.005,score_seconds,176.58092212677002,1272524,1642,
fee8b8e25369,split_comparison,PaySim,random,0,N,OneClassSVM,0.005,0.005,PR_AUC,0.06736095271687859,1272524,1642,
fee8b8e25369,split_comparison,PaySim,random,0,N,OneClassSVM,0.005,0.005,ROC_AUC,0.8370731846043502,1272524,1642,
fee8b8e25369,split_comparison,PaySim,random,0,N,OneClassSVM,0.005,0.005,Precision,0.08728179551122195,1272524,1642,
fee8b8e25369,split_comparison,PaySim,random,0,N,OneClassSVM,0.005,0.005,Recall,0.341047503045067,1272524,1642,
fee8b8e25369,split_comparison,PaySim,random,0,N,OneClassSVM,0.005,0.005,F1,0.13899230578307273,1272524,1642,
fee8b8e25369,split_comparison,PaySim,random,0,N,OneClassSVM,0.005,0.005,TN,1265026.0,1272524,1642,
fee8b8e25369,split_comparison,PaySim,random,0,N,OneClassSVM,0.005,0.005,FP,5856.0,1272524,1642,
fee8b8e25369,split_comparison,PaySim,random,0,N,OneClassSVM,0.005,0.005,FN,1082.0,1272524,1642,
fee8b8e25369,split_comparison,PaySim,random,0,N,OneClassSVM,0.005,0.005,TP,560.0,1272524,1642,
fee8b8e25369,split_comparison,PaySim,random,0,N,OneClassSVM,0.005,0.005,n_alerts,6416.0,1272524,1642,
fee8b8e25369,split_comparison,PaySim,random,0,N,OneClassSVM,0.005,0.005,alert_rate,0.0050419481282867745,1272524,1642,
fee8b8e25369,split_comparison,PaySim,random,0,N,OneClassSVM,0.005,0.005,prevalence,0.0012903489443028186,1272524,1642,
fee8b8e25369,split_comparison,PaySim,random,0,N,OneClassSVM,0.005,0.005,lift,67.64200947084178,1272524,1642,
fee8b8e25369,split_comparison,PaySim,random,0,N,OneClassSVM,0.005,0.005,tie_ratio,0.00019567410909338,1272524,1642,
fee8b8e25369,split_comparison,PaySim,random,0,N,OneClassSVM,0.005,0.005,fit_seconds,0.2883036136627197,1272524,1642,
fee8b8e25369,split_comparison,PaySim,random,0,N,OneClassSVM,0.005,0.005,score_seconds,52.39749813079834,1272524,1642,
b636c1b85116,split_comparison,PaySim,random,0,N,DBSCAN,0.005,0.005,PR_AUC,0.006574697580260586,1272524,1642,
b636c1b85116,split_comparison,PaySim,random,0,N,DBSCAN,0.005,0.005,ROC_AUC,0.8176576956986153,1272524,1642,
b636c1b85116,split_comparison,PaySim,random,0,N,DBSCAN,0.005,0.005,Precision,0.021076161583905476,1272524,1642,
b636c1b85116,split_comparison,PaySim,random,0,N,DBSCAN,0.005,0.005,Recall,0.08038976857490865,1272524,1642,
b636c1b85116,split_comparison,PaySim,random,0,N,DBSCAN,0.005,0.005,F1,0.0333965844402277,1272524,1642,
b636c1b85116,split_comparison,PaySim,random,0,N,DBSCAN,0.005,0.005,TN,1264751.0,1272524,1642,
b636c1b85116,split_comparison,PaySim,random,0,N,DBSCAN,0.005,0.005,FP,6131.0,1272524,1642,
b636c1b85116,split_comparison,PaySim,random,0,N,DBSCAN,0.005,0.005,FN,1510.0,1272524,1642,
b636c1b85116,split_comparison,PaySim,random,0,N,DBSCAN,0.005,0.005,TP,132.0,1272524,1642,
b636c1b85116,split_comparison,PaySim,random,0,N,DBSCAN,0.005,0.005,n_alerts,6263.0,1272524,1642,
b636c1b85116,split_comparison,PaySim,random,0,N,DBSCAN,0.005,0.005,alert_rate,0.00492171463956672,1272524,1642,
b636c1b85116,split_comparison,PaySim,random,0,N,DBSCAN,0.005,0.005,prevalence,0.0012903489443028186,1272524,1642,
b636c1b85116,split_comparison,PaySim,random,0,N,DBSCAN,0.005,0.005,lift,16.333691500242224,1272524,1642,
b636c1b85116,split_comparison,PaySim,random,0,N,DBSCAN,0.005,0.005,tie_ratio,0.07305166739487823,1272524,1642,
b636c1b85116,split_comparison,PaySim,random,0,N,DBSCAN,0.005,0.005,fit_seconds,0.7858471870422363,1272524,1642,
b636c1b85116,split_comparison,PaySim,random,0,N,DBSCAN,0.005,0.005,score_seconds,0.21809744834899902,1272524,1642,
67762956e8f4,split_comparison,PaySim,random,0,N,KMeans,0.005,0.005,PR_AUC,0.015095337604585996,1272524,1642,
67762956e8f4,split_comparison,PaySim,random,0,N,KMeans,0.005,0.005,ROC_AUC,0.8453734204092056,1272524,1642,
67762956e8f4,split_comparison,PaySim,random,0,N,KMeans,0.005,0.005,Precision,0.036698692707513,1272524,1642,
67762956e8f4,split_comparison,PaySim,random,0,N,KMeans,0.005,0.005,Recall,0.14190012180267966,1272524,1642,
67762956e8f4,split_comparison,PaySim,random,0,N,KMeans,0.005,0.005,F1,0.05831560505568765,1272524,1642,
67762956e8f4,split_comparison,PaySim,random,0,N,KMeans,0.005,0.005,TN,1264766.0,1272524,1642,
67762956e8f4,split_comparison,PaySim,random,0,N,KMeans,0.005,0.005,FP,6116.0,1272524,1642,
67762956e8f4,split_comparison,PaySim,random,0,N,KMeans,0.005,0.005,FN,1409.0,1272524,1642,
67762956e8f4,split_comparison,PaySim,random,0,N,KMeans,0.005,0.005,TP,233.0,1272524,1642,
67762956e8f4,split_comparison,PaySim,random,0,N,KMeans,0.005,0.005,n_alerts,6349.0,1272524,1642,
67762956e8f4,split_comparison,PaySim,random,0,N,KMeans,0.005,0.005,alert_rate,0.004989296861984529,1272524,1642,
67762956e8f4,split_comparison,PaySim,random,0,N,KMeans,0.005,0.005,prevalence,0.0012903489443028186,1272524,1642,
67762956e8f4,split_comparison,PaySim,random,0,N,KMeans,0.005,0.005,lift,28.440905748438045,1272524,1642,
67762956e8f4,split_comparison,PaySim,random,0,N,KMeans,0.005,0.005,tie_ratio,0.035362004960220794,1272524,1642,
67762956e8f4,split_comparison,PaySim,random,0,N,KMeans,0.005,0.005,fit_seconds,87.50013566017151,1272524,1642,
67762956e8f4,split_comparison,PaySim,random,0,N,KMeans,0.005,0.005,score_seconds,1.1527299880981445,1272524,1642,
943a4f0d7f5d,split_comparison,PaySim,random,0,N,Ensemble,0.005,0.005,PR_AUC,0.04067506518499659,1272524,1642,
943a4f0d7f5d,split_comparison,PaySim,random,0,N,Ensemble,0.005,0.005,ROC_AUC,0.9081104254102746,1272524,1642,
943a4f0d7f5d,split_comparison,PaySim,random,0,N,Ensemble,0.005,0.005,Precision,0.061829652996845424,1272524,1642,
943a4f0d7f5d,split_comparison,PaySim,random,0,N,Ensemble,0.005,0.005,Recall,0.2387332521315469,1272524,1642,
943a4f0d7f5d,split_comparison,PaySim,random,0,N,Ensemble,0.005,0.005,F1,0.09822099724379854,1272524,1642,
943a4f0d7f5d,split_comparison,PaySim,random,0,N,Ensemble,0.005,0.005,TN,1264934.0,1272524,1642,
943a4f0d7f5d,split_comparison,PaySim,random,0,N,Ensemble,0.005,0.005,FP,5948.0,1272524,1642,
943a4f0d7f5d,split_comparison,PaySim,random,0,N,Ensemble,0.005,0.005,FN,1250.0,1272524,1642,
943a4f0d7f5d,split_comparison,PaySim,random,0,N,Ensemble,0.005,0.005,TP,392.0,1272524,1642,
943a4f0d7f5d,split_comparison,PaySim,random,0,N,Ensemble,0.005,0.005,n_alerts,6340.0,1272524,1642,
943a4f0d7f5d,split_comparison,PaySim,random,0,N,Ensemble,0.005,0.005,alert_rate,0.004982224303824525,1272524,1642,
943a4f0d7f5d,split_comparison,PaySim,random,0,N,Ensemble,0.005,0.005,prevalence,0.0012903489443028186,1272524,1642,
943a4f0d7f5d,split_comparison,PaySim,random,0,N,Ensemble,0.005,0.005,lift,47.917002040290946,1272524,1642,
943a4f0d7f5d,split_comparison,PaySim,random,0,N,Ensemble,0.005,0.005,tie_ratio,0.09388428037506558,1272524,1642,
943a4f0d7f5d,split_comparison,PaySim,random,0,N,Ensemble,0.005,0.005,fit_seconds,0.0,1272524,1642,
943a4f0d7f5d,split_comparison,PaySim,random,0,N,Ensemble,0.005,0.005,score_seconds,0.0,1272524,1642,
36de4311ce7b,split_comparison,PaySim,random,0,N,Ensemble,0.005,0.005,single_point_invariant,1.0,1272524,1642,invariance
fdee5e29ffe5,split_comparison,PaySim,random,0,O,IsolationForest,0.005,0.001290872837499856,PR_AUC,0.0063871135095295035,1272524,1642,
fdee5e29ffe5,split_comparison,PaySim,random,0,O,IsolationForest,0.005,0.001290872837499856,ROC_AUC,0.8336390400424355,1272524,1642,
fdee5e29ffe5,split_comparison,PaySim,random,0,O,IsolationForest,0.005,0.001290872837499856,Precision,0.009529860228716646,1272524,1642,
fdee5e29ffe5,split_comparison,PaySim,random,0,O,IsolationForest,0.005,0.001290872837499856,Recall,0.009135200974421437,1272524,1642,
fdee5e29ffe5,split_comparison,PaySim,random,0,O,IsolationForest,0.005,0.001290872837499856,F1,0.009328358208955223,1272524,1642,
fdee5e29ffe5,split_comparison,PaySim,random,0,O,IsolationForest,0.005,0.001290872837499856,TN,1269323.0,1272524,1642,
fdee5e29ffe5,split_comparison,PaySim,random,0,O,IsolationForest,0.005,0.001290872837499856,FP,1559.0,1272524,1642,
fdee5e29ffe5,split_comparison,PaySim,random,0,O,IsolationForest,0.005,0.001290872837499856,FN,1627.0,1272524,1642,
fdee5e29ffe5,split_comparison,PaySim,random,0,O,IsolationForest,0.005,0.001290872837499856,TP,15.0,1272524,1642,
fdee5e29ffe5,split_comparison,PaySim,random,0,O,IsolationForest,0.005,0.001290872837499856,n_alerts,1574.0,1272524,1642,
fdee5e29ffe5,split_comparison,PaySim,random,0,O,IsolationForest,0.005,0.001290872837499856,alert_rate,0.001236911838205016,1272524,1642,
fdee5e29ffe5,split_comparison,PaySim,random,0,O,IsolationForest,0.005,0.001290872837499856,prevalence,0.0012903489443028186,1272524,1642,
fdee5e29ffe5,split_comparison,PaySim,random,0,O,IsolationForest,0.005,0.001290872837499856,lift,7.385490778128758,1272524,1642,
fdee5e29ffe5,split_comparison,PaySim,random,0,O,IsolationForest,0.005,0.001290872837499856,tie_ratio,0.20331797278479624,1272524,1642,
fdee5e29ffe5,split_comparison,PaySim,random,0,O,IsolationForest,0.005,0.001290872837499856,fit_seconds,7.937476396560669,1272524,1642,
fdee5e29ffe5,split_comparison,PaySim,random,0,O,IsolationForest,0.005,0.001290872837499856,score_seconds,35.339725971221924,1272524,1642,
5bc1afbd3d55,split_comparison,PaySim,random,0,O,LOF,0.005,0.001290872837499856,PR_AUC,0.15088137766101126,1272524,1642,
5bc1afbd3d55,split_comparison,PaySim,random,0,O,LOF,0.005,0.001290872837499856,ROC_AUC,0.872792476302641,1272524,1642,
5bc1afbd3d55,split_comparison,PaySim,random,0,O,LOF,0.005,0.001290872837499856,Precision,0.25806451612903225,1272524,1642,
5bc1afbd3d55,split_comparison,PaySim,random,0,O,LOF,0.005,0.001290872837499856,Recall,0.2679658952496955,1272524,1642,
5bc1afbd3d55,split_comparison,PaySim,random,0,O,LOF,0.005,0.001290872837499856,F1,0.26292201971915147,1272524,1642,
5bc1afbd3d55,split_comparison,PaySim,random,0,O,LOF,0.005,0.001290872837499856,TN,1269617.0,1272524,1642,
5bc1afbd3d55,split_comparison,PaySim,random,0,O,LOF,0.005,0.001290872837499856,FP,1265.0,1272524,1642,
5bc1afbd3d55,split_comparison,PaySim,random,0,O,LOF,0.005,0.001290872837499856,FN,1202.0,1272524,1642,
5bc1afbd3d55,split_comparison,PaySim,random,0,O,LOF,0.005,0.001290872837499856,TP,440.0,1272524,1642,
5bc1afbd3d55,split_comparison,PaySim,random,0,O,LOF,0.005,0.001290872837499856,n_alerts,1705.0,1272524,1642,
5bc1afbd3d55,split_comparison,PaySim,random,0,O,LOF,0.005,0.001290872837499856,alert_rate,0.0013398568514228415,1272524,1642,
5bc1afbd3d55,split_comparison,PaySim,random,0,O,LOF,0.005,0.001290872837499856,prevalence,0.0012903489443028186,1272524,1642,
5bc1afbd3d55,split_comparison,PaySim,random,0,O,LOF,0.005,0.001290872837499856,lift,199.99591371655336,1272524,1642,
5bc1afbd3d55,split_comparison,PaySim,random,0,O,LOF,0.005,0.001290872837499856,tie_ratio,0.2642158419016065,1272524,1642,
5bc1afbd3d55,split_comparison,PaySim,random,0,O,LOF,0.005,0.001290872837499856,fit_seconds,1.4470858573913574,1272524,1642,
5bc1afbd3d55,split_comparison,PaySim,random,0,O,LOF,0.005,0.001290872837499856,score_seconds,186.41527009010315,1272524,1642,
db8069d86e8b,split_comparison,PaySim,random,0,O,OneClassSVM,0.005,0.001290872837499856,PR_AUC,0.038546111437670484,1272524,1642,
db8069d86e8b,split_comparison,PaySim,random,0,O,OneClassSVM,0.005,0.001290872837499856,ROC_AUC,0.6848873191179431,1272524,1642,
db8069d86e8b,split_comparison,PaySim,random,0,O,OneClassSVM,0.005,0.001290872837499856,Precision,0.13673597983616886,1272524,1642,
db8069d86e8b,split_comparison,PaySim,random,0,O,OneClassSVM,0.005,0.001290872837499856,Recall,0.13215590742996347,1272524,1642,
db8069d86e8b,split_comparison,PaySim,random,0,O,OneClassSVM,0.005,0.001290872837499856,F1,0.13440693713223908,1272524,1642,
db8069d86e8b,split_comparison,PaySim,random,0,O,OneClassSVM,0.005,0.001290872837499856,TN,1269512.0,1272524,1642,
db8069d86e8b,split_comparison,PaySim,random,0,O,OneClassSVM,0.005,0.001290872837499856,FP,1370.0,1272524,1642,
db8069d86e8b,split_comparison,PaySim,random,0,O,OneClassSVM,0.005,0.001290872837499856,FN,1425.0,1272524,1642,
db8069d86e8b,split_comparison,PaySim,random,0,O,OneClassSVM,0.005,0.001290872837499856,TP,217.0,1272524,1642,
db8069d86e8b,split_comparison,PaySim,random,0,O,OneClassSVM,0.005,0.001290872837499856,n_alerts,1587.0,1272524,1642,
db8069d86e8b,split_comparison,PaySim,random,0,O,OneClassSVM,0.005,0.001290872837499856,alert_rate,0.001247127755547243,1272524,1642,
db8069d86e8b,split_comparison,PaySim,random,0,O,OneClassSVM,0.005,0.001290872837499856,prevalence,0.0012903489443028186,1272524,1642,
db8069d86e8b,split_comparison,PaySim,random,0,O,OneClassSVM,0.005,0.001290872837499856,lift,105.96821924789339,1272524,1642,
db8069d86e8b,split_comparison,PaySim,random,0,O,OneClassSVM,0.005,0.001290872837499856,tie_ratio,0.0001728847550223067,1272524,1642,
db8069d86e8b,split_comparison,PaySim,random,0,O,OneClassSVM,0.005,0.001290872837499856,fit_seconds,0.21695470809936523,1272524,1642,
db8069d86e8b,split_comparison,PaySim,random,0,O,OneClassSVM,0.005,0.001290872837499856,score_seconds,54.30287408828735,1272524,1642,
f7a5fe59719c,split_comparison,PaySim,random,0,O,DBSCAN,0.005,0.001290872837499856,PR_AUC,0.006437547403706509,1272524,1642,
f7a5fe59719c,split_comparison,PaySim,random,0,O,DBSCAN,0.005,0.001290872837499856,ROC_AUC,0.8141393602752154,1272524,1642,
f7a5fe59719c,split_comparison,PaySim,random,0,O,DBSCAN,0.005,0.001290872837499856,Precision,0.028976572133168926,1272524,1642,
f7a5fe59719c,split_comparison,PaySim,random,0,O,DBSCAN,0.005,0.001290872837499856,Recall,0.028623629719853837,1272524,1642,
f7a5fe59719c,split_comparison,PaySim,random,0,O,DBSCAN,0.005,0.001290872837499856,F1,0.028799019607843136,1272524,1642,
f7a5fe59719c,split_comparison,PaySim,random,0,O,DBSCAN,0.005,0.001290872837499856,TN,1269307.0,1272524,1642,
f7a5fe59719c,split_comparison,PaySim,random,0,O,DBSCAN,0.005,0.001290872837499856,FP,1575.0,1272524,1642,
f7a5fe59719c,split_comparison,PaySim,random,0,O,DBSCAN,0.005,0.001290872837499856,FN,1595.0,1272524,1642,
f7a5fe59719c,split_comparison,PaySim,random,0,O,DBSCAN,0.005,0.001290872837499856,TP,47.0,1272524,1642,
f7a5fe59719c,split_comparison,PaySim,random,0,O,DBSCAN,0.005,0.001290872837499856,n_alerts,1622.0,1272524,1642,
f7a5fe59719c,split_comparison,PaySim,random,0,O,DBSCAN,0.005,0.001290872837499856,alert_rate,0.0012746321483917003,1272524,1642,
f7a5fe59719c,split_comparison,PaySim,random,0,O,DBSCAN,0.005,0.001290872837499856,prevalence,0.0012903489443028186,1272524,1642,
f7a5fe59719c,split_comparison,PaySim,random,0,O,DBSCAN,0.005,0.001290872837499856,lift,22.456384578068608,1272524,1642,
f7a5fe59719c,split_comparison,PaySim,random,0,O,DBSCAN,0.005,0.001290872837499856,tie_ratio,0.07207172516981997,1272524,1642,
f7a5fe59719c,split_comparison,PaySim,random,0,O,DBSCAN,0.005,0.001290872837499856,fit_seconds,1.0937731266021729,1272524,1642,
f7a5fe59719c,split_comparison,PaySim,random,0,O,DBSCAN,0.005,0.001290872837499856,score_seconds,0.12491393089294434,1272524,1642,
a6561f418628,split_comparison,PaySim,random,0,O,KMeans,0.005,0.001290872837499856,PR_AUC,0.015015976557668172,1272524,1642,
a6561f418628,split_comparison,PaySim,random,0,O,KMeans,0.005,0.001290872837499856,ROC_AUC,0.8448972659633212,1272524,1642,
a6561f418628,split_comparison,PaySim,random,0,O,KMeans,0.005,0.001290872837499856,Precision,0.06388059701492538,1272524,1642,
a6561f418628,split_comparison,PaySim,random,0,O,KMeans,0.005,0.001290872837499856,Recall,0.06516443361753958,1272524,1642,
a6561f418628,split_comparison,PaySim,random,0,O,KMeans,0.005,0.001290872837499856,F1,0.06451612903225806,1272524,1642,
a6561f418628,split_comparison,PaySim,random,0,O,KMeans,0.005,0.001290872837499856,TN,1269314.0,1272524,1642,
a6561f418628,split_comparison,PaySim,random,0,O,KMeans,0.005,0.001290872837499856,FP,1568.0,1272524,1642,
a6561f418628,split_comparison,PaySim,random,0,O,KMeans,0.005,0.001290872837499856,FN,1535.0,1272524,1642,
a6561f418628,split_comparison,PaySim,random,0,O,KMeans,0.005,0.001290872837499856,TP,107.0,1272524,1642,
a6561f418628,split_comparison,PaySim,random,0,O,KMeans,0.005,0.001290872837499856,n_alerts,1675.0,1272524,1642,
a6561f418628,split_comparison,PaySim,random,0,O,KMeans,0.005,0.001290872837499856,alert_rate,0.001316281657556164,1272524,1642,
a6561f418628,split_comparison,PaySim,random,0,O,KMeans,0.005,0.001290872837499856,prevalence,0.0012903489443028186,1272524,1642,
a6561f418628,split_comparison,PaySim,random,0,O,KMeans,0.005,0.001290872837499856,lift,49.506451178940864,1272524,1642,
a6561f418628,split_comparison,PaySim,random,0,O,KMeans,0.005,0.001290872837499856,tie_ratio,0.03542251462447854,1272524,1642,
a6561f418628,split_comparison,PaySim,random,0,O,KMeans,0.005,0.001290872837499856,fit_seconds,91.81499910354614,1272524,1642,
a6561f418628,split_comparison,PaySim,random,0,O,KMeans,0.005,0.001290872837499856,score_seconds,1.558558702468872,1272524,1642,
45e664a70bf1,split_comparison,PaySim,random,0,O,Ensemble,0.005,0.001290872837499856,PR_AUC,0.032475942857137924,1272524,1642,
45e664a70bf1,split_comparison,PaySim,random,0,O,Ensemble,0.005,0.001290872837499856,ROC_AUC,0.8965745340378675,1272524,1642,
45e664a70bf1,split_comparison,PaySim,random,0,O,Ensemble,0.005,0.001290872837499856,Precision,0.10180012414649287,1272524,1642,
45e664a70bf1,split_comparison,PaySim,random,0,O,Ensemble,0.005,0.001290872837499856,Recall,0.09987819732034105,1272524,1642,
45e664a70bf1,split_comparison,PaySim,random,0,O,Ensemble,0.005,0.001290872837499856,F1,0.10083000307408546,1272524,1642,
45e664a70bf1,split_comparison,PaySim,random,0,O,Ensemble,0.005,0.001290872837499856,TN,1269435.0,1272524,1642,
45e664a70bf1,split_comparison,PaySim,random,0,O,Ensemble,0.005,0.001290872837499856,FP,1447.0,1272524,1642,
45e664a70bf1,split_comparison,PaySim,random,0,O,Ensemble,0.005,0.001290872837499856,FN,1478.0,1272524,1642,
45e664a70bf1,split_comparison,PaySim,random,0,O,Ensemble,0.005,0.001290872837499856,TP,164.0,1272524,1642,
45e664a70bf1,split_comparison,PaySim,random,0,O,Ensemble,0.005,0.001290872837499856,n_alerts,1611.0,1272524,1642,
45e664a70bf1,split_comparison,PaySim,random,0,O,Ensemble,0.005,0.001290872837499856,alert_rate,0.0012659879106405852,1272524,1642,
45e664a70bf1,split_comparison,PaySim,random,0,O,Ensemble,0.005,0.001290872837499856,prevalence,0.0012903489443028186,1272524,1642,
45e664a70bf1,split_comparison,PaySim,random,0,O,Ensemble,0.005,0.001290872837499856,lift,78.89348427490359,1272524,1642,
45e664a70bf1,split_comparison,PaySim,random,0,O,Ensemble,0.005,0.001290872837499856,tie_ratio,0.0964571198657157,1272524,1642,
45e664a70bf1,split_comparison,PaySim,random,0,O,Ensemble,0.005,0.001290872837499856,fit_seconds,0.0,1272524,1642,
45e664a70bf1,split_comparison,PaySim,random,0,O,Ensemble,0.005,0.001290872837499856,score_seconds,0.0,1272524,1642,
151695e7295c,split_comparison,PaySim,random,0,O,Ensemble,0.005,0.001290872837499856,single_point_invariant,1.0,1272524,1642,invariance
8489fbb4c59a,split_comparison,PaySim,random_matched,0,U,IsolationForest,0.005,0.005,PR_AUC,0.021802928091328774,1272524,4254,
8489fbb4c59a,split_comparison,PaySim,random_matched,0,U,IsolationForest,0.005,0.005,ROC_AUC,0.8258453707188375,1272524,4254,
8489fbb4c59a,split_comparison,PaySim,random_matched,0,U,IsolationForest,0.005,0.005,Precision,0.04503535198278512,1272524,4254,
8489fbb4c59a,split_comparison,PaySim,random_matched,0,U,IsolationForest,0.005,0.005,Recall,0.0688763516690174,1272524,4254,
8489fbb4c59a,split_comparison,PaySim,random_matched,0,U,IsolationForest,0.005,0.005,F1,0.05446096654275093,1272524,4254,
8489fbb4c59a,split_comparison,PaySim,random_matched,0,U,IsolationForest,0.005,0.005,TN,1262057.0,1272524,4254,
8489fbb4c59a,split_comparison,PaySim,random_matched,0,U,IsolationForest,0.005,0.005,FP,6213.0,1272524,4254,
8489fbb4c59a,split_comparison,PaySim,random_matched,0,U,IsolationForest,0.005,0.005,FN,3961.0,1272524,4254,
8489fbb4c59a,split_comparison,PaySim,random_matched,0,U,IsolationForest,0.005,0.005,TP,293.0,1272524,4254,
8489fbb4c59a,split_comparison,PaySim,random_matched,0,U,IsolationForest,0.005,0.005,n_alerts,6506.0,1272524,4254,
8489fbb4c59a,split_comparison,PaySim,random_matched,0,U,IsolationForest,0.005,0.005,alert_rate,0.005112673709886808,1272524,4254,
8489fbb4c59a,split_comparison,PaySim,random_matched,0,U,IsolationForest,0.005,0.005,prevalence,0.0033429624902948786,1272524,4254,
8489fbb4c59a,split_comparison,PaySim,random_matched,0,U,IsolationForest,0.005,0.005,lift,13.47168929161769,1272524,4254,
8489fbb4c59a,split_comparison,PaySim,random_matched,0,U,IsolationForest,0.005,0.005,tie_ratio,0.20889334197756426,1272524,4254,
8489fbb4c59a,split_comparison,PaySim,random_matched,0,U,IsolationForest,0.005,0.005,fit_seconds,11.245830535888672,1272524,4254,
8489fbb4c59a,split_comparison,PaySim,random_matched,0,U,IsolationForest,0.005,0.005,score_seconds,58.2368106842041,1272524,4254,
04a68e6aecc3,split_comparison,PaySim,random_matched,0,U,LOF,0.005,0.005,PR_AUC,0.27473788619099865,1272524,4254,
04a68e6aecc3,split_comparison,PaySim,random_matched,0,U,LOF,0.005,0.005,ROC_AUC,0.8742667854925775,1272524,4254,
04a68e6aecc3,split_comparison,PaySim,random_matched,0,U,LOF,0.005,0.005,Precision,0.24210931485758275,1272524,4254,
04a68e6aecc3,split_comparison,PaySim,random_matched,0,U,LOF,0.005,0.005,Recall,0.44358251057827924,1272524,4254,
04a68e6aecc3,split_comparison,PaySim,random_matched,0,U,LOF,0.005,0.005,F1,0.31324701195219123,1272524,4254,
04a68e6aecc3,split_comparison,PaySim,random_matched,0,U,LOF,0.005,0.005,TN,1262363.0,1272524,4254,
04a68e6aecc3,split_comparison,PaySim,random_matched,0,U,LOF,0.005,0.005,FP,5907.0,1272524,4254,
04a68e6aecc3,split_comparison,PaySim,random_matched,0,U,LOF,0.005,0.005,FN,2367.0,1272524,4254,
04a68e6aecc3,split_comparison,PaySim,random_matched,0,U,LOF,0.005,0.005,TP,1887.0,1272524,4254,
04a68e6aecc3,split_comparison,PaySim,random_matched,0,U,LOF,0.005,0.005,n_alerts,7794.0,1272524,4254,
04a68e6aecc3,split_comparison,PaySim,random_matched,0,U,LOF,0.005,0.005,alert_rate,0.006124835366562831,1272524,4254,
04a68e6aecc3,split_comparison,PaySim,random_matched,0,U,LOF,0.005,0.005,prevalence,0.0033429624902948786,1272524,4254,
04a68e6aecc3,split_comparison,PaySim,random_matched,0,U,LOF,0.005,0.005,lift,72.4235810483852,1272524,4254,
04a68e6aecc3,split_comparison,PaySim,random_matched,0,U,LOF,0.005,0.005,tie_ratio,0.2680300976405179,1272524,4254,
04a68e6aecc3,split_comparison,PaySim,random_matched,0,U,LOF,0.005,0.005,fit_seconds,2.6270854473114014,1272524,4254,
04a68e6aecc3,split_comparison,PaySim,random_matched,0,U,LOF,0.005,0.005,score_seconds,311.5254454612732,1272524,4254,
fded9e725a1b,split_comparison,PaySim,random_matched,0,U,OneClassSVM,0.005,0.005,PR_AUC,0.04567055975856057,1272524,4254,
fded9e725a1b,split_comparison,PaySim,random_matched,0,U,OneClassSVM,0.005,0.005,ROC_AUC,0.6864892684332102,1272524,4254,
fded9e725a1b,split_comparison,PaySim,random_matched,0,U,OneClassSVM,0.005,0.005,Precision,0.1278184892897407,1272524,4254,
fded9e725a1b,split_comparison,PaySim,random_matched,0,U,OneClassSVM,0.005,0.005,Recall,0.21321109543958627,1272524,4254,
fded9e725a1b,split_comparison,PaySim,random_matched,0,U,OneClassSVM,0.005,0.005,F1,0.1598237885462555,1272524,4254,
fded9e725a1b,split_comparison,PaySim,random_matched,0,U,OneClassSVM,0.005,0.005,TN,1262081.0,1272524,4254,
fded9e725a1b,split_comparison,PaySim,random_matched,0,U,OneClassSVM,0.005,0.005,FP,6189.0,1272524,4254,
fded9e725a1b,split_comparison,PaySim,random_matched,0,U,OneClassSVM,0.005,0.005,FN,3347.0,1272524,4254,
fded9e725a1b,split_comparison,PaySim,random_matched,0,U,OneClassSVM,0.005,0.005,TP,907.0,1272524,4254,
fded9e725a1b,split_comparison,PaySim,random_matched,0,U,OneClassSVM,0.005,0.005,n_alerts,7096.0,1272524,4254,
fded9e725a1b,split_comparison,PaySim,random_matched,0,U,OneClassSVM,0.005,0.005,alert_rate,0.0055763191892648,1272524,4254,
fded9e725a1b,split_comparison,PaySim,random_matched,0,U,OneClassSVM,0.005,0.005,prevalence,0.0033429624902948786,1272524,4254,
fded9e725a1b,split_comparison,PaySim,random_matched,0,U,OneClassSVM,0.005,0.005,lift,38.23509526679314,1272524,4254,
fded9e725a1b,split_comparison,PaySim,random_matched,0,U,OneClassSVM,0.005,0.005,tie_ratio,0.00011787587670186728,1272524,4254,
fded9e725a1b,split_comparison,PaySim,random_matched,0,U,OneClassSVM,0.005,0.005,fit_seconds,0.33007097244262695,1272524,4254,
fded9e725a1b,split_comparison,PaySim,random_matched,0,U,OneClassSVM,0.005,0.005,score_seconds,87.89339447021484,1272524,4254,
af3e722aeef5,split_comparison,PaySim,random_matched,0,U,DBSCAN,0.005,0.005,PR_AUC,0.06123511369080106,1272524,4254,
af3e722aeef5,split_comparison,PaySim,random_matched,0,U,DBSCAN,0.005,0.005,ROC_AUC,0.8722106225729144,1272524,4254,
af3e722aeef5,split_comparison,PaySim,random_matched,0,U,DBSCAN,0.005,0.005,Precision,0.1422695035460993,1272524,4254,
af3e722aeef5,split_comparison,PaySim,random_matched,0,U,DBSCAN,0.005,0.005,Recall,0.23577809120827456,1272524,4254,
af3e722aeef5,split_comparison,PaySim,random_matched,0,U,DBSCAN,0.005,0.005,F1,0.17745930644019817,1272524,4254,
af3e722aeef5,split_comparison,PaySim,random_matched,0,U,DBSCAN,0.005,0.005,TN,1262223.0,1272524,4254,
af3e722aeef5,split_comparison,PaySim,random_matched,0,U,DBSCAN,0.005,0.005,FP,6047.0,1272524,4254,
af3e722aeef5,split_comparison,PaySim,random_matched,0,U,DBSCAN,0.005,0.005,FN,3251.0,1272524,4254,
af3e722aeef5,split_comparison,PaySim,random_matched,0,U,DBSCAN,0.005,0.005,TP,1003.0,1272524,4254,
af3e722aeef5,split_comparison,PaySim,random_matched,0,U,DBSCAN,0.005,0.005,n_alerts,7050.0,1272524,4254,
af3e722aeef5,split_comparison,PaySim,random_matched,0,U,DBSCAN,0.005,0.005,alert_rate,0.005540170558669228,1272524,4254,
af3e722aeef5,split_comparison,PaySim,random_matched,0,U,DBSCAN,0.005,0.005,prevalence,0.0033429624902948786,1272524,4254,
af3e722aeef5,split_comparison,PaySim,random_matched,0,U,DBSCAN,0.005,0.005,lift,42.55791201939268,1272524,4254,
af3e722aeef5,split_comparison,PaySim,random_matched,0,U,DBSCAN,0.005,0.005,tie_ratio,0.003576354099133594,1272524,4254,
af3e722aeef5,split_comparison,PaySim,random_matched,0,U,DBSCAN,0.005,0.005,fit_seconds,0.9726724624633789,1272524,4254,
af3e722aeef5,split_comparison,PaySim,random_matched,0,U,DBSCAN,0.005,0.005,score_seconds,138.52339720726013,1272524,4254,
79ce4b43cc9a,split_comparison,PaySim,random_matched,0,U,KMeans,0.005,0.005,PR_AUC,0.03577739905652102,1272524,4254,
79ce4b43cc9a,split_comparison,PaySim,random_matched,0,U,KMeans,0.005,0.005,ROC_AUC,0.8453126159301534,1272524,4254,
79ce4b43cc9a,split_comparison,PaySim,random_matched,0,U,KMeans,0.005,0.005,Precision,0.09086872872576587,1272524,4254,
79ce4b43cc9a,split_comparison,PaySim,random_matched,0,U,KMeans,0.005,0.005,Recall,0.14433474377056887,1272524,4254,
79ce4b43cc9a,split_comparison,PaySim,random_matched,0,U,KMeans,0.005,0.005,F1,0.11152483879756607,1272524,4254,
79ce4b43cc9a,split_comparison,PaySim,random_matched,0,U,KMeans,0.005,0.005,TN,1262127.0,1272524,4254,
79ce4b43cc9a,split_comparison,PaySim,random_matched,0,U,KMeans,0.005,0.005,FP,6143.0,1272524,4254,
79ce4b43cc9a,split_comparison,PaySim,random_matched,0,U,KMeans,0.005,0.005,FN,3640.0,1272524,4254,
79ce4b43cc9a,split_comparison,PaySim,random_matched,0,U,KMeans,0.005,0.005,TP,614.0,1272524,4254,
79ce4b43cc9a,split_comparison,PaySim,random_matched,0,U,KMeans,0.005,0.005,n_alerts,6757.0,1272524,4254,
79ce4b43cc9a,split_comparison,PaySim,random_matched,0,U,KMeans,0.005,0.005,alert_rate,0.005309919498571344,1272524,4254,
79ce4b43cc9a,split_comparison,PaySim,random_matched,0,U,KMeans,0.005,0.005,prevalence,0.0033429624902948786,1272524,4254,
79ce4b43cc9a,split_comparison,PaySim,random_matched,0,U,KMeans,0.005,0.005,lift,27.18209641585014,1272524,4254,
79ce4b43cc9a,split_comparison,PaySim,random_matched,0,U,KMeans,0.005,0.005,tie_ratio,0.03477259778786268,1272524,4254,
79ce4b43cc9a,split_comparison,PaySim,random_matched,0,U,KMeans,0.005,0.005,fit_seconds,113.92177295684814,1272524,4254,
79ce4b43cc9a,split_comparison,PaySim,random_matched,0,U,KMeans,0.005,0.005,score_seconds,1.2945079803466797,1272524,4254,
561b4bebdf93,split_comparison,PaySim,random_matched,0,U,Ensemble,0.005,0.005,PR_AUC,0.09148504818294001,1272524,4254,
561b4bebdf93,split_comparison,PaySim,random_matched,0,U,Ensemble,0.005,0.005,ROC_AUC,0.9037234452608792,1272524,4254,
561b4bebdf93,split_comparison,PaySim,random_matched,0,U,Ensemble,0.005,0.005,Precision,0.13664943412044153,1272524,4254,
561b4bebdf93,split_comparison,PaySim,random_matched,0,U,Ensemble,0.005,0.005,Recall,0.229901269393512,1272524,4254,
561b4bebdf93,split_comparison,PaySim,random_matched,0,U,Ensemble,0.005,0.005,F1,0.17141354833055825,1272524,4254,
561b4bebdf93,split_comparison,PaySim,random_matched,0,U,Ensemble,0.005,0.005,TN,1262091.0,1272524,4254,
561b4bebdf93,split_comparison,PaySim,random_matched,0,U,Ensemble,0.005,0.005,FP,6179.0,1272524,4254,
561b4bebdf93,split_comparison,PaySim,random_matched,0,U,Ensemble,0.005,0.005,FN,3276.0,1272524,4254,
561b4bebdf93,split_comparison,PaySim,random_matched,0,U,Ensemble,0.005,0.005,TP,978.0,1272524,4254,
561b4bebdf93,split_comparison,PaySim,random_matched,0,U,Ensemble,0.005,0.005,n_alerts,7157.0,1272524,4254,
561b4bebdf93,split_comparison,PaySim,random_matched,0,U,Ensemble,0.005,0.005,alert_rate,0.0056242554167937105,1272524,4254,
561b4bebdf93,split_comparison,PaySim,random_matched,0,U,Ensemble,0.005,0.005,prevalence,0.0033429624902948786,1272524,4254,
561b4bebdf93,split_comparison,PaySim,random_matched,0,U,Ensemble,0.005,0.005,lift,40.87674765037159,1272524,4254,
561b4bebdf93,split_comparison,PaySim,random_matched,0,U,Ensemble,0.005,0.005,tie_ratio,0.0956617748177836,1272524,4254,
561b4bebdf93,split_comparison,PaySim,random_matched,0,U,Ensemble,0.005,0.005,fit_seconds,0.0,1272524,4254,
561b4bebdf93,split_comparison,PaySim,random_matched,0,U,Ensemble,0.005,0.005,score_seconds,0.0,1272524,4254,
aa4efecd0002,split_comparison,PaySim,random_matched,0,U,Ensemble,0.005,0.005,single_point_invariant,1.0,1272524,4254,invariance
3645c994ad67,split_comparison,PaySim,random_matched,0,N,IsolationForest,0.005,0.005,PR_AUC,0.020714369321974076,1272524,4254,
3645c994ad67,split_comparison,PaySim,random_matched,0,N,IsolationForest,0.005,0.005,ROC_AUC,0.8299644380804907,1272524,4254,
3645c994ad67,split_comparison,PaySim,random_matched,0,N,IsolationForest,0.005,0.005,Precision,0.043491671807526215,1272524,4254,
3645c994ad67,split_comparison,PaySim,random_matched,0,N,IsolationForest,0.005,0.005,Recall,0.06629055007052186,1272524,4254,
3645c994ad67,split_comparison,PaySim,random_matched,0,N,IsolationForest,0.005,0.005,F1,0.05252374743900168,1272524,4254,
3645c994ad67,split_comparison,PaySim,random_matched,0,N,IsolationForest,0.005,0.005,TN,1262068.0,1272524,4254,
3645c994ad67,split_comparison,PaySim,random_matched,0,N,IsolationForest,0.005,0.005,FP,6202.0,1272524,4254,
3645c994ad67,split_comparison,PaySim,random_matched,0,N,IsolationForest,0.005,0.005,FN,3972.0,1272524,4254,
3645c994ad67,split_comparison,PaySim,random_matched,0,N,IsolationForest,0.005,0.005,TP,282.0,1272524,4254,
3645c994ad67,split_comparison,PaySim,random_matched,0,N,IsolationForest,0.005,0.005,n_alerts,6484.0,1272524,4254,
3645c994ad67,split_comparison,PaySim,random_matched,0,N,IsolationForest,0.005,0.005,alert_rate,0.005095385234384578,1272524,4254,
3645c994ad67,split_comparison,PaySim,random_matched,0,N,IsolationForest,0.005,0.005,prevalence,0.0033429624902948786,1272524,4254,
3645c994ad67,split_comparison,PaySim,random_matched,0,N,IsolationForest,0.005,0.005,lift,13.00991917611671,1272524,4254,
3645c994ad67,split_comparison,PaySim,random_matched,0,N,IsolationForest,0.005,0.005,tie_ratio,0.21629044616019333,1272524,4254,
3645c994ad67,split_comparison,PaySim,random_matched,0,N,IsolationForest,0.005,0.005,fit_seconds,10.863246202468872,1272524,4254,
3645c994ad67,split_comparison,PaySim,random_matched,0,N,IsolationForest,0.005,0.005,score_seconds,56.81262516975403,1272524,4254,
c8e633201c39,split_comparison,PaySim,random_matched,0,N,LOF,0.005,0.005,PR_AUC,0.3068163586178148,1272524,4254,
c8e633201c39,split_comparison,PaySim,random_matched,0,N,LOF,0.005,0.005,ROC_AUC,0.8859401580759837,1272524,4254,
c8e633201c39,split_comparison,PaySim,random_matched,0,N,LOF,0.005,0.005,Precision,0.2428261701313608,1272524,4254,
c8e633201c39,split_comparison,PaySim,random_matched,0,N,LOF,0.005,0.005,Recall,0.44757874941231784,1272524,4254,
c8e633201c39,split_comparison,PaySim,random_matched,0,N,LOF,0.005,0.005,F1,0.31484084332368745,1272524,4254,
c8e633201c39,split_comparison,PaySim,random_matched,0,N,LOF,0.005,0.005,TN,1262333.0,1272524,4254,
c8e633201c39,split_comparison,PaySim,random_matched,0,N,LOF,0.005,0.005,FP,5937.0,1272524,4254,
c8e633201c39,split_comparison,PaySim,random_matched,0,N,LOF,0.005,0.005,FN,2350.0,1272524,4254,
c8e633201c39,split_comparison,PaySim,random_matched,0,N,LOF,0.005,0.005,TP,1904.0,1272524,4254,
c8e633201c39,split_comparison,PaySim,random_matched,0,N,LOF,0.005,0.005,n_alerts,7841.0,1272524,4254,
c8e633201c39,split_comparison,PaySim,random_matched,0,N,LOF,0.005,0.005,alert_rate,0.006161769836953959,1272524,4254,
c8e633201c39,split_comparison,PaySim,random_matched,0,N,LOF,0.005,0.005,prevalence,0.0033429624902948786,1272524,4254,
c8e633201c39,split_comparison,PaySim,random_matched,0,N,LOF,0.005,0.005,lift,72.63801817589086,1272524,4254,
c8e633201c39,split_comparison,PaySim,random_matched,0,N,LOF,0.005,0.005,tie_ratio,0.2676819708846585,1272524,4254,
c8e633201c39,split_comparison,PaySim,random_matched,0,N,LOF,0.005,0.005,fit_seconds,2.224255323410034,1272524,4254,
c8e633201c39,split_comparison,PaySim,random_matched,0,N,LOF,0.005,0.005,score_seconds,342.2187180519104,1272524,4254,
318420dbc6fd,split_comparison,PaySim,random_matched,0,N,OneClassSVM,0.005,0.005,PR_AUC,0.13410925852778463,1272524,4254,
318420dbc6fd,split_comparison,PaySim,random_matched,0,N,OneClassSVM,0.005,0.005,ROC_AUC,0.8303900242944284,1272524,4254,
318420dbc6fd,split_comparison,PaySim,random_matched,0,N,OneClassSVM,0.005,0.005,Precision,0.20426382411725516,1272524,4254,
318420dbc6fd,split_comparison,PaySim,random_matched,0,N,OneClassSVM,0.005,0.005,Recall,0.3603667136812412,1272524,4254,
318420dbc6fd,split_comparison,PaySim,random_matched,0,N,OneClassSVM,0.005,0.005,F1,0.26073645718173316,1272524,4254,
318420dbc6fd,split_comparison,PaySim,random_matched,0,N,OneClassSVM,0.005,0.005,TN,1262298.0,1272524,4254,
318420dbc6fd,split_comparison,PaySim,random_matched,0,N,OneClassSVM,0.005,0.005,FP,5972.0,1272524,4254,
318420dbc6fd,split_comparison,PaySim,random_matched,0,N,OneClassSVM,0.005,0.005,FN,2721.0,1272524,4254,
318420dbc6fd,split_comparison,PaySim,random_matched,0,N,OneClassSVM,0.005,0.005,TP,1533.0,1272524,4254,
318420dbc6fd,split_comparison,PaySim,random_matched,0,N,OneClassSVM,0.005,0.005,n_alerts,7505.0,1272524,4254,
318420dbc6fd,split_comparison,PaySim,random_matched,0,N,OneClassSVM,0.005,0.005,alert_rate,0.00589772766564717,1272524,4254,
318420dbc6fd,split_comparison,PaySim,random_matched,0,N,OneClassSVM,0.005,0.005,prevalence,0.0033429624902948786,1272524,4254,
318420dbc6fd,split_comparison,PaySim,random_matched,0,N,OneClassSVM,0.005,0.005,lift,61.1026371699544,1272524,4254,
318420dbc6fd,split_comparison,PaySim,random_matched,0,N,OneClassSVM,0.005,0.005,tie_ratio,0.0002789729081943415,1272524,4254,
318420dbc6fd,split_comparison,PaySim,random_matched,0,N,OneClassSVM,0.005,0.005,fit_seconds,0.40288686752319336,1272524,4254,
318420dbc6fd,split_comparison,PaySim,random_matched,0,N,OneClassSVM,0.005,0.005,score_seconds,78.9401843547821,1272524,4254,
b0b3ea56f078,split_comparison,PaySim,random_matched,0,N,DBSCAN,0.005,0.005,PR_AUC,0.1356746803120639,1272524,4254,
b0b3ea56f078,split_comparison,PaySim,random_matched,0,N,DBSCAN,0.005,0.005,ROC_AUC,0.8883605795038689,1272524,4254,
b0b3ea56f078,split_comparison,PaySim,random_matched,0,N,DBSCAN,0.005,0.005,Precision,0.19628292552480278,1272524,4254,
b0b3ea56f078,split_comparison,PaySim,random_matched,0,N,DBSCAN,0.005,0.005,Recall,0.3450869769628585,1272524,4254,
b0b3ea56f078,split_comparison,PaySim,random_matched,0,N,DBSCAN,0.005,0.005,F1,0.25023438165856987,1272524,4254,
b0b3ea56f078,split_comparison,PaySim,random_matched,0,N,DBSCAN,0.005,0.005,TN,1262259.0,1272524,4254,
b0b3ea56f078,split_comparison,PaySim,random_matched,0,N,DBSCAN,0.005,0.005,FP,6011.0,1272524,4254,
b0b3ea56f078,split_comparison,PaySim,random_matched,0,N,DBSCAN,0.005,0.005,FN,2786.0,1272524,4254,
b0b3ea56f078,split_comparison,PaySim,random_matched,0,N,DBSCAN,0.005,0.005,TP,1468.0,1272524,4254,
b0b3ea56f078,split_comparison,PaySim,random_matched,0,N,DBSCAN,0.005,0.005,n_alerts,7479.0,1272524,4254,
b0b3ea56f078,split_comparison,PaySim,random_matched,0,N,DBSCAN,0.005,0.005,alert_rate,0.005877295830962716,1272524,4254,
b0b3ea56f078,split_comparison,PaySim,random_matched,0,N,DBSCAN,0.005,0.005,prevalence,0.0033429624902948786,1272524,4254,
b0b3ea56f078,split_comparison,PaySim,random_matched,0,N,DBSCAN,0.005,0.005,lift,58.71526410919702,1272524,4254,
b0b3ea56f078,split_comparison,PaySim,random_matched,0,N,DBSCAN,0.005,0.005,tie_ratio,0.0033115262961435077,1272524,4254,
b0b3ea56f078,split_comparison,PaySim,random_matched,0,N,DBSCAN,0.005,0.005,fit_seconds,1.6554758548736572,1272524,4254,
b0b3ea56f078,split_comparison,PaySim,random_matched,0,N,DBSCAN,0.005,0.005,score_seconds,193.74793481826782,1272524,4254,
c83696c95b7c,split_comparison,PaySim,random_matched,0,N,KMeans,0.005,0.005,PR_AUC,0.035896024594625583,1272524,4254,
c83696c95b7c,split_comparison,PaySim,random_matched,0,N,KMeans,0.005,0.005,ROC_AUC,0.8455767839060251,1272524,4254,
c83696c95b7c,split_comparison,PaySim,random_matched,0,N,KMeans,0.005,0.005,Precision,0.09105715131773763,1272524,4254,
c83696c95b7c,split_comparison,PaySim,random_matched,0,N,KMeans,0.005,0.005,Recall,0.14456981664315938,1272524,4254,
c83696c95b7c,split_comparison,PaySim,random_matched,0,N,KMeans,0.005,0.005,F1,0.11173691860465117,1272524,4254,
c83696c95b7c,split_comparison,PaySim,random_matched,0,N,KMeans,0.005,0.005,TN,1262131.0,1272524,4254,
c83696c95b7c,split_comparison,PaySim,random_matched,0,N,KMeans,0.005,0.005,FP,6139.0,1272524,4254,
c83696c95b7c,split_comparison,PaySim,random_matched,0,N,KMeans,0.005,0.005,FN,3639.0,1272524,4254,
c83696c95b7c,split_comparison,PaySim,random_matched,0,N,KMeans,0.005,0.005,TP,615.0,1272524,4254,
c83696c95b7c,split_comparison,PaySim,random_matched,0,N,KMeans,0.005,0.005,n_alerts,6754.0,1272524,4254,
c83696c95b7c,split_comparison,PaySim,random_matched,0,N,KMeans,0.005,0.005,alert_rate,0.005307561979184676,1272524,4254,
c83696c95b7c,split_comparison,PaySim,random_matched,0,N,KMeans,0.005,0.005,prevalence,0.0033429624902948786,1272524,4254,
c83696c95b7c,split_comparison,PaySim,random_matched,0,N,KMeans,0.005,0.005,lift,27.23846037222679,1272524,4254,
c83696c95b7c,split_comparison,PaySim,random_matched,0,N,KMeans,0.005,0.005,tie_ratio,0.03491954971415101,1272524,4254,
c83696c95b7c,split_comparison,PaySim,random_matched,0,N,KMeans,0.005,0.005,fit_seconds,115.0904278755188,1272524,4254,
c83696c95b7c,split_comparison,PaySim,random_matched,0,N,KMeans,0.005,0.005,score_seconds,1.727682113647461,1272524,4254,
e3fb1d9f5ba3,split_comparison,PaySim,random_matched,0,N,Ensemble,0.005,0.005,PR_AUC,0.12314033458229406,1272524,4254,
e3fb1d9f5ba3,split_comparison,PaySim,random_matched,0,N,Ensemble,0.005,0.005,ROC_AUC,0.9192230634433116,1272524,4254,
e3fb1d9f5ba3,split_comparison,PaySim,random_matched,0,N,Ensemble,0.005,0.005,Precision,0.17739296427597492,1272524,4254,
e3fb1d9f5ba3,split_comparison,PaySim,random_matched,0,N,Ensemble,0.005,0.005,Recall,0.3058298072402445,1272524,4254,
e3fb1d9f5ba3,split_comparison,PaySim,random_matched,0,N,Ensemble,0.005,0.005,F1,0.22454263030721436,1272524,4254,
e3fb1d9f5ba3,split_comparison,PaySim,random_matched,0,N,Ensemble,0.005,0.005,TN,1262237.0,1272524,4254,
e3fb1d9f5ba3,split_comparison,PaySim,random_matched,0,N,Ensemble,0.005,0.005,FP,6033.0,1272524,4254,
e3fb1d9f5ba3,split_comparison,PaySim,random_matched,0,N,Ensemble,0.005,0.005,FN,2953.0,1272524,4254,
e3fb1d9f5ba3,split_comparison,PaySim,random_matched,0,N,Ensemble,0.005,0.005,TP,1301.0,1272524,4254,
e3fb1d9f5ba3,split_comparison,PaySim,random_matched,0,N,Ensemble,0.005,0.005,n_alerts,7334.0,1272524,4254,
e3fb1d9f5ba3,split_comparison,PaySim,random_matched,0,N,Ensemble,0.005,0.005,alert_rate,0.005763349060607109,1272524,4254,
e3fb1d9f5ba3,split_comparison,PaySim,random_matched,0,N,Ensemble,0.005,0.005,prevalence,0.0033429624902948786,1272524,4254,
e3fb1d9f5ba3,split_comparison,PaySim,random_matched,0,N,Ensemble,0.005,0.005,lift,53.06459907670914,1272524,4254,
e3fb1d9f5ba3,split_comparison,PaySim,random_matched,0,N,Ensemble,0.005,0.005,tie_ratio,0.09528378617315969,1272524,4254,
e3fb1d9f5ba3,split_comparison,PaySim,random_matched,0,N,Ensemble,0.005,0.005,fit_seconds,0.0,1272524,4254,
e3fb1d9f5ba3,split_comparison,PaySim,random_matched,0,N,Ensemble,0.005,0.005,score_seconds,0.0,1272524,4254,
1953d876fc26,split_comparison,PaySim,random_matched,0,N,Ensemble,0.005,0.005,single_point_invariant,1.0,1272524,4254,invariance
e40280875775,split_comparison,PaySim,random_matched,0,O,IsolationForest,0.005,0.0007777196547228591,PR_AUC,0.021802928091328774,1272524,4254,
e40280875775,split_comparison,PaySim,random_matched,0,O,IsolationForest,0.005,0.0007777196547228591,ROC_AUC,0.8258453707188375,1272524,4254,
e40280875775,split_comparison,PaySim,random_matched,0,O,IsolationForest,0.005,0.0007777196547228591,Precision,0.015151515151515152,1272524,4254,
e40280875775,split_comparison,PaySim,random_matched,0,O,IsolationForest,0.005,0.0007777196547228591,Recall,0.003291020216267043,1272524,4254,
e40280875775,split_comparison,PaySim,random_matched,0,O,IsolationForest,0.005,0.0007777196547228591,F1,0.005407493240633449,1272524,4254,
e40280875775,split_comparison,PaySim,random_matched,0,O,IsolationForest,0.005,0.0007777196547228591,TN,1267360.0,1272524,4254,
e40280875775,split_comparison,PaySim,random_matched,0,O,IsolationForest,0.005,0.0007777196547228591,FP,910.0,1272524,4254,
e40280875775,split_comparison,PaySim,random_matched,0,O,IsolationForest,0.005,0.0007777196547228591,FN,4240.0,1272524,4254,
e40280875775,split_comparison,PaySim,random_matched,0,O,IsolationForest,0.005,0.0007777196547228591,TP,14.0,1272524,4254,
e40280875775,split_comparison,PaySim,random_matched,0,O,IsolationForest,0.005,0.0007777196547228591,n_alerts,924.0,1272524,4254,
e40280875775,split_comparison,PaySim,random_matched,0,O,IsolationForest,0.005,0.0007777196547228591,alert_rate,0.000726115971093669,1272524,4254,
e40280875775,split_comparison,PaySim,random_matched,0,O,IsolationForest,0.005,0.0007777196547228591,prevalence,0.0033429624902948786,1272524,4254,
e40280875775,split_comparison,PaySim,random_matched,0,O,IsolationForest,0.005,0.0007777196547228591,lift,4.532361698793292,1272524,4254,
e40280875775,split_comparison,PaySim,random_matched,0,O,IsolationForest,0.005,0.0007777196547228591,tie_ratio,0.20889334197756426,1272524,4254,
e40280875775,split_comparison,PaySim,random_matched,0,O,IsolationForest,0.005,0.0007777196547228591,fit_seconds,11.638250350952148,1272524,4254,
e40280875775,split_comparison,PaySim,random_matched,0,O,IsolationForest,0.005,0.0007777196547228591,score_seconds,57.89468431472778,1272524,4254,
691643af6f9e,split_comparison,PaySim,random_matched,0,O,LOF,0.005,0.0007777196547228591,PR_AUC,0.27473788619099865,1272524,4254,
691643af6f9e,split_comparison,PaySim,random_matched,0,O,LOF,0.005,0.0007777196547228591,ROC_AUC,0.8742667854925775,1272524,4254,
691643af6f9e,split_comparison,PaySim,random_matched,0,O,LOF,0.005,0.0007777196547228591,Precision,0.6141215106732348,1272524,4254,
691643af6f9e,split_comparison,PaySim,random_matched,0,O,LOF,0.005,0.0007777196547228591,Recall,0.2637517630465444,1272524,4254,
691643af6f9e,split_comparison,PaySim,random_matched,0,O,LOF,0.005,0.0007777196547228591,F1,0.36901825357671436,1272524,4254,
691643af6f9e,split_comparison,PaySim,random_matched,0,O,LOF,0.005,0.0007777196547228591,TN,1267565.0,1272524,4254,
691643af6f9e,split_comparison,PaySim,random_matched,0,O,LOF,0.005,0.0007777196547228591,FP,705.0,1272524,4254,
691643af6f9e,split_comparison,PaySim,random_matched,0,O,LOF,0.005,0.0007777196547228591,FN,3132.0,1272524,4254,
691643af6f9e,split_comparison,PaySim,random_matched,0,O,LOF,0.005,0.0007777196547228591,TP,1122.0,1272524,4254,
691643af6f9e,split_comparison,PaySim,random_matched,0,O,LOF,0.005,0.0007777196547228591,n_alerts,1827.0,1272524,4254,
691643af6f9e,split_comparison,PaySim,random_matched,0,O,LOF,0.005,0.0007777196547228591,alert_rate,0.0014357293064806637,1272524,4254,
691643af6f9e,split_comparison,PaySim,random_matched,0,O,LOF,0.005,0.0007777196547228591,prevalence,0.0033429624902948786,1272524,4254,
691643af6f9e,split_comparison,PaySim,random_matched,0,O,LOF,0.005,0.0007777196547228591,lift,183.7057736831094,1272524,4254,
691643af6f9e,split_comparison,PaySim,random_matched,0,O,LOF,0.005,0.0007777196547228591,tie_ratio,0.2680300976405179,1272524,4254,
691643af6f9e,split_comparison,PaySim,random_matched,0,O,LOF,0.005,0.0007777196547228591,fit_seconds,2.4906609058380127,1272524,4254,
691643af6f9e,split_comparison,PaySim,random_matched,0,O,LOF,0.005,0.0007777196547228591,score_seconds,320.20005536079407,1272524,4254,
7293cdbd58f0,split_comparison,PaySim,random_matched,0,O,OneClassSVM,0.005,0.0007777196547228591,PR_AUC,0.03827634061239354,1272524,4254,
7293cdbd58f0,split_comparison,PaySim,random_matched,0,O,OneClassSVM,0.005,0.0007777196547228591,ROC_AUC,0.6686880251706039,1272524,4254,
7293cdbd58f0,split_comparison,PaySim,random_matched,0,O,OneClassSVM,0.005,0.0007777196547228591,Precision,0.11563981042654028,1272524,4254,
7293cdbd58f0,split_comparison,PaySim,random_matched,0,O,OneClassSVM,0.005,0.0007777196547228591,Recall,0.028678890456041373,1272524,4254,
7293cdbd58f0,split_comparison,PaySim,random_matched,0,O,OneClassSVM,0.005,0.0007777196547228591,F1,0.045959691090600864,1272524,4254,
7293cdbd58f0,split_comparison,PaySim,random_matched,0,O,OneClassSVM,0.005,0.0007777196547228591,TN,1267337.0,1272524,4254,
7293cdbd58f0,split_comparison,PaySim,random_matched,0,O,OneClassSVM,0.005,0.0007777196547228591,FP,933.0,1272524,4254,
7293cdbd58f0,split_comparison,PaySim,random_matched,0,O,OneClassSVM,0.005,0.0007777196547228591,FN,4132.0,1272524,4254,
7293cdbd58f0,split_comparison,PaySim,random_matched,0,O,OneClassSVM,0.005,0.0007777196547228591,TP,122.0,1272524,4254,
7293cdbd58f0,split_comparison,PaySim,random_matched,0,O,OneClassSVM,0.005,0.0007777196547228591,n_alerts,1055.0,1272524,4254,
7293cdbd58f0,split_comparison,PaySim,random_matched,0,O,OneClassSVM,0.005,0.0007777196547228591,alert_rate,0.0008290609843114944,1272524,4254,
7293cdbd58f0,split_comparison,PaySim,random_matched,0,O,OneClassSVM,0.005,0.0007777196547228591,prevalence,0.0033429624902948786,1272524,4254,
7293cdbd58f0,split_comparison,PaySim,random_matched,0,O,OneClassSVM,0.005,0.0007777196547228591,lift,34.592015543775915,1272524,4254,
7293cdbd58f0,split_comparison,PaySim,random_matched,0,O,OneClassSVM,0.005,0.0007777196547228591,tie_ratio,0.00011787587670186728,1272524,4254,
7293cdbd58f0,split_comparison,PaySim,random_matched,0,O,OneClassSVM,0.005,0.0007777196547228591,fit_seconds,0.23299837112426758,1272524,4254,
7293cdbd58f0,split_comparison,PaySim,random_matched,0,O,OneClassSVM,0.005,0.0007777196547228591,score_seconds,83.08260798454285,1272524,4254,
1e2620820f49,split_comparison,PaySim,random_matched,0,O,DBSCAN,0.005,0.0007777196547228591,PR_AUC,0.06123511369080106,1272524,4254,
1e2620820f49,split_comparison,PaySim,random_matched,0,O,DBSCAN,0.005,0.0007777196547228591,ROC_AUC,0.8722106225729144,1272524,4254,
1e2620820f49,split_comparison,PaySim,random_matched,0,O,DBSCAN,0.005,0.0007777196547228591,Precision,0.10531309297912714,1272524,4254,
1e2620820f49,split_comparison,PaySim,random_matched,0,O,DBSCAN,0.005,0.0007777196547228591,Recall,0.02609308885754584,1272524,4254,
1e2620820f49,split_comparison,PaySim,random_matched,0,O,DBSCAN,0.005,0.0007777196547228591,F1,0.04182366239638282,1272524,4254,
1e2620820f49,split_comparison,PaySim,random_matched,0,O,DBSCAN,0.005,0.0007777196547228591,TN,1267327.0,1272524,4254,
1e2620820f49,split_comparison,PaySim,random_matched,0,O,DBSCAN,0.005,0.0007777196547228591,FP,943.0,1272524,4254,
1e2620820f49,split_comparison,PaySim,random_matched,0,O,DBSCAN,0.005,0.0007777196547228591,FN,4143.0,1272524,4254,
1e2620820f49,split_comparison,PaySim,random_matched,0,O,DBSCAN,0.005,0.0007777196547228591,TP,111.0,1272524,4254,
1e2620820f49,split_comparison,PaySim,random_matched,0,O,DBSCAN,0.005,0.0007777196547228591,n_alerts,1054.0,1272524,4254,
1e2620820f49,split_comparison,PaySim,random_matched,0,O,DBSCAN,0.005,0.0007777196547228591,alert_rate,0.0008282751445159384,1272524,4254,
1e2620820f49,split_comparison,PaySim,random_matched,0,O,DBSCAN,0.005,0.0007777196547228591,prevalence,0.0033429624902948786,1272524,4254,
1e2620820f49,split_comparison,PaySim,random_matched,0,O,DBSCAN,0.005,0.0007777196547228591,lift,31.502923914003475,1272524,4254,
1e2620820f49,split_comparison,PaySim,random_matched,0,O,DBSCAN,0.005,0.0007777196547228591,tie_ratio,0.003576354099133594,1272524,4254,
1e2620820f49,split_comparison,PaySim,random_matched,0,O,DBSCAN,0.005,0.0007777196547228591,fit_seconds,1.230574607849121,1272524,4254,
1e2620820f49,split_comparison,PaySim,random_matched,0,O,DBSCAN,0.005,0.0007777196547228591,score_seconds,115.75384616851807,1272524,4254,
9ee194f42d20,split_comparison,PaySim,random_matched,0,O,KMeans,0.005,0.0007777196547228591,PR_AUC,0.035777399701730564,1272524,4254,
9ee194f42d20,split_comparison,PaySim,random_matched,0,O,KMeans,0.005,0.0007777196547228591,ROC_AUC,0.8453126159301535,1272524,4254,
9ee194f42d20,split_comparison,PaySim,random_matched,0,O,KMeans,0.005,0.0007777196547228591,Precision,0.12891674127126232,1272524,4254,
9ee194f42d20,split_comparison,PaySim,random_matched,0,O,KMeans,0.005,0.0007777196547228591,Recall,0.03385049365303244,1272524,4254,
9ee194f42d20,split_comparison,PaySim,random_matched,0,O,KMeans,0.005,0.0007777196547228591,F1,0.05362129957177434,1272524,4254,
9ee194f42d20,split_comparison,PaySim,random_matched,0,O,KMeans,0.005,0.0007777196547228591,TN,1267297.0,1272524,4254,
9ee194f42d20,split_comparison,PaySim,random_matched,0,O,KMeans,0.005,0.0007777196547228591,FP,973.0,1272524,4254,
9ee194f42d20,split_comparison,PaySim,random_matched,0,O,KMeans,0.005,0.0007777196547228591,FN,4110.0,1272524,4254,
9ee194f42d20,split_comparison,PaySim,random_matched,0,O,KMeans,0.005,0.0007777196547228591,TP,144.0,1272524,4254,
9ee194f42d20,split_comparison,PaySim,random_matched,0,O,KMeans,0.005,0.0007777196547228591,n_alerts,1117.0,1272524,4254,
9ee194f42d20,split_comparison,PaySim,random_matched,0,O,KMeans,0.005,0.0007777196547228591,alert_rate,0.0008777830516359613,1272524,4254,
9ee194f42d20,split_comparison,PaySim,random_matched,0,O,KMeans,0.005,0.0007777196547228591,prevalence,0.0033429624902948786,1272524,4254,
9ee194f42d20,split_comparison,PaySim,random_matched,0,O,KMeans,0.005,0.0007777196547228591,lift,38.56362183109351,1272524,4254,
9ee194f42d20,split_comparison,PaySim,random_matched,0,O,KMeans,0.005,0.0007777196547228591,tie_ratio,0.03483153572621367,1272524,4254,
9ee194f42d20,split_comparison,PaySim,random_matched,0,O,KMeans,0.005,0.0007777196547228591,fit_seconds,79.28273010253906,1272524,4254,
9ee194f42d20,split_comparison,PaySim,random_matched,0,O,KMeans,0.005,0.0007777196547228591,score_seconds,1.4015953540802002,1272524,4254,
9f82b8cf8d1d,split_comparison,PaySim,random_matched,0,O,Ensemble,0.005,0.0007777196547228591,PR_AUC,0.0876908840587491,1272524,4254,
9f82b8cf8d1d,split_comparison,PaySim,random_matched,0,O,Ensemble,0.005,0.0007777196547228591,ROC_AUC,0.901834241501948,1272524,4254,
9f82b8cf8d1d,split_comparison,PaySim,random_matched,0,O,Ensemble,0.005,0.0007777196547228591,Precision,0.3441265060240964,1272524,4254,
9f82b8cf8d1d,split_comparison,PaySim,random_matched,0,O,Ensemble,0.005,0.0007777196547228591,Recall,0.1074283027738599,1272524,4254,
9f82b8cf8d1d,split_comparison,PaySim,random_matched,0,O,Ensemble,0.005,0.0007777196547228591,F1,0.16374059476890004,1272524,4254,
9f82b8cf8d1d,split_comparison,PaySim,random_matched,0,O,Ensemble,0.005,0.0007777196547228591,TN,1267399.0,1272524,4254,
9f82b8cf8d1d,split_comparison,PaySim,random_matched,0,O,Ensemble,0.005,0.0007777196547228591,FP,871.0,1272524,4254,
9f82b8cf8d1d,split_comparison,PaySim,random_matched,0,O,Ensemble,0.005,0.0007777196547228591,FN,3797.0,1272524,4254,
9f82b8cf8d1d,split_comparison,PaySim,random_matched,0,O,Ensemble,0.005,0.0007777196547228591,TP,457.0,1272524,4254,
9f82b8cf8d1d,split_comparison,PaySim,random_matched,0,O,Ensemble,0.005,0.0007777196547228591,n_alerts,1328.0,1272524,4254,
9f82b8cf8d1d,split_comparison,PaySim,random_matched,0,O,Ensemble,0.005,0.0007777196547228591,alert_rate,0.0010435952484982602,1272524,4254,
9f82b8cf8d1d,split_comparison,PaySim,random_matched,0,O,Ensemble,0.005,0.0007777196547228591,prevalence,0.0033429624902948786,1272524,4254,
9f82b8cf8d1d,split_comparison,PaySim,random_matched,0,O,Ensemble,0.005,0.0007777196547228591,lift,102.94058249924946,1272524,4254,
9f82b8cf8d1d,split_comparison,PaySim,random_matched,0,O,Ensemble,0.005,0.0007777196547228591,tie_ratio,0.09544881240054226,1272524,4254,
9f82b8cf8d1d,split_comparison,PaySim,random_matched,0,O,Ensemble,0.005,0.0007777196547228591,fit_seconds,0.0,1272524,4254,
9f82b8cf8d1d,split_comparison,PaySim,random_matched,0,O,Ensemble,0.005,0.0007777196547228591,score_seconds,0.0,1272524,4254,
6533aa3be679,split_comparison,PaySim,random_matched,0,O,Ensemble,0.005,0.0007777196547228591,single_point_invariant,1.0,1272524,4254,invariance
9692c631d4ff,split_comparison,PaySim,random_matched,1,U,IsolationForest,0.005,0.005,PR_AUC,0.022262147074096038,1272524,4254,
9692c631d4ff,split_comparison,PaySim,random_matched,1,U,IsolationForest,0.005,0.005,ROC_AUC,0.8346416579690611,1272524,4254,
9692c631d4ff,split_comparison,PaySim,random_matched,1,U,IsolationForest,0.005,0.005,Precision,0.049574209245742094,1272524,4254,
9692c631d4ff,split_comparison,PaySim,random_matched,1,U,IsolationForest,0.005,0.005,Recall,0.076633756464504,1272524,4254,
9692c631d4ff,split_comparison,PaySim,random_matched,1,U,IsolationForest,0.005,0.005,F1,0.06020313942751616,1272524,4254,
9692c631d4ff,split_comparison,PaySim,random_matched,1,U,IsolationForest,0.005,0.005,TN,1262020.0,1272524,4254,
9692c631d4ff,split_comparison,PaySim,random_matched,1,U,IsolationForest,0.005,0.005,FP,6250.0,1272524,4254,
9692c631d4ff,split_comparison,PaySim,random_matched,1,U,IsolationForest,0.005,0.005,FN,3928.0,1272524,4254,
9692c631d4ff,split_comparison,PaySim,random_matched,1,U,IsolationForest,0.005,0.005,TP,326.0,1272524,4254,
9692c631d4ff,split_comparison,PaySim,random_matched,1,U,IsolationForest,0.005,0.005,n_alerts,6576.0,1272524,4254,
9692c631d4ff,split_comparison,PaySim,random_matched,1,U,IsolationForest,0.005,0.005,alert_rate,0.005167682495575722,1272524,4254,
9692c631d4ff,split_comparison,PaySim,random_matched,1,U,IsolationForest,0.005,0.005,prevalence,0.0033429624902948786,1272524,4254,
9692c631d4ff,split_comparison,PaySim,random_matched,1,U,IsolationForest,0.005,0.005,lift,14.829424317402141,1272524,4254,
9692c631d4ff,split_comparison,PaySim,random_matched,1,U,IsolationForest,0.005,0.005,tie_ratio,0.22024007386888278,1272524,4254,
9692c631d4ff,split_comparison,PaySim,random_matched,1,U,IsolationForest,0.005,0.005,fit_seconds,8.544310092926025,1272524,4254,
9692c631d4ff,split_comparison,PaySim,random_matched,1,U,IsolationForest,0.005,0.005,score_seconds,35.380859375,1272524,4254,
53eb77146f01,split_comparison,PaySim,random_matched,1,U,LOF,0.005,0.005,PR_AUC,0.30297111987196745,1272524,4254,
53eb77146f01,split_comparison,PaySim,random_matched,1,U,LOF,0.005,0.005,ROC_AUC,0.8937927788116494,1272524,4254,
53eb77146f01,split_comparison,PaySim,random_matched,1,U,LOF,0.005,0.005,Precision,0.24326092645904213,1272524,4254,
53eb77146f01,split_comparison,PaySim,random_matched,1,U,LOF,0.005,0.005,Recall,0.43700047014574517,1272524,4254,
53eb77146f01,split_comparison,PaySim,random_matched,1,U,LOF,0.005,0.005,F1,0.312542030934768,1272524,4254,
53eb77146f01,split_comparison,PaySim,random_matched,1,U,LOF,0.005,0.005,TN,1262487.0,1272524,4254,
53eb77146f01,split_comparison,PaySim,random_matched,1,U,LOF,0.005,0.005,FP,5783.0,1272524,4254,
53eb77146f01,split_comparison,PaySim,random_matched,1,U,LOF,0.005,0.005,FN,2395.0,1272524,4254,
53eb77146f01,split_comparison,PaySim,random_matched,1,U,LOF,0.005,0.005,TP,1859.0,1272524,4254,
53eb77146f01,split_comparison,PaySim,random_matched,1,U,LOF,0.005,0.005,n_alerts,7642.0,1272524,4254,
53eb77146f01,split_comparison,PaySim,random_matched,1,U,LOF,0.005,0.005,alert_rate,0.006005387717638332,1272524,4254,
53eb77146f01,split_comparison,PaySim,random_matched,1,U,LOF,0.005,0.005,prevalence,0.0033429624902948786,1272524,4254,
53eb77146f01,split_comparison,PaySim,random_matched,1,U,LOF,0.005,0.005,lift,72.76806938913167,1272524,4254,
53eb77146f01,split_comparison,PaySim,random_matched,1,U,LOF,0.005,0.005,tie_ratio,0.2681126107542091,1272524,4254,
53eb77146f01,split_comparison,PaySim,random_matched,1,U,LOF,0.005,0.005,fit_seconds,1.6401302814483643,1272524,4254,
53eb77146f01,split_comparison,PaySim,random_matched,1,U,LOF,0.005,0.005,score_seconds,741.1606028079987,1272524,4254,
c599dae6652a,split_comparison,PaySim,random_matched,1,U,OneClassSVM,0.005,0.005,PR_AUC,0.10683817382863783,1272524,4254,
c599dae6652a,split_comparison,PaySim,random_matched,1,U,OneClassSVM,0.005,0.005,ROC_AUC,0.7823703541700235,1272524,4254,
c599dae6652a,split_comparison,PaySim,random_matched,1,U,OneClassSVM,0.005,0.005,Precision,0.18,1272524,4254,
c599dae6652a,split_comparison,PaySim,random_matched,1,U,OneClassSVM,0.005,0.005,Recall,0.30888575458392104,1272524,4254,
c599dae6652a,split_comparison,PaySim,random_matched,1,U,OneClassSVM,0.005,0.005,F1,0.2274536956898044,1272524,4254,
c599dae6652a,split_comparison,PaySim,random_matched,1,U,OneClassSVM,0.005,0.005,TN,1262284.0,1272524,4254,
c599dae6652a,split_comparison,PaySim,random_matched,1,U,OneClassSVM,0.005,0.005,FP,5986.0,1272524,4254,
c599dae6652a,split_comparison,PaySim,random_matched,1,U,OneClassSVM,0.005,0.005,FN,2940.0,1272524,4254,
c599dae6652a,split_comparison,PaySim,random_matched,1,U,OneClassSVM,0.005,0.005,TP,1314.0,1272524,4254,
c599dae6652a,split_comparison,PaySim,random_matched,1,U,OneClassSVM,0.005,0.005,n_alerts,7300.0,1272524,4254,
c599dae6652a,split_comparison,PaySim,random_matched,1,U,OneClassSVM,0.005,0.005,alert_rate,0.005736630507558207,1272524,4254,
c599dae6652a,split_comparison,PaySim,random_matched,1,U,OneClassSVM,0.005,0.005,prevalence,0.0033429624902948786,1272524,4254,
c599dae6652a,split_comparison,PaySim,random_matched,1,U,OneClassSVM,0.005,0.005,lift,53.844456981664315,1272524,4254,
c599dae6652a,split_comparison,PaySim,random_matched,1,U,OneClassSVM,0.005,0.005,tie_ratio,0.00015245280053433063,1272524,4254,
c599dae6652a,split_comparison,PaySim,random_matched,1,U,OneClassSVM,0.005,0.005,fit_seconds,0.3408167362213135,1272524,4254,
c599dae6652a,split_comparison,PaySim,random_matched,1,U,OneClassSVM,0.005,0.005,score_seconds,89.71706652641296,1272524,4254,
99c22a3ff7c2,split_comparison,PaySim,random_matched,1,U,DBSCAN,0.005,0.005,PR_AUC,0.10947363308180343,1272524,4254,
99c22a3ff7c2,split_comparison,PaySim,random_matched,1,U,DBSCAN,0.005,0.005,ROC_AUC,0.8855245508794377,1272524,4254,
99c22a3ff7c2,split_comparison,PaySim,random_matched,1,U,DBSCAN,0.005,0.005,Precision,0.17027138724342195,1272524,4254,
99c22a3ff7c2,split_comparison,PaySim,random_matched,1,U,DBSCAN,0.005,0.005,Recall,0.29055007052186177,1272524,4254,
99c22a3ff7c2,split_comparison,PaySim,random_matched,1,U,DBSCAN,0.005,0.005,F1,0.21471380178928168,1272524,4254,
99c22a3ff7c2,split_comparison,PaySim,random_matched,1,U,DBSCAN,0.005,0.005,TN,1262247.0,1272524,4254,
99c22a3ff7c2,split_comparison,PaySim,random_matched,1,U,DBSCAN,0.005,0.005,FP,6023.0,1272524,4254,
99c22a3ff7c2,split_comparison,PaySim,random_matched,1,U,DBSCAN,0.005,0.005,FN,3018.0,1272524,4254,
99c22a3ff7c2,split_comparison,PaySim,random_matched,1,U,DBSCAN,0.005,0.005,TP,1236.0,1272524,4254,
99c22a3ff7c2,split_comparison,PaySim,random_matched,1,U,DBSCAN,0.005,0.005,n_alerts,7259.0,1272524,4254,
99c22a3ff7c2,split_comparison,PaySim,random_matched,1,U,DBSCAN,0.005,0.005,alert_rate,0.005704411075940414,1272524,4254,
99c22a3ff7c2,split_comparison,PaySim,random_matched,1,U,DBSCAN,0.005,0.005,prevalence,0.0033429624902948786,1272524,4254,
99c22a3ff7c2,split_comparison,PaySim,random_matched,1,U,DBSCAN,0.005,0.005,lift,50.934279920204105,1272524,4254,
99c22a3ff7c2,split_comparison,PaySim,random_matched,1,U,DBSCAN,0.005,0.005,tie_ratio,0.003386181018054657,1272524,4254,
99c22a3ff7c2,split_comparison,PaySim,random_matched,1,U,DBSCAN,0.005,0.005,fit_seconds,0.8728165626525879,1272524,4254,
99c22a3ff7c2,split_comparison,PaySim,random_matched,1,U,DBSCAN,0.005,0.005,score_seconds,150.16702437400818,1272524,4254,
37853bc6ba53,split_comparison,PaySim,random_matched,1,U,KMeans,0.005,0.005,PR_AUC,0.03725676594332686,1272524,4254,
37853bc6ba53,split_comparison,PaySim,random_matched,1,U,KMeans,0.005,0.005,ROC_AUC,0.8456739120015739,1272524,4254,
37853bc6ba53,split_comparison,PaySim,random_matched,1,U,KMeans,0.005,0.005,Precision,0.09167904903417533,1272524,4254,
37853bc6ba53,split_comparison,PaySim,random_matched,1,U,KMeans,0.005,0.005,Recall,0.14503996238834038,1272524,4254,
37853bc6ba53,split_comparison,PaySim,random_matched,1,U,KMeans,0.005,0.005,F1,0.11234522942461762,1272524,4254,
37853bc6ba53,split_comparison,PaySim,random_matched,1,U,KMeans,0.005,0.005,TN,1262157.0,1272524,4254,
37853bc6ba53,split_comparison,PaySim,random_matched,1,U,KMeans,0.005,0.005,FP,6113.0,1272524,4254,
37853bc6ba53,split_comparison,PaySim,random_matched,1,U,KMeans,0.005,0.005,FN,3637.0,1272524,4254,
37853bc6ba53,split_comparison,PaySim,random_matched,1,U,KMeans,0.005,0.005,TP,617.0,1272524,4254,
37853bc6ba53,split_comparison,PaySim,random_matched,1,U,KMeans,0.005,0.005,n_alerts,6730.0,1272524,4254,
37853bc6ba53,split_comparison,PaySim,random_matched,1,U,KMeans,0.005,0.005,alert_rate,0.005288701824091333,1272524,4254,
37853bc6ba53,split_comparison,PaySim,random_matched,1,U,KMeans,0.005,0.005,prevalence,0.0033429624902948786,1272524,4254,
37853bc6ba53,split_comparison,PaySim,random_matched,1,U,KMeans,0.005,0.005,lift,27.424492288003037,1272524,4254,
37853bc6ba53,split_comparison,PaySim,random_matched,1,U,KMeans,0.005,0.005,tie_ratio,0.0349329089801772,1272524,4254,
37853bc6ba53,split_comparison,PaySim,random_matched,1,U,KMeans,0.005,0.005,fit_seconds,113.62676167488098,1272524,4254,
37853bc6ba53,split_comparison,PaySim,random_matched,1,U,KMeans,0.005,0.005,score_seconds,1.837754249572754,1272524,4254,
246a250a9eef,split_comparison,PaySim,random_matched,1,U,Ensemble,0.005,0.005,PR_AUC,0.128662603890915,1272524,4254,
246a250a9eef,split_comparison,PaySim,random_matched,1,U,Ensemble,0.005,0.005,ROC_AUC,0.9131210479627879,1272524,4254,
246a250a9eef,split_comparison,PaySim,random_matched,1,U,Ensemble,0.005,0.005,Precision,0.17949415284199075,1272524,4254,
246a250a9eef,split_comparison,PaySim,random_matched,1,U,Ensemble,0.005,0.005,Recall,0.31029619181946405,1272524,4254,
246a250a9eef,split_comparison,PaySim,random_matched,1,U,Ensemble,0.005,0.005,F1,0.22742935906271536,1272524,4254,
246a250a9eef,split_comparison,PaySim,random_matched,1,U,Ensemble,0.005,0.005,TN,1262236.0,1272524,4254,
246a250a9eef,split_comparison,PaySim,random_matched,1,U,Ensemble,0.005,0.005,FP,6034.0,1272524,4254,
246a250a9eef,split_comparison,PaySim,random_matched,1,U,Ensemble,0.005,0.005,FN,2934.0,1272524,4254,
246a250a9eef,split_comparison,PaySim,random_matched,1,U,Ensemble,0.005,0.005,TP,1320.0,1272524,4254,
246a250a9eef,split_comparison,PaySim,random_matched,1,U,Ensemble,0.005,0.005,n_alerts,7354.0,1272524,4254,
246a250a9eef,split_comparison,PaySim,random_matched,1,U,Ensemble,0.005,0.005,alert_rate,0.005779065856518227,1272524,4254,
246a250a9eef,split_comparison,PaySim,random_matched,1,U,Ensemble,0.005,0.005,prevalence,0.0033429624902948786,1272524,4254,
246a250a9eef,split_comparison,PaySim,random_matched,1,U,Ensemble,0.005,0.005,lift,53.69313995089361,1272524,4254,
246a250a9eef,split_comparison,PaySim,random_matched,1,U,Ensemble,0.005,0.005,tie_ratio,0.09427162531187994,1272524,4254,
246a250a9eef,split_comparison,PaySim,random_matched,1,U,Ensemble,0.005,0.005,fit_seconds,0.0,1272524,4254,
246a250a9eef,split_comparison,PaySim,random_matched,1,U,Ensemble,0.005,0.005,score_seconds,0.0,1272524,4254,
adc917530a88,split_comparison,PaySim,random_matched,1,U,Ensemble,0.005,0.005,single_point_invariant,1.0,1272524,4254,invariance
e80f53f5871c,split_comparison,PaySim,random_matched,1,N,IsolationForest,0.005,0.005,PR_AUC,0.017076157059709298,1272524,4254,
e80f53f5871c,split_comparison,PaySim,random_matched,1,N,IsolationForest,0.005,0.005,ROC_AUC,0.8243015469072814,1272524,4254,
e80f53f5871c,split_comparison,PaySim,random_matched,1,N,IsolationForest,0.005,0.005,Precision,0.027035377722848756,1272524,4254,
e80f53f5871c,split_comparison,PaySim,random_matched,1,N,IsolationForest,0.005,0.005,Recall,0.04113775270333803,1272524,4254,
e80f53f5871c,split_comparison,PaySim,random_matched,1,N,IsolationForest,0.005,0.005,F1,0.03262794816817377,1272524,4254,
e80f53f5871c,split_comparison,PaySim,random_matched,1,N,IsolationForest,0.005,0.005,TN,1261972.0,1272524,4254,
e80f53f5871c,split_comparison,PaySim,random_matched,1,N,IsolationForest,0.005,0.005,FP,6298.0,1272524,4254,
e80f53f5871c,split_comparison,PaySim,random_matched,1,N,IsolationForest,0.005,0.005,FN,4079.0,1272524,4254,
e80f53f5871c,split_comparison,PaySim,random_matched,1,N,IsolationForest,0.005,0.005,TP,175.0,1272524,4254,
e80f53f5871c,split_comparison,PaySim,random_matched,1,N,IsolationForest,0.005,0.005,n_alerts,6473.0,1272524,4254,
e80f53f5871c,split_comparison,PaySim,random_matched,1,N,IsolationForest,0.005,0.005,alert_rate,0.005086740996633463,1272524,4254,
e80f53f5871c,split_comparison,PaySim,random_matched,1,N,IsolationForest,0.005,0.005,prevalence,0.0033429624902948786,1272524,4254,
e80f53f5871c,split_comparison,PaySim,random_matched,1,N,IsolationForest,0.005,0.005,lift,8.087251293227641,1272524,4254,
e80f53f5871c,split_comparison,PaySim,random_matched,1,N,IsolationForest,0.005,0.005,tie_ratio,0.21518084124084003,1272524,4254,
e80f53f5871c,split_comparison,PaySim,random_matched,1,N,IsolationForest,0.005,0.005,fit_seconds,11.839546918869019,1272524,4254,
e80f53f5871c,split_comparison,PaySim,random_matched,1,N,IsolationForest,0.005,0.005,score_seconds,59.33153319358826,1272524,4254,
ae0a01257481,split_comparison,PaySim,random_matched,1,N,LOF,0.005,0.005,PR_AUC,0.2879228768982809,1272524,4254,
ae0a01257481,split_comparison,PaySim,random_matched,1,N,LOF,0.005,0.005,ROC_AUC,0.8905418295242339,1272524,4254,
ae0a01257481,split_comparison,PaySim,random_matched,1,N,LOF,0.005,0.005,Precision,0.23955757970071567,1272524,4254,
ae0a01257481,split_comparison,PaySim,random_matched,1,N,LOF,0.005,0.005,Recall,0.4327691584391161,1272524,4254,
ae0a01257481,split_comparison,PaySim,random_matched,1,N,LOF,0.005,0.005,F1,0.30840103861294915,1272524,4254,
ae0a01257481,split_comparison,PaySim,random_matched,1,N,LOF,0.005,0.005,TN,1262426.0,1272524,4254,
ae0a01257481,split_comparison,PaySim,random_matched,1,N,LOF,0.005,0.005,FP,5844.0,1272524,4254,
ae0a01257481,split_comparison,PaySim,random_matched,1,N,LOF,0.005,0.005,FN,2413.0,1272524,4254,
ae0a01257481,split_comparison,PaySim,random_matched,1,N,LOF,0.005,0.005,TP,1841.0,1272524,4254,
ae0a01257481,split_comparison,PaySim,random_matched,1,N,LOF,0.005,0.005,n_alerts,7685.0,1272524,4254,
ae0a01257481,split_comparison,PaySim,random_matched,1,N,LOF,0.005,0.005,alert_rate,0.006039178828847236,1272524,4254,
ae0a01257481,split_comparison,PaySim,random_matched,1,N,LOF,0.005,0.005,prevalence,0.0033429624902948786,1272524,4254,
ae0a01257481,split_comparison,PaySim,random_matched,1,N,LOF,0.005,0.005,lift,71.66026552681559,1272524,4254,
ae0a01257481,split_comparison,PaySim,random_matched,1,N,LOF,0.005,0.005,tie_ratio,0.267778629103554,1272524,4254,
ae0a01257481,split_comparison,PaySim,random_matched,1,N,LOF,0.005,0.005,fit_seconds,1.8828325271606445,1272524,4254,
ae0a01257481,split_comparison,PaySim,random_matched,1,N,LOF,0.005,0.005,score_seconds,232.19624257087708,1272524,4254,
900ec9e99674,split_comparison,PaySim,random_matched,1,N,OneClassSVM,0.005,0.005,PR_AUC,0.14089827181464173,1272524,4254,
900ec9e99674,split_comparison,PaySim,random_matched,1,N,OneClassSVM,0.005,0.005,ROC_AUC,0.8160275058670539,1272524,4254,
900ec9e99674,split_comparison,PaySim,random_matched,1,N,OneClassSVM,0.005,0.005,Precision,0.19305856832971802,1272524,4254,
900ec9e99674,split_comparison,PaySim,random_matched,1,N,OneClassSVM,0.005,0.005,Recall,0.33474377056887633,1272524,4254,
900ec9e99674,split_comparison,PaySim,random_matched,1,N,OneClassSVM,0.005,0.005,F1,0.24488392089423905,1272524,4254,
900ec9e99674,split_comparison,PaySim,random_matched,1,N,OneClassSVM,0.005,0.005,TN,1262318.0,1272524,4254,
900ec9e99674,split_comparison,PaySim,random_matched,1,N,OneClassSVM,0.005,0.005,FP,5952.0,1272524,4254,
900ec9e99674,split_comparison,PaySim,random_matched,1,N,OneClassSVM,0.005,0.005,FN,2830.0,1272524,4254,
900ec9e99674,split_comparison,PaySim,random_matched,1,N,OneClassSVM,0.005,0.005,TP,1424.0,1272524,4254,
900ec9e99674,split_comparison,PaySim,random_matched,1,N,OneClassSVM,0.005,0.005,n_alerts,7376.0,1272524,4254,
900ec9e99674,split_comparison,PaySim,random_matched,1,N,OneClassSVM,0.005,0.005,alert_rate,0.005796354332020457,1272524,4254,
900ec9e99674,split_comparison,PaySim,random_matched,1,N,OneClassSVM,0.005,0.005,prevalence,0.0033429624902948786,1272524,4254,
900ec9e99674,split_comparison,PaySim,random_matched,1,N,OneClassSVM,0.005,0.005,lift,57.750743207617795,1272524,4254,
900ec9e99674,split_comparison,PaySim,random_matched,1,N,OneClassSVM,0.005,0.005,tie_ratio,0.00015402447889034665,1272524,4254,
900ec9e99674,split_comparison,PaySim,random_matched,1,N,OneClassSVM,0.005,0.005,fit_seconds,0.5068070888519287,1272524,4254,
900ec9e99674,split_comparison,PaySim,random_matched,1,N,OneClassSVM,0.005,0.005,score_seconds,85.80470442771912,1272524,4254,
622e571867e9,split_comparison,PaySim,random_matched,1,N,DBSCAN,0.005,0.005,PR_AUC,0.017275845073151875,1272524,4254,
622e571867e9,split_comparison,PaySim,random_matched,1,N,DBSCAN,0.005,0.005,ROC_AUC,0.8182466750970171,1272524,4254,
622e571867e9,split_comparison,PaySim,random_matched,1,N,DBSCAN,0.005,0.005,Precision,0.056500607533414335,1272524,4254,
622e571867e9,split_comparison,PaySim,random_matched,1,N,DBSCAN,0.005,0.005,Recall,0.08744710860366714,1272524,4254,
622e571867e9,split_comparison,PaySim,random_matched,1,N,DBSCAN,0.005,0.005,F1,0.06864735190994649,1272524,4254,
622e571867e9,split_comparison,PaySim,random_matched,1,N,DBSCAN,0.005,0.005,TN,1262058.0,1272524,4254,
622e571867e9,split_comparison,PaySim,random_matched,1,N,DBSCAN,0.005,0.005,FP,6212.0,1272524,4254,
622e571867e9,split_comparison,PaySim,random_matched,1,N,DBSCAN,0.005,0.005,FN,3882.0,1272524,4254,
622e571867e9,split_comparison,PaySim,random_matched,1,N,DBSCAN,0.005,0.005,TP,372.0,1272524,4254,
622e571867e9,split_comparison,PaySim,random_matched,1,N,DBSCAN,0.005,0.005,n_alerts,6584.0,1272524,4254,
622e571867e9,split_comparison,PaySim,random_matched,1,N,DBSCAN,0.005,0.005,alert_rate,0.005173969213940169,1272524,4254,
622e571867e9,split_comparison,PaySim,random_matched,1,N,DBSCAN,0.005,0.005,prevalence,0.0033429624902948786,1272524,4254,
622e571867e9,split_comparison,PaySim,random_matched,1,N,DBSCAN,0.005,0.005,lift,16.901358509837927,1272524,4254,
622e571867e9,split_comparison,PaySim,random_matched,1,N,DBSCAN,0.005,0.005,tie_ratio,0.07316634250800569,1272524,4254,
622e571867e9,split_comparison,PaySim,random_matched,1,N,DBSCAN,0.005,0.005,fit_seconds,0.8696908950805664,1272524,4254,
622e571867e9,split_comparison,PaySim,random_matched,1,N,DBSCAN,0.005,0.005,score_seconds,0.15797066688537598,1272524,4254,
c81b7dda79ee,split_comparison,PaySim,random_matched,1,N,KMeans,0.005,0.005,PR_AUC,0.03736912808501893,1272524,4254,
c81b7dda79ee,split_comparison,PaySim,random_matched,1,N,KMeans,0.005,0.005,ROC_AUC,0.8459918547945635,1272524,4254,
c81b7dda79ee,split_comparison,PaySim,random_matched,1,N,KMeans,0.005,0.005,Precision,0.0919079435783222,1272524,4254,
c81b7dda79ee,split_comparison,PaySim,random_matched,1,N,KMeans,0.005,0.005,Recall,0.1455101081335214,1272524,4254,
c81b7dda79ee,split_comparison,PaySim,random_matched,1,N,KMeans,0.005,0.005,F1,0.11265811265811265,1272524,4254,
c81b7dda79ee,split_comparison,PaySim,random_matched,1,N,KMeans,0.005,0.005,TN,1262154.0,1272524,4254,
c81b7dda79ee,split_comparison,PaySim,random_matched,1,N,KMeans,0.005,0.005,FP,6116.0,1272524,4254,
c81b7dda79ee,split_comparison,PaySim,random_matched,1,N,KMeans,0.005,0.005,FN,3635.0,1272524,4254,
c81b7dda79ee,split_comparison,PaySim,random_matched,1,N,KMeans,0.005,0.005,TP,619.0,1272524,4254,
c81b7dda79ee,split_comparison,PaySim,random_matched,1,N,KMeans,0.005,0.005,n_alerts,6735.0,1272524,4254,
c81b7dda79ee,split_comparison,PaySim,random_matched,1,N,KMeans,0.005,0.005,alert_rate,0.005292631023069113,1272524,4254,
c81b7dda79ee,split_comparison,PaySim,random_matched,1,N,KMeans,0.005,0.005,prevalence,0.0033429624902948786,1272524,4254,
c81b7dda79ee,split_comparison,PaySim,random_matched,1,N,KMeans,0.005,0.005,lift,27.492962857090003,1272524,4254,
c81b7dda79ee,split_comparison,PaySim,random_matched,1,N,KMeans,0.005,0.005,tie_ratio,0.03480403135498322,1272524,4254,
c81b7dda79ee,split_comparison,PaySim,random_matched,1,N,KMeans,0.005,0.005,fit_seconds,117.19403719902039,1272524,4254,
c81b7dda79ee,split_comparison,PaySim,random_matched,1,N,KMeans,0.005,0.005,score_seconds,1.4051027297973633,1272524,4254,
bcce9c1e6ad2,split_comparison,PaySim,random_matched,1,N,Ensemble,0.005,0.005,PR_AUC,0.08791401226950112,1272524,4254,
bcce9c1e6ad2,split_comparison,PaySim,random_matched,1,N,Ensemble,0.005,0.005,ROC_AUC,0.907576211740355,1272524,4254,
bcce9c1e6ad2,split_comparison,PaySim,random_matched,1,N,Ensemble,0.005,0.005,Precision,0.13996290483663862,1272524,4254,
bcce9c1e6ad2,split_comparison,PaySim,random_matched,1,N,Ensemble,0.005,0.005,Recall,0.2306064880112835,1272524,4254,
bcce9c1e6ad2,split_comparison,PaySim,random_matched,1,N,Ensemble,0.005,0.005,F1,0.17419870372014562,1272524,4254,
bcce9c1e6ad2,split_comparison,PaySim,random_matched,1,N,Ensemble,0.005,0.005,TN,1262242.0,1272524,4254,
bcce9c1e6ad2,split_comparison,PaySim,random_matched,1,N,Ensemble,0.005,0.005,FP,6028.0,1272524,4254,
bcce9c1e6ad2,split_comparison,PaySim,random_matched,1,N,Ensemble,0.005,0.005,FN,3273.0,1272524,4254,
bcce9c1e6ad2,split_comparison,PaySim,random_matched,1,N,Ensemble,0.005,0.005,TP,981.0,1272524,4254,
bcce9c1e6ad2,split_comparison,PaySim,random_matched,1,N,Ensemble,0.005,0.005,n_alerts,7009.0,1272524,4254,
bcce9c1e6ad2,split_comparison,PaySim,random_matched,1,N,Ensemble,0.005,0.005,alert_rate,0.005507951127051435,1272524,4254,
bcce9c1e6ad2,split_comparison,PaySim,random_matched,1,N,Ensemble,0.005,0.005,prevalence,0.0033429624902948786,1272524,4254,
bcce9c1e6ad2,split_comparison,PaySim,random_matched,1,N,Ensemble,0.005,0.005,lift,41.867925602806466,1272524,4254,
bcce9c1e6ad2,split_comparison,PaySim,random_matched,1,N,Ensemble,0.005,0.005,tie_ratio,0.09641225123278518,1272524,4254,
bcce9c1e6ad2,split_comparison,PaySim,random_matched,1,N,Ensemble,0.005,0.005,fit_seconds,0.0,1272524,4254,
bcce9c1e6ad2,split_comparison,PaySim,random_matched,1,N,Ensemble,0.005,0.005,score_seconds,0.0,1272524,4254,
78e4f69242d5,split_comparison,PaySim,random_matched,1,N,Ensemble,0.005,0.005,single_point_invariant,1.0,1272524,4254,invariance
381b3101faf1,split_comparison,PaySim,random_matched,1,O,IsolationForest,0.005,0.0007777196547228591,PR_AUC,0.022262147074096038,1272524,4254,
381b3101faf1,split_comparison,PaySim,random_matched,1,O,IsolationForest,0.005,0.0007777196547228591,ROC_AUC,0.8346416579690611,1272524,4254,
381b3101faf1,split_comparison,PaySim,random_matched,1,O,IsolationForest,0.005,0.0007777196547228591,Precision,0.037076271186440676,1272524,4254,
381b3101faf1,split_comparison,PaySim,random_matched,1,O,IsolationForest,0.005,0.0007777196547228591,Recall,0.008227550540667606,1272524,4254,
381b3101faf1,split_comparison,PaySim,random_matched,1,O,IsolationForest,0.005,0.0007777196547228591,F1,0.013466717968449404,1272524,4254,
381b3101faf1,split_comparison,PaySim,random_matched,1,O,IsolationForest,0.005,0.0007777196547228591,TN,1267361.0,1272524,4254,
381b3101faf1,split_comparison,PaySim,random_matched,1,O,IsolationForest,0.005,0.0007777196547228591,FP,909.0,1272524,4254,
381b3101faf1,split_comparison,PaySim,random_matched,1,O,IsolationForest,0.005,0.0007777196547228591,FN,4219.0,1272524,4254,
381b3101faf1,split_comparison,PaySim,random_matched,1,O,IsolationForest,0.005,0.0007777196547228591,TP,35.0,1272524,4254,
381b3101faf1,split_comparison,PaySim,random_matched,1,O,IsolationForest,0.005,0.0007777196547228591,n_alerts,944.0,1272524,4254,
381b3101faf1,split_comparison,PaySim,random_matched,1,O,IsolationForest,0.005,0.0007777196547228591,alert_rate,0.0007418327670047874,1272524,4254,
381b3101faf1,split_comparison,PaySim,random_matched,1,O,IsolationForest,0.005,0.0007777196547228591,prevalence,0.0033429624902948786,1272524,4254,
381b3101faf1,split_comparison,PaySim,random_matched,1,O,IsolationForest,0.005,0.0007777196547228591,lift,11.090842716326806,1272524,4254,
381b3101faf1,split_comparison,PaySim,random_matched,1,O,IsolationForest,0.005,0.0007777196547228591,tie_ratio,0.22024007386888278,1272524,4254,
381b3101faf1,split_comparison,PaySim,random_matched,1,O,IsolationForest,0.005,0.0007777196547228591,fit_seconds,10.89633059501648,1272524,4254,
381b3101faf1,split_comparison,PaySim,random_matched,1,O,IsolationForest,0.005,0.0007777196547228591,score_seconds,56.824036836624146,1272524,4254,
a0cec66fcccd,split_comparison,PaySim,random_matched,1,O,LOF,0.005,0.0007777196547228591,PR_AUC,0.30297111987196745,1272524,4254,
a0cec66fcccd,split_comparison,PaySim,random_matched,1,O,LOF,0.005,0.0007777196547228591,ROC_AUC,0.8937927788116494,1272524,4254,
a0cec66fcccd,split_comparison,PaySim,random_matched,1,O,LOF,0.005,0.0007777196547228591,Precision,0.6034090909090909,1272524,4254,
a0cec66fcccd,split_comparison,PaySim,random_matched,1,O,LOF,0.005,0.0007777196547228591,Recall,0.24964739069111425,1272524,4254,
a0cec66fcccd,split_comparison,PaySim,random_matched,1,O,LOF,0.005,0.0007777196547228591,F1,0.3531759228466911,1272524,4254,
a0cec66fcccd,split_comparison,PaySim,random_matched,1,O,LOF,0.005,0.0007777196547228591,TN,1267572.0,1272524,4254,
a0cec66fcccd,split_comparison,PaySim,random_matched,1,O,LOF,0.005,0.0007777196547228591,FP,698.0,1272524,4254,
a0cec66fcccd,split_comparison,PaySim,random_matched,1,O,LOF,0.005,0.0007777196547228591,FN,3192.0,1272524,4254,
a0cec66fcccd,split_comparison,PaySim,random_matched,1,O,LOF,0.005,0.0007777196547228591,TP,1062.0,1272524,4254,
a0cec66fcccd,split_comparison,PaySim,random_matched,1,O,LOF,0.005,0.0007777196547228591,n_alerts,1760.0,1272524,4254,
a0cec66fcccd,split_comparison,PaySim,random_matched,1,O,LOF,0.005,0.0007777196547228591,alert_rate,0.001383078040178417,1272524,4254,
a0cec66fcccd,split_comparison,PaySim,random_matched,1,O,LOF,0.005,0.0007777196547228591,prevalence,0.0033429624902948786,1272524,4254,
a0cec66fcccd,split_comparison,PaySim,random_matched,1,O,LOF,0.005,0.0007777196547228591,lift,180.50130465444286,1272524,4254,
a0cec66fcccd,split_comparison,PaySim,random_matched,1,O,LOF,0.005,0.0007777196547228591,tie_ratio,0.2681126107542091,1272524,4254,
a0cec66fcccd,split_comparison,PaySim,random_matched,1,O,LOF,0.005,0.0007777196547228591,fit_seconds,1.5507349967956543,1272524,4254,
a0cec66fcccd,split_comparison,PaySim,random_matched,1,O,LOF,0.005,0.0007777196547228591,score_seconds,251.8703474998474,1272524,4254,
1babd9e7c746,split_comparison,PaySim,random_matched,1,O,OneClassSVM,0.005,0.0007777196547228591,PR_AUC,0.10634177334458834,1272524,4254,
1babd9e7c746,split_comparison,PaySim,random_matched,1,O,OneClassSVM,0.005,0.0007777196547228591,ROC_AUC,0.7688891348349653,1272524,4254,
1babd9e7c746,split_comparison,PaySim,random_matched,1,O,OneClassSVM,0.005,0.0007777196547228591,Precision,0.3333333333333333,1272524,4254,
1babd9e7c746,split_comparison,PaySim,random_matched,1,O,OneClassSVM,0.005,0.0007777196547228591,Recall,0.10366713681241185,1272524,4254,
1babd9e7c746,split_comparison,PaySim,random_matched,1,O,OneClassSVM,0.005,0.0007777196547228591,F1,0.15814954276492738,1272524,4254,
1babd9e7c746,split_comparison,PaySim,random_matched,1,O,OneClassSVM,0.005,0.0007777196547228591,TN,1267388.0,1272524,4254,
1babd9e7c746,split_comparison,PaySim,random_matched,1,O,OneClassSVM,0.005,0.0007777196547228591,FP,882.0,1272524,4254,
1babd9e7c746,split_comparison,PaySim,random_matched,1,O,OneClassSVM,0.005,0.0007777196547228591,FN,3813.0,1272524,4254,
1babd9e7c746,split_comparison,PaySim,random_matched,1,O,OneClassSVM,0.005,0.0007777196547228591,TP,441.0,1272524,4254,
1babd9e7c746,split_comparison,PaySim,random_matched,1,O,OneClassSVM,0.005,0.0007777196547228591,n_alerts,1323.0,1272524,4254,
1babd9e7c746,split_comparison,PaySim,random_matched,1,O,OneClassSVM,0.005,0.0007777196547228591,alert_rate,0.0010396660495204805,1272524,4254,
1babd9e7c746,split_comparison,PaySim,random_matched,1,O,OneClassSVM,0.005,0.0007777196547228591,prevalence,0.0033429624902948786,1272524,4254,
1babd9e7c746,split_comparison,PaySim,random_matched,1,O,OneClassSVM,0.005,0.0007777196547228591,lift,99.71195737345244,1272524,4254,
1babd9e7c746,split_comparison,PaySim,random_matched,1,O,OneClassSVM,0.005,0.0007777196547228591,tie_ratio,0.00015323863971239415,1272524,4254,
1babd9e7c746,split_comparison,PaySim,random_matched,1,O,OneClassSVM,0.005,0.0007777196547228591,fit_seconds,0.35927891731262207,1272524,4254,
1babd9e7c746,split_comparison,PaySim,random_matched,1,O,OneClassSVM,0.005,0.0007777196547228591,score_seconds,89.13698267936707,1272524,4254,
cf5e88567b04,split_comparison,PaySim,random_matched,1,O,DBSCAN,0.005,0.0007777196547228591,PR_AUC,0.10947363308180343,1272524,4254,
cf5e88567b04,split_comparison,PaySim,random_matched,1,O,DBSCAN,0.005,0.0007777196547228591,ROC_AUC,0.8855245508794377,1272524,4254,
cf5e88567b04,split_comparison,PaySim,random_matched,1,O,DBSCAN,0.005,0.0007777196547228591,Precision,0.3216995447647951,1272524,4254,
cf5e88567b04,split_comparison,PaySim,random_matched,1,O,DBSCAN,0.005,0.0007777196547228591,Recall,0.0996708979783733,1272524,4254,
cf5e88567b04,split_comparison,PaySim,random_matched,1,O,DBSCAN,0.005,0.0007777196547228591,F1,0.15218951902368988,1272524,4254,
cf5e88567b04,split_comparison,PaySim,random_matched,1,O,DBSCAN,0.005,0.0007777196547228591,TN,1267376.0,1272524,4254,
cf5e88567b04,split_comparison,PaySim,random_matched,1,O,DBSCAN,0.005,0.0007777196547228591,FP,894.0,1272524,4254,
cf5e88567b04,split_comparison,PaySim,random_matched,1,O,DBSCAN,0.005,0.0007777196547228591,FN,3830.0,1272524,4254,
cf5e88567b04,split_comparison,PaySim,random_matched,1,O,DBSCAN,0.005,0.0007777196547228591,TP,424.0,1272524,4254,
cf5e88567b04,split_comparison,PaySim,random_matched,1,O,DBSCAN,0.005,0.0007777196547228591,n_alerts,1318.0,1272524,4254,
cf5e88567b04,split_comparison,PaySim,random_matched,1,O,DBSCAN,0.005,0.0007777196547228591,alert_rate,0.001035736850542701,1272524,4254,
cf5e88567b04,split_comparison,PaySim,random_matched,1,O,DBSCAN,0.005,0.0007777196547228591,prevalence,0.0033429624902948786,1272524,4254,
cf5e88567b04,split_comparison,PaySim,random_matched,1,O,DBSCAN,0.005,0.0007777196547228591,lift,96.23187388393892,1272524,4254,
cf5e88567b04,split_comparison,PaySim,random_matched,1,O,DBSCAN,0.005,0.0007777196547228591,tie_ratio,0.003386181018054657,1272524,4254,
cf5e88567b04,split_comparison,PaySim,random_matched,1,O,DBSCAN,0.005,0.0007777196547228591,fit_seconds,1.0802514553070068,1272524,4254,
cf5e88567b04,split_comparison,PaySim,random_matched,1,O,DBSCAN,0.005,0.0007777196547228591,score_seconds,147.97952914237976,1272524,4254,
a713151ce470,split_comparison,PaySim,random_matched,1,O,KMeans,0.005,0.0007777196547228591,PR_AUC,0.03725676580262566,1272524,4254,
a713151ce470,split_comparison,PaySim,random_matched,1,O,KMeans,0.005,0.0007777196547228591,ROC_AUC,0.8456739099627321,1272524,4254,
a713151ce470,split_comparison,PaySim,random_matched,1,O,KMeans,0.005,0.0007777196547228591,Precision,0.1414141414141414,1272524,4254,
a713151ce470,split_comparison,PaySim,random_matched,1,O,KMeans,0.005,0.0007777196547228591,Recall,0.03620122237893747,1272524,4254,
a713151ce470,split_comparison,PaySim,random_matched,1,O,KMeans,0.005,0.0007777196547228591,F1,0.057645517499532097,1272524,4254,
a713151ce470,split_comparison,PaySim,random_matched,1,O,KMeans,0.005,0.0007777196547228591,TN,1267335.0,1272524,4254,
a713151ce470,split_comparison,PaySim,random_matched,1,O,KMeans,0.005,0.0007777196547228591,FP,935.0,1272524,4254,
a713151ce470,split_comparison,PaySim,random_matched,1,O,KMeans,0.005,0.0007777196547228591,FN,4100.0,1272524,4254,
a713151ce470,split_comparison,PaySim,random_matched,1,O,KMeans,0.005,0.0007777196547228591,TP,154.0,1272524,4254,
a713151ce470,split_comparison,PaySim,random_matched,1,O,KMeans,0.005,0.0007777196547228591,n_alerts,1089.0,1272524,4254,
a713151ce470,split_comparison,PaySim,random_matched,1,O,KMeans,0.005,0.0007777196547228591,alert_rate,0.0008557795373603955,1272524,4254,
a713151ce470,split_comparison,PaySim,random_matched,1,O,KMeans,0.005,0.0007777196547228591,prevalence,0.0033429624902948786,1272524,4254,
a713151ce470,split_comparison,PaySim,random_matched,1,O,KMeans,0.005,0.0007777196547228591,lift,42.30204252207073,1272524,4254,
a713151ce470,split_comparison,PaySim,random_matched,1,O,KMeans,0.005,0.0007777196547228591,tie_ratio,0.03482917820867959,1272524,4254,
a713151ce470,split_comparison,PaySim,random_matched,1,O,KMeans,0.005,0.0007777196547228591,fit_seconds,104.13307571411133,1272524,4254,
a713151ce470,split_comparison,PaySim,random_matched,1,O,KMeans,0.005,0.0007777196547228591,score_seconds,1.7527966499328613,1272524,4254,
8a441ba30f3d,split_comparison,PaySim,random_matched,1,O,Ensemble,0.005,0.0007777196547228591,PR_AUC,0.12750579295255415,1272524,4254,
8a441ba30f3d,split_comparison,PaySim,random_matched,1,O,Ensemble,0.005,0.0007777196547228591,ROC_AUC,0.9115330427324251,1272524,4254,
8a441ba30f3d,split_comparison,PaySim,random_matched,1,O,Ensemble,0.005,0.0007777196547228591,Precision,0.35312259059367773,1272524,4254,
8a441ba30f3d,split_comparison,PaySim,random_matched,1,O,Ensemble,0.005,0.0007777196547228591,Recall,0.1076633756464504,1272524,4254,
8a441ba30f3d,split_comparison,PaySim,random_matched,1,O,Ensemble,0.005,0.0007777196547228591,F1,0.16501531255629617,1272524,4254,
8a441ba30f3d,split_comparison,PaySim,random_matched,1,O,Ensemble,0.005,0.0007777196547228591,TN,1267431.0,1272524,4254,
8a441ba30f3d,split_comparison,PaySim,random_matched,1,O,Ensemble,0.005,0.0007777196547228591,FP,839.0,1272524,4254,
8a441ba30f3d,split_comparison,PaySim,random_matched,1,O,Ensemble,0.005,0.0007777196547228591,FN,3796.0,1272524,4254,
8a441ba30f3d,split_comparison,PaySim,random_matched,1,O,Ensemble,0.005,0.0007777196547228591,TP,458.0,1272524,4254,
8a441ba30f3d,split_comparison,PaySim,random_matched,1,O,Ensemble,0.005,0.0007777196547228591,n_alerts,1297.0,1272524,4254,
8a441ba30f3d,split_comparison,PaySim,random_matched,1,O,Ensemble,0.005,0.0007777196547228591,alert_rate,0.0010192342148360267,1272524,4254,
8a441ba30f3d,split_comparison,PaySim,random_matched,1,O,Ensemble,0.005,0.0007777196547228591,prevalence,0.0033429624902948786,1272524,4254,
8a441ba30f3d,split_comparison,PaySim,random_matched,1,O,Ensemble,0.005,0.0007777196547228591,lift,105.63163410263967,1272524,4254,
8a441ba30f3d,split_comparison,PaySim,random_matched,1,O,Ensemble,0.005,0.0007777196547228591,tie_ratio,0.09439814541953984,1272524,4254,
8a441ba30f3d,split_comparison,PaySim,random_matched,1,O,Ensemble,0.005,0.0007777196547228591,fit_seconds,0.0,1272524,4254,
8a441ba30f3d,split_comparison,PaySim,random_matched,1,O,Ensemble,0.005,0.0007777196547228591,score_seconds,0.0,1272524,4254,
c9bafb48f08f,split_comparison,PaySim,random_matched,1,O,Ensemble,0.005,0.0007777196547228591,single_point_invariant,1.0,1272524,4254,invariance
3a557abd78a4,split_comparison,PaySim,random_matched,2,U,IsolationForest,0.005,0.005,PR_AUC,0.018636089579664922,1272524,4254,
3a557abd78a4,split_comparison,PaySim,random_matched,2,U,IsolationForest,0.005,0.005,ROC_AUC,0.8167421659894394,1272524,4254,
3a557abd78a4,split_comparison,PaySim,random_matched,2,U,IsolationForest,0.005,0.005,Precision,0.03522012578616352,1272524,4254,
3a557abd78a4,split_comparison,PaySim,random_matched,2,U,IsolationForest,0.005,0.005,Recall,0.052656323460272686,1272524,4254,
3a557abd78a4,split_comparison,PaySim,random_matched,2,U,IsolationForest,0.005,0.005,F1,0.04220840399472395,1272524,4254,
3a557abd78a4,split_comparison,PaySim,random_matched,2,U,IsolationForest,0.005,0.005,TN,1262134.0,1272524,4254,
3a557abd78a4,split_comparison,PaySim,random_matched,2,U,IsolationForest,0.005,0.005,FP,6136.0,1272524,4254,
3a557abd78a4,split_comparison,PaySim,random_matched,2,U,IsolationForest,0.005,0.005,FN,4030.0,1272524,4254,
3a557abd78a4,split_comparison,PaySim,random_matched,2,U,IsolationForest,0.005,0.005,TP,224.0,1272524,4254,
3a557abd78a4,split_comparison,PaySim,random_matched,2,U,IsolationForest,0.005,0.005,n_alerts,6360.0,1272524,4254,
3a557abd78a4,split_comparison,PaySim,random_matched,2,U,IsolationForest,0.005,0.005,alert_rate,0.004997941099735644,1272524,4254,
3a557abd78a4,split_comparison,PaySim,random_matched,2,U,IsolationForest,0.005,0.005,prevalence,0.0033429624902948786,1272524,4254,
3a557abd78a4,split_comparison,PaySim,random_matched,2,U,IsolationForest,0.005,0.005,lift,10.53560304323271,1272524,4254,
3a557abd78a4,split_comparison,PaySim,random_matched,2,U,IsolationForest,0.005,0.005,tie_ratio,0.20714484980648706,1272524,4254,
3a557abd78a4,split_comparison,PaySim,random_matched,2,U,IsolationForest,0.005,0.005,fit_seconds,10.885138273239136,1272524,4254,
3a557abd78a4,split_comparison,PaySim,random_matched,2,U,IsolationForest,0.005,0.005,score_seconds,56.88196897506714,1272524,4254,
f2edb95d6364,split_comparison,PaySim,random_matched,2,U,LOF,0.005,0.005,PR_AUC,0.29147759061938905,1272524,4254,
f2edb95d6364,split_comparison,PaySim,random_matched,2,U,LOF,0.005,0.005,ROC_AUC,0.8793203896215862,1272524,4254,
f2edb95d6364,split_comparison,PaySim,random_matched,2,U,LOF,0.005,0.005,Precision,0.2454978813559322,1272524,4254,
f2edb95d6364,split_comparison,PaySim,random_matched,2,U,LOF,0.005,0.005,Recall,0.43582510578279265,1272524,4254,
f2edb95d6364,split_comparison,PaySim,random_matched,2,U,LOF,0.005,0.005,F1,0.3140775876672878,1272524,4254,
f2edb95d6364,split_comparison,PaySim,random_matched,2,U,LOF,0.005,0.005,TN,1262572.0,1272524,4254,
f2edb95d6364,split_comparison,PaySim,random_matched,2,U,LOF,0.005,0.005,FP,5698.0,1272524,4254,
f2edb95d6364,split_comparison,PaySim,random_matched,2,U,LOF,0.005,0.005,FN,2400.0,1272524,4254,
f2edb95d6364,split_comparison,PaySim,random_matched,2,U,LOF,0.005,0.005,TP,1854.0,1272524,4254,
f2edb95d6364,split_comparison,PaySim,random_matched,2,U,LOF,0.005,0.005,n_alerts,7552.0,1272524,4254,
f2edb95d6364,split_comparison,PaySim,random_matched,2,U,LOF,0.005,0.005,alert_rate,0.005934662136038299,1272524,4254,
f2edb95d6364,split_comparison,PaySim,random_matched,2,U,LOF,0.005,0.005,prevalence,0.0033429624902948786,1272524,4254,
f2edb95d6364,split_comparison,PaySim,random_matched,2,U,LOF,0.005,0.005,lift,73.43722284310678,1272524,4254,
f2edb95d6364,split_comparison,PaySim,random_matched,2,U,LOF,0.005,0.005,tie_ratio,0.26535588691774226,1272524,4254,
f2edb95d6364,split_comparison,PaySim,random_matched,2,U,LOF,0.005,0.005,fit_seconds,2.5008909702301025,1272524,4254,
f2edb95d6364,split_comparison,PaySim,random_matched,2,U,LOF,0.005,0.005,score_seconds,283.755464553833,1272524,4254,
73936e52f092,split_comparison,PaySim,random_matched,2,U,OneClassSVM,0.005,0.005,PR_AUC,0.04779957535668106,1272524,4254,
73936e52f092,split_comparison,PaySim,random_matched,2,U,OneClassSVM,0.005,0.005,ROC_AUC,0.6824962626458546,1272524,4254,
73936e52f092,split_comparison,PaySim,random_matched,2,U,OneClassSVM,0.005,0.005,Precision,0.12840633471251248,1272524,4254,
73936e52f092,split_comparison,PaySim,random_matched,2,U,OneClassSVM,0.005,0.005,Recall,0.21156558533145275,1272524,4254,
73936e52f092,split_comparison,PaySim,random_matched,2,U,OneClassSVM,0.005,0.005,F1,0.15981532451389505,1272524,4254,
73936e52f092,split_comparison,PaySim,random_matched,2,U,OneClassSVM,0.005,0.005,TN,1262161.0,1272524,4254,
73936e52f092,split_comparison,PaySim,random_matched,2,U,OneClassSVM,0.005,0.005,FP,6109.0,1272524,4254,
73936e52f092,split_comparison,PaySim,random_matched,2,U,OneClassSVM,0.005,0.005,FN,3354.0,1272524,4254,
73936e52f092,split_comparison,PaySim,random_matched,2,U,OneClassSVM,0.005,0.005,TP,900.0,1272524,4254,
73936e52f092,split_comparison,PaySim,random_matched,2,U,OneClassSVM,0.005,0.005,n_alerts,7009.0,1272524,4254,
73936e52f092,split_comparison,PaySim,random_matched,2,U,OneClassSVM,0.005,0.005,alert_rate,0.005507951127051435,1272524,4254,
73936e52f092,split_comparison,PaySim,random_matched,2,U,OneClassSVM,0.005,0.005,prevalence,0.0033429624902948786,1272524,4254,
73936e52f092,split_comparison,PaySim,random_matched,2,U,OneClassSVM,0.005,0.005,lift,38.41094092000593,1272524,4254,
73936e52f092,split_comparison,PaySim,random_matched,2,U,OneClassSVM,0.005,0.005,tie_ratio,0.00011944755505788329,1272524,4254,
73936e52f092,split_comparison,PaySim,random_matched,2,U,OneClassSVM,0.005,0.005,fit_seconds,0.5184061527252197,1272524,4254,
73936e52f092,split_comparison,PaySim,random_matched,2,U,OneClassSVM,0.005,0.005,score_seconds,90.68648028373718,1272524,4254,
11b6ea4b9307,split_comparison,PaySim,random_matched,2,U,DBSCAN,0.005,0.005,PR_AUC,0.016175707492100243,1272524,4254,
11b6ea4b9307,split_comparison,PaySim,random_matched,2,U,DBSCAN,0.005,0.005,ROC_AUC,0.8175840994994129,1272524,4254,
11b6ea4b9307,split_comparison,PaySim,random_matched,2,U,DBSCAN,0.005,0.005,Precision,0.05120889022375732,1272524,4254,
11b6ea4b9307,split_comparison,PaySim,random_matched,2,U,DBSCAN,0.005,0.005,Recall,0.08015984955336154,1272524,4254,
11b6ea4b9307,split_comparison,PaySim,random_matched,2,U,DBSCAN,0.005,0.005,F1,0.062494272885549346,1272524,4254,
11b6ea4b9307,split_comparison,PaySim,random_matched,2,U,DBSCAN,0.005,0.005,TN,1261952.0,1272524,4254,
11b6ea4b9307,split_comparison,PaySim,random_matched,2,U,DBSCAN,0.005,0.005,FP,6318.0,1272524,4254,
11b6ea4b9307,split_comparison,PaySim,random_matched,2,U,DBSCAN,0.005,0.005,FN,3913.0,1272524,4254,
11b6ea4b9307,split_comparison,PaySim,random_matched,2,U,DBSCAN,0.005,0.005,TP,341.0,1272524,4254,
11b6ea4b9307,split_comparison,PaySim,random_matched,2,U,DBSCAN,0.005,0.005,n_alerts,6659.0,1272524,4254,
11b6ea4b9307,split_comparison,PaySim,random_matched,2,U,DBSCAN,0.005,0.005,alert_rate,0.005232907198606863,1272524,4254,
11b6ea4b9307,split_comparison,PaySim,random_matched,2,U,DBSCAN,0.005,0.005,prevalence,0.0033429624902948786,1272524,4254,
11b6ea4b9307,split_comparison,PaySim,random_matched,2,U,DBSCAN,0.005,0.005,lift,15.318416037399285,1272524,4254,
11b6ea4b9307,split_comparison,PaySim,random_matched,2,U,DBSCAN,0.005,0.005,tie_ratio,0.07512386790043413,1272524,4254,
11b6ea4b9307,split_comparison,PaySim,random_matched,2,U,DBSCAN,0.005,0.005,fit_seconds,1.0835087299346924,1272524,4254,
11b6ea4b9307,split_comparison,PaySim,random_matched,2,U,DBSCAN,0.005,0.005,score_seconds,0.16916370391845703,1272524,4254,
e8af2390a13c,split_comparison,PaySim,random_matched,2,U,KMeans,0.005,0.005,PR_AUC,0.03527013109832837,1272524,4254,
e8af2390a13c,split_comparison,PaySim,random_matched,2,U,KMeans,0.005,0.005,ROC_AUC,0.8467902332734651,1272524,4254,
e8af2390a13c,split_comparison,PaySim,random_matched,2,U,KMeans,0.005,0.005,Precision,0.08705291161690806,1272524,4254,
e8af2390a13c,split_comparison,PaySim,random_matched,2,U,KMeans,0.005,0.005,Recall,0.1384579219558063,1272524,4254,
e8af2390a13c,split_comparison,PaySim,random_matched,2,U,KMeans,0.005,0.005,F1,0.10689655172413794,1272524,4254,
e8af2390a13c,split_comparison,PaySim,random_matched,2,U,KMeans,0.005,0.005,TN,1262093.0,1272524,4254,
e8af2390a13c,split_comparison,PaySim,random_matched,2,U,KMeans,0.005,0.005,FP,6177.0,1272524,4254,
e8af2390a13c,split_comparison,PaySim,random_matched,2,U,KMeans,0.005,0.005,FN,3665.0,1272524,4254,
e8af2390a13c,split_comparison,PaySim,random_matched,2,U,KMeans,0.005,0.005,TP,589.0,1272524,4254,
e8af2390a13c,split_comparison,PaySim,random_matched,2,U,KMeans,0.005,0.005,n_alerts,6766.0,1272524,4254,
e8af2390a13c,split_comparison,PaySim,random_matched,2,U,KMeans,0.005,0.005,alert_rate,0.005316992056731347,1272524,4254,
e8af2390a13c,split_comparison,PaySim,random_matched,2,U,KMeans,0.005,0.005,prevalence,0.0033429624902948786,1272524,4254,
e8af2390a13c,split_comparison,PaySim,random_matched,2,U,KMeans,0.005,0.005,lift,26.040648637140176,1272524,4254,
e8af2390a13c,split_comparison,PaySim,random_matched,2,U,KMeans,0.005,0.005,tie_ratio,0.03545313451602128,1272524,4254,
e8af2390a13c,split_comparison,PaySim,random_matched,2,U,KMeans,0.005,0.005,fit_seconds,114.17800164222717,1272524,4254,
e8af2390a13c,split_comparison,PaySim,random_matched,2,U,KMeans,0.005,0.005,score_seconds,1.7739183902740479,1272524,4254,
f6f3e1015b3b,split_comparison,PaySim,random_matched,2,U,Ensemble,0.005,0.005,PR_AUC,0.07129632516158377,1272524,4254,
f6f3e1015b3b,split_comparison,PaySim,random_matched,2,U,Ensemble,0.005,0.005,ROC_AUC,0.891089516862719,1272524,4254,
f6f3e1015b3b,split_comparison,PaySim,random_matched,2,U,Ensemble,0.005,0.005,Precision,0.1346537475064121,1272524,4254,
f6f3e1015b3b,split_comparison,PaySim,random_matched,2,U,Ensemble,0.005,0.005,Recall,0.22214386459802538,1272524,4254,
f6f3e1015b3b,split_comparison,PaySim,random_matched,2,U,Ensemble,0.005,0.005,F1,0.1676721078779276,1272524,4254,
f6f3e1015b3b,split_comparison,PaySim,random_matched,2,U,Ensemble,0.005,0.005,TN,1262197.0,1272524,4254,
f6f3e1015b3b,split_comparison,PaySim,random_matched,2,U,Ensemble,0.005,0.005,FP,6073.0,1272524,4254,
f6f3e1015b3b,split_comparison,PaySim,random_matched,2,U,Ensemble,0.005,0.005,FN,3309.0,1272524,4254,
f6f3e1015b3b,split_comparison,PaySim,random_matched,2,U,Ensemble,0.005,0.005,TP,945.0,1272524,4254,
f6f3e1015b3b,split_comparison,PaySim,random_matched,2,U,Ensemble,0.005,0.005,n_alerts,7018.0,1272524,4254,
f6f3e1015b3b,split_comparison,PaySim,random_matched,2,U,Ensemble,0.005,0.005,alert_rate,0.005515023685211438,1272524,4254,
f6f3e1015b3b,split_comparison,PaySim,random_matched,2,U,Ensemble,0.005,0.005,prevalence,0.0033429624902948786,1272524,4254,
f6f3e1015b3b,split_comparison,PaySim,random_matched,2,U,Ensemble,0.005,0.005,lift,40.27976619460497,1272524,4254,
f6f3e1015b3b,split_comparison,PaySim,random_matched,2,U,Ensemble,0.005,0.005,tie_ratio,0.09608769965226616,1272524,4254,
f6f3e1015b3b,split_comparison,PaySim,random_matched,2,U,Ensemble,0.005,0.005,fit_seconds,0.0,1272524,4254,
f6f3e1015b3b,split_comparison,PaySim,random_matched,2,U,Ensemble,0.005,0.005,score_seconds,0.0,1272524,4254,
36b0837322e1,split_comparison,PaySim,random_matched,2,U,Ensemble,0.005,0.005,single_point_invariant,1.0,1272524,4254,invariance
65ca1391e06d,split_comparison,PaySim,random_matched,2,N,IsolationForest,0.005,0.005,PR_AUC,0.016733822928123344,1272524,4254,
65ca1391e06d,split_comparison,PaySim,random_matched,2,N,IsolationForest,0.005,0.005,ROC_AUC,0.8028991187233349,1272524,4254,
65ca1391e06d,split_comparison,PaySim,random_matched,2,N,IsolationForest,0.005,0.005,Precision,0.03356121814791796,1272524,4254,
65ca1391e06d,split_comparison,PaySim,random_matched,2,N,IsolationForest,0.005,0.005,Recall,0.05077574047954866,1272524,4254,
65ca1391e06d,split_comparison,PaySim,random_matched,2,N,IsolationForest,0.005,0.005,F1,0.04041159962581852,1272524,4254,
65ca1391e06d,split_comparison,PaySim,random_matched,2,N,IsolationForest,0.005,0.005,TN,1262050.0,1272524,4254,
65ca1391e06d,split_comparison,PaySim,random_matched,2,N,IsolationForest,0.005,0.005,FP,6220.0,1272524,4254,
65ca1391e06d,split_comparison,PaySim,random_matched,2,N,IsolationForest,0.005,0.005,FN,4038.0,1272524,4254,
65ca1391e06d,split_comparison,PaySim,random_matched,2,N,IsolationForest,0.005,0.005,TP,216.0,1272524,4254,
65ca1391e06d,split_comparison,PaySim,random_matched,2,N,IsolationForest,0.005,0.005,n_alerts,6436.0,1272524,4254,
65ca1391e06d,split_comparison,PaySim,random_matched,2,N,IsolationForest,0.005,0.005,alert_rate,0.0050576649241978935,1272524,4254,
65ca1391e06d,split_comparison,PaySim,random_matched,2,N,IsolationForest,0.005,0.005,prevalence,0.0033429624902948786,1272524,4254,
65ca1391e06d,split_comparison,PaySim,random_matched,2,N,IsolationForest,0.005,0.005,lift,10.039364260099001,1272524,4254,
65ca1391e06d,split_comparison,PaySim,random_matched,2,N,IsolationForest,0.005,0.005,tie_ratio,0.20282037680988585,1272524,4254,
65ca1391e06d,split_comparison,PaySim,random_matched,2,N,IsolationForest,0.005,0.005,fit_seconds,10.52028751373291,1272524,4254,
65ca1391e06d,split_comparison,PaySim,random_matched,2,N,IsolationForest,0.005,0.005,score_seconds,57.88086795806885,1272524,4254,
80551522d4b3,split_comparison,PaySim,random_matched,2,N,LOF,0.005,0.005,PR_AUC,0.306873374417105,1272524,4254,
80551522d4b3,split_comparison,PaySim,random_matched,2,N,LOF,0.005,0.005,ROC_AUC,0.8986430445444364,1272524,4254,
80551522d4b3,split_comparison,PaySim,random_matched,2,N,LOF,0.005,0.005,Precision,0.2447706898791737,1272524,4254,
80551522d4b3,split_comparison,PaySim,random_matched,2,N,LOF,0.005,0.005,Recall,0.44287729196050774,1272524,4254,
80551522d4b3,split_comparison,PaySim,random_matched,2,N,LOF,0.005,0.005,F1,0.31528742364655676,1272524,4254,
80551522d4b3,split_comparison,PaySim,random_matched,2,N,LOF,0.005,0.005,TN,1262457.0,1272524,4254,
80551522d4b3,split_comparison,PaySim,random_matched,2,N,LOF,0.005,0.005,FP,5813.0,1272524,4254,
80551522d4b3,split_comparison,PaySim,random_matched,2,N,LOF,0.005,0.005,FN,2370.0,1272524,4254,
80551522d4b3,split_comparison,PaySim,random_matched,2,N,LOF,0.005,0.005,TP,1884.0,1272524,4254,
80551522d4b3,split_comparison,PaySim,random_matched,2,N,LOF,0.005,0.005,n_alerts,7697.0,1272524,4254,
80551522d4b3,split_comparison,PaySim,random_matched,2,N,LOF,0.005,0.005,alert_rate,0.006048608906393907,1272524,4254,
80551522d4b3,split_comparison,PaySim,random_matched,2,N,LOF,0.005,0.005,prevalence,0.0033429624902948786,1272524,4254,
80551522d4b3,split_comparison,PaySim,random_matched,2,N,LOF,0.005,0.005,lift,73.21969378650813,1272524,4254,
80551522d4b3,split_comparison,PaySim,random_matched,2,N,LOF,0.005,0.005,tie_ratio,0.2687161352429225,1272524,4254,
80551522d4b3,split_comparison,PaySim,random_matched,2,N,LOF,0.005,0.005,fit_seconds,3.0126168727874756,1272524,4254,
80551522d4b3,split_comparison,PaySim,random_matched,2,N,LOF,0.005,0.005,score_seconds,404.26147055625916,1272524,4254,
3f56bf83563f,split_comparison,PaySim,random_matched,2,N,OneClassSVM,0.005,0.005,PR_AUC,0.14477725596593377,1272524,4254,
3f56bf83563f,split_comparison,PaySim,random_matched,2,N,OneClassSVM,0.005,0.005,ROC_AUC,0.8304186468498382,1272524,4254,
3f56bf83563f,split_comparison,PaySim,random_matched,2,N,OneClassSVM,0.005,0.005,Precision,0.21251819505094613,1272524,4254,
3f56bf83563f,split_comparison,PaySim,random_matched,2,N,OneClassSVM,0.005,0.005,Recall,0.37752703338034793,1272524,4254,
3f56bf83563f,split_comparison,PaySim,random_matched,2,N,OneClassSVM,0.005,0.005,F1,0.2719498772330878,1272524,4254,
3f56bf83563f,split_comparison,PaySim,random_matched,2,N,OneClassSVM,0.005,0.005,TN,1262319.0,1272524,4254,
3f56bf83563f,split_comparison,PaySim,random_matched,2,N,OneClassSVM,0.005,0.005,FP,5951.0,1272524,4254,
3f56bf83563f,split_comparison,PaySim,random_matched,2,N,OneClassSVM,0.005,0.005,FN,2648.0,1272524,4254,
3f56bf83563f,split_comparison,PaySim,random_matched,2,N,OneClassSVM,0.005,0.005,TP,1606.0,1272524,4254,
3f56bf83563f,split_comparison,PaySim,random_matched,2,N,OneClassSVM,0.005,0.005,n_alerts,7557.0,1272524,4254,
3f56bf83563f,split_comparison,PaySim,random_matched,2,N,OneClassSVM,0.005,0.005,alert_rate,0.005938591335016078,1272524,4254,
3f56bf83563f,split_comparison,PaySim,random_matched,2,N,OneClassSVM,0.005,0.005,prevalence,0.0033429624902948786,1272524,4254,
3f56bf83563f,split_comparison,PaySim,random_matched,2,N,OneClassSVM,0.005,0.005,lift,63.57181561800897,1272524,4254,
3f56bf83563f,split_comparison,PaySim,random_matched,2,N,OneClassSVM,0.005,0.005,tie_ratio,0.0002137482564192883,1272524,4254,
3f56bf83563f,split_comparison,PaySim,random_matched,2,N,OneClassSVM,0.005,0.005,fit_seconds,0.562767505645752,1272524,4254,
3f56bf83563f,split_comparison,PaySim,random_matched,2,N,OneClassSVM,0.005,0.005,score_seconds,89.04655361175537,1272524,4254,
eb53e0e75415,split_comparison,PaySim,random_matched,2,N,DBSCAN,0.005,0.005,PR_AUC,0.13583064404330025,1272524,4254,
eb53e0e75415,split_comparison,PaySim,random_matched,2,N,DBSCAN,0.005,0.005,ROC_AUC,0.8824058140733144,1272524,4254,
eb53e0e75415,split_comparison,PaySim,random_matched,2,N,DBSCAN,0.005,0.005,Precision,0.19224620303756995,1272524,4254,
eb53e0e75415,split_comparison,PaySim,random_matched,2,N,DBSCAN,0.005,0.005,Recall,0.3392101551480959,1272524,4254,
eb53e0e75415,split_comparison,PaySim,random_matched,2,N,DBSCAN,0.005,0.005,F1,0.24540816326530612,1272524,4254,
eb53e0e75415,split_comparison,PaySim,random_matched,2,N,DBSCAN,0.005,0.005,TN,1262207.0,1272524,4254,
eb53e0e75415,split_comparison,PaySim,random_matched,2,N,DBSCAN,0.005,0.005,FP,6063.0,1272524,4254,
eb53e0e75415,split_comparison,PaySim,random_matched,2,N,DBSCAN,0.005,0.005,FN,2811.0,1272524,4254,
eb53e0e75415,split_comparison,PaySim,random_matched,2,N,DBSCAN,0.005,0.005,TP,1443.0,1272524,4254,
eb53e0e75415,split_comparison,PaySim,random_matched,2,N,DBSCAN,0.005,0.005,n_alerts,7506.0,1272524,4254,
eb53e0e75415,split_comparison,PaySim,random_matched,2,N,DBSCAN,0.005,0.005,alert_rate,0.005898513505442726,1272524,4254,
eb53e0e75415,split_comparison,PaySim,random_matched,2,N,DBSCAN,0.005,0.005,prevalence,0.0033429624902948786,1272524,4254,
eb53e0e75415,split_comparison,PaySim,random_matched,2,N,DBSCAN,0.005,0.005,lift,57.50773560747077,1272524,4254,
eb53e0e75415,split_comparison,PaySim,random_matched,2,N,DBSCAN,0.005,0.005,tie_ratio,0.0032832360857351084,1272524,4254,
eb53e0e75415,split_comparison,PaySim,random_matched,2,N,DBSCAN,0.005,0.005,fit_seconds,1.1835520267486572,1272524,4254,
eb53e0e75415,split_comparison,PaySim,random_matched,2,N,DBSCAN,0.005,0.005,score_seconds,168.73590993881226,1272524,4254,
46e54b81b7d0,split_comparison,PaySim,random_matched,2,N,KMeans,0.005,0.005,PR_AUC,0.03539098347190901,1272524,4254,
46e54b81b7d0,split_comparison,PaySim,random_matched,2,N,KMeans,0.005,0.005,ROC_AUC,0.8470352328022889,1272524,4254,
46e54b81b7d0,split_comparison,PaySim,random_matched,2,N,KMeans,0.005,0.005,Precision,0.08729689807976367,1272524,4254,
46e54b81b7d0,split_comparison,PaySim,random_matched,2,N,KMeans,0.005,0.005,Recall,0.1389280677009873,1272524,4254,
46e54b81b7d0,split_comparison,PaySim,random_matched,2,N,KMeans,0.005,0.005,F1,0.10722060957910015,1272524,4254,
46e54b81b7d0,split_comparison,PaySim,random_matched,2,N,KMeans,0.005,0.005,TN,1262091.0,1272524,4254,
46e54b81b7d0,split_comparison,PaySim,random_matched,2,N,KMeans,0.005,0.005,FP,6179.0,1272524,4254,
46e54b81b7d0,split_comparison,PaySim,random_matched,2,N,KMeans,0.005,0.005,FN,3663.0,1272524,4254,
46e54b81b7d0,split_comparison,PaySim,random_matched,2,N,KMeans,0.005,0.005,TP,591.0,1272524,4254,
46e54b81b7d0,split_comparison,PaySim,random_matched,2,N,KMeans,0.005,0.005,n_alerts,6770.0,1272524,4254,
46e54b81b7d0,split_comparison,PaySim,random_matched,2,N,KMeans,0.005,0.005,alert_rate,0.00532013541591357,1272524,4254,
46e54b81b7d0,split_comparison,PaySim,random_matched,2,N,KMeans,0.005,0.005,prevalence,0.0033429624902948786,1272524,4254,
46e54b81b7d0,split_comparison,PaySim,random_matched,2,N,KMeans,0.005,0.005,lift,26.113633740492048,1272524,4254,
46e54b81b7d0,split_comparison,PaySim,random_matched,2,N,KMeans,0.005,0.005,tie_ratio,0.03538083731164421,1272524,4254,
46e54b81b7d0,split_comparison,PaySim,random_matched,2,N,KMeans,0.005,0.005,fit_seconds,112.06347036361694,1272524,4254,
46e54b81b7d0,split_comparison,PaySim,random_matched,2,N,KMeans,0.005,0.005,score_seconds,1.445584774017334,1272524,4254,
d309df091b2c,split_comparison,PaySim,random_matched,2,N,Ensemble,0.005,0.005,PR_AUC,0.1290428697810737,1272524,4254,
d309df091b2c,split_comparison,PaySim,random_matched,2,N,Ensemble,0.005,0.005,ROC_AUC,0.9138262564790262,1272524,4254,
d309df091b2c,split_comparison,PaySim,random_matched,2,N,Ensemble,0.005,0.005,Precision,0.17359978249048397,1272524,4254,
d309df091b2c,split_comparison,PaySim,random_matched,2,N,Ensemble,0.005,0.005,Recall,0.3001880582980724,1272524,4254,
d309df091b2c,split_comparison,PaySim,random_matched,2,N,Ensemble,0.005,0.005,F1,0.21998277347114556,1272524,4254,
d309df091b2c,split_comparison,PaySim,random_matched,2,N,Ensemble,0.005,0.005,TN,1262191.0,1272524,4254,
d309df091b2c,split_comparison,PaySim,random_matched,2,N,Ensemble,0.005,0.005,FP,6079.0,1272524,4254,
d309df091b2c,split_comparison,PaySim,random_matched,2,N,Ensemble,0.005,0.005,FN,2977.0,1272524,4254,
d309df091b2c,split_comparison,PaySim,random_matched,2,N,Ensemble,0.005,0.005,TP,1277.0,1272524,4254,
d309df091b2c,split_comparison,PaySim,random_matched,2,N,Ensemble,0.005,0.005,n_alerts,7356.0,1272524,4254,
d309df091b2c,split_comparison,PaySim,random_matched,2,N,Ensemble,0.005,0.005,alert_rate,0.005780637536109338,1272524,4254,
d309df091b2c,split_comparison,PaySim,random_matched,2,N,Ensemble,0.005,0.005,prevalence,0.0033429624902948786,1272524,4254,
d309df091b2c,split_comparison,PaySim,random_matched,2,N,Ensemble,0.005,0.005,lift,51.92992233519526,1272524,4254,
d309df091b2c,split_comparison,PaySim,random_matched,2,N,Ensemble,0.005,0.005,tie_ratio,0.09501817253099154,1272524,4254,
d309df091b2c,split_comparison,PaySim,random_matched,2,N,Ensemble,0.005,0.005,fit_seconds,0.0,1272524,4254,
d309df091b2c,split_comparison,PaySim,random_matched,2,N,Ensemble,0.005,0.005,score_seconds,0.0,1272524,4254,
eb0064784602,split_comparison,PaySim,random_matched,2,N,Ensemble,0.005,0.005,single_point_invariant,1.0,1272524,4254,invariance
ba4cb02f3b0e,split_comparison,PaySim,random_matched,2,O,IsolationForest,0.005,0.0007777196547228591,PR_AUC,0.018636089579664922,1272524,4254,
ba4cb02f3b0e,split_comparison,PaySim,random_matched,2,O,IsolationForest,0.005,0.0007777196547228591,ROC_AUC,0.8167421659894394,1272524,4254,
ba4cb02f3b0e,split_comparison,PaySim,random_matched,2,O,IsolationForest,0.005,0.0007777196547228591,Precision,0.0199203187250996,1272524,4254,
ba4cb02f3b0e,split_comparison,PaySim,random_matched,2,O,IsolationForest,0.005,0.0007777196547228591,Recall,0.004701457451810061,1272524,4254,
ba4cb02f3b0e,split_comparison,PaySim,random_matched,2,O,IsolationForest,0.005,0.0007777196547228591,F1,0.007607455306200076,1272524,4254,
ba4cb02f3b0e,split_comparison,PaySim,random_matched,2,O,IsolationForest,0.005,0.0007777196547228591,TN,1267286.0,1272524,4254,
ba4cb02f3b0e,split_comparison,PaySim,random_matched,2,O,IsolationForest,0.005,0.0007777196547228591,FP,984.0,1272524,4254,
ba4cb02f3b0e,split_comparison,PaySim,random_matched,2,O,IsolationForest,0.005,0.0007777196547228591,FN,4234.0,1272524,4254,
ba4cb02f3b0e,split_comparison,PaySim,random_matched,2,O,IsolationForest,0.005,0.0007777196547228591,TP,20.0,1272524,4254,
ba4cb02f3b0e,split_comparison,PaySim,random_matched,2,O,IsolationForest,0.005,0.0007777196547228591,n_alerts,1004.0,1272524,4254,
ba4cb02f3b0e,split_comparison,PaySim,random_matched,2,O,IsolationForest,0.005,0.0007777196547228591,alert_rate,0.0007889831547381425,1272524,4254,
ba4cb02f3b0e,split_comparison,PaySim,random_matched,2,O,IsolationForest,0.005,0.0007777196547228591,prevalence,0.0033429624902948786,1272524,4254,
ba4cb02f3b0e,split_comparison,PaySim,random_matched,2,O,IsolationForest,0.005,0.0007777196547228591,lift,5.9588819147481535,1272524,4254,
ba4cb02f3b0e,split_comparison,PaySim,random_matched,2,O,IsolationForest,0.005,0.0007777196547228591,tie_ratio,0.20714484980648706,1272524,4254,
ba4cb02f3b0e,split_comparison,PaySim,random_matched,2,O,IsolationForest,0.005,0.0007777196547228591,fit_seconds,10.86194896697998,1272524,4254,
ba4cb02f3b0e,split_comparison,PaySim,random_matched,2,O,IsolationForest,0.005,0.0007777196547228591,score_seconds,57.63066911697388,1272524,4254,
4f2a761d36c2,split_comparison,PaySim,random_matched,2,O,LOF,0.005,0.0007777196547228591,PR_AUC,0.29147759061938905,1272524,4254,
4f2a761d36c2,split_comparison,PaySim,random_matched,2,O,LOF,0.005,0.0007777196547228591,ROC_AUC,0.8793203896215862,1272524,4254,
4f2a761d36c2,split_comparison,PaySim,random_matched,2,O,LOF,0.005,0.0007777196547228591,Precision,0.6185226019845645,1272524,4254,
4f2a761d36c2,split_comparison,PaySim,random_matched,2,O,LOF,0.005,0.0007777196547228591,Recall,0.2637517630465444,1272524,4254,
4f2a761d36c2,split_comparison,PaySim,random_matched,2,O,LOF,0.005,0.0007777196547228591,F1,0.36980883322346736,1272524,4254,
4f2a761d36c2,split_comparison,PaySim,random_matched,2,O,LOF,0.005,0.0007777196547228591,TN,1267578.0,1272524,4254,
4f2a761d36c2,split_comparison,PaySim,random_matched,2,O,LOF,0.005,0.0007777196547228591,FP,692.0,1272524,4254,
4f2a761d36c2,split_comparison,PaySim,random_matched,2,O,LOF,0.005,0.0007777196547228591,FN,3132.0,1272524,4254,
4f2a761d36c2,split_comparison,PaySim,random_matched,2,O,LOF,0.005,0.0007777196547228591,TP,1122.0,1272524,4254,
4f2a761d36c2,split_comparison,PaySim,random_matched,2,O,LOF,0.005,0.0007777196547228591,n_alerts,1814.0,1272524,4254,
4f2a761d36c2,split_comparison,PaySim,random_matched,2,O,LOF,0.005,0.0007777196547228591,alert_rate,0.0014255133891384367,1272524,4254,
4f2a761d36c2,split_comparison,PaySim,random_matched,2,O,LOF,0.005,0.0007777196547228591,prevalence,0.0033429624902948786,1272524,4254,
4f2a761d36c2,split_comparison,PaySim,random_matched,2,O,LOF,0.005,0.0007777196547228591,lift,185.02229797080537,1272524,4254,
4f2a761d36c2,split_comparison,PaySim,random_matched,2,O,LOF,0.005,0.0007777196547228591,tie_ratio,0.26535588691774226,1272524,4254,
4f2a761d36c2,split_comparison,PaySim,random_matched,2,O,LOF,0.005,0.0007777196547228591,fit_seconds,2.07079815864563,1272524,4254,
4f2a761d36c2,split_comparison,PaySim,random_matched,2,O,LOF,0.005,0.0007777196547228591,score_seconds,351.41925168037415,1272524,4254,
e8018246eee2,split_comparison,PaySim,random_matched,2,O,OneClassSVM,0.005,0.0007777196547228591,PR_AUC,0.041584902480859456,1272524,4254,
e8018246eee2,split_comparison,PaySim,random_matched,2,O,OneClassSVM,0.005,0.0007777196547228591,ROC_AUC,0.6904193870790728,1272524,4254,
e8018246eee2,split_comparison,PaySim,random_matched,2,O,OneClassSVM,0.005,0.0007777196547228591,Precision,0.18969957081545064,1272524,4254,
e8018246eee2,split_comparison,PaySim,random_matched,2,O,OneClassSVM,0.005,0.0007777196547228591,Recall,0.05195110484250118,1272524,4254,
e8018246eee2,split_comparison,PaySim,random_matched,2,O,OneClassSVM,0.005,0.0007777196547228591,F1,0.0815648643661192,1272524,4254,
e8018246eee2,split_comparison,PaySim,random_matched,2,O,OneClassSVM,0.005,0.0007777196547228591,TN,1267326.0,1272524,4254,
e8018246eee2,split_comparison,PaySim,random_matched,2,O,OneClassSVM,0.005,0.0007777196547228591,FP,944.0,1272524,4254,
e8018246eee2,split_comparison,PaySim,random_matched,2,O,OneClassSVM,0.005,0.0007777196547228591,FN,4033.0,1272524,4254,
e8018246eee2,split_comparison,PaySim,random_matched,2,O,OneClassSVM,0.005,0.0007777196547228591,TP,221.0,1272524,4254,
e8018246eee2,split_comparison,PaySim,random_matched,2,O,OneClassSVM,0.005,0.0007777196547228591,n_alerts,1165.0,1272524,4254,
e8018246eee2,split_comparison,PaySim,random_matched,2,O,OneClassSVM,0.005,0.0007777196547228591,alert_rate,0.0009155033618226454,1272524,4254,
e8018246eee2,split_comparison,PaySim,random_matched,2,O,OneClassSVM,0.005,0.0007777196547228591,prevalence,0.0033429624902948786,1272524,4254,
e8018246eee2,split_comparison,PaySim,random_matched,2,O,OneClassSVM,0.005,0.0007777196547228591,lift,56.74594655673731,1272524,4254,
e8018246eee2,split_comparison,PaySim,random_matched,2,O,OneClassSVM,0.005,0.0007777196547228591,tie_ratio,0.00011787587670186728,1272524,4254,
e8018246eee2,split_comparison,PaySim,random_matched,2,O,OneClassSVM,0.005,0.0007777196547228591,fit_seconds,0.31782960891723633,1272524,4254,
e8018246eee2,split_comparison,PaySim,random_matched,2,O,OneClassSVM,0.005,0.0007777196547228591,score_seconds,77.78743100166321,1272524,4254,
f4a1a78dc6b1,split_comparison,PaySim,random_matched,2,O,DBSCAN,0.005,0.0007777196547228591,PR_AUC,0.016175707492100243,1272524,4254,
f4a1a78dc6b1,split_comparison,PaySim,random_matched,2,O,DBSCAN,0.005,0.0007777196547228591,ROC_AUC,0.8175840994994129,1272524,4254,
f4a1a78dc6b1,split_comparison,PaySim,random_matched,2,O,DBSCAN,0.005,0.0007777196547228591,Precision,0.02145922746781116,1272524,4254,
f4a1a78dc6b1,split_comparison,PaySim,random_matched,2,O,DBSCAN,0.005,0.0007777196547228591,Recall,0.004701457451810061,1272524,4254,
f4a1a78dc6b1,split_comparison,PaySim,random_matched,2,O,DBSCAN,0.005,0.0007777196547228591,F1,0.007713073659853451,1272524,4254,
f4a1a78dc6b1,split_comparison,PaySim,random_matched,2,O,DBSCAN,0.005,0.0007777196547228591,TN,1267358.0,1272524,4254,
f4a1a78dc6b1,split_comparison,PaySim,random_matched,2,O,DBSCAN,0.005,0.0007777196547228591,FP,912.0,1272524,4254,
f4a1a78dc6b1,split_comparison,PaySim,random_matched,2,O,DBSCAN,0.005,0.0007777196547228591,FN,4234.0,1272524,4254,
f4a1a78dc6b1,split_comparison,PaySim,random_matched,2,O,DBSCAN,0.005,0.0007777196547228591,TP,20.0,1272524,4254,
f4a1a78dc6b1,split_comparison,PaySim,random_matched,2,O,DBSCAN,0.005,0.0007777196547228591,n_alerts,932.0,1272524,4254,
f4a1a78dc6b1,split_comparison,PaySim,random_matched,2,O,DBSCAN,0.005,0.0007777196547228591,alert_rate,0.0007324026894581163,1272524,4254,
f4a1a78dc6b1,split_comparison,PaySim,random_matched,2,O,DBSCAN,0.005,0.0007777196547228591,prevalence,0.0033429624902948786,1272524,4254,
f4a1a78dc6b1,split_comparison,PaySim,random_matched,2,O,DBSCAN,0.005,0.0007777196547228591,lift,6.4192247236128175,1272524,4254,
f4a1a78dc6b1,split_comparison,PaySim,random_matched,2,O,DBSCAN,0.005,0.0007777196547228591,tie_ratio,0.07512386790043413,1272524,4254,
f4a1a78dc6b1,split_comparison,PaySim,random_matched,2,O,DBSCAN,0.005,0.0007777196547228591,fit_seconds,1.5328032970428467,1272524,4254,
f4a1a78dc6b1,split_comparison,PaySim,random_matched,2,O,DBSCAN,0.005,0.0007777196547228591,score_seconds,0.1809704303741455,1272524,4254,
a982d0485c88,split_comparison,PaySim,random_matched,2,O,KMeans,0.005,0.0007777196547228591,PR_AUC,0.035270132032399246,1272524,4254,
a982d0485c88,split_comparison,PaySim,random_matched,2,O,KMeans,0.005,0.0007777196547228591,ROC_AUC,0.8467902304005521,1272524,4254,
a982d0485c88,split_comparison,PaySim,random_matched,2,O,KMeans,0.005,0.0007777196547228591,Precision,0.13521400778210116,1272524,4254,
a982d0485c88,split_comparison,PaySim,random_matched,2,O,KMeans,0.005,0.0007777196547228591,Recall,0.03267512929007992,1272524,4254,
a982d0485c88,split_comparison,PaySim,random_matched,2,O,KMeans,0.005,0.0007777196547228591,F1,0.05263157894736842,1272524,4254,
a982d0485c88,split_comparison,PaySim,random_matched,2,O,KMeans,0.005,0.0007777196547228591,TN,1267381.0,1272524,4254,
a982d0485c88,split_comparison,PaySim,random_matched,2,O,KMeans,0.005,0.0007777196547228591,FP,889.0,1272524,4254,
a982d0485c88,split_comparison,PaySim,random_matched,2,O,KMeans,0.005,0.0007777196547228591,FN,4115.0,1272524,4254,
a982d0485c88,split_comparison,PaySim,random_matched,2,O,KMeans,0.005,0.0007777196547228591,TP,139.0,1272524,4254,
a982d0485c88,split_comparison,PaySim,random_matched,2,O,KMeans,0.005,0.0007777196547228591,n_alerts,1028.0,1272524,4254,
a982d0485c88,split_comparison,PaySim,random_matched,2,O,KMeans,0.005,0.0007777196547228591,alert_rate,0.0008078433098314845,1272524,4254,
a982d0485c88,split_comparison,PaySim,random_matched,2,O,KMeans,0.005,0.0007777196547228591,prevalence,0.0033429624902948786,1272524,4254,
a982d0485c88,split_comparison,PaySim,random_matched,2,O,KMeans,0.005,0.0007777196547228591,lift,40.44736014078761,1272524,4254,
a982d0485c88,split_comparison,PaySim,random_matched,2,O,KMeans,0.005,0.0007777196547228591,tie_ratio,0.03535018958370173,1272524,4254,
a982d0485c88,split_comparison,PaySim,random_matched,2,O,KMeans,0.005,0.0007777196547228591,fit_seconds,103.32585763931274,1272524,4254,
a982d0485c88,split_comparison,PaySim,random_matched,2,O,KMeans,0.005,0.0007777196547228591,score_seconds,1.7640063762664795,1272524,4254,
fbeb3278bdf9,split_comparison,PaySim,random_matched,2,O,Ensemble,0.005,0.0007777196547228591,PR_AUC,0.06896636323544394,1272524,4254,
fbeb3278bdf9,split_comparison,PaySim,random_matched,2,O,Ensemble,0.005,0.0007777196547228591,ROC_AUC,0.8922510101523967,1272524,4254,
fbeb3278bdf9,split_comparison,PaySim,random_matched,2,O,Ensemble,0.005,0.0007777196547228591,Precision,0.23383525243578387,1272524,4254,
fbeb3278bdf9,split_comparison,PaySim,random_matched,2,O,Ensemble,0.005,0.0007777196547228591,Recall,0.06205923836389281,1272524,4254,
fbeb3278bdf9,split_comparison,PaySim,random_matched,2,O,Ensemble,0.005,0.0007777196547228591,F1,0.0980865688277912,1272524,4254,
fbeb3278bdf9,split_comparison,PaySim,random_matched,2,O,Ensemble,0.005,0.0007777196547228591,TN,1267405.0,1272524,4254,
fbeb3278bdf9,split_comparison,PaySim,random_matched,2,O,Ensemble,0.005,0.0007777196547228591,FP,865.0,1272524,4254,
fbeb3278bdf9,split_comparison,PaySim,random_matched,2,O,Ensemble,0.005,0.0007777196547228591,FN,3990.0,1272524,4254,
fbeb3278bdf9,split_comparison,PaySim,random_matched,2,O,Ensemble,0.005,0.0007777196547228591,TP,264.0,1272524,4254,
fbeb3278bdf9,split_comparison,PaySim,random_matched,2,O,Ensemble,0.005,0.0007777196547228591,n_alerts,1129.0,1272524,4254,
fbeb3278bdf9,split_comparison,PaySim,random_matched,2,O,Ensemble,0.005,0.0007777196547228591,alert_rate,0.0008872131291826323,1272524,4254,
fbeb3278bdf9,split_comparison,PaySim,random_matched,2,O,Ensemble,0.005,0.0007777196547228591,prevalence,0.0033429624902948786,1272524,4254,
fbeb3278bdf9,split_comparison,PaySim,random_matched,2,O,Ensemble,0.005,0.0007777196547228591,lift,69.94851216986211,1272524,4254,
fbeb3278bdf9,split_comparison,PaySim,random_matched,2,O,Ensemble,0.005,0.0007777196547228591,tie_ratio,0.09529243040411783,1272524,4254,
fbeb3278bdf9,split_comparison,PaySim,random_matched,2,O,Ensemble,0.005,0.0007777196547228591,fit_seconds,0.0,1272524,4254,
fbeb3278bdf9,split_comparison,PaySim,random_matched,2,O,Ensemble,0.005,0.0007777196547228591,score_seconds,0.0,1272524,4254,
7cc27a4ac0a0,split_comparison,PaySim,random_matched,2,O,Ensemble,0.005,0.0007777196547228591,single_point_invariant,1.0,1272524,4254,invariance
47a5701bd6bf,rho_sweep,ULB,chronological,0,U,IsolationForest,0.001,0.001,PR_AUC,0.054562789355073034,56962,75,
47a5701bd6bf,rho_sweep,ULB,chronological,0,U,IsolationForest,0.001,0.001,ROC_AUC,0.9484357879070203,56962,75,
47a5701bd6bf,rho_sweep,ULB,chronological,0,U,IsolationForest,0.001,0.001,Precision,0.0,56962,75,
47a5701bd6bf,rho_sweep,ULB,chronological,0,U,IsolationForest,0.001,0.001,Recall,0.0,56962,75,
47a5701bd6bf,rho_sweep,ULB,chronological,0,U,IsolationForest,0.001,0.001,F1,0.0,56962,75,
47a5701bd6bf,rho_sweep,ULB,chronological,0,U,IsolationForest,0.001,0.001,TN,56841.0,56962,75,
47a5701bd6bf,rho_sweep,ULB,chronological,0,U,IsolationForest,0.001,0.001,FP,46.0,56962,75,
47a5701bd6bf,rho_sweep,ULB,chronological,0,U,IsolationForest,0.001,0.001,FN,75.0,56962,75,
47a5701bd6bf,rho_sweep,ULB,chronological,0,U,IsolationForest,0.001,0.001,TP,0.0,56962,75,
47a5701bd6bf,rho_sweep,ULB,chronological,0,U,IsolationForest,0.001,0.001,n_alerts,46.0,56962,75,
47a5701bd6bf,rho_sweep,ULB,chronological,0,U,IsolationForest,0.001,0.001,alert_rate,0.0008075559144692953,56962,75,
47a5701bd6bf,rho_sweep,ULB,chronological,0,U,IsolationForest,0.001,0.001,prevalence,0.001316667251852112,56962,75,
47a5701bd6bf,rho_sweep,ULB,chronological,0,U,IsolationForest,0.001,0.001,lift,0.0,56962,75,
47a5701bd6bf,rho_sweep,ULB,chronological,0,U,IsolationForest,0.001,0.001,tie_ratio,0.019627464405470363,56962,75,
47a5701bd6bf,rho_sweep,ULB,chronological,0,U,IsolationForest,0.001,0.001,fit_seconds,1.4199533462524414,56962,75,
47a5701bd6bf,rho_sweep,ULB,chronological,0,U,IsolationForest,0.001,0.001,score_seconds,2.5683884620666504,56962,75,
2693040e6dac,rho_sweep,ULB,chronological,0,U,LOF,0.001,0.001,PR_AUC,0.07627939933401451,56962,75,
2693040e6dac,rho_sweep,ULB,chronological,0,U,LOF,0.001,0.001,ROC_AUC,0.8178164900006446,56962,75,
2693040e6dac,rho_sweep,ULB,chronological,0,U,LOF,0.001,0.001,Precision,0.1780821917808219,56962,75,
2693040e6dac,rho_sweep,ULB,chronological,0,U,LOF,0.001,0.001,Recall,0.17333333333333334,56962,75,
2693040e6dac,rho_sweep,ULB,chronological,0,U,LOF,0.001,0.001,F1,0.17567567567567569,56962,75,
2693040e6dac,rho_sweep,ULB,chronological,0,U,LOF,0.001,0.001,TN,56827.0,56962,75,
2693040e6dac,rho_sweep,ULB,chronological,0,U,LOF,0.001,0.001,FP,60.0,56962,75,
2693040e6dac,rho_sweep,ULB,chronological,0,U,LOF,0.001,0.001,FN,62.0,56962,75,
2693040e6dac,rho_sweep,ULB,chronological,0,U,LOF,0.001,0.001,TP,13.0,56962,75,
2693040e6dac,rho_sweep,ULB,chronological,0,U,LOF,0.001,0.001,n_alerts,73.0,56962,75,
2693040e6dac,rho_sweep,ULB,chronological,0,U,LOF,0.001,0.001,alert_rate,0.0012815561251360557,56962,75,
2693040e6dac,rho_sweep,ULB,chronological,0,U,LOF,0.001,0.001,prevalence,0.001316667251852112,56962,75,
2693040e6dac,rho_sweep,ULB,chronological,0,U,LOF,0.001,0.001,lift,135.25223744292236,56962,75,
2693040e6dac,rho_sweep,ULB,chronological,0,U,LOF,0.001,0.001,tie_ratio,0.020224364038552656,56962,75,
2693040e6dac,rho_sweep,ULB,chronological,0,U,LOF,0.001,0.001,fit_seconds,1.070444107055664,56962,75,
2693040e6dac,rho_sweep,ULB,chronological,0,U,LOF,0.001,0.001,score_seconds,5.9360833168029785,56962,75,
46aa77e7ca5c,rho_sweep,ULB,chronological,0,U,OneClassSVM,0.001,0.001,PR_AUC,0.0840000633095529,56962,75,
46aa77e7ca5c,rho_sweep,ULB,chronological,0,U,OneClassSVM,0.001,0.001,ROC_AUC,0.94736676803722,56962,75,
46aa77e7ca5c,rho_sweep,ULB,chronological,0,U,OneClassSVM,0.001,0.001,Precision,0.0,56962,75,
46aa77e7ca5c,rho_sweep,ULB,chronological,0,U,OneClassSVM,0.001,0.001,Recall,0.0,56962,75,
46aa77e7ca5c,rho_sweep,ULB,chronological,0,U,OneClassSVM,0.001,0.001,F1,0.0,56962,75,
46aa77e7ca5c,rho_sweep,ULB,chronological,0,U,OneClassSVM,0.001,0.001,TN,56851.0,56962,75,
46aa77e7ca5c,rho_sweep,ULB,chronological,0,U,OneClassSVM,0.001,0.001,FP,36.0,56962,75,
46aa77e7ca5c,rho_sweep,ULB,chronological,0,U,OneClassSVM,0.001,0.001,FN,75.0,56962,75,
46aa77e7ca5c,rho_sweep,ULB,chronological,0,U,OneClassSVM,0.001,0.001,TP,0.0,56962,75,
46aa77e7ca5c,rho_sweep,ULB,chronological,0,U,OneClassSVM,0.001,0.001,n_alerts,36.0,56962,75,
46aa77e7ca5c,rho_sweep,ULB,chronological,0,U,OneClassSVM,0.001,0.001,alert_rate,0.0006320002808890137,56962,75,
46aa77e7ca5c,rho_sweep,ULB,chronological,0,U,OneClassSVM,0.001,0.001,prevalence,0.001316667251852112,56962,75,
46aa77e7ca5c,rho_sweep,ULB,chronological,0,U,OneClassSVM,0.001,0.001,lift,0.0,56962,75,
46aa77e7ca5c,rho_sweep,ULB,chronological,0,U,OneClassSVM,0.001,0.001,tie_ratio,0.0035638419269324872,56962,75,
46aa77e7ca5c,rho_sweep,ULB,chronological,0,U,OneClassSVM,0.001,0.001,fit_seconds,1.0869576930999756,56962,75,
46aa77e7ca5c,rho_sweep,ULB,chronological,0,U,OneClassSVM,0.001,0.001,score_seconds,10.12545657157898,56962,75,
c180e71b2fa0,rho_sweep,ULB,chronological,0,U,DBSCAN,0.001,0.001,PR_AUC,0.024725100118224274,56962,75,
c180e71b2fa0,rho_sweep,ULB,chronological,0,U,DBSCAN,0.001,0.001,ROC_AUC,0.9381904477297097,56962,75,
c180e71b2fa0,rho_sweep,ULB,chronological,0,U,DBSCAN,0.001,0.001,Precision,0.0,56962,75,
c180e71b2fa0,rho_sweep,ULB,chronological,0,U,DBSCAN,0.001,0.001,Recall,0.0,56962,75,
c180e71b2fa0,rho_sweep,ULB,chronological,0,U,DBSCAN,0.001,0.001,F1,0.0,56962,75,
c180e71b2fa0,rho_sweep,ULB,chronological,0,U,DBSCAN,0.001,0.001,TN,56857.0,56962,75,
c180e71b2fa0,rho_sweep,ULB,chronological,0,U,DBSCAN,0.001,0.001,FP,30.0,56962,75,
c180e71b2fa0,rho_sweep,ULB,chronological,0,U,DBSCAN,0.001,0.001,FN,75.0,56962,75,
c180e71b2fa0,rho_sweep,ULB,chronological,0,U,DBSCAN,0.001,0.001,TP,0.0,56962,75,
c180e71b2fa0,rho_sweep,ULB,chronological,0,U,DBSCAN,0.001,0.001,n_alerts,30.0,56962,75,
c180e71b2fa0,rho_sweep,ULB,chronological,0,U,DBSCAN,0.001,0.001,alert_rate,0.0005266669007408447,56962,75,
c180e71b2fa0,rho_sweep,ULB,chronological,0,U,DBSCAN,0.001,0.001,prevalence,0.001316667251852112,56962,75,
c180e71b2fa0,rho_sweep,ULB,chronological,0,U,DBSCAN,0.001,0.001,lift,0.0,56962,75,
c180e71b2fa0,rho_sweep,ULB,chronological,0,U,DBSCAN,0.001,0.001,tie_ratio,0.006039219817067787,56962,75,
c180e71b2fa0,rho_sweep,ULB,chronological,0,U,DBSCAN,0.001,0.001,fit_seconds,0.7933204174041748,56962,75,
c180e71b2fa0,rho_sweep,ULB,chronological,0,U,DBSCAN,0.001,0.001,score_seconds,0.03377676010131836,56962,75,
e42a90b8e6bd,rho_sweep,ULB,chronological,0,U,KMeans,0.001,0.001,PR_AUC,0.06788595503536499,56962,75,
e42a90b8e6bd,rho_sweep,ULB,chronological,0,U,KMeans,0.001,0.001,ROC_AUC,0.9667539742530513,56962,75,
e42a90b8e6bd,rho_sweep,ULB,chronological,0,U,KMeans,0.001,0.001,Precision,0.0,56962,75,
e42a90b8e6bd,rho_sweep,ULB,chronological,0,U,KMeans,0.001,0.001,Recall,0.0,56962,75,
e42a90b8e6bd,rho_sweep,ULB,chronological,0,U,KMeans,0.001,0.001,F1,0.0,56962,75,
e42a90b8e6bd,rho_sweep,ULB,chronological,0,U,KMeans,0.001,0.001,TN,56842.0,56962,75,
e42a90b8e6bd,rho_sweep,ULB,chronological,0,U,KMeans,0.001,0.001,FP,45.0,56962,75,
e42a90b8e6bd,rho_sweep,ULB,chronological,0,U,KMeans,0.001,0.001,FN,75.0,56962,75,
e42a90b8e6bd,rho_sweep,ULB,chronological,0,U,KMeans,0.001,0.001,TP,0.0,56962,75,
e42a90b8e6bd,rho_sweep,ULB,chronological,0,U,KMeans,0.001,0.001,n_alerts,45.0,56962,75,
e42a90b8e6bd,rho_sweep,ULB,chronological,0,U,KMeans,0.001,0.001,alert_rate,0.0007900003511112671,56962,75,
e42a90b8e6bd,rho_sweep,ULB,chronological,0,U,KMeans,0.001,0.001,prevalence,0.001316667251852112,56962,75,
e42a90b8e6bd,rho_sweep,ULB,chronological,0,U,KMeans,0.001,0.001,lift,0.0,56962,75,
e42a90b8e6bd,rho_sweep,ULB,chronological,0,U,KMeans,0.001,0.001,tie_ratio,0.006688787064833779,56962,75,
e42a90b8e6bd,rho_sweep,ULB,chronological,0,U,KMeans,0.001,0.001,fit_seconds,9.070039510726929,56962,75,
e42a90b8e6bd,rho_sweep,ULB,chronological,0,U,KMeans,0.001,0.001,score_seconds,0.1532447338104248,56962,75,
d9aae5364add,rho_sweep,ULB,chronological,0,U,Ensemble,0.001,0.001,PR_AUC,0.06950486520723052,56962,75,
d9aae5364add,rho_sweep,ULB,chronological,0,U,Ensemble,0.001,0.001,ROC_AUC,0.9585167085625891,56962,75,
d9aae5364add,rho_sweep,ULB,chronological,0,U,Ensemble,0.001,0.001,Precision,0.0,56962,75,
d9aae5364add,rho_sweep,ULB,chronological,0,U,Ensemble,0.001,0.001,Recall,0.0,56962,75,
d9aae5364add,rho_sweep,ULB,chronological,0,U,Ensemble,0.001,0.001,F1,0.0,56962,75,
d9aae5364add,rho_sweep,ULB,chronological,0,U,Ensemble,0.001,0.001,TN,56843.0,56962,75,
d9aae5364add,rho_sweep,ULB,chronological,0,U,Ensemble,0.001,0.001,FP,44.0,56962,75,
d9aae5364add,rho_sweep,ULB,chronological,0,U,Ensemble,0.001,0.001,FN,75.0,56962,75,
d9aae5364add,rho_sweep,ULB,chronological,0,U,Ensemble,0.001,0.001,TP,0.0,56962,75,
d9aae5364add,rho_sweep,ULB,chronological,0,U,Ensemble,0.001,0.001,n_alerts,44.0,56962,75,
d9aae5364add,rho_sweep,ULB,chronological,0,U,Ensemble,0.001,0.001,alert_rate,0.000772444787753239,56962,75,
d9aae5364add,rho_sweep,ULB,chronological,0,U,Ensemble,0.001,0.001,prevalence,0.001316667251852112,56962,75,
d9aae5364add,rho_sweep,ULB,chronological,0,U,Ensemble,0.001,0.001,lift,0.0,56962,75,
d9aae5364add,rho_sweep,ULB,chronological,0,U,Ensemble,0.001,0.001,tie_ratio,0.07201418514422153,56962,75,
d9aae5364add,rho_sweep,ULB,chronological,0,U,Ensemble,0.001,0.001,fit_seconds,0.0,56962,75,
d9aae5364add,rho_sweep,ULB,chronological,0,U,Ensemble,0.001,0.001,score_seconds,0.0,56962,75,
2cd977f222ec,rho_sweep,ULB,chronological,0,U,Ensemble,0.001,0.001,single_point_invariant,1.0,56962,75,invariance
3f516f1f105f,rho_sweep,ULB,chronological,0,N,IsolationForest,0.001,0.001,PR_AUC,0.03689637579882185,56962,75,
3f516f1f105f,rho_sweep,ULB,chronological,0,N,IsolationForest,0.001,0.001,ROC_AUC,0.9442236949273707,56962,75,
3f516f1f105f,rho_sweep,ULB,chronological,0,N,IsolationForest,0.001,0.001,Precision,0.0,56962,75,
3f516f1f105f,rho_sweep,ULB,chronological,0,N,IsolationForest,0.001,0.001,Recall,0.0,56962,75,
3f516f1f105f,rho_sweep,ULB,chronological,0,N,IsolationForest,0.001,0.001,F1,0.0,56962,75,
3f516f1f105f,rho_sweep,ULB,chronological,0,N,IsolationForest,0.001,0.001,TN,56848.0,56962,75,
3f516f1f105f,rho_sweep,ULB,chronological,0,N,IsolationForest,0.001,0.001,FP,39.0,56962,75,
3f516f1f105f,rho_sweep,ULB,chronological,0,N,IsolationForest,0.001,0.001,FN,75.0,56962,75,
3f516f1f105f,rho_sweep,ULB,chronological,0,N,IsolationForest,0.001,0.001,TP,0.0,56962,75,
3f516f1f105f,rho_sweep,ULB,chronological,0,N,IsolationForest,0.001,0.001,n_alerts,39.0,56962,75,
3f516f1f105f,rho_sweep,ULB,chronological,0,N,IsolationForest,0.001,0.001,alert_rate,0.0006846669709630982,56962,75,
3f516f1f105f,rho_sweep,ULB,chronological,0,N,IsolationForest,0.001,0.001,prevalence,0.001316667251852112,56962,75,
3f516f1f105f,rho_sweep,ULB,chronological,0,N,IsolationForest,0.001,0.001,lift,0.0,56962,75,
3f516f1f105f,rho_sweep,ULB,chronological,0,N,IsolationForest,0.001,0.001,tie_ratio,0.01824055055213214,56962,75,
3f516f1f105f,rho_sweep,ULB,chronological,0,N,IsolationForest,0.001,0.001,fit_seconds,1.5286550521850586,56962,75,
3f516f1f105f,rho_sweep,ULB,chronological,0,N,IsolationForest,0.001,0.001,score_seconds,2.5338962078094482,56962,75,
12642e5f88a9,rho_sweep,ULB,chronological,0,N,LOF,0.001,0.001,PR_AUC,0.603157863943587,56962,75,
12642e5f88a9,rho_sweep,ULB,chronological,0,N,LOF,0.001,0.001,ROC_AUC,0.9266049068035462,56962,75,
12642e5f88a9,rho_sweep,ULB,chronological,0,N,LOF,0.001,0.001,Precision,0.6923076923076923,56962,75,
12642e5f88a9,rho_sweep,ULB,chronological,0,N,LOF,0.001,0.001,Recall,0.6,56962,75,
12642e5f88a9,rho_sweep,ULB,chronological,0,N,LOF,0.001,0.001,F1,0.6428571428571429,56962,75,
12642e5f88a9,rho_sweep,ULB,chronological,0,N,LOF,0.001,0.001,TN,56867.0,56962,75,
12642e5f88a9,rho_sweep,ULB,chronological,0,N,LOF,0.001,0.001,FP,20.0,56962,75,
12642e5f88a9,rho_sweep,ULB,chronological,0,N,LOF,0.001,0.001,FN,30.0,56962,75,
12642e5f88a9,rho_sweep,ULB,chronological,0,N,LOF,0.001,0.001,TP,45.0,56962,75,
12642e5f88a9,rho_sweep,ULB,chronological,0,N,LOF,0.001,0.001,n_alerts,65.0,56962,75,
12642e5f88a9,rho_sweep,ULB,chronological,0,N,LOF,0.001,0.001,alert_rate,0.0011411116182718304,56962,75,
12642e5f88a9,rho_sweep,ULB,chronological,0,N,LOF,0.001,0.001,prevalence,0.001316667251852112,56962,75,
12642e5f88a9,rho_sweep,ULB,chronological,0,N,LOF,0.001,0.001,lift,525.8030769230769,56962,75,
12642e5f88a9,rho_sweep,ULB,chronological,0,N,LOF,0.001,0.001,tie_ratio,0.02154105440564602,56962,75,
12642e5f88a9,rho_sweep,ULB,chronological,0,N,LOF,0.001,0.001,fit_seconds,1.0597703456878662,56962,75,
12642e5f88a9,rho_sweep,ULB,chronological,0,N,LOF,0.001,0.001,score_seconds,5.973980188369751,56962,75,
d1f578e4e1fa,rho_sweep,ULB,chronological,0,N,OneClassSVM,0.001,0.001,PR_AUC,0.124703707473433,56962,75,
d1f578e4e1fa,rho_sweep,ULB,chronological,0,N,OneClassSVM,0.001,0.001,ROC_AUC,0.9538748747517007,56962,75,
d1f578e4e1fa,rho_sweep,ULB,chronological,0,N,OneClassSVM,0.001,0.001,Precision,0.0,56962,75,
d1f578e4e1fa,rho_sweep,ULB,chronological,0,N,OneClassSVM,0.001,0.001,Recall,0.0,56962,75,
d1f578e4e1fa,rho_sweep,ULB,chronological,0,N,OneClassSVM,0.001,0.001,F1,0.0,56962,75,
d1f578e4e1fa,rho_sweep,ULB,chronological,0,N,OneClassSVM,0.001,0.001,TN,56849.0,56962,75,
d1f578e4e1fa,rho_sweep,ULB,chronological,0,N,OneClassSVM,0.001,0.001,FP,38.0,56962,75,
d1f578e4e1fa,rho_sweep,ULB,chronological,0,N,OneClassSVM,0.001,0.001,FN,75.0,56962,75,
d1f578e4e1fa,rho_sweep,ULB,chronological,0,N,OneClassSVM,0.001,0.001,TP,0.0,56962,75,
d1f578e4e1fa,rho_sweep,ULB,chronological,0,N,OneClassSVM,0.001,0.001,n_alerts,38.0,56962,75,
d1f578e4e1fa,rho_sweep,ULB,chronological,0,N,OneClassSVM,0.001,0.001,alert_rate,0.00066711140760507,56962,75,
d1f578e4e1fa,rho_sweep,ULB,chronological,0,N,OneClassSVM,0.001,0.001,prevalence,0.001316667251852112,56962,75,
d1f578e4e1fa,rho_sweep,ULB,chronological,0,N,OneClassSVM,0.001,0.001,lift,0.0,56962,75,
d1f578e4e1fa,rho_sweep,ULB,chronological,0,N,OneClassSVM,0.001,0.001,tie_ratio,0.0036867330278611554,56962,75,
d1f578e4e1fa,rho_sweep,ULB,chronological,0,N,OneClassSVM,0.001,0.001,fit_seconds,1.0771737098693848,56962,75,
d1f578e4e1fa,rho_sweep,ULB,chronological,0,N,OneClassSVM,0.001,0.001,score_seconds,11.499539613723755,56962,75,
ff7f5a140e10,rho_sweep,ULB,chronological,0,N,DBSCAN,0.001,0.001,PR_AUC,0.025021498387405985,56962,75,
ff7f5a140e10,rho_sweep,ULB,chronological,0,N,DBSCAN,0.001,0.001,ROC_AUC,0.9437054745958362,56962,75,
ff7f5a140e10,rho_sweep,ULB,chronological,0,N,DBSCAN,0.001,0.001,Precision,0.0,56962,75,
ff7f5a140e10,rho_sweep,ULB,chronological,0,N,DBSCAN,0.001,0.001,Recall,0.0,56962,75,
ff7f5a140e10,rho_sweep,ULB,chronological,0,N,DBSCAN,0.001,0.001,F1,0.0,56962,75,
ff7f5a140e10,rho_sweep,ULB,chronological,0,N,DBSCAN,0.001,0.001,TN,56857.0,56962,75,
ff7f5a140e10,rho_sweep,ULB,chronological,0,N,DBSCAN,0.001,0.001,FP,30.0,56962,75,
ff7f5a140e10,rho_sweep,ULB,chronological,0,N,DBSCAN,0.001,0.001,FN,75.0,56962,75,
ff7f5a140e10,rho_sweep,ULB,chronological,0,N,DBSCAN,0.001,0.001,TP,0.0,56962,75,
ff7f5a140e10,rho_sweep,ULB,chronological,0,N,DBSCAN,0.001,0.001,n_alerts,30.0,56962,75,
ff7f5a140e10,rho_sweep,ULB,chronological,0,N,DBSCAN,0.001,0.001,alert_rate,0.0005266669007408447,56962,75,
ff7f5a140e10,rho_sweep,ULB,chronological,0,N,DBSCAN,0.001,0.001,prevalence,0.001316667251852112,56962,75,
ff7f5a140e10,rho_sweep,ULB,chronological,0,N,DBSCAN,0.001,0.001,lift,0.0,56962,75,
ff7f5a140e10,rho_sweep,ULB,chronological,0,N,DBSCAN,0.001,0.001,tie_ratio,0.006109443303312756,56962,75,
ff7f5a140e10,rho_sweep,ULB,chronological,0,N,DBSCAN,0.001,0.001,fit_seconds,0.7955572605133057,56962,75,
ff7f5a140e10,rho_sweep,ULB,chronological,0,N,DBSCAN,0.001,0.001,score_seconds,0.04811358451843262,56962,75,
decb44a0a118,rho_sweep,ULB,chronological,0,N,KMeans,0.001,0.001,PR_AUC,0.06734823561570871,56962,75,
decb44a0a118,rho_sweep,ULB,chronological,0,N,KMeans,0.001,0.001,ROC_AUC,0.9670830476793174,56962,75,
decb44a0a118,rho_sweep,ULB,chronological,0,N,KMeans,0.001,0.001,Precision,0.0,56962,75,
decb44a0a118,rho_sweep,ULB,chronological,0,N,KMeans,0.001,0.001,Recall,0.0,56962,75,
decb44a0a118,rho_sweep,ULB,chronological,0,N,KMeans,0.001,0.001,F1,0.0,56962,75,
decb44a0a118,rho_sweep,ULB,chronological,0,N,KMeans,0.001,0.001,TN,56846.0,56962,75,
decb44a0a118,rho_sweep,ULB,chronological,0,N,KMeans,0.001,0.001,FP,41.0,56962,75,
decb44a0a118,rho_sweep,ULB,chronological,0,N,KMeans,0.001,0.001,FN,75.0,56962,75,
decb44a0a118,rho_sweep,ULB,chronological,0,N,KMeans,0.001,0.001,TP,0.0,56962,75,
decb44a0a118,rho_sweep,ULB,chronological,0,N,KMeans,0.001,0.001,n_alerts,41.0,56962,75,
decb44a0a118,rho_sweep,ULB,chronological,0,N,KMeans,0.001,0.001,alert_rate,0.0007197780976791545,56962,75,
decb44a0a118,rho_sweep,ULB,chronological,0,N,KMeans,0.001,0.001,prevalence,0.001316667251852112,56962,75,
decb44a0a118,rho_sweep,ULB,chronological,0,N,KMeans,0.001,0.001,lift,0.0,56962,75,
decb44a0a118,rho_sweep,ULB,chronological,0,N,KMeans,0.001,0.001,tie_ratio,0.007004792752936195,56962,75,
decb44a0a118,rho_sweep,ULB,chronological,0,N,KMeans,0.001,0.001,fit_seconds,8.796410083770752,56962,75,
decb44a0a118,rho_sweep,ULB,chronological,0,N,KMeans,0.001,0.001,score_seconds,0.15467333793640137,56962,75,
beb5d51c90a7,rho_sweep,ULB,chronological,0,N,Ensemble,0.001,0.001,PR_AUC,0.13995164295676546,56962,75,
beb5d51c90a7,rho_sweep,ULB,chronological,0,N,Ensemble,0.001,0.001,ROC_AUC,0.963880441342779,56962,75,
beb5d51c90a7,rho_sweep,ULB,chronological,0,N,Ensemble,0.001,0.001,Precision,0.0,56962,75,
beb5d51c90a7,rho_sweep,ULB,chronological,0,N,Ensemble,0.001,0.001,Recall,0.0,56962,75,
beb5d51c90a7,rho_sweep,ULB,chronological,0,N,Ensemble,0.001,0.001,F1,0.0,56962,75,
beb5d51c90a7,rho_sweep,ULB,chronological,0,N,Ensemble,0.001,0.001,TN,56847.0,56962,75,
beb5d51c90a7,rho_sweep,ULB,chronological,0,N,Ensemble,0.001,0.001,FP,40.0,56962,75,
beb5d51c90a7,rho_sweep,ULB,chronological,0,N,Ensemble,0.001,0.001,FN,75.0,56962,75,
beb5d51c90a7,rho_sweep,ULB,chronological,0,N,Ensemble,0.001,0.001,TP,0.0,56962,75,
beb5d51c90a7,rho_sweep,ULB,chronological,0,N,Ensemble,0.001,0.001,n_alerts,40.0,56962,75,
beb5d51c90a7,rho_sweep,ULB,chronological,0,N,Ensemble,0.001,0.001,alert_rate,0.0007022225343211264,56962,75,
beb5d51c90a7,rho_sweep,ULB,chronological,0,N,Ensemble,0.001,0.001,prevalence,0.001316667251852112,56962,75,
beb5d51c90a7,rho_sweep,ULB,chronological,0,N,Ensemble,0.001,0.001,lift,0.0,56962,75,
beb5d51c90a7,rho_sweep,ULB,chronological,0,N,Ensemble,0.001,0.001,tie_ratio,0.07178595881392535,56962,75,
beb5d51c90a7,rho_sweep,ULB,chronological,0,N,Ensemble,0.001,0.001,fit_seconds,0.0,56962,75,
beb5d51c90a7,rho_sweep,ULB,chronological,0,N,Ensemble,0.001,0.001,score_seconds,0.0,56962,75,
5203cb8c9fe0,rho_sweep,ULB,chronological,0,N,Ensemble,0.001,0.001,single_point_invariant,1.0,56962,75,invariance
958ff364625b,rho_sweep,ULB,chronological,0,U,IsolationForest,0.005,0.005,PR_AUC,0.054562789355073034,56962,75,
958ff364625b,rho_sweep,ULB,chronological,0,U,IsolationForest,0.005,0.005,ROC_AUC,0.9484357879070203,56962,75,
958ff364625b,rho_sweep,ULB,chronological,0,U,IsolationForest,0.005,0.005,Precision,0.06547619047619048,56962,75,
958ff364625b,rho_sweep,ULB,chronological,0,U,IsolationForest,0.005,0.005,Recall,0.14666666666666667,56962,75,
958ff364625b,rho_sweep,ULB,chronological,0,U,IsolationForest,0.005,0.005,F1,0.09053497942386832,56962,75,
958ff364625b,rho_sweep,ULB,chronological,0,U,IsolationForest,0.005,0.005,TN,56730.0,56962,75,
958ff364625b,rho_sweep,ULB,chronological,0,U,IsolationForest,0.005,0.005,FP,157.0,56962,75,
958ff364625b,rho_sweep,ULB,chronological,0,U,IsolationForest,0.005,0.005,FN,64.0,56962,75,
958ff364625b,rho_sweep,ULB,chronological,0,U,IsolationForest,0.005,0.005,TP,11.0,56962,75,
958ff364625b,rho_sweep,ULB,chronological,0,U,IsolationForest,0.005,0.005,n_alerts,168.0,56962,75,
958ff364625b,rho_sweep,ULB,chronological,0,U,IsolationForest,0.005,0.005,alert_rate,0.0029493346441487305,56962,75,
958ff364625b,rho_sweep,ULB,chronological,0,U,IsolationForest,0.005,0.005,prevalence,0.001316667251852112,56962,75,
958ff364625b,rho_sweep,ULB,chronological,0,U,IsolationForest,0.005,0.005,lift,49.72873015873016,56962,75,
958ff364625b,rho_sweep,ULB,chronological,0,U,IsolationForest,0.005,0.005,tie_ratio,0.019627464405470363,56962,75,
958ff364625b,rho_sweep,ULB,chronological,0,U,IsolationForest,0.005,0.005,fit_seconds,1.5163109302520752,56962,75,
958ff364625b,rho_sweep,ULB,chronological,0,U,IsolationForest,0.005,0.005,score_seconds,2.549325942993164,56962,75,
46ab2de1dcde,rho_sweep,ULB,chronological,0,U,LOF,0.005,0.005,PR_AUC,0.07627939933401451,56962,75,
46ab2de1dcde,rho_sweep,ULB,chronological,0,U,LOF,0.005,0.005,ROC_AUC,0.8178164900006446,56962,75,
46ab2de1dcde,rho_sweep,ULB,chronological,0,U,LOF,0.005,0.005,Precision,0.04313099041533546,56962,75,
46ab2de1dcde,rho_sweep,ULB,chronological,0,U,LOF,0.005,0.005,Recall,0.36,56962,75,
46ab2de1dcde,rho_sweep,ULB,chronological,0,U,LOF,0.005,0.005,F1,0.07703281027104136,56962,75,
46ab2de1dcde,rho_sweep,ULB,chronological,0,U,LOF,0.005,0.005,TN,56288.0,56962,75,
46ab2de1dcde,rho_sweep,ULB,chronological,0,U,LOF,0.005,0.005,FP,599.0,56962,75,
46ab2de1dcde,rho_sweep,ULB,chronological,0,U,LOF,0.005,0.005,FN,48.0,56962,75,
46ab2de1dcde,rho_sweep,ULB,chronological,0,U,LOF,0.005,0.005,TP,27.0,56962,75,
46ab2de1dcde,rho_sweep,ULB,chronological,0,U,LOF,0.005,0.005,n_alerts,626.0,56962,75,
46ab2de1dcde,rho_sweep,ULB,chronological,0,U,LOF,0.005,0.005,alert_rate,0.010989782662125627,56962,75,
46ab2de1dcde,rho_sweep,ULB,chronological,0,U,LOF,0.005,0.005,prevalence,0.001316667251852112,56962,75,
46ab2de1dcde,rho_sweep,ULB,chronological,0,U,LOF,0.005,0.005,lift,32.75769968051118,56962,75,
46ab2de1dcde,rho_sweep,ULB,chronological,0,U,LOF,0.005,0.005,tie_ratio,0.020224364038552656,56962,75,
46ab2de1dcde,rho_sweep,ULB,chronological,0,U,LOF,0.005,0.005,fit_seconds,1.05564546585083,56962,75,
46ab2de1dcde,rho_sweep,ULB,chronological,0,U,LOF,0.005,0.005,score_seconds,6.357959508895874,56962,75,
240433d6751a,rho_sweep,ULB,chronological,0,U,OneClassSVM,0.005,0.005,PR_AUC,0.0838610899727195,56962,75,
240433d6751a,rho_sweep,ULB,chronological,0,U,OneClassSVM,0.005,0.005,ROC_AUC,0.9473752058173807,56962,75,
240433d6751a,rho_sweep,ULB,chronological,0,U,OneClassSVM,0.005,0.005,Precision,0.13131313131313133,56962,75,
240433d6751a,rho_sweep,ULB,chronological,0,U,OneClassSVM,0.005,0.005,Recall,0.3466666666666667,56962,75,
240433d6751a,rho_sweep,ULB,chronological,0,U,OneClassSVM,0.005,0.005,F1,0.19047619047619047,56962,75,
240433d6751a,rho_sweep,ULB,chronological,0,U,OneClassSVM,0.005,0.005,TN,56715.0,56962,75,
240433d6751a,rho_sweep,ULB,chronological,0,U,OneClassSVM,0.005,0.005,FP,172.0,56962,75,
240433d6751a,rho_sweep,ULB,chronological,0,U,OneClassSVM,0.005,0.005,FN,49.0,56962,75,
240433d6751a,rho_sweep,ULB,chronological,0,U,OneClassSVM,0.005,0.005,TP,26.0,56962,75,
240433d6751a,rho_sweep,ULB,chronological,0,U,OneClassSVM,0.005,0.005,n_alerts,198.0,56962,75,
240433d6751a,rho_sweep,ULB,chronological,0,U,OneClassSVM,0.005,0.005,alert_rate,0.0034760015448895756,56962,75,
240433d6751a,rho_sweep,ULB,chronological,0,U,OneClassSVM,0.005,0.005,prevalence,0.001316667251852112,56962,75,
240433d6751a,rho_sweep,ULB,chronological,0,U,OneClassSVM,0.005,0.005,lift,99.73144781144782,56962,75,
240433d6751a,rho_sweep,ULB,chronological,0,U,OneClassSVM,0.005,0.005,tie_ratio,0.0035638419269324872,56962,75,
240433d6751a,rho_sweep,ULB,chronological,0,U,OneClassSVM,0.005,0.005,fit_seconds,1.2066080570220947,56962,75,
240433d6751a,rho_sweep,ULB,chronological,0,U,OneClassSVM,0.005,0.005,score_seconds,10.16366720199585,56962,75,
80b9a02be84d,rho_sweep,ULB,chronological,0,U,DBSCAN,0.005,0.005,PR_AUC,0.024725100118224274,56962,75,
80b9a02be84d,rho_sweep,ULB,chronological,0,U,DBSCAN,0.005,0.005,ROC_AUC,0.9381904477297097,56962,75,
80b9a02be84d,rho_sweep,ULB,chronological,0,U,DBSCAN,0.005,0.005,Precision,0.0,56962,75,
80b9a02be84d,rho_sweep,ULB,chronological,0,U,DBSCAN,0.005,0.005,Recall,0.0,56962,75,
80b9a02be84d,rho_sweep,ULB,chronological,0,U,DBSCAN,0.005,0.005,F1,0.0,56962,75,
80b9a02be84d,rho_sweep,ULB,chronological,0,U,DBSCAN,0.005,0.005,TN,56712.0,56962,75,
80b9a02be84d,rho_sweep,ULB,chronological,0,U,DBSCAN,0.005,0.005,FP,175.0,56962,75,
80b9a02be84d,rho_sweep,ULB,chronological,0,U,DBSCAN,0.005,0.005,FN,75.0,56962,75,
80b9a02be84d,rho_sweep,ULB,chronological,0,U,DBSCAN,0.005,0.005,TP,0.0,56962,75,
80b9a02be84d,rho_sweep,ULB,chronological,0,U,DBSCAN,0.005,0.005,n_alerts,175.0,56962,75,
80b9a02be84d,rho_sweep,ULB,chronological,0,U,DBSCAN,0.005,0.005,alert_rate,0.003072223587654928,56962,75,
80b9a02be84d,rho_sweep,ULB,chronological,0,U,DBSCAN,0.005,0.005,prevalence,0.001316667251852112,56962,75,
80b9a02be84d,rho_sweep,ULB,chronological,0,U,DBSCAN,0.005,0.005,lift,0.0,56962,75,
80b9a02be84d,rho_sweep,ULB,chronological,0,U,DBSCAN,0.005,0.005,tie_ratio,0.006039219817067787,56962,75,
80b9a02be84d,rho_sweep,ULB,chronological,0,U,DBSCAN,0.005,0.005,fit_seconds,0.8077070713043213,56962,75,
80b9a02be84d,rho_sweep,ULB,chronological,0,U,DBSCAN,0.005,0.005,score_seconds,0.03287339210510254,56962,75,
a098309efbb8,rho_sweep,ULB,chronological,0,U,KMeans,0.005,0.005,PR_AUC,0.06788595503536501,56962,75,
a098309efbb8,rho_sweep,ULB,chronological,0,U,KMeans,0.005,0.005,ROC_AUC,0.9667539742530514,56962,75,
a098309efbb8,rho_sweep,ULB,chronological,0,U,KMeans,0.005,0.005,Precision,0.09090909090909091,56962,75,
a098309efbb8,rho_sweep,ULB,chronological,0,U,KMeans,0.005,0.005,Recall,0.24,56962,75,
a098309efbb8,rho_sweep,ULB,chronological,0,U,KMeans,0.005,0.005,F1,0.13186813186813187,56962,75,
a098309efbb8,rho_sweep,ULB,chronological,0,U,KMeans,0.005,0.005,TN,56707.0,56962,75,
a098309efbb8,rho_sweep,ULB,chronological,0,U,KMeans,0.005,0.005,FP,180.0,56962,75,
a098309efbb8,rho_sweep,ULB,chronological,0,U,KMeans,0.005,0.005,FN,57.0,56962,75,
a098309efbb8,rho_sweep,ULB,chronological,0,U,KMeans,0.005,0.005,TP,18.0,56962,75,
a098309efbb8,rho_sweep,ULB,chronological,0,U,KMeans,0.005,0.005,n_alerts,198.0,56962,75,
a098309efbb8,rho_sweep,ULB,chronological,0,U,KMeans,0.005,0.005,alert_rate,0.0034760015448895756,56962,75,
a098309efbb8,rho_sweep,ULB,chronological,0,U,KMeans,0.005,0.005,prevalence,0.001316667251852112,56962,75,
a098309efbb8,rho_sweep,ULB,chronological,0,U,KMeans,0.005,0.005,lift,69.04484848484849,56962,75,
a098309efbb8,rho_sweep,ULB,chronological,0,U,KMeans,0.005,0.005,tie_ratio,0.00663611945015008,56962,75,
a098309efbb8,rho_sweep,ULB,chronological,0,U,KMeans,0.005,0.005,fit_seconds,8.998883247375488,56962,75,
a098309efbb8,rho_sweep,ULB,chronological,0,U,KMeans,0.005,0.005,score_seconds,0.16624069213867188,56962,75,
3430003e4311,rho_sweep,ULB,chronological,0,U,Ensemble,0.005,0.005,PR_AUC,0.06951265687905143,56962,75,
3430003e4311,rho_sweep,ULB,chronological,0,U,Ensemble,0.005,0.005,ROC_AUC,0.9585235056632739,56962,75,
3430003e4311,rho_sweep,ULB,chronological,0,U,Ensemble,0.005,0.005,Precision,0.11170212765957446,56962,75,
3430003e4311,rho_sweep,ULB,chronological,0,U,Ensemble,0.005,0.005,Recall,0.28,56962,75,
3430003e4311,rho_sweep,ULB,chronological,0,U,Ensemble,0.005,0.005,F1,0.1596958174904943,56962,75,
3430003e4311,rho_sweep,ULB,chronological,0,U,Ensemble,0.005,0.005,TN,56720.0,56962,75,
3430003e4311,rho_sweep,ULB,chronological,0,U,Ensemble,0.005,0.005,FP,167.0,56962,75,
3430003e4311,rho_sweep,ULB,chronological,0,U,Ensemble,0.005,0.005,FN,54.0,56962,75,
3430003e4311,rho_sweep,ULB,chronological,0,U,Ensemble,0.005,0.005,TP,21.0,56962,75,
3430003e4311,rho_sweep,ULB,chronological,0,U,Ensemble,0.005,0.005,n_alerts,188.0,56962,75,
3430003e4311,rho_sweep,ULB,chronological,0,U,Ensemble,0.005,0.005,alert_rate,0.003300445911309294,56962,75,
3430003e4311,rho_sweep,ULB,chronological,0,U,Ensemble,0.005,0.005,prevalence,0.001316667251852112,56962,75,
3430003e4311,rho_sweep,ULB,chronological,0,U,Ensemble,0.005,0.005,lift,84.83702127659573,56962,75,
3430003e4311,rho_sweep,ULB,chronological,0,U,Ensemble,0.005,0.005,tie_ratio,0.07099594459366931,56962,75,
3430003e4311,rho_sweep,ULB,chronological,0,U,Ensemble,0.005,0.005,fit_seconds,0.0,56962,75,
3430003e4311,rho_sweep,ULB,chronological,0,U,Ensemble,0.005,0.005,score_seconds,0.0,56962,75,
493a8cade3a5,rho_sweep,ULB,chronological,0,U,Ensemble,0.005,0.005,single_point_invariant,1.0,56962,75,invariance
9839f882d492,rho_sweep,ULB,chronological,0,N,IsolationForest,0.005,0.005,PR_AUC,0.03689637579882185,56962,75,
9839f882d492,rho_sweep,ULB,chronological,0,N,IsolationForest,0.005,0.005,ROC_AUC,0.9442236949273707,56962,75,
9839f882d492,rho_sweep,ULB,chronological,0,N,IsolationForest,0.005,0.005,Precision,0.02717391304347826,56962,75,
9839f882d492,rho_sweep,ULB,chronological,0,N,IsolationForest,0.005,0.005,Recall,0.06666666666666667,56962,75,
9839f882d492,rho_sweep,ULB,chronological,0,N,IsolationForest,0.005,0.005,F1,0.03861003861003861,56962,75,
9839f882d492,rho_sweep,ULB,chronological,0,N,IsolationForest,0.005,0.005,TN,56708.0,56962,75,
9839f882d492,rho_sweep,ULB,chronological,0,N,IsolationForest,0.005,0.005,FP,179.0,56962,75,
9839f882d492,rho_sweep,ULB,chronological,0,N,IsolationForest,0.005,0.005,FN,70.0,56962,75,
9839f882d492,rho_sweep,ULB,chronological,0,N,IsolationForest,0.005,0.005,TP,5.0,56962,75,
9839f882d492,rho_sweep,ULB,chronological,0,N,IsolationForest,0.005,0.005,n_alerts,184.0,56962,75,
9839f882d492,rho_sweep,ULB,chronological,0,N,IsolationForest,0.005,0.005,alert_rate,0.003230223657877181,56962,75,
9839f882d492,rho_sweep,ULB,chronological,0,N,IsolationForest,0.005,0.005,prevalence,0.001316667251852112,56962,75,
9839f882d492,rho_sweep,ULB,chronological,0,N,IsolationForest,0.005,0.005,lift,20.63840579710145,56962,75,
9839f882d492,rho_sweep,ULB,chronological,0,N,IsolationForest,0.005,0.005,tie_ratio,0.01824055055213214,56962,75,
9839f882d492,rho_sweep,ULB,chronological,0,N,IsolationForest,0.005,0.005,fit_seconds,1.822746753692627,56962,75,
9839f882d492,rho_sweep,ULB,chronological,0,N,IsolationForest,0.005,0.005,score_seconds,2.4833695888519287,56962,75,
67ce40842214,rho_sweep,ULB,chronological,0,N,LOF,0.005,0.005,PR_AUC,0.603157863943587,56962,75,
67ce40842214,rho_sweep,ULB,chronological,0,N,LOF,0.005,0.005,ROC_AUC,0.9266049068035462,56962,75,
67ce40842214,rho_sweep,ULB,chronological,0,N,LOF,0.005,0.005,Precision,0.09320695102685624,56962,75,
67ce40842214,rho_sweep,ULB,chronological,0,N,LOF,0.005,0.005,Recall,0.7866666666666666,56962,75,
67ce40842214,rho_sweep,ULB,chronological,0,N,LOF,0.005,0.005,F1,0.16666666666666666,56962,75,
67ce40842214,rho_sweep,ULB,chronological,0,N,LOF,0.005,0.005,TN,56313.0,56962,75,
67ce40842214,rho_sweep,ULB,chronological,0,N,LOF,0.005,0.005,FP,574.0,56962,75,
67ce40842214,rho_sweep,ULB,chronological,0,N,LOF,0.005,0.005,FN,16.0,56962,75,
67ce40842214,rho_sweep,ULB,chronological,0,N,LOF,0.005,0.005,TP,59.0,56962,75,
67ce40842214,rho_sweep,ULB,chronological,0,N,LOF,0.005,0.005,n_alerts,633.0,56962,75,
67ce40842214,rho_sweep,ULB,chronological,0,N,LOF,0.005,0.005,alert_rate,0.011112671605631825,56962,75,
67ce40842214,rho_sweep,ULB,chronological,0,N,LOF,0.005,0.005,prevalence,0.001316667251852112,56962,75,
67ce40842214,rho_sweep,ULB,chronological,0,N,LOF,0.005,0.005,lift,70.79005792522379,56962,75,
67ce40842214,rho_sweep,ULB,chronological,0,N,LOF,0.005,0.005,tie_ratio,0.02154105440564602,56962,75,
67ce40842214,rho_sweep,ULB,chronological,0,N,LOF,0.005,0.005,fit_seconds,1.0637092590332031,56962,75,
67ce40842214,rho_sweep,ULB,chronological,0,N,LOF,0.005,0.005,score_seconds,6.07103419303894,56962,75,
e6448c96c9fa,rho_sweep,ULB,chronological,0,N,OneClassSVM,0.005,0.005,PR_AUC,0.12476017332147252,56962,75,
e6448c96c9fa,rho_sweep,ULB,chronological,0,N,OneClassSVM,0.005,0.005,ROC_AUC,0.9539025319200052,56962,75,
e6448c96c9fa,rho_sweep,ULB,chronological,0,N,OneClassSVM,0.005,0.005,Precision,0.19387755102040816,56962,75,
e6448c96c9fa,rho_sweep,ULB,chronological,0,N,OneClassSVM,0.005,0.005,Recall,0.5066666666666667,56962,75,
e6448c96c9fa,rho_sweep,ULB,chronological,0,N,OneClassSVM,0.005,0.005,F1,0.28044280442804426,56962,75,
e6448c96c9fa,rho_sweep,ULB,chronological,0,N,OneClassSVM,0.005,0.005,TN,56729.0,56962,75,
e6448c96c9fa,rho_sweep,ULB,chronological,0,N,OneClassSVM,0.005,0.005,FP,158.0,56962,75,
e6448c96c9fa,rho_sweep,ULB,chronological,0,N,OneClassSVM,0.005,0.005,FN,37.0,56962,75,
e6448c96c9fa,rho_sweep,ULB,chronological,0,N,OneClassSVM,0.005,0.005,TP,38.0,56962,75,
e6448c96c9fa,rho_sweep,ULB,chronological,0,N,OneClassSVM,0.005,0.005,n_alerts,196.0,56962,75,
e6448c96c9fa,rho_sweep,ULB,chronological,0,N,OneClassSVM,0.005,0.005,alert_rate,0.003440890418173519,56962,75,
e6448c96c9fa,rho_sweep,ULB,chronological,0,N,OneClassSVM,0.005,0.005,prevalence,0.001316667251852112,56962,75,
e6448c96c9fa,rho_sweep,ULB,chronological,0,N,OneClassSVM,0.005,0.005,lift,147.24870748299318,56962,75,
e6448c96c9fa,rho_sweep,ULB,chronological,0,N,OneClassSVM,0.005,0.005,tie_ratio,0.0036867330278611554,56962,75,
e6448c96c9fa,rho_sweep,ULB,chronological,0,N,OneClassSVM,0.005,0.005,fit_seconds,1.2630221843719482,56962,75,
e6448c96c9fa,rho_sweep,ULB,chronological,0,N,OneClassSVM,0.005,0.005,score_seconds,11.773479461669922,56962,75,
edc4ccc0e794,rho_sweep,ULB,chronological,0,N,DBSCAN,0.005,0.005,PR_AUC,0.025021498387405985,56962,75,
edc4ccc0e794,rho_sweep,ULB,chronological,0,N,DBSCAN,0.005,0.005,ROC_AUC,0.9437054745958362,56962,75,
edc4ccc0e794,rho_sweep,ULB,chronological,0,N,DBSCAN,0.005,0.005,Precision,0.0,56962,75,
edc4ccc0e794,rho_sweep,ULB,chronological,0,N,DBSCAN,0.005,0.005,Recall,0.0,56962,75,
edc4ccc0e794,rho_sweep,ULB,chronological,0,N,DBSCAN,0.005,0.005,F1,0.0,56962,75,
edc4ccc0e794,rho_sweep,ULB,chronological,0,N,DBSCAN,0.005,0.005,TN,56708.0,56962,75,
edc4ccc0e794,rho_sweep,ULB,chronological,0,N,DBSCAN,0.005,0.005,FP,179.0,56962,75,
edc4ccc0e794,rho_sweep,ULB,chronological,0,N,DBSCAN,0.005,0.005,FN,75.0,56962,75,
edc4ccc0e794,rho_sweep,ULB,chronological,0,N,DBSCAN,0.005,0.005,TP,0.0,56962,75,
edc4ccc0e794,rho_sweep,ULB,chronological,0,N,DBSCAN,0.005,0.005,n_alerts,179.0,56962,75,
edc4ccc0e794,rho_sweep,ULB,chronological,0,N,DBSCAN,0.005,0.005,alert_rate,0.0031424458410870405,56962,75,
edc4ccc0e794,rho_sweep,ULB,chronological,0,N,DBSCAN,0.005,0.005,prevalence,0.001316667251852112,56962,75,
edc4ccc0e794,rho_sweep,ULB,chronological,0,N,DBSCAN,0.005,0.005,lift,0.0,56962,75,
edc4ccc0e794,rho_sweep,ULB,chronological,0,N,DBSCAN,0.005,0.005,tie_ratio,0.006109443303312756,56962,75,
edc4ccc0e794,rho_sweep,ULB,chronological,0,N,DBSCAN,0.005,0.005,fit_seconds,0.8126447200775146,56962,75,
edc4ccc0e794,rho_sweep,ULB,chronological,0,N,DBSCAN,0.005,0.005,score_seconds,0.04900932312011719,56962,75,
7258dc261e2a,rho_sweep,ULB,chronological,0,N,KMeans,0.005,0.005,PR_AUC,0.06734823561570871,56962,75,
7258dc261e2a,rho_sweep,ULB,chronological,0,N,KMeans,0.005,0.005,ROC_AUC,0.9670830476793175,56962,75,
7258dc261e2a,rho_sweep,ULB,chronological,0,N,KMeans,0.005,0.005,Precision,0.0893854748603352,56962,75,
7258dc261e2a,rho_sweep,ULB,chronological,0,N,KMeans,0.005,0.005,Recall,0.21333333333333335,56962,75,
7258dc261e2a,rho_sweep,ULB,chronological,0,N,KMeans,0.005,0.005,F1,0.12598425196850394,56962,75,
7258dc261e2a,rho_sweep,ULB,chronological,0,N,KMeans,0.005,0.005,TN,56724.0,56962,75,
7258dc261e2a,rho_sweep,ULB,chronological,0,N,KMeans,0.005,0.005,FP,163.0,56962,75,
7258dc261e2a,rho_sweep,ULB,chronological,0,N,KMeans,0.005,0.005,FN,59.0,56962,75,
7258dc261e2a,rho_sweep,ULB,chronological,0,N,KMeans,0.005,0.005,TP,16.0,56962,75,
7258dc261e2a,rho_sweep,ULB,chronological,0,N,KMeans,0.005,0.005,n_alerts,179.0,56962,75,
7258dc261e2a,rho_sweep,ULB,chronological,0,N,KMeans,0.005,0.005,alert_rate,0.0031424458410870405,56962,75,
7258dc261e2a,rho_sweep,ULB,chronological,0,N,KMeans,0.005,0.005,prevalence,0.001316667251852112,56962,75,
7258dc261e2a,rho_sweep,ULB,chronological,0,N,KMeans,0.005,0.005,lift,67.88767225325884,56962,75,
7258dc261e2a,rho_sweep,ULB,chronological,0,N,KMeans,0.005,0.005,tie_ratio,0.007039904496058735,56962,75,
7258dc261e2a,rho_sweep,ULB,chronological,0,N,KMeans,0.005,0.005,fit_seconds,9.001765727996826,56962,75,
7258dc261e2a,rho_sweep,ULB,chronological,0,N,KMeans,0.005,0.005,score_seconds,0.15983939170837402,56962,75,
fea5baeef708,rho_sweep,ULB,chronological,0,N,Ensemble,0.005,0.005,PR_AUC,0.13996640831520835,56962,75,
fea5baeef708,rho_sweep,ULB,chronological,0,N,Ensemble,0.005,0.005,ROC_AUC,0.9638818476394725,56962,75,
fea5baeef708,rho_sweep,ULB,chronological,0,N,Ensemble,0.005,0.005,Precision,0.21761658031088082,56962,75,
fea5baeef708,rho_sweep,ULB,chronological,0,N,Ensemble,0.005,0.005,Recall,0.56,56962,75,
fea5baeef708,rho_sweep,ULB,chronological,0,N,Ensemble,0.005,0.005,F1,0.31343283582089554,56962,75,
fea5baeef708,rho_sweep,ULB,chronological,0,N,Ensemble,0.005,0.005,TN,56736.0,56962,75,
fea5baeef708,rho_sweep,ULB,chronological,0,N,Ensemble,0.005,0.005,FP,151.0,56962,75,
fea5baeef708,rho_sweep,ULB,chronological,0,N,Ensemble,0.005,0.005,FN,33.0,56962,75,
fea5baeef708,rho_sweep,ULB,chronological,0,N,Ensemble,0.005,0.005,TP,42.0,56962,75,
fea5baeef708,rho_sweep,ULB,chronological,0,N,Ensemble,0.005,0.005,n_alerts,193.0,56962,75,
fea5baeef708,rho_sweep,ULB,chronological,0,N,Ensemble,0.005,0.005,alert_rate,0.0033882237280994346,56962,75,
fea5baeef708,rho_sweep,ULB,chronological,0,N,Ensemble,0.005,0.005,prevalence,0.001316667251852112,56962,75,
fea5baeef708,rho_sweep,ULB,chronological,0,N,Ensemble,0.005,0.005,lift,165.27834196891192,56962,75,
fea5baeef708,rho_sweep,ULB,chronological,0,N,Ensemble,0.005,0.005,tie_ratio,0.07231263496076268,56962,75,
fea5baeef708,rho_sweep,ULB,chronological,0,N,Ensemble,0.005,0.005,fit_seconds,0.0,56962,75,
fea5baeef708,rho_sweep,ULB,chronological,0,N,Ensemble,0.005,0.005,score_seconds,0.0,56962,75,
18f214fbe960,rho_sweep,ULB,chronological,0,N,Ensemble,0.005,0.005,single_point_invariant,1.0,56962,75,invariance
474d6d78b72f,rho_sweep,ULB,chronological,0,U,IsolationForest,0.01,0.01,PR_AUC,0.054562789355073034,56962,75,
474d6d78b72f,rho_sweep,ULB,chronological,0,U,IsolationForest,0.01,0.01,ROC_AUC,0.9484357879070203,56962,75,
474d6d78b72f,rho_sweep,ULB,chronological,0,U,IsolationForest,0.01,0.01,Precision,0.08980582524271845,56962,75,
474d6d78b72f,rho_sweep,ULB,chronological,0,U,IsolationForest,0.01,0.01,Recall,0.49333333333333335,56962,75,
474d6d78b72f,rho_sweep,ULB,chronological,0,U,IsolationForest,0.01,0.01,F1,0.15195071868583163,56962,75,
474d6d78b72f,rho_sweep,ULB,chronological,0,U,IsolationForest,0.01,0.01,TN,56512.0,56962,75,
474d6d78b72f,rho_sweep,ULB,chronological,0,U,IsolationForest,0.01,0.01,FP,375.0,56962,75,
474d6d78b72f,rho_sweep,ULB,chronological,0,U,IsolationForest,0.01,0.01,FN,38.0,56962,75,
474d6d78b72f,rho_sweep,ULB,chronological,0,U,IsolationForest,0.01,0.01,TP,37.0,56962,75,
474d6d78b72f,rho_sweep,ULB,chronological,0,U,IsolationForest,0.01,0.01,n_alerts,412.0,56962,75,
474d6d78b72f,rho_sweep,ULB,chronological,0,U,IsolationForest,0.01,0.01,alert_rate,0.007232892103507601,56962,75,
474d6d78b72f,rho_sweep,ULB,chronological,0,U,IsolationForest,0.01,0.01,prevalence,0.001316667251852112,56962,75,
474d6d78b72f,rho_sweep,ULB,chronological,0,U,IsolationForest,0.01,0.01,lift,68.20692556634305,56962,75,
474d6d78b72f,rho_sweep,ULB,chronological,0,U,IsolationForest,0.01,0.01,tie_ratio,0.019627464405470363,56962,75,
474d6d78b72f,rho_sweep,ULB,chronological,0,U,IsolationForest,0.01,0.01,fit_seconds,1.6793699264526367,56962,75,
474d6d78b72f,rho_sweep,ULB,chronological,0,U,IsolationForest,0.01,0.01,score_seconds,2.5991432666778564,56962,75,
2d853b8587b0,rho_sweep,ULB,chronological,0,U,LOF,0.01,0.01,PR_AUC,0.07627939933401451,56962,75,
2d853b8587b0,rho_sweep,ULB,chronological,0,U,LOF,0.01,0.01,ROC_AUC,0.8178164900006446,56962,75,
2d853b8587b0,rho_sweep,ULB,chronological,0,U,LOF,0.01,0.01,Precision,0.023238380809595203,56962,75,
2d853b8587b0,rho_sweep,ULB,chronological,0,U,LOF,0.01,0.01,Recall,0.41333333333333333,56962,75,
2d853b8587b0,rho_sweep,ULB,chronological,0,U,LOF,0.01,0.01,F1,0.0440028388928318,56962,75,
2d853b8587b0,rho_sweep,ULB,chronological,0,U,LOF,0.01,0.01,TN,55584.0,56962,75,
2d853b8587b0,rho_sweep,ULB,chronological,0,U,LOF,0.01,0.01,FP,1303.0,56962,75,
2d853b8587b0,rho_sweep,ULB,chronological,0,U,LOF,0.01,0.01,FN,44.0,56962,75,
2d853b8587b0,rho_sweep,ULB,chronological,0,U,LOF,0.01,0.01,TP,31.0,56962,75,
2d853b8587b0,rho_sweep,ULB,chronological,0,U,LOF,0.01,0.01,n_alerts,1334.0,56962,75,
2d853b8587b0,rho_sweep,ULB,chronological,0,U,LOF,0.01,0.01,alert_rate,0.023419121519609565,56962,75,
2d853b8587b0,rho_sweep,ULB,chronological,0,U,LOF,0.01,0.01,prevalence,0.001316667251852112,56962,75,
2d853b8587b0,rho_sweep,ULB,chronological,0,U,LOF,0.01,0.01,lift,17.649395302348825,56962,75,
2d853b8587b0,rho_sweep,ULB,chronological,0,U,LOF,0.01,0.01,tie_ratio,0.020224364038552656,56962,75,
2d853b8587b0,rho_sweep,ULB,chronological,0,U,LOF,0.01,0.01,fit_seconds,1.0820448398590088,56962,75,
2d853b8587b0,rho_sweep,ULB,chronological,0,U,LOF,0.01,0.01,score_seconds,5.957900047302246,56962,75,
e98a7c70b099,rho_sweep,ULB,chronological,0,U,OneClassSVM,0.01,0.01,PR_AUC,0.08222504763450714,56962,75,
e98a7c70b099,rho_sweep,ULB,chronological,0,U,OneClassSVM,0.01,0.01,ROC_AUC,0.9473217665430299,56962,75,
e98a7c70b099,rho_sweep,ULB,chronological,0,U,OneClassSVM,0.01,0.01,Precision,0.10386473429951691,56962,75,
e98a7c70b099,rho_sweep,ULB,chronological,0,U,OneClassSVM,0.01,0.01,Recall,0.5733333333333334,56962,75,
e98a7c70b099,rho_sweep,ULB,chronological,0,U,OneClassSVM,0.01,0.01,F1,0.17586912065439672,56962,75,
e98a7c70b099,rho_sweep,ULB,chronological,0,U,OneClassSVM,0.01,0.01,TN,56516.0,56962,75,
e98a7c70b099,rho_sweep,ULB,chronological,0,U,OneClassSVM,0.01,0.01,FP,371.0,56962,75,
e98a7c70b099,rho_sweep,ULB,chronological,0,U,OneClassSVM,0.01,0.01,FN,32.0,56962,75,
e98a7c70b099,rho_sweep,ULB,chronological,0,U,OneClassSVM,0.01,0.01,TP,43.0,56962,75,
e98a7c70b099,rho_sweep,ULB,chronological,0,U,OneClassSVM,0.01,0.01,n_alerts,414.0,56962,75,
e98a7c70b099,rho_sweep,ULB,chronological,0,U,OneClassSVM,0.01,0.01,alert_rate,0.007268003230223658,56962,75,
e98a7c70b099,rho_sweep,ULB,chronological,0,U,OneClassSVM,0.01,0.01,prevalence,0.001316667251852112,56962,75,
e98a7c70b099,rho_sweep,ULB,chronological,0,U,OneClassSVM,0.01,0.01,lift,78.8845732689211,56962,75,
e98a7c70b099,rho_sweep,ULB,chronological,0,U,OneClassSVM,0.01,0.01,tie_ratio,0.0035638419269324872,56962,75,
e98a7c70b099,rho_sweep,ULB,chronological,0,U,OneClassSVM,0.01,0.01,fit_seconds,1.405489206314087,56962,75,
e98a7c70b099,rho_sweep,ULB,chronological,0,U,OneClassSVM,0.01,0.01,score_seconds,10.371381521224976,56962,75,
d0dfedd6d4ea,rho_sweep,ULB,chronological,0,U,DBSCAN,0.01,0.01,PR_AUC,0.024725100118224274,56962,75,
d0dfedd6d4ea,rho_sweep,ULB,chronological,0,U,DBSCAN,0.01,0.01,ROC_AUC,0.9381904477297097,56962,75,
d0dfedd6d4ea,rho_sweep,ULB,chronological,0,U,DBSCAN,0.01,0.01,Precision,0.015151515151515152,56962,75,
d0dfedd6d4ea,rho_sweep,ULB,chronological,0,U,DBSCAN,0.01,0.01,Recall,0.08,56962,75,
d0dfedd6d4ea,rho_sweep,ULB,chronological,0,U,DBSCAN,0.01,0.01,F1,0.025477707006369428,56962,75,
d0dfedd6d4ea,rho_sweep,ULB,chronological,0,U,DBSCAN,0.01,0.01,TN,56497.0,56962,75,
d0dfedd6d4ea,rho_sweep,ULB,chronological,0,U,DBSCAN,0.01,0.01,FP,390.0,56962,75,
d0dfedd6d4ea,rho_sweep,ULB,chronological,0,U,DBSCAN,0.01,0.01,FN,69.0,56962,75,
d0dfedd6d4ea,rho_sweep,ULB,chronological,0,U,DBSCAN,0.01,0.01,TP,6.0,56962,75,
d0dfedd6d4ea,rho_sweep,ULB,chronological,0,U,DBSCAN,0.01,0.01,n_alerts,396.0,56962,75,
d0dfedd6d4ea,rho_sweep,ULB,chronological,0,U,DBSCAN,0.01,0.01,alert_rate,0.006952003089779151,56962,75,
d0dfedd6d4ea,rho_sweep,ULB,chronological,0,U,DBSCAN,0.01,0.01,prevalence,0.001316667251852112,56962,75,
d0dfedd6d4ea,rho_sweep,ULB,chronological,0,U,DBSCAN,0.01,0.01,lift,11.507474747474747,56962,75,
d0dfedd6d4ea,rho_sweep,ULB,chronological,0,U,DBSCAN,0.01,0.01,tie_ratio,0.006039219817067787,56962,75,
d0dfedd6d4ea,rho_sweep,ULB,chronological,0,U,DBSCAN,0.01,0.01,fit_seconds,0.7933781147003174,56962,75,
d0dfedd6d4ea,rho_sweep,ULB,chronological,0,U,DBSCAN,0.01,0.01,score_seconds,0.03375554084777832,56962,75,
f584ac846b53,rho_sweep,ULB,chronological,0,U,KMeans,0.01,0.01,PR_AUC,0.06788595503536501,56962,75,
f584ac846b53,rho_sweep,ULB,chronological,0,U,KMeans,0.01,0.01,ROC_AUC,0.9667539742530514,56962,75,
f584ac846b53,rho_sweep,ULB,chronological,0,U,KMeans,0.01,0.01,Precision,0.09046454767726161,56962,75,
f584ac846b53,rho_sweep,ULB,chronological,0,U,KMeans,0.01,0.01,Recall,0.49333333333333335,56962,75,
f584ac846b53,rho_sweep,ULB,chronological,0,U,KMeans,0.01,0.01,F1,0.15289256198347106,56962,75,
f584ac846b53,rho_sweep,ULB,chronological,0,U,KMeans,0.01,0.01,TN,56515.0,56962,75,
f584ac846b53,rho_sweep,ULB,chronological,0,U,KMeans,0.01,0.01,FP,372.0,56962,75,
f584ac846b53,rho_sweep,ULB,chronological,0,U,KMeans,0.01,0.01,FN,38.0,56962,75,
f584ac846b53,rho_sweep,ULB,chronological,0,U,KMeans,0.01,0.01,TP,37.0,56962,75,
f584ac846b53,rho_sweep,ULB,chronological,0,U,KMeans,0.01,0.01,n_alerts,409.0,56962,75,
f584ac846b53,rho_sweep,ULB,chronological,0,U,KMeans,0.01,0.01,alert_rate,0.007180225413433517,56962,75,
f584ac846b53,rho_sweep,ULB,chronological,0,U,KMeans,0.01,0.01,prevalence,0.001316667251852112,56962,75,
f584ac846b53,rho_sweep,ULB,chronological,0,U,KMeans,0.01,0.01,lift,68.70722086389569,56962,75,
f584ac846b53,rho_sweep,ULB,chronological,0,U,KMeans,0.01,0.01,tie_ratio,0.006583451835466381,56962,75,
f584ac846b53,rho_sweep,ULB,chronological,0,U,KMeans,0.01,0.01,fit_seconds,8.79152512550354,56962,75,
f584ac846b53,rho_sweep,ULB,chronological,0,U,KMeans,0.01,0.01,score_seconds,0.1764981746673584,56962,75,
06c7f7d3e67d,rho_sweep,ULB,chronological,0,U,Ensemble,0.01,0.01,PR_AUC,0.06952310516774954,56962,75,
06c7f7d3e67d,rho_sweep,ULB,chronological,0,U,Ensemble,0.01,0.01,ROC_AUC,0.9585122552897265,56962,75,
06c7f7d3e67d,rho_sweep,ULB,chronological,0,U,Ensemble,0.01,0.01,Precision,0.09327548806941431,56962,75,
06c7f7d3e67d,rho_sweep,ULB,chronological,0,U,Ensemble,0.01,0.01,Recall,0.5733333333333334,56962,75,
06c7f7d3e67d,rho_sweep,ULB,chronological,0,U,Ensemble,0.01,0.01,F1,0.16044776119402984,56962,75,
06c7f7d3e67d,rho_sweep,ULB,chronological,0,U,Ensemble,0.01,0.01,TN,56469.0,56962,75,
06c7f7d3e67d,rho_sweep,ULB,chronological,0,U,Ensemble,0.01,0.01,FP,418.0,56962,75,
06c7f7d3e67d,rho_sweep,ULB,chronological,0,U,Ensemble,0.01,0.01,FN,32.0,56962,75,
06c7f7d3e67d,rho_sweep,ULB,chronological,0,U,Ensemble,0.01,0.01,TP,43.0,56962,75,
06c7f7d3e67d,rho_sweep,ULB,chronological,0,U,Ensemble,0.01,0.01,n_alerts,461.0,56962,75,
06c7f7d3e67d,rho_sweep,ULB,chronological,0,U,Ensemble,0.01,0.01,alert_rate,0.008093114708050981,56962,75,
06c7f7d3e67d,rho_sweep,ULB,chronological,0,U,Ensemble,0.01,0.01,prevalence,0.001316667251852112,56962,75,
06c7f7d3e67d,rho_sweep,ULB,chronological,0,U,Ensemble,0.01,0.01,lift,70.84211135213305,56962,75,
06c7f7d3e67d,rho_sweep,ULB,chronological,0,U,Ensemble,0.01,0.01,tie_ratio,0.07096083285054688,56962,75,
06c7f7d3e67d,rho_sweep,ULB,chronological,0,U,Ensemble,0.01,0.01,fit_seconds,0.0,56962,75,
06c7f7d3e67d,rho_sweep,ULB,chronological,0,U,Ensemble,0.01,0.01,score_seconds,0.0,56962,75,
30429638e6a4,rho_sweep,ULB,chronological,0,U,Ensemble,0.01,0.01,single_point_invariant,1.0,56962,75,invariance
3e030a3b51ae,rho_sweep,ULB,chronological,0,N,IsolationForest,0.01,0.01,PR_AUC,0.03689637579882185,56962,75,
3e030a3b51ae,rho_sweep,ULB,chronological,0,N,IsolationForest,0.01,0.01,ROC_AUC,0.9442236949273707,56962,75,
3e030a3b51ae,rho_sweep,ULB,chronological,0,N,IsolationForest,0.01,0.01,Precision,0.0575,56962,75,
3e030a3b51ae,rho_sweep,ULB,chronological,0,N,IsolationForest,0.01,0.01,Recall,0.30666666666666664,56962,75,
3e030a3b51ae,rho_sweep,ULB,chronological,0,N,IsolationForest,0.01,0.01,F1,0.0968421052631579,56962,75,
3e030a3b51ae,rho_sweep,ULB,chronological,0,N,IsolationForest,0.01,0.01,TN,56510.0,56962,75,
3e030a3b51ae,rho_sweep,ULB,chronological,0,N,IsolationForest,0.01,0.01,FP,377.0,56962,75,
3e030a3b51ae,rho_sweep,ULB,chronological,0,N,IsolationForest,0.01,0.01,FN,52.0,56962,75,
3e030a3b51ae,rho_sweep,ULB,chronological,0,N,IsolationForest,0.01,0.01,TP,23.0,56962,75,
3e030a3b51ae,rho_sweep,ULB,chronological,0,N,IsolationForest,0.01,0.01,n_alerts,400.0,56962,75,
3e030a3b51ae,rho_sweep,ULB,chronological,0,N,IsolationForest,0.01,0.01,alert_rate,0.007022225343211263,56962,75,
3e030a3b51ae,rho_sweep,ULB,chronological,0,N,IsolationForest,0.01,0.01,prevalence,0.001316667251852112,56962,75,
3e030a3b51ae,rho_sweep,ULB,chronological,0,N,IsolationForest,0.01,0.01,lift,43.67086666666667,56962,75,
3e030a3b51ae,rho_sweep,ULB,chronological,0,N,IsolationForest,0.01,0.01,tie_ratio,0.01824055055213214,56962,75,
3e030a3b51ae,rho_sweep,ULB,chronological,0,N,IsolationForest,0.01,0.01,fit_seconds,1.7962703704833984,56962,75,
3e030a3b51ae,rho_sweep,ULB,chronological,0,N,IsolationForest,0.01,0.01,score_seconds,2.5136265754699707,56962,75,
a3121e7e779f,rho_sweep,ULB,chronological,0,N,LOF,0.01,0.01,PR_AUC,0.603157863943587,56962,75,
a3121e7e779f,rho_sweep,ULB,chronological,0,N,LOF,0.01,0.01,ROC_AUC,0.9266049068035462,56962,75,
a3121e7e779f,rho_sweep,ULB,chronological,0,N,LOF,0.01,0.01,Precision,0.043478260869565216,56962,75,
a3121e7e779f,rho_sweep,ULB,chronological,0,N,LOF,0.01,0.01,Recall,0.8266666666666667,56962,75,
a3121e7e779f,rho_sweep,ULB,chronological,0,N,LOF,0.01,0.01,F1,0.08261159227181879,56962,75,
a3121e7e779f,rho_sweep,ULB,chronological,0,N,LOF,0.01,0.01,TN,55523.0,56962,75,
a3121e7e779f,rho_sweep,ULB,chronological,0,N,LOF,0.01,0.01,FP,1364.0,56962,75,
a3121e7e779f,rho_sweep,ULB,chronological,0,N,LOF,0.01,0.01,FN,13.0,56962,75,
a3121e7e779f,rho_sweep,ULB,chronological,0,N,LOF,0.01,0.01,TP,62.0,56962,75,
a3121e7e779f,rho_sweep,ULB,chronological,0,N,LOF,0.01,0.01,n_alerts,1426.0,56962,75,
a3121e7e779f,rho_sweep,ULB,chronological,0,N,LOF,0.01,0.01,alert_rate,0.025034233348548155,56962,75,
a3121e7e779f,rho_sweep,ULB,chronological,0,N,LOF,0.01,0.01,prevalence,0.001316667251852112,56962,75,
a3121e7e779f,rho_sweep,ULB,chronological,0,N,LOF,0.01,0.01,lift,33.021449275362315,56962,75,
a3121e7e779f,rho_sweep,ULB,chronological,0,N,LOF,0.01,0.01,tie_ratio,0.02154105440564602,56962,75,
a3121e7e779f,rho_sweep,ULB,chronological,0,N,LOF,0.01,0.01,fit_seconds,1.0818803310394287,56962,75,
a3121e7e779f,rho_sweep,ULB,chronological,0,N,LOF,0.01,0.01,score_seconds,5.981619834899902,56962,75,
52ee289fabcd,rho_sweep,ULB,chronological,0,N,OneClassSVM,0.01,0.01,PR_AUC,0.13494005396646197,56962,75,
52ee289fabcd,rho_sweep,ULB,chronological,0,N,OneClassSVM,0.01,0.01,ROC_AUC,0.9539744874341533,56962,75,
52ee289fabcd,rho_sweep,ULB,chronological,0,N,OneClassSVM,0.01,0.01,Precision,0.13801452784503632,56962,75,
52ee289fabcd,rho_sweep,ULB,chronological,0,N,OneClassSVM,0.01,0.01,Recall,0.76,56962,75,
52ee289fabcd,rho_sweep,ULB,chronological,0,N,OneClassSVM,0.01,0.01,F1,0.2336065573770492,56962,75,
52ee289fabcd,rho_sweep,ULB,chronological,0,N,OneClassSVM,0.01,0.01,TN,56531.0,56962,75,
52ee289fabcd,rho_sweep,ULB,chronological,0,N,OneClassSVM,0.01,0.01,FP,356.0,56962,75,
52ee289fabcd,rho_sweep,ULB,chronological,0,N,OneClassSVM,0.01,0.01,FN,18.0,56962,75,
52ee289fabcd,rho_sweep,ULB,chronological,0,N,OneClassSVM,0.01,0.01,TP,57.0,56962,75,
52ee289fabcd,rho_sweep,ULB,chronological,0,N,OneClassSVM,0.01,0.01,n_alerts,413.0,56962,75,
52ee289fabcd,rho_sweep,ULB,chronological,0,N,OneClassSVM,0.01,0.01,alert_rate,0.00725044766686563,56962,75,
52ee289fabcd,rho_sweep,ULB,chronological,0,N,OneClassSVM,0.01,0.01,prevalence,0.001316667251852112,56962,75,
52ee289fabcd,rho_sweep,ULB,chronological,0,N,OneClassSVM,0.01,0.01,lift,104.82111380145278,56962,75,
52ee289fabcd,rho_sweep,ULB,chronological,0,N,OneClassSVM,0.01,0.01,tie_ratio,0.0036867330278611554,56962,75,
52ee289fabcd,rho_sweep,ULB,chronological,0,N,OneClassSVM,0.01,0.01,fit_seconds,1.514906644821167,56962,75,
52ee289fabcd,rho_sweep,ULB,chronological,0,N,OneClassSVM,0.01,0.01,score_seconds,11.629364967346191,56962,75,
72d06075b05b,rho_sweep,ULB,chronological,0,N,DBSCAN,0.01,0.01,PR_AUC,0.025021498387405985,56962,75,
72d06075b05b,rho_sweep,ULB,chronological,0,N,DBSCAN,0.01,0.01,ROC_AUC,0.9437054745958362,56962,75,
72d06075b05b,rho_sweep,ULB,chronological,0,N,DBSCAN,0.01,0.01,Precision,0.015189873417721518,56962,75,
72d06075b05b,rho_sweep,ULB,chronological,0,N,DBSCAN,0.01,0.01,Recall,0.08,56962,75,
72d06075b05b,rho_sweep,ULB,chronological,0,N,DBSCAN,0.01,0.01,F1,0.02553191489361702,56962,75,
72d06075b05b,rho_sweep,ULB,chronological,0,N,DBSCAN,0.01,0.01,TN,56498.0,56962,75,
72d06075b05b,rho_sweep,ULB,chronological,0,N,DBSCAN,0.01,0.01,FP,389.0,56962,75,
72d06075b05b,rho_sweep,ULB,chronological,0,N,DBSCAN,0.01,0.01,FN,69.0,56962,75,
72d06075b05b,rho_sweep,ULB,chronological,0,N,DBSCAN,0.01,0.01,TP,6.0,56962,75,
72d06075b05b,rho_sweep,ULB,chronological,0,N,DBSCAN,0.01,0.01,n_alerts,395.0,56962,75,
72d06075b05b,rho_sweep,ULB,chronological,0,N,DBSCAN,0.01,0.01,alert_rate,0.006934447526421123,56962,75,
72d06075b05b,rho_sweep,ULB,chronological,0,N,DBSCAN,0.01,0.01,prevalence,0.001316667251852112,56962,75,
72d06075b05b,rho_sweep,ULB,chronological,0,N,DBSCAN,0.01,0.01,lift,11.536607594936708,56962,75,
72d06075b05b,rho_sweep,ULB,chronological,0,N,DBSCAN,0.01,0.01,tie_ratio,0.006109443303312756,56962,75,
72d06075b05b,rho_sweep,ULB,chronological,0,N,DBSCAN,0.01,0.01,fit_seconds,0.7926349639892578,56962,75,
72d06075b05b,rho_sweep,ULB,chronological,0,N,DBSCAN,0.01,0.01,score_seconds,0.04977989196777344,56962,75,
b9ea70cc1ddf,rho_sweep,ULB,chronological,0,N,KMeans,0.01,0.01,PR_AUC,0.06734823561570871,56962,75,
b9ea70cc1ddf,rho_sweep,ULB,chronological,0,N,KMeans,0.01,0.01,ROC_AUC,0.9670830476793175,56962,75,
b9ea70cc1ddf,rho_sweep,ULB,chronological,0,N,KMeans,0.01,0.01,Precision,0.09844559585492228,56962,75,
b9ea70cc1ddf,rho_sweep,ULB,chronological,0,N,KMeans,0.01,0.01,Recall,0.5066666666666667,56962,75,
b9ea70cc1ddf,rho_sweep,ULB,chronological,0,N,KMeans,0.01,0.01,F1,0.1648590021691974,56962,75,
b9ea70cc1ddf,rho_sweep,ULB,chronological,0,N,KMeans,0.01,0.01,TN,56539.0,56962,75,
b9ea70cc1ddf,rho_sweep,ULB,chronological,0,N,KMeans,0.01,0.01,FP,348.0,56962,75,
b9ea70cc1ddf,rho_sweep,ULB,chronological,0,N,KMeans,0.01,0.01,FN,37.0,56962,75,
b9ea70cc1ddf,rho_sweep,ULB,chronological,0,N,KMeans,0.01,0.01,TP,38.0,56962,75,
b9ea70cc1ddf,rho_sweep,ULB,chronological,0,N,KMeans,0.01,0.01,n_alerts,386.0,56962,75,
b9ea70cc1ddf,rho_sweep,ULB,chronological,0,N,KMeans,0.01,0.01,alert_rate,0.006776447456198869,56962,75,
b9ea70cc1ddf,rho_sweep,ULB,chronological,0,N,KMeans,0.01,0.01,prevalence,0.001316667251852112,56962,75,
b9ea70cc1ddf,rho_sweep,ULB,chronological,0,N,KMeans,0.01,0.01,lift,74.76877374784111,56962,75,
b9ea70cc1ddf,rho_sweep,ULB,chronological,0,N,KMeans,0.01,0.01,tie_ratio,0.007022348624497465,56962,75,
b9ea70cc1ddf,rho_sweep,ULB,chronological,0,N,KMeans,0.01,0.01,fit_seconds,8.851516008377075,56962,75,
b9ea70cc1ddf,rho_sweep,ULB,chronological,0,N,KMeans,0.01,0.01,score_seconds,0.15906667709350586,56962,75,
e35dced08329,rho_sweep,ULB,chronological,0,N,Ensemble,0.01,0.01,PR_AUC,0.14068482016398232,56962,75,
e35dced08329,rho_sweep,ULB,chronological,0,N,Ensemble,0.01,0.01,ROC_AUC,0.9638746989646141,56962,75,
e35dced08329,rho_sweep,ULB,chronological,0,N,Ensemble,0.01,0.01,Precision,0.12780269058295965,56962,75,
e35dced08329,rho_sweep,ULB,chronological,0,N,Ensemble,0.01,0.01,Recall,0.76,56962,75,
e35dced08329,rho_sweep,ULB,chronological,0,N,Ensemble,0.01,0.01,F1,0.21880998080614203,56962,75,
e35dced08329,rho_sweep,ULB,chronological,0,N,Ensemble,0.01,0.01,TN,56498.0,56962,75,
e35dced08329,rho_sweep,ULB,chronological,0,N,Ensemble,0.01,0.01,FP,389.0,56962,75,
e35dced08329,rho_sweep,ULB,chronological,0,N,Ensemble,0.01,0.01,FN,18.0,56962,75,
e35dced08329,rho_sweep,ULB,chronological,0,N,Ensemble,0.01,0.01,TP,57.0,56962,75,
e35dced08329,rho_sweep,ULB,chronological,0,N,Ensemble,0.01,0.01,n_alerts,446.0,56962,75,
e35dced08329,rho_sweep,ULB,chronological,0,N,Ensemble,0.01,0.01,alert_rate,0.007829781257680558,56962,75,
e35dced08329,rho_sweep,ULB,chronological,0,N,Ensemble,0.01,0.01,prevalence,0.001316667251852112,56962,75,
e35dced08329,rho_sweep,ULB,chronological,0,N,Ensemble,0.01,0.01,lift,97.06529147982063,56962,75,
e35dced08329,rho_sweep,ULB,chronological,0,N,Ensemble,0.01,0.01,tie_ratio,0.07022348624497465,56962,75,
e35dced08329,rho_sweep,ULB,chronological,0,N,Ensemble,0.01,0.01,fit_seconds,0.0,56962,75,
e35dced08329,rho_sweep,ULB,chronological,0,N,Ensemble,0.01,0.01,score_seconds,0.0,56962,75,
3def01e48bca,rho_sweep,ULB,chronological,0,N,Ensemble,0.01,0.01,single_point_invariant,1.0,56962,75,invariance
2c05be5bb8b2,rho_sweep,ULB,chronological,0,U,IsolationForest,0.02,0.02,PR_AUC,0.054562789355073034,56962,75,
2c05be5bb8b2,rho_sweep,ULB,chronological,0,U,IsolationForest,0.02,0.02,ROC_AUC,0.9484357879070203,56962,75,
2c05be5bb8b2,rho_sweep,ULB,chronological,0,U,IsolationForest,0.02,0.02,Precision,0.04807692307692308,56962,75,
2c05be5bb8b2,rho_sweep,ULB,chronological,0,U,IsolationForest,0.02,0.02,Recall,0.6,56962,75,
2c05be5bb8b2,rho_sweep,ULB,chronological,0,U,IsolationForest,0.02,0.02,F1,0.08902077151335312,56962,75,
2c05be5bb8b2,rho_sweep,ULB,chronological,0,U,IsolationForest,0.02,0.02,TN,55996.0,56962,75,
2c05be5bb8b2,rho_sweep,ULB,chronological,0,U,IsolationForest,0.02,0.02,FP,891.0,56962,75,
2c05be5bb8b2,rho_sweep,ULB,chronological,0,U,IsolationForest,0.02,0.02,FN,30.0,56962,75,
2c05be5bb8b2,rho_sweep,ULB,chronological,0,U,IsolationForest,0.02,0.02,TP,45.0,56962,75,
2c05be5bb8b2,rho_sweep,ULB,chronological,0,U,IsolationForest,0.02,0.02,n_alerts,936.0,56962,75,
2c05be5bb8b2,rho_sweep,ULB,chronological,0,U,IsolationForest,0.02,0.02,alert_rate,0.01643200730311436,56962,75,
2c05be5bb8b2,rho_sweep,ULB,chronological,0,U,IsolationForest,0.02,0.02,prevalence,0.001316667251852112,56962,75,
2c05be5bb8b2,rho_sweep,ULB,chronological,0,U,IsolationForest,0.02,0.02,lift,36.514102564102565,56962,75,
2c05be5bb8b2,rho_sweep,ULB,chronological,0,U,IsolationForest,0.02,0.02,tie_ratio,0.019627464405470363,56962,75,
2c05be5bb8b2,rho_sweep,ULB,chronological,0,U,IsolationForest,0.02,0.02,fit_seconds,1.4912195205688477,56962,75,
2c05be5bb8b2,rho_sweep,ULB,chronological,0,U,IsolationForest,0.02,0.02,score_seconds,2.5935065746307373,56962,75,
1da0e4308dea,rho_sweep,ULB,chronological,0,U,LOF,0.02,0.02,PR_AUC,0.07627939933401451,56962,75,
1da0e4308dea,rho_sweep,ULB,chronological,0,U,LOF,0.02,0.02,ROC_AUC,0.8178164900006446,56962,75,
1da0e4308dea,rho_sweep,ULB,chronological,0,U,LOF,0.02,0.02,Precision,0.012763021731631597,56962,75,
1da0e4308dea,rho_sweep,ULB,chronological,0,U,LOF,0.02,0.02,Recall,0.49333333333333335,56962,75,
1da0e4308dea,rho_sweep,ULB,chronological,0,U,LOF,0.02,0.02,F1,0.02488231338264963,56962,75,
1da0e4308dea,rho_sweep,ULB,chronological,0,U,LOF,0.02,0.02,TN,54025.0,56962,75,
1da0e4308dea,rho_sweep,ULB,chronological,0,U,LOF,0.02,0.02,FP,2862.0,56962,75,
1da0e4308dea,rho_sweep,ULB,chronological,0,U,LOF,0.02,0.02,FN,38.0,56962,75,
1da0e4308dea,rho_sweep,ULB,chronological,0,U,LOF,0.02,0.02,TP,37.0,56962,75,
1da0e4308dea,rho_sweep,ULB,chronological,0,U,LOF,0.02,0.02,n_alerts,2899.0,56962,75,
1da0e4308dea,rho_sweep,ULB,chronological,0,U,LOF,0.02,0.02,alert_rate,0.05089357817492363,56962,75,
1da0e4308dea,rho_sweep,ULB,chronological,0,U,LOF,0.02,0.02,prevalence,0.001316667251852112,56962,75,
1da0e4308dea,rho_sweep,ULB,chronological,0,U,LOF,0.02,0.02,lift,9.693429918362654,56962,75,
1da0e4308dea,rho_sweep,ULB,chronological,0,U,LOF,0.02,0.02,tie_ratio,0.020224364038552656,56962,75,
1da0e4308dea,rho_sweep,ULB,chronological,0,U,LOF,0.02,0.02,fit_seconds,0.966120719909668,56962,75,
1da0e4308dea,rho_sweep,ULB,chronological,0,U,LOF,0.02,0.02,score_seconds,5.937625169754028,56962,75,
02c55bc15bd9,rho_sweep,ULB,chronological,0,U,OneClassSVM,0.02,0.02,PR_AUC,0.08021352660051838,56962,75,
02c55bc15bd9,rho_sweep,ULB,chronological,0,U,OneClassSVM,0.02,0.02,ROC_AUC,0.9503624143770399,56962,75,
02c55bc15bd9,rho_sweep,ULB,chronological,0,U,OneClassSVM,0.02,0.02,Precision,0.05668016194331984,56962,75,
02c55bc15bd9,rho_sweep,ULB,chronological,0,U,OneClassSVM,0.02,0.02,Recall,0.7466666666666667,56962,75,
02c55bc15bd9,rho_sweep,ULB,chronological,0,U,OneClassSVM,0.02,0.02,F1,0.10536218250235184,56962,75,
02c55bc15bd9,rho_sweep,ULB,chronological,0,U,OneClassSVM,0.02,0.02,TN,55955.0,56962,75,
02c55bc15bd9,rho_sweep,ULB,chronological,0,U,OneClassSVM,0.02,0.02,FP,932.0,56962,75,
02c55bc15bd9,rho_sweep,ULB,chronological,0,U,OneClassSVM,0.02,0.02,FN,19.0,56962,75,
02c55bc15bd9,rho_sweep,ULB,chronological,0,U,OneClassSVM,0.02,0.02,TP,56.0,56962,75,
02c55bc15bd9,rho_sweep,ULB,chronological,0,U,OneClassSVM,0.02,0.02,n_alerts,988.0,56962,75,
02c55bc15bd9,rho_sweep,ULB,chronological,0,U,OneClassSVM,0.02,0.02,alert_rate,0.01734489659773182,56962,75,
02c55bc15bd9,rho_sweep,ULB,chronological,0,U,OneClassSVM,0.02,0.02,prevalence,0.001316667251852112,56962,75,
02c55bc15bd9,rho_sweep,ULB,chronological,0,U,OneClassSVM,0.02,0.02,lift,43.048205128205126,56962,75,
02c55bc15bd9,rho_sweep,ULB,chronological,0,U,OneClassSVM,0.02,0.02,tie_ratio,0.0035638419269324872,56962,75,
02c55bc15bd9,rho_sweep,ULB,chronological,0,U,OneClassSVM,0.02,0.02,fit_seconds,2.022219657897949,56962,75,
02c55bc15bd9,rho_sweep,ULB,chronological,0,U,OneClassSVM,0.02,0.02,score_seconds,12.553985834121704,56962,75,
1d02df6ac6c9,rho_sweep,ULB,chronological,0,U,DBSCAN,0.02,0.02,PR_AUC,0.024725100118224274,56962,75,
1d02df6ac6c9,rho_sweep,ULB,chronological,0,U,DBSCAN,0.02,0.02,ROC_AUC,0.9381904477297097,56962,75,
1d02df6ac6c9,rho_sweep,ULB,chronological,0,U,DBSCAN,0.02,0.02,Precision,0.03309692671394799,56962,75,
1d02df6ac6c9,rho_sweep,ULB,chronological,0,U,DBSCAN,0.02,0.02,Recall,0.37333333333333335,56962,75,
1d02df6ac6c9,rho_sweep,ULB,chronological,0,U,DBSCAN,0.02,0.02,F1,0.06080347448425624,56962,75,
1d02df6ac6c9,rho_sweep,ULB,chronological,0,U,DBSCAN,0.02,0.02,TN,56069.0,56962,75,
1d02df6ac6c9,rho_sweep,ULB,chronological,0,U,DBSCAN,0.02,0.02,FP,818.0,56962,75,
1d02df6ac6c9,rho_sweep,ULB,chronological,0,U,DBSCAN,0.02,0.02,FN,47.0,56962,75,
1d02df6ac6c9,rho_sweep,ULB,chronological,0,U,DBSCAN,0.02,0.02,TP,28.0,56962,75,
1d02df6ac6c9,rho_sweep,ULB,chronological,0,U,DBSCAN,0.02,0.02,n_alerts,846.0,56962,75,
1d02df6ac6c9,rho_sweep,ULB,chronological,0,U,DBSCAN,0.02,0.02,alert_rate,0.014852006600891823,56962,75,
1d02df6ac6c9,rho_sweep,ULB,chronological,0,U,DBSCAN,0.02,0.02,prevalence,0.001316667251852112,56962,75,
1d02df6ac6c9,rho_sweep,ULB,chronological,0,U,DBSCAN,0.02,0.02,lift,25.136895193065406,56962,75,
1d02df6ac6c9,rho_sweep,ULB,chronological,0,U,DBSCAN,0.02,0.02,tie_ratio,0.006039219817067787,56962,75,
1d02df6ac6c9,rho_sweep,ULB,chronological,0,U,DBSCAN,0.02,0.02,fit_seconds,0.7908623218536377,56962,75,
1d02df6ac6c9,rho_sweep,ULB,chronological,0,U,DBSCAN,0.02,0.02,score_seconds,0.0340123176574707,56962,75,
fbb86f625f8c,rho_sweep,ULB,chronological,0,U,KMeans,0.02,0.02,PR_AUC,0.06788595503536501,56962,75,
fbb86f625f8c,rho_sweep,ULB,chronological,0,U,KMeans,0.02,0.02,ROC_AUC,0.9667539742530514,56962,75,
fbb86f625f8c,rho_sweep,ULB,chronological,0,U,KMeans,0.02,0.02,Precision,0.0633879781420765,56962,75,
fbb86f625f8c,rho_sweep,ULB,chronological,0,U,KMeans,0.02,0.02,Recall,0.7733333333333333,56962,75,
fbb86f625f8c,rho_sweep,ULB,chronological,0,U,KMeans,0.02,0.02,F1,0.11717171717171718,56962,75,
fbb86f625f8c,rho_sweep,ULB,chronological,0,U,KMeans,0.02,0.02,TN,56030.0,56962,75,
fbb86f625f8c,rho_sweep,ULB,chronological,0,U,KMeans,0.02,0.02,FP,857.0,56962,75,
fbb86f625f8c,rho_sweep,ULB,chronological,0,U,KMeans,0.02,0.02,FN,17.0,56962,75,
fbb86f625f8c,rho_sweep,ULB,chronological,0,U,KMeans,0.02,0.02,TP,58.0,56962,75,
fbb86f625f8c,rho_sweep,ULB,chronological,0,U,KMeans,0.02,0.02,n_alerts,915.0,56962,75,
fbb86f625f8c,rho_sweep,ULB,chronological,0,U,KMeans,0.02,0.02,alert_rate,0.016063340472595767,56962,75,
fbb86f625f8c,rho_sweep,ULB,chronological,0,U,KMeans,0.02,0.02,prevalence,0.001316667251852112,56962,75,
fbb86f625f8c,rho_sweep,ULB,chronological,0,U,KMeans,0.02,0.02,lift,48.14274681238616,56962,75,
fbb86f625f8c,rho_sweep,ULB,chronological,0,U,KMeans,0.02,0.02,tie_ratio,0.006530784220782682,56962,75,
fbb86f625f8c,rho_sweep,ULB,chronological,0,U,KMeans,0.02,0.02,fit_seconds,9.07271146774292,56962,75,
fbb86f625f8c,rho_sweep,ULB,chronological,0,U,KMeans,0.02,0.02,score_seconds,0.1696453094482422,56962,75,
25e21ec6cd57,rho_sweep,ULB,chronological,0,U,Ensemble,0.02,0.02,PR_AUC,0.06930739072366342,56962,75,
25e21ec6cd57,rho_sweep,ULB,chronological,0,U,Ensemble,0.02,0.02,ROC_AUC,0.9584909264565424,56962,75,
25e21ec6cd57,rho_sweep,ULB,chronological,0,U,Ensemble,0.02,0.02,Precision,0.04888888888888889,56962,75,
25e21ec6cd57,rho_sweep,ULB,chronological,0,U,Ensemble,0.02,0.02,Recall,0.7333333333333333,56962,75,
25e21ec6cd57,rho_sweep,ULB,chronological,0,U,Ensemble,0.02,0.02,F1,0.09166666666666666,56962,75,
25e21ec6cd57,rho_sweep,ULB,chronological,0,U,Ensemble,0.02,0.02,TN,55817.0,56962,75,
25e21ec6cd57,rho_sweep,ULB,chronological,0,U,Ensemble,0.02,0.02,FP,1070.0,56962,75,
25e21ec6cd57,rho_sweep,ULB,chronological,0,U,Ensemble,0.02,0.02,FN,20.0,56962,75,
25e21ec6cd57,rho_sweep,ULB,chronological,0,U,Ensemble,0.02,0.02,TP,55.0,56962,75,
25e21ec6cd57,rho_sweep,ULB,chronological,0,U,Ensemble,0.02,0.02,n_alerts,1125.0,56962,75,
25e21ec6cd57,rho_sweep,ULB,chronological,0,U,Ensemble,0.02,0.02,alert_rate,0.01975000877778168,56962,75,
25e21ec6cd57,rho_sweep,ULB,chronological,0,U,Ensemble,0.02,0.02,prevalence,0.001316667251852112,56962,75,
25e21ec6cd57,rho_sweep,ULB,chronological,0,U,Ensemble,0.02,0.02,lift,37.13078518518519,56962,75,
25e21ec6cd57,rho_sweep,ULB,chronological,0,U,Ensemble,0.02,0.02,tie_ratio,0.07245308193325262,56962,75,
25e21ec6cd57,rho_sweep,ULB,chronological,0,U,Ensemble,0.02,0.02,fit_seconds,0.0,56962,75,
25e21ec6cd57,rho_sweep,ULB,chronological,0,U,Ensemble,0.02,0.02,score_seconds,0.0,56962,75,
4c597f623f00,rho_sweep,ULB,chronological,0,U,Ensemble,0.02,0.02,single_point_invariant,1.0,56962,75,invariance
d9c661a80810,rho_sweep,ULB,chronological,0,N,IsolationForest,0.02,0.02,PR_AUC,0.03689637579882185,56962,75,
d9c661a80810,rho_sweep,ULB,chronological,0,N,IsolationForest,0.02,0.02,ROC_AUC,0.9442236949273707,56962,75,
d9c661a80810,rho_sweep,ULB,chronological,0,N,IsolationForest,0.02,0.02,Precision,0.04362050163576881,56962,75,
d9c661a80810,rho_sweep,ULB,chronological,0,N,IsolationForest,0.02,0.02,Recall,0.5333333333333333,56962,75,
d9c661a80810,rho_sweep,ULB,chronological,0,N,IsolationForest,0.02,0.02,F1,0.08064516129032258,56962,75,
d9c661a80810,rho_sweep,ULB,chronological,0,N,IsolationForest,0.02,0.02,TN,56010.0,56962,75,
d9c661a80810,rho_sweep,ULB,chronological,0,N,IsolationForest,0.02,0.02,FP,877.0,56962,75,
d9c661a80810,rho_sweep,ULB,chronological,0,N,IsolationForest,0.02,0.02,FN,35.0,56962,75,
d9c661a80810,rho_sweep,ULB,chronological,0,N,IsolationForest,0.02,0.02,TP,40.0,56962,75,
d9c661a80810,rho_sweep,ULB,chronological,0,N,IsolationForest,0.02,0.02,n_alerts,917.0,56962,75,
d9c661a80810,rho_sweep,ULB,chronological,0,N,IsolationForest,0.02,0.02,alert_rate,0.016098451599311822,56962,75,
d9c661a80810,rho_sweep,ULB,chronological,0,N,IsolationForest,0.02,0.02,prevalence,0.001316667251852112,56962,75,
d9c661a80810,rho_sweep,ULB,chronological,0,N,IsolationForest,0.02,0.02,lift,33.129480189022175,56962,75,
d9c661a80810,rho_sweep,ULB,chronological,0,N,IsolationForest,0.02,0.02,tie_ratio,0.01824055055213214,56962,75,
d9c661a80810,rho_sweep,ULB,chronological,0,N,IsolationForest,0.02,0.02,fit_seconds,1.5301623344421387,56962,75,
d9c661a80810,rho_sweep,ULB,chronological,0,N,IsolationForest,0.02,0.02,score_seconds,2.5596349239349365,56962,75,
bfa600a3e5e5,rho_sweep,ULB,chronological,0,N,LOF,0.02,0.02,PR_AUC,0.603157863943587,56962,75,
bfa600a3e5e5,rho_sweep,ULB,chronological,0,N,LOF,0.02,0.02,ROC_AUC,0.9266049068035462,56962,75,
bfa600a3e5e5,rho_sweep,ULB,chronological,0,N,LOF,0.02,0.02,Precision,0.022423146473779385,56962,75,
bfa600a3e5e5,rho_sweep,ULB,chronological,0,N,LOF,0.02,0.02,Recall,0.8266666666666667,56962,75,
bfa600a3e5e5,rho_sweep,ULB,chronological,0,N,LOF,0.02,0.02,F1,0.04366197183098591,56962,75,
bfa600a3e5e5,rho_sweep,ULB,chronological,0,N,LOF,0.02,0.02,TN,54184.0,56962,75,
bfa600a3e5e5,rho_sweep,ULB,chronological,0,N,LOF,0.02,0.02,FP,2703.0,56962,75,
bfa600a3e5e5,rho_sweep,ULB,chronological,0,N,LOF,0.02,0.02,FN,13.0,56962,75,
bfa600a3e5e5,rho_sweep,ULB,chronological,0,N,LOF,0.02,0.02,TP,62.0,56962,75,
bfa600a3e5e5,rho_sweep,ULB,chronological,0,N,LOF,0.02,0.02,n_alerts,2765.0,56962,75,
bfa600a3e5e5,rho_sweep,ULB,chronological,0,N,LOF,0.02,0.02,alert_rate,0.04854113268494786,56962,75,
bfa600a3e5e5,rho_sweep,ULB,chronological,0,N,LOF,0.02,0.02,prevalence,0.001316667251852112,56962,75,
bfa600a3e5e5,rho_sweep,ULB,chronological,0,N,LOF,0.02,0.02,lift,17.030230259192283,56962,75,
bfa600a3e5e5,rho_sweep,ULB,chronological,0,N,LOF,0.02,0.02,tie_ratio,0.02154105440564602,56962,75,
bfa600a3e5e5,rho_sweep,ULB,chronological,0,N,LOF,0.02,0.02,fit_seconds,0.8840386867523193,56962,75,
bfa600a3e5e5,rho_sweep,ULB,chronological,0,N,LOF,0.02,0.02,score_seconds,5.993348121643066,56962,75,
14811af3562e,rho_sweep,ULB,chronological,0,N,OneClassSVM,0.02,0.02,PR_AUC,0.1376229883076097,56962,75,
14811af3562e,rho_sweep,ULB,chronological,0,N,OneClassSVM,0.02,0.02,ROC_AUC,0.9575471841838499,56962,75,
14811af3562e,rho_sweep,ULB,chronological,0,N,OneClassSVM,0.02,0.02,Precision,0.06512605042016807,56962,75,
14811af3562e,rho_sweep,ULB,chronological,0,N,OneClassSVM,0.02,0.02,Recall,0.8266666666666667,56962,75,
14811af3562e,rho_sweep,ULB,chronological,0,N,OneClassSVM,0.02,0.02,F1,0.12074001947419669,56962,75,
14811af3562e,rho_sweep,ULB,chronological,0,N,OneClassSVM,0.02,0.02,TN,55997.0,56962,75,
14811af3562e,rho_sweep,ULB,chronological,0,N,OneClassSVM,0.02,0.02,FP,890.0,56962,75,
14811af3562e,rho_sweep,ULB,chronological,0,N,OneClassSVM,0.02,0.02,FN,13.0,56962,75,
14811af3562e,rho_sweep,ULB,chronological,0,N,OneClassSVM,0.02,0.02,TP,62.0,56962,75,
14811af3562e,rho_sweep,ULB,chronological,0,N,OneClassSVM,0.02,0.02,n_alerts,952.0,56962,75,
14811af3562e,rho_sweep,ULB,chronological,0,N,OneClassSVM,0.02,0.02,alert_rate,0.016712896316842807,56962,75,
14811af3562e,rho_sweep,ULB,chronological,0,N,OneClassSVM,0.02,0.02,prevalence,0.001316667251852112,56962,75,
14811af3562e,rho_sweep,ULB,chronological,0,N,OneClassSVM,0.02,0.02,lift,49.462801120448184,56962,75,
14811af3562e,rho_sweep,ULB,chronological,0,N,OneClassSVM,0.02,0.02,tie_ratio,0.0037042888994224255,56962,75,
14811af3562e,rho_sweep,ULB,chronological,0,N,OneClassSVM,0.02,0.02,fit_seconds,2.0780258178710938,56962,75,
14811af3562e,rho_sweep,ULB,chronological,0,N,OneClassSVM,0.02,0.02,score_seconds,13.334359884262085,56962,75,
4b7b66d17036,rho_sweep,ULB,chronological,0,N,DBSCAN,0.02,0.02,PR_AUC,0.025021498387405985,56962,75,
4b7b66d17036,rho_sweep,ULB,chronological,0,N,DBSCAN,0.02,0.02,ROC_AUC,0.9437054745958362,56962,75,
4b7b66d17036,rho_sweep,ULB,chronological,0,N,DBSCAN,0.02,0.02,Precision,0.033136094674556214,56962,75,
4b7b66d17036,rho_sweep,ULB,chronological,0,N,DBSCAN,0.02,0.02,Recall,0.37333333333333335,56962,75,
4b7b66d17036,rho_sweep,ULB,chronological,0,N,DBSCAN,0.02,0.02,F1,0.06086956521739131,56962,75,
4b7b66d17036,rho_sweep,ULB,chronological,0,N,DBSCAN,0.02,0.02,TN,56070.0,56962,75,
4b7b66d17036,rho_sweep,ULB,chronological,0,N,DBSCAN,0.02,0.02,FP,817.0,56962,75,
4b7b66d17036,rho_sweep,ULB,chronological,0,N,DBSCAN,0.02,0.02,FN,47.0,56962,75,
4b7b66d17036,rho_sweep,ULB,chronological,0,N,DBSCAN,0.02,0.02,TP,28.0,56962,75,
4b7b66d17036,rho_sweep,ULB,chronological,0,N,DBSCAN,0.02,0.02,n_alerts,845.0,56962,75,
4b7b66d17036,rho_sweep,ULB,chronological,0,N,DBSCAN,0.02,0.02,alert_rate,0.014834451037533794,56962,75,
4b7b66d17036,rho_sweep,ULB,chronological,0,N,DBSCAN,0.02,0.02,prevalence,0.001316667251852112,56962,75,
4b7b66d17036,rho_sweep,ULB,chronological,0,N,DBSCAN,0.02,0.02,lift,25.166642998027616,56962,75,
4b7b66d17036,rho_sweep,ULB,chronological,0,N,DBSCAN,0.02,0.02,tie_ratio,0.006109443303312756,56962,75,
4b7b66d17036,rho_sweep,ULB,chronological,0,N,DBSCAN,0.02,0.02,fit_seconds,0.7987780570983887,56962,75,
4b7b66d17036,rho_sweep,ULB,chronological,0,N,DBSCAN,0.02,0.02,score_seconds,0.04975438117980957,56962,75,
7954031a48de,rho_sweep,ULB,chronological,0,N,KMeans,0.02,0.02,PR_AUC,0.06734823561570871,56962,75,
7954031a48de,rho_sweep,ULB,chronological,0,N,KMeans,0.02,0.02,ROC_AUC,0.9670830476793175,56962,75,
7954031a48de,rho_sweep,ULB,chronological,0,N,KMeans,0.02,0.02,Precision,0.06132075471698113,56962,75,
7954031a48de,rho_sweep,ULB,chronological,0,N,KMeans,0.02,0.02,Recall,0.6933333333333334,56962,75,
7954031a48de,rho_sweep,ULB,chronological,0,N,KMeans,0.02,0.02,F1,0.11267605633802817,56962,75,
7954031a48de,rho_sweep,ULB,chronological,0,N,KMeans,0.02,0.02,TN,56091.0,56962,75,
7954031a48de,rho_sweep,ULB,chronological,0,N,KMeans,0.02,0.02,FP,796.0,56962,75,
7954031a48de,rho_sweep,ULB,chronological,0,N,KMeans,0.02,0.02,FN,23.0,56962,75,
7954031a48de,rho_sweep,ULB,chronological,0,N,KMeans,0.02,0.02,TP,52.0,56962,75,
7954031a48de,rho_sweep,ULB,chronological,0,N,KMeans,0.02,0.02,n_alerts,848.0,56962,75,
7954031a48de,rho_sweep,ULB,chronological,0,N,KMeans,0.02,0.02,alert_rate,0.014887117727607879,56962,75,
7954031a48de,rho_sweep,ULB,chronological,0,N,KMeans,0.02,0.02,prevalence,0.001316667251852112,56962,75,
7954031a48de,rho_sweep,ULB,chronological,0,N,KMeans,0.02,0.02,lift,46.572704402515726,56962,75,
7954031a48de,rho_sweep,ULB,chronological,0,N,KMeans,0.02,0.02,tie_ratio,0.007022348624497465,56962,75,
7954031a48de,rho_sweep,ULB,chronological,0,N,KMeans,0.02,0.02,fit_seconds,8.83733344078064,56962,75,
7954031a48de,rho_sweep,ULB,chronological,0,N,KMeans,0.02,0.02,score_seconds,0.16687536239624023,56962,75,
ce151a485c59,rho_sweep,ULB,chronological,0,N,Ensemble,0.02,0.02,PR_AUC,0.14150570281253055,56962,75,
ce151a485c59,rho_sweep,ULB,chronological,0,N,Ensemble,0.02,0.02,ROC_AUC,0.9643511991609095,56962,75,
ce151a485c59,rho_sweep,ULB,chronological,0,N,Ensemble,0.02,0.02,Precision,0.054708520179372194,56962,75,
ce151a485c59,rho_sweep,ULB,chronological,0,N,Ensemble,0.02,0.02,Recall,0.8133333333333334,56962,75,
ce151a485c59,rho_sweep,ULB,chronological,0,N,Ensemble,0.02,0.02,F1,0.10252100840336134,56962,75,
ce151a485c59,rho_sweep,ULB,chronological,0,N,Ensemble,0.02,0.02,TN,55833.0,56962,75,
ce151a485c59,rho_sweep,ULB,chronological,0,N,Ensemble,0.02,0.02,FP,1054.0,56962,75,
ce151a485c59,rho_sweep,ULB,chronological,0,N,Ensemble,0.02,0.02,FN,14.0,56962,75,
ce151a485c59,rho_sweep,ULB,chronological,0,N,Ensemble,0.02,0.02,TP,61.0,56962,75,
ce151a485c59,rho_sweep,ULB,chronological,0,N,Ensemble,0.02,0.02,n_alerts,1115.0,56962,75,
ce151a485c59,rho_sweep,ULB,chronological,0,N,Ensemble,0.02,0.02,alert_rate,0.019574453144201396,56962,75,
ce151a485c59,rho_sweep,ULB,chronological,0,N,Ensemble,0.02,0.02,prevalence,0.001316667251852112,56962,75,
ce151a485c59,rho_sweep,ULB,chronological,0,N,Ensemble,0.02,0.02,lift,41.55075635276532,56962,75,
ce151a485c59,rho_sweep,ULB,chronological,0,N,Ensemble,0.02,0.02,tie_ratio,0.07252330541949759,56962,75,
ce151a485c59,rho_sweep,ULB,chronological,0,N,Ensemble,0.02,0.02,fit_seconds,0.0,56962,75,
ce151a485c59,rho_sweep,ULB,chronological,0,N,Ensemble,0.02,0.02,score_seconds,0.0,56962,75,
1e451ea58c4b,rho_sweep,ULB,chronological,0,N,Ensemble,0.02,0.02,single_point_invariant,1.0,56962,75,invariance
4ecd16950095,rho_sweep,PaySim,chronological,0,U,IsolationForest,0.001,0.001,PR_AUC,0.01609538541908355,1272524,4254,
4ecd16950095,rho_sweep,PaySim,chronological,0,U,IsolationForest,0.001,0.001,ROC_AUC,0.813015355620548,1272524,4254,
4ecd16950095,rho_sweep,PaySim,chronological,0,U,IsolationForest,0.001,0.001,Precision,0.0,1272524,4254,
4ecd16950095,rho_sweep,PaySim,chronological,0,U,IsolationForest,0.001,0.001,Recall,0.0,1272524,4254,
4ecd16950095,rho_sweep,PaySim,chronological,0,U,IsolationForest,0.001,0.001,F1,0.0,1272524,4254,
4ecd16950095,rho_sweep,PaySim,chronological,0,U,IsolationForest,0.001,0.001,TN,1268216.0,1272524,4254,
4ecd16950095,rho_sweep,PaySim,chronological,0,U,IsolationForest,0.001,0.001,FP,54.0,1272524,4254,
4ecd16950095,rho_sweep,PaySim,chronological,0,U,IsolationForest,0.001,0.001,FN,4254.0,1272524,4254,
4ecd16950095,rho_sweep,PaySim,chronological,0,U,IsolationForest,0.001,0.001,TP,0.0,1272524,4254,
4ecd16950095,rho_sweep,PaySim,chronological,0,U,IsolationForest,0.001,0.001,n_alerts,54.0,1272524,4254,
4ecd16950095,rho_sweep,PaySim,chronological,0,U,IsolationForest,0.001,0.001,alert_rate,4.2435348960019615e-05,1272524,4254,
4ecd16950095,rho_sweep,PaySim,chronological,0,U,IsolationForest,0.001,0.001,prevalence,0.0033429624902948786,1272524,4254,
4ecd16950095,rho_sweep,PaySim,chronological,0,U,IsolationForest,0.001,0.001,lift,0.0,1272524,4254,
4ecd16950095,rho_sweep,PaySim,chronological,0,U,IsolationForest,0.001,0.001,tie_ratio,0.5940076572229679,1272524,4254,
4ecd16950095,rho_sweep,PaySim,chronological,0,U,IsolationForest,0.001,0.001,fit_seconds,11.244717597961426,1272524,4254,
4ecd16950095,rho_sweep,PaySim,chronological,0,U,IsolationForest,0.001,0.001,score_seconds,50.67986869812012,1272524,4254,
190f95857e04,rho_sweep,PaySim,chronological,0,U,LOF,0.001,0.001,PR_AUC,0.0030799352569791417,1272524,4254,
190f95857e04,rho_sweep,PaySim,chronological,0,U,LOF,0.001,0.001,ROC_AUC,0.4998612955691239,1272524,4254,
190f95857e04,rho_sweep,PaySim,chronological,0,U,LOF,0.001,0.001,Precision,0.0,1272524,4254,
190f95857e04,rho_sweep,PaySim,chronological,0,U,LOF,0.001,0.001,Recall,0.0,1272524,4254,
190f95857e04,rho_sweep,PaySim,chronological,0,U,LOF,0.001,0.001,F1,0.0,1272524,4254,
190f95857e04,rho_sweep,PaySim,chronological,0,U,LOF,0.001,0.001,TN,921765.0,1272524,4254,
190f95857e04,rho_sweep,PaySim,chronological,0,U,LOF,0.001,0.001,FP,346505.0,1272524,4254,
190f95857e04,rho_sweep,PaySim,chronological,0,U,LOF,0.001,0.001,FN,4254.0,1272524,4254,
190f95857e04,rho_sweep,PaySim,chronological,0,U,LOF,0.001,0.001,TP,0.0,1272524,4254,
190f95857e04,rho_sweep,PaySim,chronological,0,U,LOF,0.001,0.001,n_alerts,346505.0,1272524,4254,
190f95857e04,rho_sweep,PaySim,chronological,0,U,LOF,0.001,0.001,alert_rate,0.27229741835910365,1272524,4254,
190f95857e04,rho_sweep,PaySim,chronological,0,U,LOF,0.001,0.001,prevalence,0.0033429624902948786,1272524,4254,
190f95857e04,rho_sweep,PaySim,chronological,0,U,LOF,0.001,0.001,lift,0.0,1272524,4254,
190f95857e04,rho_sweep,PaySim,chronological,0,U,LOF,0.001,0.001,tie_ratio,0.042048715780606094,1272524,4254,
190f95857e04,rho_sweep,PaySim,chronological,0,U,LOF,0.001,0.001,fit_seconds,2.0526628494262695,1272524,4254,
190f95857e04,rho_sweep,PaySim,chronological,0,U,LOF,0.001,0.001,score_seconds,395.2291522026062,1272524,4254,
8fe3a02cd18b,rho_sweep,PaySim,chronological,0,U,OneClassSVM,0.001,0.001,PR_AUC,0.10449648308559586,1272524,4254,
8fe3a02cd18b,rho_sweep,PaySim,chronological,0,U,OneClassSVM,0.001,0.001,ROC_AUC,0.8735134478968792,1272524,4254,
8fe3a02cd18b,rho_sweep,PaySim,chronological,0,U,OneClassSVM,0.001,0.001,Precision,0.2813852813852814,1272524,4254,
8fe3a02cd18b,rho_sweep,PaySim,chronological,0,U,OneClassSVM,0.001,0.001,Recall,0.0611189468735308,1272524,4254,
8fe3a02cd18b,rho_sweep,PaySim,chronological,0,U,OneClassSVM,0.001,0.001,F1,0.10042487446890691,1272524,4254,
8fe3a02cd18b,rho_sweep,PaySim,chronological,0,U,OneClassSVM,0.001,0.001,TN,1267606.0,1272524,4254,
8fe3a02cd18b,rho_sweep,PaySim,chronological,0,U,OneClassSVM,0.001,0.001,FP,664.0,1272524,4254,
8fe3a02cd18b,rho_sweep,PaySim,chronological,0,U,OneClassSVM,0.001,0.001,FN,3994.0,1272524,4254,
8fe3a02cd18b,rho_sweep,PaySim,chronological,0,U,OneClassSVM,0.001,0.001,TP,260.0,1272524,4254,
8fe3a02cd18b,rho_sweep,PaySim,chronological,0,U,OneClassSVM,0.001,0.001,n_alerts,924.0,1272524,4254,
8fe3a02cd18b,rho_sweep,PaySim,chronological,0,U,OneClassSVM,0.001,0.001,alert_rate,0.000726115971093669,1272524,4254,
8fe3a02cd18b,rho_sweep,PaySim,chronological,0,U,OneClassSVM,0.001,0.001,prevalence,0.0033429624902948786,1272524,4254,
8fe3a02cd18b,rho_sweep,PaySim,chronological,0,U,OneClassSVM,0.001,0.001,lift,84.1724315490183,1272524,4254,
8fe3a02cd18b,rho_sweep,PaySim,chronological,0,U,OneClassSVM,0.001,0.001,tie_ratio,0.004077722699139641,1272524,4254,
8fe3a02cd18b,rho_sweep,PaySim,chronological,0,U,OneClassSVM,0.001,0.001,fit_seconds,0.28789544105529785,1272524,4254,
8fe3a02cd18b,rho_sweep,PaySim,chronological,0,U,OneClassSVM,0.001,0.001,score_seconds,103.21315670013428,1272524,4254,
c0a5e6ba7a11,rho_sweep,PaySim,chronological,0,U,DBSCAN,0.001,0.001,PR_AUC,0.024800190516075682,1272524,4254,
c0a5e6ba7a11,rho_sweep,PaySim,chronological,0,U,DBSCAN,0.001,0.001,ROC_AUC,0.8407100109704875,1272524,4254,
c0a5e6ba7a11,rho_sweep,PaySim,chronological,0,U,DBSCAN,0.001,0.001,Precision,0.010101010101010102,1272524,4254,
c0a5e6ba7a11,rho_sweep,PaySim,chronological,0,U,DBSCAN,0.001,0.001,Recall,0.00023507287259050304,1272524,4254,
c0a5e6ba7a11,rho_sweep,PaySim,chronological,0,U,DBSCAN,0.001,0.001,F1,0.00045945325063174823,1272524,4254,
c0a5e6ba7a11,rho_sweep,PaySim,chronological,0,U,DBSCAN,0.001,0.001,TN,1268172.0,1272524,4254,
c0a5e6ba7a11,rho_sweep,PaySim,chronological,0,U,DBSCAN,0.001,0.001,FP,98.0,1272524,4254,
c0a5e6ba7a11,rho_sweep,PaySim,chronological,0,U,DBSCAN,0.001,0.001,FN,4253.0,1272524,4254,
c0a5e6ba7a11,rho_sweep,PaySim,chronological,0,U,DBSCAN,0.001,0.001,TP,1.0,1272524,4254,
c0a5e6ba7a11,rho_sweep,PaySim,chronological,0,U,DBSCAN,0.001,0.001,n_alerts,99.0,1272524,4254,
c0a5e6ba7a11,rho_sweep,PaySim,chronological,0,U,DBSCAN,0.001,0.001,alert_rate,7.779813976003596e-05,1272524,4254,
c0a5e6ba7a11,rho_sweep,PaySim,chronological,0,U,DBSCAN,0.001,0.001,prevalence,0.0033429624902948786,1272524,4254,
c0a5e6ba7a11,rho_sweep,PaySim,chronological,0,U,DBSCAN,0.001,0.001,lift,3.0215744658621952,1272524,4254,
c0a5e6ba7a11,rho_sweep,PaySim,chronological,0,U,DBSCAN,0.001,0.001,tie_ratio,0.10432730541820823,1272524,4254,
c0a5e6ba7a11,rho_sweep,PaySim,chronological,0,U,DBSCAN,0.001,0.001,fit_seconds,1.4786453247070312,1272524,4254,
c0a5e6ba7a11,rho_sweep,PaySim,chronological,0,U,DBSCAN,0.001,0.001,score_seconds,0.17014646530151367,1272524,4254,
011fd406d594,rho_sweep,PaySim,chronological,0,U,KMeans,0.001,0.001,PR_AUC,0.041949936502104504,1272524,4254,
011fd406d594,rho_sweep,PaySim,chronological,0,U,KMeans,0.001,0.001,ROC_AUC,0.868853212578011,1272524,4254,
011fd406d594,rho_sweep,PaySim,chronological,0,U,KMeans,0.001,0.001,Precision,0.005263157894736842,1272524,4254,
011fd406d594,rho_sweep,PaySim,chronological,0,U,KMeans,0.001,0.001,Recall,0.00023507287259050304,1272524,4254,
011fd406d594,rho_sweep,PaySim,chronological,0,U,KMeans,0.001,0.001,F1,0.00045004500450045,1272524,4254,
011fd406d594,rho_sweep,PaySim,chronological,0,U,KMeans,0.001,0.001,TN,1268081.0,1272524,4254,
011fd406d594,rho_sweep,PaySim,chronological,0,U,KMeans,0.001,0.001,FP,189.0,1272524,4254,
011fd406d594,rho_sweep,PaySim,chronological,0,U,KMeans,0.001,0.001,FN,4253.0,1272524,4254,
011fd406d594,rho_sweep,PaySim,chronological,0,U,KMeans,0.001,0.001,TP,1.0,1272524,4254,
011fd406d594,rho_sweep,PaySim,chronological,0,U,KMeans,0.001,0.001,n_alerts,190.0,1272524,4254,
011fd406d594,rho_sweep,PaySim,chronological,0,U,KMeans,0.001,0.001,alert_rate,0.00014930956115562458,1272524,4254,
011fd406d594,rho_sweep,PaySim,chronological,0,U,KMeans,0.001,0.001,prevalence,0.0033429624902948786,1272524,4254,
011fd406d594,rho_sweep,PaySim,chronological,0,U,KMeans,0.001,0.001,lift,1.574399326949249,1272524,4254,
011fd406d594,rho_sweep,PaySim,chronological,0,U,KMeans,0.001,0.001,tie_ratio,0.1504702465336607,1272524,4254,
011fd406d594,rho_sweep,PaySim,chronological,0,U,KMeans,0.001,0.001,fit_seconds,102.07148933410645,1272524,4254,
011fd406d594,rho_sweep,PaySim,chronological,0,U,KMeans,0.001,0.001,score_seconds,1.582207441329956,1272524,4254,
5a463940c81c,rho_sweep,PaySim,chronological,0,U,Ensemble,0.001,0.001,PR_AUC,0.15019959843283326,1272524,4254,
5a463940c81c,rho_sweep,PaySim,chronological,0,U,Ensemble,0.001,0.001,ROC_AUC,0.9177308458628396,1272524,4254,
5a463940c81c,rho_sweep,PaySim,chronological,0,U,Ensemble,0.001,0.001,Precision,0.04950495049504951,1272524,4254,
5a463940c81c,rho_sweep,PaySim,chronological,0,U,Ensemble,0.001,0.001,Recall,0.0011753643629525152,1272524,4254,
5a463940c81c,rho_sweep,PaySim,chronological,0,U,Ensemble,0.001,0.001,F1,0.002296211251435132,1272524,4254,
5a463940c81c,rho_sweep,PaySim,chronological,0,U,Ensemble,0.001,0.001,TN,1268174.0,1272524,4254,
5a463940c81c,rho_sweep,PaySim,chronological,0,U,Ensemble,0.001,0.001,FP,96.0,1272524,4254,
5a463940c81c,rho_sweep,PaySim,chronological,0,U,Ensemble,0.001,0.001,FN,4249.0,1272524,4254,
5a463940c81c,rho_sweep,PaySim,chronological,0,U,Ensemble,0.001,0.001,TP,5.0,1272524,4254,
5a463940c81c,rho_sweep,PaySim,chronological,0,U,Ensemble,0.001,0.001,n_alerts,101.0,1272524,4254,
5a463940c81c,rho_sweep,PaySim,chronological,0,U,Ensemble,0.001,0.001,alert_rate,7.93698193511478e-05,1272524,4254,
5a463940c81c,rho_sweep,PaySim,chronological,0,U,Ensemble,0.001,0.001,prevalence,0.0033429624902948786,1272524,4254,
5a463940c81c,rho_sweep,PaySim,chronological,0,U,Ensemble,0.001,0.001,lift,14.808706540611748,1272524,4254,
5a463940c81c,rho_sweep,PaySim,chronological,0,U,Ensemble,0.001,0.001,tie_ratio,0.10078473961984213,1272524,4254,
5a463940c81c,rho_sweep,PaySim,chronological,0,U,Ensemble,0.001,0.001,fit_seconds,0.0,1272524,4254,
5a463940c81c,rho_sweep,PaySim,chronological,0,U,Ensemble,0.001,0.001,score_seconds,0.0,1272524,4254,
cab6ab453cc0,rho_sweep,PaySim,chronological,0,U,Ensemble,0.001,0.001,single_point_invariant,1.0,1272524,4254,invariance
216ec9eec70b,rho_sweep,PaySim,chronological,0,N,IsolationForest,0.001,0.001,PR_AUC,0.016475860057613735,1272524,4254,
216ec9eec70b,rho_sweep,PaySim,chronological,0,N,IsolationForest,0.001,0.001,ROC_AUC,0.8133172071344671,1272524,4254,
216ec9eec70b,rho_sweep,PaySim,chronological,0,N,IsolationForest,0.001,0.001,Precision,0.06896551724137931,1272524,4254,
216ec9eec70b,rho_sweep,PaySim,chronological,0,N,IsolationForest,0.001,0.001,Recall,0.0009402914903620122,1272524,4254,
216ec9eec70b,rho_sweep,PaySim,chronological,0,N,IsolationForest,0.001,0.001,F1,0.0018552875695732839,1272524,4254,
216ec9eec70b,rho_sweep,PaySim,chronological,0,N,IsolationForest,0.001,0.001,TN,1268216.0,1272524,4254,
216ec9eec70b,rho_sweep,PaySim,chronological,0,N,IsolationForest,0.001,0.001,FP,54.0,1272524,4254,
216ec9eec70b,rho_sweep,PaySim,chronological,0,N,IsolationForest,0.001,0.001,FN,4250.0,1272524,4254,
216ec9eec70b,rho_sweep,PaySim,chronological,0,N,IsolationForest,0.001,0.001,TP,4.0,1272524,4254,
216ec9eec70b,rho_sweep,PaySim,chronological,0,N,IsolationForest,0.001,0.001,n_alerts,58.0,1272524,4254,
216ec9eec70b,rho_sweep,PaySim,chronological,0,N,IsolationForest,0.001,0.001,alert_rate,4.557870814224329e-05,1272524,4254,
216ec9eec70b,rho_sweep,PaySim,chronological,0,N,IsolationForest,0.001,0.001,prevalence,0.0033429624902948786,1272524,4254,
216ec9eec70b,rho_sweep,PaySim,chronological,0,N,IsolationForest,0.001,0.001,lift,20.63006014623154,1272524,4254,
216ec9eec70b,rho_sweep,PaySim,chronological,0,N,IsolationForest,0.001,0.001,tie_ratio,0.5972382446224983,1272524,4254,
216ec9eec70b,rho_sweep,PaySim,chronological,0,N,IsolationForest,0.001,0.001,fit_seconds,11.003715515136719,1272524,4254,
216ec9eec70b,rho_sweep,PaySim,chronological,0,N,IsolationForest,0.001,0.001,score_seconds,51.66640305519104,1272524,4254,
75f9d891b50e,rho_sweep,PaySim,chronological,0,N,LOF,0.001,0.001,PR_AUC,0.0030319200122619254,1272524,4254,
75f9d891b50e,rho_sweep,PaySim,chronological,0,N,LOF,0.001,0.001,ROC_AUC,0.49302603351576035,1272524,4254,
75f9d891b50e,rho_sweep,PaySim,chronological,0,N,LOF,0.001,0.001,Precision,7.125532702084218e-05,1272524,4254,
75f9d891b50e,rho_sweep,PaySim,chronological,0,N,LOF,0.001,0.001,Recall,0.0061118946873530795,1272524,4254,
75f9d891b50e,rho_sweep,PaySim,chronological,0,N,LOF,0.001,0.001,F1,0.00014086834498657687,1272524,4254,
75f9d891b50e,rho_sweep,PaySim,chronological,0,N,LOF,0.001,0.001,TN,903411.0,1272524,4254,
75f9d891b50e,rho_sweep,PaySim,chronological,0,N,LOF,0.001,0.001,FP,364859.0,1272524,4254,
75f9d891b50e,rho_sweep,PaySim,chronological,0,N,LOF,0.001,0.001,FN,4228.0,1272524,4254,
75f9d891b50e,rho_sweep,PaySim,chronological,0,N,LOF,0.001,0.001,TP,26.0,1272524,4254,
75f9d891b50e,rho_sweep,PaySim,chronological,0,N,LOF,0.001,0.001,n_alerts,364885.0,1272524,4254,
75f9d891b50e,rho_sweep,PaySim,chronological,0,N,LOF,0.001,0.001,alert_rate,0.2867411538014214,1272524,4254,
75f9d891b50e,rho_sweep,PaySim,chronological,0,N,LOF,0.001,0.001,prevalence,0.0033429624902948786,1272524,4254,
75f9d891b50e,rho_sweep,PaySim,chronological,0,N,LOF,0.001,0.001,lift,0.021315024391600886,1272524,4254,
75f9d891b50e,rho_sweep,PaySim,chronological,0,N,LOF,0.001,0.001,tie_ratio,0.037686519075475156,1272524,4254,
75f9d891b50e,rho_sweep,PaySim,chronological,0,N,LOF,0.001,0.001,fit_seconds,2.904188632965088,1272524,4254,
75f9d891b50e,rho_sweep,PaySim,chronological,0,N,LOF,0.001,0.001,score_seconds,419.14701747894287,1272524,4254,
8299ea3362e0,rho_sweep,PaySim,chronological,0,N,OneClassSVM,0.001,0.001,PR_AUC,0.10416580044083337,1272524,4254,
8299ea3362e0,rho_sweep,PaySim,chronological,0,N,OneClassSVM,0.001,0.001,ROC_AUC,0.8709990729424448,1272524,4254,
8299ea3362e0,rho_sweep,PaySim,chronological,0,N,OneClassSVM,0.001,0.001,Precision,0.28285714285714286,1272524,4254,
8299ea3362e0,rho_sweep,PaySim,chronological,0,N,OneClassSVM,0.001,0.001,Recall,0.06981664315937941,1272524,4254,
8299ea3362e0,rho_sweep,PaySim,chronological,0,N,OneClassSVM,0.001,0.001,F1,0.11199095022624435,1272524,4254,
8299ea3362e0,rho_sweep,PaySim,chronological,0,N,OneClassSVM,0.001,0.001,TN,1267517.0,1272524,4254,
8299ea3362e0,rho_sweep,PaySim,chronological,0,N,OneClassSVM,0.001,0.001,FP,753.0,1272524,4254,
8299ea3362e0,rho_sweep,PaySim,chronological,0,N,OneClassSVM,0.001,0.001,FN,3957.0,1272524,4254,
8299ea3362e0,rho_sweep,PaySim,chronological,0,N,OneClassSVM,0.001,0.001,TP,297.0,1272524,4254,
8299ea3362e0,rho_sweep,PaySim,chronological,0,N,OneClassSVM,0.001,0.001,n_alerts,1050.0,1272524,4254,
8299ea3362e0,rho_sweep,PaySim,chronological,0,N,OneClassSVM,0.001,0.001,alert_rate,0.0008251317853337147,1272524,4254,
8299ea3362e0,rho_sweep,PaySim,chronological,0,N,OneClassSVM,0.001,0.001,prevalence,0.0033429624902948786,1272524,4254,
8299ea3362e0,rho_sweep,PaySim,chronological,0,N,OneClassSVM,0.001,0.001,lift,84.61271811404393,1272524,4254,
8299ea3362e0,rho_sweep,PaySim,chronological,0,N,OneClassSVM,0.001,0.001,tie_ratio,0.004435279806117576,1272524,4254,
8299ea3362e0,rho_sweep,PaySim,chronological,0,N,OneClassSVM,0.001,0.001,fit_seconds,0.3430216312408447,1272524,4254,
8299ea3362e0,rho_sweep,PaySim,chronological,0,N,OneClassSVM,0.001,0.001,score_seconds,102.19283080101013,1272524,4254,
20124ba115de,rho_sweep,PaySim,chronological,0,N,DBSCAN,0.001,0.001,PR_AUC,0.02480496478288824,1272524,4254,
20124ba115de,rho_sweep,PaySim,chronological,0,N,DBSCAN,0.001,0.001,ROC_AUC,0.8406674069663339,1272524,4254,
20124ba115de,rho_sweep,PaySim,chronological,0,N,DBSCAN,0.001,0.001,Precision,0.010101010101010102,1272524,4254,
20124ba115de,rho_sweep,PaySim,chronological,0,N,DBSCAN,0.001,0.001,Recall,0.00023507287259050304,1272524,4254,
20124ba115de,rho_sweep,PaySim,chronological,0,N,DBSCAN,0.001,0.001,F1,0.00045945325063174823,1272524,4254,
20124ba115de,rho_sweep,PaySim,chronological,0,N,DBSCAN,0.001,0.001,TN,1268172.0,1272524,4254,
20124ba115de,rho_sweep,PaySim,chronological,0,N,DBSCAN,0.001,0.001,FP,98.0,1272524,4254,
20124ba115de,rho_sweep,PaySim,chronological,0,N,DBSCAN,0.001,0.001,FN,4253.0,1272524,4254,
20124ba115de,rho_sweep,PaySim,chronological,0,N,DBSCAN,0.001,0.001,TP,1.0,1272524,4254,
20124ba115de,rho_sweep,PaySim,chronological,0,N,DBSCAN,0.001,0.001,n_alerts,99.0,1272524,4254,
20124ba115de,rho_sweep,PaySim,chronological,0,N,DBSCAN,0.001,0.001,alert_rate,7.779813976003596e-05,1272524,4254,
20124ba115de,rho_sweep,PaySim,chronological,0,N,DBSCAN,0.001,0.001,prevalence,0.0033429624902948786,1272524,4254,
20124ba115de,rho_sweep,PaySim,chronological,0,N,DBSCAN,0.001,0.001,lift,3.0215744658621952,1272524,4254,
20124ba115de,rho_sweep,PaySim,chronological,0,N,DBSCAN,0.001,0.001,tie_ratio,0.0998142274723306,1272524,4254,
20124ba115de,rho_sweep,PaySim,chronological,0,N,DBSCAN,0.001,0.001,fit_seconds,1.2497785091400146,1272524,4254,
20124ba115de,rho_sweep,PaySim,chronological,0,N,DBSCAN,0.001,0.001,score_seconds,0.17407751083374023,1272524,4254,
47835d0ef2c7,rho_sweep,PaySim,chronological,0,N,KMeans,0.001,0.001,PR_AUC,0.04580053803918829,1272524,4254,
47835d0ef2c7,rho_sweep,PaySim,chronological,0,N,KMeans,0.001,0.001,ROC_AUC,0.8627522785175912,1272524,4254,
47835d0ef2c7,rho_sweep,PaySim,chronological,0,N,KMeans,0.001,0.001,Precision,0.010101010101010102,1272524,4254,
47835d0ef2c7,rho_sweep,PaySim,chronological,0,N,KMeans,0.001,0.001,Recall,0.00023507287259050304,1272524,4254,
47835d0ef2c7,rho_sweep,PaySim,chronological,0,N,KMeans,0.001,0.001,F1,0.00045945325063174823,1272524,4254,
47835d0ef2c7,rho_sweep,PaySim,chronological,0,N,KMeans,0.001,0.001,TN,1268172.0,1272524,4254,
47835d0ef2c7,rho_sweep,PaySim,chronological,0,N,KMeans,0.001,0.001,FP,98.0,1272524,4254,
47835d0ef2c7,rho_sweep,PaySim,chronological,0,N,KMeans,0.001,0.001,FN,4253.0,1272524,4254,
47835d0ef2c7,rho_sweep,PaySim,chronological,0,N,KMeans,0.001,0.001,TP,1.0,1272524,4254,
47835d0ef2c7,rho_sweep,PaySim,chronological,0,N,KMeans,0.001,0.001,n_alerts,99.0,1272524,4254,
47835d0ef2c7,rho_sweep,PaySim,chronological,0,N,KMeans,0.001,0.001,alert_rate,7.779813976003596e-05,1272524,4254,
47835d0ef2c7,rho_sweep,PaySim,chronological,0,N,KMeans,0.001,0.001,prevalence,0.0033429624902948786,1272524,4254,
47835d0ef2c7,rho_sweep,PaySim,chronological,0,N,KMeans,0.001,0.001,lift,3.0215744658621952,1272524,4254,
47835d0ef2c7,rho_sweep,PaySim,chronological,0,N,KMeans,0.001,0.001,tie_ratio,0.15273110762547504,1272524,4254,
47835d0ef2c7,rho_sweep,PaySim,chronological,0,N,KMeans,0.001,0.001,fit_seconds,109.05505418777466,1272524,4254,
47835d0ef2c7,rho_sweep,PaySim,chronological,0,N,KMeans,0.001,0.001,score_seconds,1.5627496242523193,1272524,4254,
b5b07753e792,rho_sweep,PaySim,chronological,0,N,Ensemble,0.001,0.001,PR_AUC,0.17069260665163397,1272524,4254,
b5b07753e792,rho_sweep,PaySim,chronological,0,N,Ensemble,0.001,0.001,ROC_AUC,0.9162210594918807,1272524,4254,
b5b07753e792,rho_sweep,PaySim,chronological,0,N,Ensemble,0.001,0.001,Precision,0.19,1272524,4254,
b5b07753e792,rho_sweep,PaySim,chronological,0,N,Ensemble,0.001,0.001,Recall,0.004466384579219558,1272524,4254,
b5b07753e792,rho_sweep,PaySim,chronological,0,N,Ensemble,0.001,0.001,F1,0.008727606798346348,1272524,4254,
b5b07753e792,rho_sweep,PaySim,chronological,0,N,Ensemble,0.001,0.001,TN,1268189.0,1272524,4254,
b5b07753e792,rho_sweep,PaySim,chronological,0,N,Ensemble,0.001,0.001,FP,81.0,1272524,4254,
b5b07753e792,rho_sweep,PaySim,chronological,0,N,Ensemble,0.001,0.001,FN,4235.0,1272524,4254,
b5b07753e792,rho_sweep,PaySim,chronological,0,N,Ensemble,0.001,0.001,TP,19.0,1272524,4254,
b5b07753e792,rho_sweep,PaySim,chronological,0,N,Ensemble,0.001,0.001,n_alerts,100.0,1272524,4254,
b5b07753e792,rho_sweep,PaySim,chronological,0,N,Ensemble,0.001,0.001,alert_rate,7.858397955559188e-05,1272524,4254,
b5b07753e792,rho_sweep,PaySim,chronological,0,N,Ensemble,0.001,0.001,prevalence,0.0033429624902948786,1272524,4254,
b5b07753e792,rho_sweep,PaySim,chronological,0,N,Ensemble,0.001,0.001,lift,56.83581570286789,1272524,4254,
b5b07753e792,rho_sweep,PaySim,chronological,0,N,Ensemble,0.001,0.001,tie_ratio,0.10147470696034022,1272524,4254,
b5b07753e792,rho_sweep,PaySim,chronological,0,N,Ensemble,0.001,0.001,fit_seconds,0.0,1272524,4254,
b5b07753e792,rho_sweep,PaySim,chronological,0,N,Ensemble,0.001,0.001,score_seconds,0.0,1272524,4254,
7cd08157a26f,rho_sweep,PaySim,chronological,0,N,Ensemble,0.001,0.001,single_point_invariant,1.0,1272524,4254,invariance
6a2f3b69057e,rho_sweep,PaySim,chronological,0,U,IsolationForest,0.005,0.005,PR_AUC,0.01609538541908355,1272524,4254,
6a2f3b69057e,rho_sweep,PaySim,chronological,0,U,IsolationForest,0.005,0.005,ROC_AUC,0.813015355620548,1272524,4254,
6a2f3b69057e,rho_sweep,PaySim,chronological,0,U,IsolationForest,0.005,0.005,Precision,0.038506417736289385,1272524,4254,
6a2f3b69057e,rho_sweep,PaySim,chronological,0,U,IsolationForest,0.005,0.005,Recall,0.007757404795486601,1272524,4254,
6a2f3b69057e,rho_sweep,PaySim,chronological,0,U,IsolationForest,0.005,0.005,F1,0.012913324202700058,1272524,4254,
6a2f3b69057e,rho_sweep,PaySim,chronological,0,U,IsolationForest,0.005,0.005,TN,1267446.0,1272524,4254,
6a2f3b69057e,rho_sweep,PaySim,chronological,0,U,IsolationForest,0.005,0.005,FP,824.0,1272524,4254,
6a2f3b69057e,rho_sweep,PaySim,chronological,0,U,IsolationForest,0.005,0.005,FN,4221.0,1272524,4254,
6a2f3b69057e,rho_sweep,PaySim,chronological,0,U,IsolationForest,0.005,0.005,TP,33.0,1272524,4254,
6a2f3b69057e,rho_sweep,PaySim,chronological,0,U,IsolationForest,0.005,0.005,n_alerts,857.0,1272524,4254,
6a2f3b69057e,rho_sweep,PaySim,chronological,0,U,IsolationForest,0.005,0.005,alert_rate,0.0006734647047914224,1272524,4254,
6a2f3b69057e,rho_sweep,PaySim,chronological,0,U,IsolationForest,0.005,0.005,prevalence,0.0033429624902948786,1272524,4254,
6a2f3b69057e,rho_sweep,PaySim,chronological,0,U,IsolationForest,0.005,0.005,lift,11.51865085177572,1272524,4254,
6a2f3b69057e,rho_sweep,PaySim,chronological,0,U,IsolationForest,0.005,0.005,tie_ratio,0.5940076572229679,1272524,4254,
6a2f3b69057e,rho_sweep,PaySim,chronological,0,U,IsolationForest,0.005,0.005,fit_seconds,10.868972539901733,1272524,4254,
6a2f3b69057e,rho_sweep,PaySim,chronological,0,U,IsolationForest,0.005,0.005,score_seconds,36.713730812072754,1272524,4254,
e02649cbc906,rho_sweep,PaySim,chronological,0,U,LOF,0.005,0.005,PR_AUC,0.0030799352569791417,1272524,4254,
e02649cbc906,rho_sweep,PaySim,chronological,0,U,LOF,0.005,0.005,ROC_AUC,0.4998612955691239,1272524,4254,
e02649cbc906,rho_sweep,PaySim,chronological,0,U,LOF,0.005,0.005,Precision,0.0,1272524,4254,
e02649cbc906,rho_sweep,PaySim,chronological,0,U,LOF,0.005,0.005,Recall,0.0,1272524,4254,
e02649cbc906,rho_sweep,PaySim,chronological,0,U,LOF,0.005,0.005,F1,0.0,1272524,4254,
e02649cbc906,rho_sweep,PaySim,chronological,0,U,LOF,0.005,0.005,TN,910268.0,1272524,4254,
e02649cbc906,rho_sweep,PaySim,chronological,0,U,LOF,0.005,0.005,FP,358002.0,1272524,4254,
e02649cbc906,rho_sweep,PaySim,chronological,0,U,LOF,0.005,0.005,FN,4254.0,1272524,4254,
e02649cbc906,rho_sweep,PaySim,chronological,0,U,LOF,0.005,0.005,TP,0.0,1272524,4254,
e02649cbc906,rho_sweep,PaySim,chronological,0,U,LOF,0.005,0.005,n_alerts,358002.0,1272524,4254,
e02649cbc906,rho_sweep,PaySim,chronological,0,U,LOF,0.005,0.005,alert_rate,0.28133221848861006,1272524,4254,
e02649cbc906,rho_sweep,PaySim,chronological,0,U,LOF,0.005,0.005,prevalence,0.0033429624902948786,1272524,4254,
e02649cbc906,rho_sweep,PaySim,chronological,0,U,LOF,0.005,0.005,lift,0.0,1272524,4254,
e02649cbc906,rho_sweep,PaySim,chronological,0,U,LOF,0.005,0.005,tie_ratio,0.042048715780606094,1272524,4254,
e02649cbc906,rho_sweep,PaySim,chronological,0,U,LOF,0.005,0.005,fit_seconds,2.0312345027923584,1272524,4254,
e02649cbc906,rho_sweep,PaySim,chronological,0,U,LOF,0.005,0.005,score_seconds,354.7413845062256,1272524,4254,
efbd51a3afde,rho_sweep,PaySim,chronological,0,U,OneClassSVM,0.005,0.005,PR_AUC,0.10543568280199875,1272524,4254,
efbd51a3afde,rho_sweep,PaySim,chronological,0,U,OneClassSVM,0.005,0.005,ROC_AUC,0.8757167375165967,1272524,4254,
efbd51a3afde,rho_sweep,PaySim,chronological,0,U,OneClassSVM,0.005,0.005,Precision,0.2609289617486339,1272524,4254,
efbd51a3afde,rho_sweep,PaySim,chronological,0,U,OneClassSVM,0.005,0.005,Recall,0.08979783732957217,1272524,4254,
efbd51a3afde,rho_sweep,PaySim,chronological,0,U,OneClassSVM,0.005,0.005,F1,0.1336131514515565,1272524,4254,
efbd51a3afde,rho_sweep,PaySim,chronological,0,U,OneClassSVM,0.005,0.005,TN,1267188.0,1272524,4254,
efbd51a3afde,rho_sweep,PaySim,chronological,0,U,OneClassSVM,0.005,0.005,FP,1082.0,1272524,4254,
efbd51a3afde,rho_sweep,PaySim,chronological,0,U,OneClassSVM,0.005,0.005,FN,3872.0,1272524,4254,
efbd51a3afde,rho_sweep,PaySim,chronological,0,U,OneClassSVM,0.005,0.005,TP,382.0,1272524,4254,
efbd51a3afde,rho_sweep,PaySim,chronological,0,U,OneClassSVM,0.005,0.005,n_alerts,1464.0,1272524,4254,
efbd51a3afde,rho_sweep,PaySim,chronological,0,U,OneClassSVM,0.005,0.005,alert_rate,0.001150469460693865,1272524,4254,
efbd51a3afde,rho_sweep,PaySim,chronological,0,U,OneClassSVM,0.005,0.005,prevalence,0.0033429624902948786,1272524,4254,
efbd51a3afde,rho_sweep,PaySim,chronological,0,U,OneClassSVM,0.005,0.005,lift,78.05321253413695,1272524,4254,
efbd51a3afde,rho_sweep,PaySim,chronological,0,U,OneClassSVM,0.005,0.005,tie_ratio,0.004126444766464177,1272524,4254,
efbd51a3afde,rho_sweep,PaySim,chronological,0,U,OneClassSVM,0.005,0.005,fit_seconds,0.593360185623169,1272524,4254,
efbd51a3afde,rho_sweep,PaySim,chronological,0,U,OneClassSVM,0.005,0.005,score_seconds,88.14158892631531,1272524,4254,
c8ba431267e2,rho_sweep,PaySim,chronological,0,U,DBSCAN,0.005,0.005,PR_AUC,0.024800190516075682,1272524,4254,
c8ba431267e2,rho_sweep,PaySim,chronological,0,U,DBSCAN,0.005,0.005,ROC_AUC,0.8407100109704875,1272524,4254,
c8ba431267e2,rho_sweep,PaySim,chronological,0,U,DBSCAN,0.005,0.005,Precision,0.1179245283018868,1272524,4254,
c8ba431267e2,rho_sweep,PaySim,chronological,0,U,DBSCAN,0.005,0.005,Recall,0.02938410907381288,1272524,4254,
c8ba431267e2,rho_sweep,PaySim,chronological,0,U,DBSCAN,0.005,0.005,F1,0.04704554008280015,1272524,4254,
c8ba431267e2,rho_sweep,PaySim,chronological,0,U,DBSCAN,0.005,0.005,TN,1267335.0,1272524,4254,
c8ba431267e2,rho_sweep,PaySim,chronological,0,U,DBSCAN,0.005,0.005,FP,935.0,1272524,4254,
c8ba431267e2,rho_sweep,PaySim,chronological,0,U,DBSCAN,0.005,0.005,FN,4129.0,1272524,4254,
c8ba431267e2,rho_sweep,PaySim,chronological,0,U,DBSCAN,0.005,0.005,TP,125.0,1272524,4254,
c8ba431267e2,rho_sweep,PaySim,chronological,0,U,DBSCAN,0.005,0.005,n_alerts,1060.0,1272524,4254,
c8ba431267e2,rho_sweep,PaySim,chronological,0,U,DBSCAN,0.005,0.005,alert_rate,0.0008329901832892739,1272524,4254,
c8ba431267e2,rho_sweep,PaySim,chronological,0,U,DBSCAN,0.005,0.005,prevalence,0.0033429624902948786,1272524,4254,
c8ba431267e2,rho_sweep,PaySim,chronological,0,U,DBSCAN,0.005,0.005,lift,35.27545661796666,1272524,4254,
c8ba431267e2,rho_sweep,PaySim,chronological,0,U,DBSCAN,0.005,0.005,tie_ratio,0.10432730541820823,1272524,4254,
c8ba431267e2,rho_sweep,PaySim,chronological,0,U,DBSCAN,0.005,0.005,fit_seconds,1.1995339393615723,1272524,4254,
c8ba431267e2,rho_sweep,PaySim,chronological,0,U,DBSCAN,0.005,0.005,score_seconds,0.18082427978515625,1272524,4254,
d283ba893fce,rho_sweep,PaySim,chronological,0,U,KMeans,0.005,0.005,PR_AUC,0.04194993803857524,1272524,4254,
d283ba893fce,rho_sweep,PaySim,chronological,0,U,KMeans,0.005,0.005,ROC_AUC,0.8688532105391693,1272524,4254,
d283ba893fce,rho_sweep,PaySim,chronological,0,U,KMeans,0.005,0.005,Precision,0.12138263665594855,1272524,4254,
d283ba893fce,rho_sweep,PaySim,chronological,0,U,KMeans,0.005,0.005,Recall,0.03549600376116596,1272524,4254,
d283ba893fce,rho_sweep,PaySim,chronological,0,U,KMeans,0.005,0.005,F1,0.054929065114587124,1272524,4254,
d283ba893fce,rho_sweep,PaySim,chronological,0,U,KMeans,0.005,0.005,TN,1267177.0,1272524,4254,
d283ba893fce,rho_sweep,PaySim,chronological,0,U,KMeans,0.005,0.005,FP,1093.0,1272524,4254,
d283ba893fce,rho_sweep,PaySim,chronological,0,U,KMeans,0.005,0.005,FN,4103.0,1272524,4254,
d283ba893fce,rho_sweep,PaySim,chronological,0,U,KMeans,0.005,0.005,TP,151.0,1272524,4254,
d283ba893fce,rho_sweep,PaySim,chronological,0,U,KMeans,0.005,0.005,n_alerts,1244.0,1272524,4254,
d283ba893fce,rho_sweep,PaySim,chronological,0,U,KMeans,0.005,0.005,alert_rate,0.000977584705671563,1272524,4254,
d283ba893fce,rho_sweep,PaySim,chronological,0,U,KMeans,0.005,0.005,prevalence,0.0033429624902948786,1272524,4254,
d283ba893fce,rho_sweep,PaySim,chronological,0,U,KMeans,0.005,0.005,lift,36.30990087634562,1272524,4254,
d283ba893fce,rho_sweep,PaySim,chronological,0,U,KMeans,0.005,0.005,tie_ratio,0.15044667133979395,1272524,4254,
d283ba893fce,rho_sweep,PaySim,chronological,0,U,KMeans,0.005,0.005,fit_seconds,96.2109432220459,1272524,4254,
d283ba893fce,rho_sweep,PaySim,chronological,0,U,KMeans,0.005,0.005,score_seconds,1.6634562015533447,1272524,4254,
704f9c253aa2,rho_sweep,PaySim,chronological,0,U,Ensemble,0.005,0.005,PR_AUC,0.15018493975590594,1272524,4254,
704f9c253aa2,rho_sweep,PaySim,chronological,0,U,Ensemble,0.005,0.005,ROC_AUC,0.9177841422009109,1272524,4254,
704f9c253aa2,rho_sweep,PaySim,chronological,0,U,Ensemble,0.005,0.005,Precision,0.24559585492227978,1272524,4254,
704f9c253aa2,rho_sweep,PaySim,chronological,0,U,Ensemble,0.005,0.005,Recall,0.05571227080394922,1272524,4254,
704f9c253aa2,rho_sweep,PaySim,chronological,0,U,Ensemble,0.005,0.005,F1,0.09082199655106342,1272524,4254,
704f9c253aa2,rho_sweep,PaySim,chronological,0,U,Ensemble,0.005,0.005,TN,1267542.0,1272524,4254,
704f9c253aa2,rho_sweep,PaySim,chronological,0,U,Ensemble,0.005,0.005,FP,728.0,1272524,4254,
704f9c253aa2,rho_sweep,PaySim,chronological,0,U,Ensemble,0.005,0.005,FN,4017.0,1272524,4254,
704f9c253aa2,rho_sweep,PaySim,chronological,0,U,Ensemble,0.005,0.005,TP,237.0,1272524,4254,
704f9c253aa2,rho_sweep,PaySim,chronological,0,U,Ensemble,0.005,0.005,n_alerts,965.0,1272524,4254,
704f9c253aa2,rho_sweep,PaySim,chronological,0,U,Ensemble,0.005,0.005,alert_rate,0.0007583354027114617,1272524,4254,
704f9c253aa2,rho_sweep,PaySim,chronological,0,U,Ensemble,0.005,0.005,prevalence,0.0033429624902948786,1272524,4254,
704f9c253aa2,rho_sweep,PaySim,chronological,0,U,Ensemble,0.005,0.005,lift,73.4665302513209,1272524,4254,
704f9c253aa2,rho_sweep,PaySim,chronological,0,U,Ensemble,0.005,0.005,tie_ratio,0.10081145817289106,1272524,4254,
704f9c253aa2,rho_sweep,PaySim,chronological,0,U,Ensemble,0.005,0.005,fit_seconds,0.0,1272524,4254,
704f9c253aa2,rho_sweep,PaySim,chronological,0,U,Ensemble,0.005,0.005,score_seconds,0.0,1272524,4254,
e5cd1738a807,rho_sweep,PaySim,chronological,0,U,Ensemble,0.005,0.005,single_point_invariant,1.0,1272524,4254,invariance
2292cbe1eb1f,rho_sweep,PaySim,chronological,0,N,IsolationForest,0.005,0.005,PR_AUC,0.016475860057613735,1272524,4254,
2292cbe1eb1f,rho_sweep,PaySim,chronological,0,N,IsolationForest,0.005,0.005,ROC_AUC,0.8133172071344671,1272524,4254,
2292cbe1eb1f,rho_sweep,PaySim,chronological,0,N,IsolationForest,0.005,0.005,Precision,0.03090727816550349,1272524,4254,
2292cbe1eb1f,rho_sweep,PaySim,chronological,0,N,IsolationForest,0.005,0.005,Recall,0.007287259050305595,1272524,4254,
2292cbe1eb1f,rho_sweep,PaySim,chronological,0,N,IsolationForest,0.005,0.005,F1,0.011793798744531101,1272524,4254,
2292cbe1eb1f,rho_sweep,PaySim,chronological,0,N,IsolationForest,0.005,0.005,TN,1267298.0,1272524,4254,
2292cbe1eb1f,rho_sweep,PaySim,chronological,0,N,IsolationForest,0.005,0.005,FP,972.0,1272524,4254,
2292cbe1eb1f,rho_sweep,PaySim,chronological,0,N,IsolationForest,0.005,0.005,FN,4223.0,1272524,4254,
2292cbe1eb1f,rho_sweep,PaySim,chronological,0,N,IsolationForest,0.005,0.005,TP,31.0,1272524,4254,
2292cbe1eb1f,rho_sweep,PaySim,chronological,0,N,IsolationForest,0.005,0.005,n_alerts,1003.0,1272524,4254,
2292cbe1eb1f,rho_sweep,PaySim,chronological,0,N,IsolationForest,0.005,0.005,alert_rate,0.0007881973149425866,1272524,4254,
2292cbe1eb1f,rho_sweep,PaySim,chronological,0,N,IsolationForest,0.005,0.005,prevalence,0.0033429624902948786,1272524,4254,
2292cbe1eb1f,rho_sweep,PaySim,chronological,0,N,IsolationForest,0.005,0.005,lift,9.245475608904364,1272524,4254,
2292cbe1eb1f,rho_sweep,PaySim,chronological,0,N,IsolationForest,0.005,0.005,tie_ratio,0.5972382446224983,1272524,4254,
2292cbe1eb1f,rho_sweep,PaySim,chronological,0,N,IsolationForest,0.005,0.005,fit_seconds,13.022560119628906,1272524,4254,
2292cbe1eb1f,rho_sweep,PaySim,chronological,0,N,IsolationForest,0.005,0.005,score_seconds,49.355690717697144,1272524,4254,
a20f970b677b,rho_sweep,PaySim,chronological,0,N,LOF,0.005,0.005,PR_AUC,0.0030319200122619254,1272524,4254,
a20f970b677b,rho_sweep,PaySim,chronological,0,N,LOF,0.005,0.005,ROC_AUC,0.49302603351576035,1272524,4254,
a20f970b677b,rho_sweep,PaySim,chronological,0,N,LOF,0.005,0.005,Precision,9.353861942342795e-05,1272524,4254,
a20f970b677b,rho_sweep,PaySim,chronological,0,N,LOF,0.005,0.005,Recall,0.008227550540667606,1272524,4254,
a20f970b677b,rho_sweep,PaySim,chronological,0,N,LOF,0.005,0.005,F1,0.00018497427536327626,1272524,4254,
a20f970b677b,rho_sweep,PaySim,chronological,0,N,LOF,0.005,0.005,TN,894128.0,1272524,4254,
a20f970b677b,rho_sweep,PaySim,chronological,0,N,LOF,0.005,0.005,FP,374142.0,1272524,4254,
a20f970b677b,rho_sweep,PaySim,chronological,0,N,LOF,0.005,0.005,FN,4219.0,1272524,4254,
a20f970b677b,rho_sweep,PaySim,chronological,0,N,LOF,0.005,0.005,TP,35.0,1272524,4254,
a20f970b677b,rho_sweep,PaySim,chronological,0,N,LOF,0.005,0.005,n_alerts,374177.0,1272524,4254,
a20f970b677b,rho_sweep,PaySim,chronological,0,N,LOF,0.005,0.005,alert_rate,0.294043177181727,1272524,4254,
a20f970b677b,rho_sweep,PaySim,chronological,0,N,LOF,0.005,0.005,prevalence,0.0033429624902948786,1272524,4254,
a20f970b677b,rho_sweep,PaySim,chronological,0,N,LOF,0.005,0.005,lift,0.027980756498161313,1272524,4254,
a20f970b677b,rho_sweep,PaySim,chronological,0,N,LOF,0.005,0.005,tie_ratio,0.037686519075475156,1272524,4254,
a20f970b677b,rho_sweep,PaySim,chronological,0,N,LOF,0.005,0.005,fit_seconds,3.128434419631958,1272524,4254,
a20f970b677b,rho_sweep,PaySim,chronological,0,N,LOF,0.005,0.005,score_seconds,280.5929493904114,1272524,4254,
091cf1ea733e,rho_sweep,PaySim,chronological,0,N,OneClassSVM,0.005,0.005,PR_AUC,0.10176947215072668,1272524,4254,
091cf1ea733e,rho_sweep,PaySim,chronological,0,N,OneClassSVM,0.005,0.005,ROC_AUC,0.8708153097421645,1272524,4254,
091cf1ea733e,rho_sweep,PaySim,chronological,0,N,OneClassSVM,0.005,0.005,Precision,0.2674982674982675,1272524,4254,
091cf1ea733e,rho_sweep,PaySim,chronological,0,N,OneClassSVM,0.005,0.005,Recall,0.09073812881993418,1272524,4254,
091cf1ea733e,rho_sweep,PaySim,chronological,0,N,OneClassSVM,0.005,0.005,F1,0.13550991750043884,1272524,4254,
091cf1ea733e,rho_sweep,PaySim,chronological,0,N,OneClassSVM,0.005,0.005,TN,1267213.0,1272524,4254,
091cf1ea733e,rho_sweep,PaySim,chronological,0,N,OneClassSVM,0.005,0.005,FP,1057.0,1272524,4254,
091cf1ea733e,rho_sweep,PaySim,chronological,0,N,OneClassSVM,0.005,0.005,FN,3868.0,1272524,4254,
091cf1ea733e,rho_sweep,PaySim,chronological,0,N,OneClassSVM,0.005,0.005,TP,386.0,1272524,4254,
091cf1ea733e,rho_sweep,PaySim,chronological,0,N,OneClassSVM,0.005,0.005,n_alerts,1443.0,1272524,4254,
091cf1ea733e,rho_sweep,PaySim,chronological,0,N,OneClassSVM,0.005,0.005,alert_rate,0.001133966824987191,1272524,4254,
091cf1ea733e,rho_sweep,PaySim,chronological,0,N,OneClassSVM,0.005,0.005,prevalence,0.0033429624902948786,1272524,4254,
091cf1ea733e,rho_sweep,PaySim,chronological,0,N,OneClassSVM,0.005,0.005,lift,80.01832753877888,1272524,4254,
091cf1ea733e,rho_sweep,PaySim,chronological,0,N,OneClassSVM,0.005,0.005,tie_ratio,0.0044376373255042845,1272524,4254,
091cf1ea733e,rho_sweep,PaySim,chronological,0,N,OneClassSVM,0.005,0.005,fit_seconds,0.32594728469848633,1272524,4254,
091cf1ea733e,rho_sweep,PaySim,chronological,0,N,OneClassSVM,0.005,0.005,score_seconds,64.14778733253479,1272524,4254,
431dd3ea8c21,rho_sweep,PaySim,chronological,0,N,DBSCAN,0.005,0.005,PR_AUC,0.02480496478288824,1272524,4254,
431dd3ea8c21,rho_sweep,PaySim,chronological,0,N,DBSCAN,0.005,0.005,ROC_AUC,0.8406674069663339,1272524,4254,
431dd3ea8c21,rho_sweep,PaySim,chronological,0,N,DBSCAN,0.005,0.005,Precision,0.1179245283018868,1272524,4254,
431dd3ea8c21,rho_sweep,PaySim,chronological,0,N,DBSCAN,0.005,0.005,Recall,0.02938410907381288,1272524,4254,
431dd3ea8c21,rho_sweep,PaySim,chronological,0,N,DBSCAN,0.005,0.005,F1,0.04704554008280015,1272524,4254,
431dd3ea8c21,rho_sweep,PaySim,chronological,0,N,DBSCAN,0.005,0.005,TN,1267335.0,1272524,4254,
431dd3ea8c21,rho_sweep,PaySim,chronological,0,N,DBSCAN,0.005,0.005,FP,935.0,1272524,4254,
431dd3ea8c21,rho_sweep,PaySim,chronological,0,N,DBSCAN,0.005,0.005,FN,4129.0,1272524,4254,
431dd3ea8c21,rho_sweep,PaySim,chronological,0,N,DBSCAN,0.005,0.005,TP,125.0,1272524,4254,
431dd3ea8c21,rho_sweep,PaySim,chronological,0,N,DBSCAN,0.005,0.005,n_alerts,1060.0,1272524,4254,
431dd3ea8c21,rho_sweep,PaySim,chronological,0,N,DBSCAN,0.005,0.005,alert_rate,0.0008329901832892739,1272524,4254,
431dd3ea8c21,rho_sweep,PaySim,chronological,0,N,DBSCAN,0.005,0.005,prevalence,0.0033429624902948786,1272524,4254,
431dd3ea8c21,rho_sweep,PaySim,chronological,0,N,DBSCAN,0.005,0.005,lift,35.27545661796666,1272524,4254,
431dd3ea8c21,rho_sweep,PaySim,chronological,0,N,DBSCAN,0.005,0.005,tie_ratio,0.0998142274723306,1272524,4254,
431dd3ea8c21,rho_sweep,PaySim,chronological,0,N,DBSCAN,0.005,0.005,fit_seconds,1.0281996726989746,1272524,4254,
431dd3ea8c21,rho_sweep,PaySim,chronological,0,N,DBSCAN,0.005,0.005,score_seconds,0.13681674003601074,1272524,4254,
52f47b53d177,rho_sweep,PaySim,chronological,0,N,KMeans,0.005,0.005,PR_AUC,0.04580053901699202,1272524,4254,
52f47b53d177,rho_sweep,PaySim,chronological,0,N,KMeans,0.005,0.005,ROC_AUC,0.8627522782395675,1272524,4254,
52f47b53d177,rho_sweep,PaySim,chronological,0,N,KMeans,0.005,0.005,Precision,0.1257918552036199,1272524,4254,
52f47b53d177,rho_sweep,PaySim,chronological,0,N,KMeans,0.005,0.005,Recall,0.03267512929007992,1272524,4254,
52f47b53d177,rho_sweep,PaySim,chronological,0,N,KMeans,0.005,0.005,F1,0.05187534987870871,1272524,4254,
52f47b53d177,rho_sweep,PaySim,chronological,0,N,KMeans,0.005,0.005,TN,1267304.0,1272524,4254,
52f47b53d177,rho_sweep,PaySim,chronological,0,N,KMeans,0.005,0.005,FP,966.0,1272524,4254,
52f47b53d177,rho_sweep,PaySim,chronological,0,N,KMeans,0.005,0.005,FN,4115.0,1272524,4254,
52f47b53d177,rho_sweep,PaySim,chronological,0,N,KMeans,0.005,0.005,TP,139.0,1272524,4254,
52f47b53d177,rho_sweep,PaySim,chronological,0,N,KMeans,0.005,0.005,n_alerts,1105.0,1272524,4254,
52f47b53d177,rho_sweep,PaySim,chronological,0,N,KMeans,0.005,0.005,alert_rate,0.0008683529740892902,1272524,4254,
52f47b53d177,rho_sweep,PaySim,chronological,0,N,KMeans,0.005,0.005,prevalence,0.0033429624902948786,1272524,4254,
52f47b53d177,rho_sweep,PaySim,chronological,0,N,KMeans,0.005,0.005,lift,37.62885631197255,1272524,4254,
52f47b53d177,rho_sweep,PaySim,chronological,0,N,KMeans,0.005,0.005,tie_ratio,0.15278218721218617,1272524,4254,
52f47b53d177,rho_sweep,PaySim,chronological,0,N,KMeans,0.005,0.005,fit_seconds,74.00487565994263,1272524,4254,
52f47b53d177,rho_sweep,PaySim,chronological,0,N,KMeans,0.005,0.005,score_seconds,1.1966745853424072,1272524,4254,
6da711302ec6,rho_sweep,PaySim,chronological,0,N,Ensemble,0.005,0.005,PR_AUC,0.1705869781017269,1272524,4254,
6da711302ec6,rho_sweep,PaySim,chronological,0,N,Ensemble,0.005,0.005,ROC_AUC,0.9162555533549658,1272524,4254,
6da711302ec6,rho_sweep,PaySim,chronological,0,N,Ensemble,0.005,0.005,Precision,0.3146747352496218,1272524,4254,
6da711302ec6,rho_sweep,PaySim,chronological,0,N,Ensemble,0.005,0.005,Recall,0.09779031499764927,1272524,4254,
6da711302ec6,rho_sweep,PaySim,chronological,0,N,Ensemble,0.005,0.005,F1,0.1492109038737446,1272524,4254,
6da711302ec6,rho_sweep,PaySim,chronological,0,N,Ensemble,0.005,0.005,TN,1267364.0,1272524,4254,
6da711302ec6,rho_sweep,PaySim,chronological,0,N,Ensemble,0.005,0.005,FP,906.0,1272524,4254,
6da711302ec6,rho_sweep,PaySim,chronological,0,N,Ensemble,0.005,0.005,FN,3838.0,1272524,4254,
6da711302ec6,rho_sweep,PaySim,chronological,0,N,Ensemble,0.005,0.005,TP,416.0,1272524,4254,
6da711302ec6,rho_sweep,PaySim,chronological,0,N,Ensemble,0.005,0.005,n_alerts,1322.0,1272524,4254,
6da711302ec6,rho_sweep,PaySim,chronological,0,N,Ensemble,0.005,0.005,alert_rate,0.0010388802097249245,1272524,4254,
6da711302ec6,rho_sweep,PaySim,chronological,0,N,Ensemble,0.005,0.005,prevalence,0.0033429624902948786,1272524,4254,
6da711302ec6,rho_sweep,PaySim,chronological,0,N,Ensemble,0.005,0.005,lift,94.13050136313817,1272524,4254,
6da711302ec6,rho_sweep,PaySim,chronological,0,N,Ensemble,0.005,0.005,tie_ratio,0.10195564091522047,1272524,4254,
6da711302ec6,rho_sweep,PaySim,chronological,0,N,Ensemble,0.005,0.005,fit_seconds,0.0,1272524,4254,
6da711302ec6,rho_sweep,PaySim,chronological,0,N,Ensemble,0.005,0.005,score_seconds,0.0,1272524,4254,
aec3eb32d513,rho_sweep,PaySim,chronological,0,N,Ensemble,0.005,0.005,single_point_invariant,1.0,1272524,4254,invariance
b9f113e2887b,rho_sweep,PaySim,chronological,0,U,IsolationForest,0.01,0.01,PR_AUC,0.01609538541908355,1272524,4254,
b9f113e2887b,rho_sweep,PaySim,chronological,0,U,IsolationForest,0.01,0.01,ROC_AUC,0.813015355620548,1272524,4254,
b9f113e2887b,rho_sweep,PaySim,chronological,0,U,IsolationForest,0.01,0.01,Precision,0.025826695631185132,1272524,4254,
b9f113e2887b,rho_sweep,PaySim,chronological,0,U,IsolationForest,0.01,0.01,Recall,0.025152797367183826,1272524,4254,
b9f113e2887b,rho_sweep,PaySim,chronological,0,U,IsolationForest,0.01,0.01,F1,0.025485292366321306,1272524,4254,
b9f113e2887b,rho_sweep,PaySim,chronological,0,U,IsolationForest,0.01,0.01,TN,1264234.0,1272524,4254,
b9f113e2887b,rho_sweep,PaySim,chronological,0,U,IsolationForest,0.01,0.01,FP,4036.0,1272524,4254,
b9f113e2887b,rho_sweep,PaySim,chronological,0,U,IsolationForest,0.01,0.01,FN,4147.0,1272524,4254,
b9f113e2887b,rho_sweep,PaySim,chronological,0,U,IsolationForest,0.01,0.01,TP,107.0,1272524,4254,
b9f113e2887b,rho_sweep,PaySim,chronological,0,U,IsolationForest,0.01,0.01,n_alerts,4143.0,1272524,4254,
b9f113e2887b,rho_sweep,PaySim,chronological,0,U,IsolationForest,0.01,0.01,alert_rate,0.0032557342729881717,1272524,4254,
b9f113e2887b,rho_sweep,PaySim,chronological,0,U,IsolationForest,0.01,0.01,prevalence,0.0033429624902948786,1272524,4254,
b9f113e2887b,rho_sweep,PaySim,chronological,0,U,IsolationForest,0.01,0.01,lift,7.725691121621586,1272524,4254,
b9f113e2887b,rho_sweep,PaySim,chronological,0,U,IsolationForest,0.01,0.01,tie_ratio,0.5940076572229679,1272524,4254,
b9f113e2887b,rho_sweep,PaySim,chronological,0,U,IsolationForest,0.01,0.01,fit_seconds,8.595725297927856,1272524,4254,
b9f113e2887b,rho_sweep,PaySim,chronological,0,U,IsolationForest,0.01,0.01,score_seconds,31.70349669456482,1272524,4254,
dbb19b977f76,rho_sweep,PaySim,chronological,0,U,LOF,0.01,0.01,PR_AUC,0.0030799352569791417,1272524,4254,
dbb19b977f76,rho_sweep,PaySim,chronological,0,U,LOF,0.01,0.01,ROC_AUC,0.4998612955691239,1272524,4254,
dbb19b977f76,rho_sweep,PaySim,chronological,0,U,LOF,0.01,0.01,Precision,0.0,1272524,4254,
dbb19b977f76,rho_sweep,PaySim,chronological,0,U,LOF,0.01,0.01,Recall,0.0,1272524,4254,
dbb19b977f76,rho_sweep,PaySim,chronological,0,U,LOF,0.01,0.01,F1,0.0,1272524,4254,
dbb19b977f76,rho_sweep,PaySim,chronological,0,U,LOF,0.01,0.01,TN,898960.0,1272524,4254,
dbb19b977f76,rho_sweep,PaySim,chronological,0,U,LOF,0.01,0.01,FP,369310.0,1272524,4254,
dbb19b977f76,rho_sweep,PaySim,chronological,0,U,LOF,0.01,0.01,FN,4254.0,1272524,4254,
dbb19b977f76,rho_sweep,PaySim,chronological,0,U,LOF,0.01,0.01,TP,0.0,1272524,4254,
dbb19b977f76,rho_sweep,PaySim,chronological,0,U,LOF,0.01,0.01,n_alerts,369310.0,1272524,4254,
dbb19b977f76,rho_sweep,PaySim,chronological,0,U,LOF,0.01,0.01,alert_rate,0.2902184948967564,1272524,4254,
dbb19b977f76,rho_sweep,PaySim,chronological,0,U,LOF,0.01,0.01,prevalence,0.0033429624902948786,1272524,4254,
dbb19b977f76,rho_sweep,PaySim,chronological,0,U,LOF,0.01,0.01,lift,0.0,1272524,4254,
dbb19b977f76,rho_sweep,PaySim,chronological,0,U,LOF,0.01,0.01,tie_ratio,0.042048715780606094,1272524,4254,
dbb19b977f76,rho_sweep,PaySim,chronological,0,U,LOF,0.01,0.01,fit_seconds,1.9031634330749512,1272524,4254,
dbb19b977f76,rho_sweep,PaySim,chronological,0,U,LOF,0.01,0.01,score_seconds,253.9518609046936,1272524,4254,
83cd4c8f5abb,rho_sweep,PaySim,chronological,0,U,OneClassSVM,0.01,0.01,PR_AUC,0.1054857077465432,1272524,4254,
83cd4c8f5abb,rho_sweep,PaySim,chronological,0,U,OneClassSVM,0.01,0.01,ROC_AUC,0.8806155254545682,1272524,4254,
83cd4c8f5abb,rho_sweep,PaySim,chronological,0,U,OneClassSVM,0.01,0.01,Precision,0.02362490237643646,1272524,4254,
83cd4c8f5abb,rho_sweep,PaySim,chronological,0,U,OneClassSVM,0.01,0.01,Recall,0.5973201692524682,1272524,4254,
83cd4c8f5abb,rho_sweep,PaySim,chronological,0,U,OneClassSVM,0.01,0.01,F1,0.04545210625167695,1272524,4254,
83cd4c8f5abb,rho_sweep,PaySim,chronological,0,U,OneClassSVM,0.01,0.01,TN,1163255.0,1272524,4254,
83cd4c8f5abb,rho_sweep,PaySim,chronological,0,U,OneClassSVM,0.01,0.01,FP,105015.0,1272524,4254,
83cd4c8f5abb,rho_sweep,PaySim,chronological,0,U,OneClassSVM,0.01,0.01,FN,1713.0,1272524,4254,
83cd4c8f5abb,rho_sweep,PaySim,chronological,0,U,OneClassSVM,0.01,0.01,TP,2541.0,1272524,4254,
83cd4c8f5abb,rho_sweep,PaySim,chronological,0,U,OneClassSVM,0.01,0.01,n_alerts,107556.0,1272524,4254,
83cd4c8f5abb,rho_sweep,PaySim,chronological,0,U,OneClassSVM,0.01,0.01,alert_rate,0.0845217850508124,1272524,4254,
83cd4c8f5abb,rho_sweep,PaySim,chronological,0,U,OneClassSVM,0.01,0.01,prevalence,0.0033429624902948786,1272524,4254,
83cd4c8f5abb,rho_sweep,PaySim,chronological,0,U,OneClassSVM,0.01,0.01,lift,7.067055776133623,1272524,4254,
83cd4c8f5abb,rho_sweep,PaySim,chronological,0,U,OneClassSVM,0.01,0.01,tie_ratio,0.004158664198081974,1272524,4254,
83cd4c8f5abb,rho_sweep,PaySim,chronological,0,U,OneClassSVM,0.01,0.01,fit_seconds,0.46762657165527344,1272524,4254,
83cd4c8f5abb,rho_sweep,PaySim,chronological,0,U,OneClassSVM,0.01,0.01,score_seconds,80.81719994544983,1272524,4254,
35adfe243f32,rho_sweep,PaySim,chronological,0,U,DBSCAN,0.01,0.01,PR_AUC,0.024800190516075682,1272524,4254,
35adfe243f32,rho_sweep,PaySim,chronological,0,U,DBSCAN,0.01,0.01,ROC_AUC,0.8407100109704875,1272524,4254,
35adfe243f32,rho_sweep,PaySim,chronological,0,U,DBSCAN,0.01,0.01,Precision,0.08328502415458937,1272524,4254,
35adfe243f32,rho_sweep,PaySim,chronological,0,U,DBSCAN,0.01,0.01,Recall,0.10131640808650681,1272524,4254,
35adfe243f32,rho_sweep,PaySim,chronological,0,U,DBSCAN,0.01,0.01,F1,0.09142008696574398,1272524,4254,
35adfe243f32,rho_sweep,PaySim,chronological,0,U,DBSCAN,0.01,0.01,TN,1263526.0,1272524,4254,
35adfe243f32,rho_sweep,PaySim,chronological,0,U,DBSCAN,0.01,0.01,FP,4744.0,1272524,4254,
35adfe243f32,rho_sweep,PaySim,chronological,0,U,DBSCAN,0.01,0.01,FN,3823.0,1272524,4254,
35adfe243f32,rho_sweep,PaySim,chronological,0,U,DBSCAN,0.01,0.01,TP,431.0,1272524,4254,
35adfe243f32,rho_sweep,PaySim,chronological,0,U,DBSCAN,0.01,0.01,n_alerts,5175.0,1272524,4254,
35adfe243f32,rho_sweep,PaySim,chronological,0,U,DBSCAN,0.01,0.01,alert_rate,0.0040667209420018795,1272524,4254,
35adfe243f32,rho_sweep,PaySim,chronological,0,U,DBSCAN,0.01,0.01,prevalence,0.0033429624902948786,1272524,4254,
35adfe243f32,rho_sweep,PaySim,chronological,0,U,DBSCAN,0.01,0.01,lift,24.913538335048116,1272524,4254,
35adfe243f32,rho_sweep,PaySim,chronological,0,U,DBSCAN,0.01,0.01,tie_ratio,0.10432730541820823,1272524,4254,
35adfe243f32,rho_sweep,PaySim,chronological,0,U,DBSCAN,0.01,0.01,fit_seconds,0.9332790374755859,1272524,4254,
35adfe243f32,rho_sweep,PaySim,chronological,0,U,DBSCAN,0.01,0.01,score_seconds,0.12270927429199219,1272524,4254,
c76532f78edb,rho_sweep,PaySim,chronological,0,U,KMeans,0.01,0.01,PR_AUC,0.04194993797648121,1272524,4254,
c76532f78edb,rho_sweep,PaySim,chronological,0,U,KMeans,0.01,0.01,ROC_AUC,0.8688532114659154,1272524,4254,
c76532f78edb,rho_sweep,PaySim,chronological,0,U,KMeans,0.01,0.01,Precision,0.09646739130434782,1272524,4254,
c76532f78edb,rho_sweep,PaySim,chronological,0,U,KMeans,0.01,0.01,Recall,0.11683121767748002,1272524,4254,
c76532f78edb,rho_sweep,PaySim,chronological,0,U,KMeans,0.01,0.01,F1,0.1056772273017223,1272524,4254,
c76532f78edb,rho_sweep,PaySim,chronological,0,U,KMeans,0.01,0.01,TN,1263615.0,1272524,4254,
c76532f78edb,rho_sweep,PaySim,chronological,0,U,KMeans,0.01,0.01,FP,4655.0,1272524,4254,
c76532f78edb,rho_sweep,PaySim,chronological,0,U,KMeans,0.01,0.01,FN,3757.0,1272524,4254,
c76532f78edb,rho_sweep,PaySim,chronological,0,U,KMeans,0.01,0.01,TP,497.0,1272524,4254,
c76532f78edb,rho_sweep,PaySim,chronological,0,U,KMeans,0.01,0.01,n_alerts,5152.0,1272524,4254,
c76532f78edb,rho_sweep,PaySim,chronological,0,U,KMeans,0.01,0.01,alert_rate,0.0040486466267040935,1272524,4254,
c76532f78edb,rho_sweep,PaySim,chronological,0,U,KMeans,0.01,0.01,prevalence,0.0033429624902948786,1272524,4254,
c76532f78edb,rho_sweep,PaySim,chronological,0,U,KMeans,0.01,0.01,lift,28.85685722900186,1272524,4254,
c76532f78edb,rho_sweep,PaySim,chronological,0,U,KMeans,0.01,0.01,tie_ratio,0.15028557418170507,1272524,4254,
c76532f78edb,rho_sweep,PaySim,chronological,0,U,KMeans,0.01,0.01,fit_seconds,70.42461085319519,1272524,4254,
c76532f78edb,rho_sweep,PaySim,chronological,0,U,KMeans,0.01,0.01,score_seconds,1.211080551147461,1272524,4254,
f9687754c506,rho_sweep,PaySim,chronological,0,U,Ensemble,0.01,0.01,PR_AUC,0.15017554567553554,1272524,4254,
f9687754c506,rho_sweep,PaySim,chronological,0,U,Ensemble,0.01,0.01,ROC_AUC,0.9179050034317594,1272524,4254,
f9687754c506,rho_sweep,PaySim,chronological,0,U,Ensemble,0.01,0.01,Precision,0.04644991182563734,1272524,4254,
f9687754c506,rho_sweep,PaySim,chronological,0,U,Ensemble,0.01,0.01,Recall,0.6377527033380348,1272524,4254,
f9687754c506,rho_sweep,PaySim,chronological,0,U,Ensemble,0.01,0.01,F1,0.08659293659533043,1272524,4254,
f9687754c506,rho_sweep,PaySim,chronological,0,U,Ensemble,0.01,0.01,TN,1212576.0,1272524,4254,
f9687754c506,rho_sweep,PaySim,chronological,0,U,Ensemble,0.01,0.01,FP,55694.0,1272524,4254,
f9687754c506,rho_sweep,PaySim,chronological,0,U,Ensemble,0.01,0.01,FN,1541.0,1272524,4254,
f9687754c506,rho_sweep,PaySim,chronological,0,U,Ensemble,0.01,0.01,TP,2713.0,1272524,4254,
f9687754c506,rho_sweep,PaySim,chronological,0,U,Ensemble,0.01,0.01,n_alerts,58407.0,1272524,4254,
f9687754c506,rho_sweep,PaySim,chronological,0,U,Ensemble,0.01,0.01,alert_rate,0.04589854493903455,1272524,4254,
f9687754c506,rho_sweep,PaySim,chronological,0,U,Ensemble,0.01,0.01,prevalence,0.0033429624902948786,1272524,4254,
f9687754c506,rho_sweep,PaySim,chronological,0,U,Ensemble,0.01,0.01,lift,13.894834883875724,1272524,4254,
f9687754c506,rho_sweep,PaySim,chronological,0,U,Ensemble,0.01,0.01,tie_ratio,0.10023622344254413,1272524,4254,
f9687754c506,rho_sweep,PaySim,chronological,0,U,Ensemble,0.01,0.01,fit_seconds,0.0,1272524,4254,
f9687754c506,rho_sweep,PaySim,chronological,0,U,Ensemble,0.01,0.01,score_seconds,0.0,1272524,4254,
4820867acf62,rho_sweep,PaySim,chronological,0,U,Ensemble,0.01,0.01,single_point_invariant,1.0,1272524,4254,invariance
a9575280f751,rho_sweep,PaySim,chronological,0,N,IsolationForest,0.01,0.01,PR_AUC,0.016475860057613735,1272524,4254,
a9575280f751,rho_sweep,PaySim,chronological,0,N,IsolationForest,0.01,0.01,ROC_AUC,0.8133172071344671,1272524,4254,
a9575280f751,rho_sweep,PaySim,chronological,0,N,IsolationForest,0.01,0.01,Precision,0.021889126814180346,1272524,4254,
a9575280f751,rho_sweep,PaySim,chronological,0,N,IsolationForest,0.01,0.01,Recall,0.021626704278326282,1272524,4254,
a9575280f751,rho_sweep,PaySim,chronological,0,N,IsolationForest,0.01,0.01,F1,0.0217571242757479,1272524,4254,
a9575280f751,rho_sweep,PaySim,chronological,0,N,IsolationForest,0.01,0.01,TN,1264159.0,1272524,4254,
a9575280f751,rho_sweep,PaySim,chronological,0,N,IsolationForest,0.01,0.01,FP,4111.0,1272524,4254,
a9575280f751,rho_sweep,PaySim,chronological,0,N,IsolationForest,0.01,0.01,FN,4162.0,1272524,4254,
a9575280f751,rho_sweep,PaySim,chronological,0,N,IsolationForest,0.01,0.01,TP,92.0,1272524,4254,
a9575280f751,rho_sweep,PaySim,chronological,0,N,IsolationForest,0.01,0.01,n_alerts,4203.0,1272524,4254,
a9575280f751,rho_sweep,PaySim,chronological,0,N,IsolationForest,0.01,0.01,alert_rate,0.003302884660721527,1272524,4254,
a9575280f751,rho_sweep,PaySim,chronological,0,N,IsolationForest,0.01,0.01,prevalence,0.0033429624902948786,1272524,4254,
a9575280f751,rho_sweep,PaySim,chronological,0,N,IsolationForest,0.01,0.01,lift,6.547823039512936,1272524,4254,
a9575280f751,rho_sweep,PaySim,chronological,0,N,IsolationForest,0.01,0.01,tie_ratio,0.5972382446224983,1272524,4254,
a9575280f751,rho_sweep,PaySim,chronological,0,N,IsolationForest,0.01,0.01,fit_seconds,7.854638576507568,1272524,4254,
a9575280f751,rho_sweep,PaySim,chronological,0,N,IsolationForest,0.01,0.01,score_seconds,31.38127374649048,1272524,4254,
a1aa574615e2,rho_sweep,PaySim,chronological,0,N,LOF,0.01,0.01,PR_AUC,0.0030319200122619254,1272524,4254,
a1aa574615e2,rho_sweep,PaySim,chronological,0,N,LOF,0.01,0.01,ROC_AUC,0.49302603351576035,1272524,4254,
a1aa574615e2,rho_sweep,PaySim,chronological,0,N,LOF,0.01,0.01,Precision,0.00011910371862523239,1272524,4254,
a1aa574615e2,rho_sweep,PaySim,chronological,0,N,LOF,0.01,0.01,Recall,0.010813352139163141,1272524,4254,
a1aa574615e2,rho_sweep,PaySim,chronological,0,N,LOF,0.01,0.01,F1,0.00023561228461963982,1272524,4254,
a1aa574615e2,rho_sweep,PaySim,chronological,0,N,LOF,0.01,0.01,TN,882098.0,1272524,4254,
a1aa574615e2,rho_sweep,PaySim,chronological,0,N,LOF,0.01,0.01,FP,386172.0,1272524,4254,
a1aa574615e2,rho_sweep,PaySim,chronological,0,N,LOF,0.01,0.01,FN,4208.0,1272524,4254,
a1aa574615e2,rho_sweep,PaySim,chronological,0,N,LOF,0.01,0.01,TP,46.0,1272524,4254,
a1aa574615e2,rho_sweep,PaySim,chronological,0,N,LOF,0.01,0.01,n_alerts,386218.0,1272524,4254,
a1aa574615e2,rho_sweep,PaySim,chronological,0,N,LOF,0.01,0.01,alert_rate,0.30350547416001583,1272524,4254,
a1aa574615e2,rho_sweep,PaySim,chronological,0,N,LOF,0.01,0.01,prevalence,0.0033429624902948786,1272524,4254,
a1aa574615e2,rho_sweep,PaySim,chronological,0,N,LOF,0.01,0.01,lift,0.03562819474373653,1272524,4254,
a1aa574615e2,rho_sweep,PaySim,chronological,0,N,LOF,0.01,0.01,tie_ratio,0.037686519075475156,1272524,4254,
a1aa574615e2,rho_sweep,PaySim,chronological,0,N,LOF,0.01,0.01,fit_seconds,1.9322917461395264,1272524,4254,
a1aa574615e2,rho_sweep,PaySim,chronological,0,N,LOF,0.01,0.01,score_seconds,239.98603796958923,1272524,4254,
e5dbc95a36a0,rho_sweep,PaySim,chronological,0,N,OneClassSVM,0.01,0.01,PR_AUC,0.09864102985599976,1272524,4254,
e5dbc95a36a0,rho_sweep,PaySim,chronological,0,N,OneClassSVM,0.01,0.01,ROC_AUC,0.8726941744428176,1272524,4254,
e5dbc95a36a0,rho_sweep,PaySim,chronological,0,N,OneClassSVM,0.01,0.01,Precision,0.017525938388815446,1272524,4254,
e5dbc95a36a0,rho_sweep,PaySim,chronological,0,N,OneClassSVM,0.01,0.01,Recall,0.6170662905500706,1272524,4254,
e5dbc95a36a0,rho_sweep,PaySim,chronological,0,N,OneClassSVM,0.01,0.01,F1,0.03408382673730134,1272524,4254,
e5dbc95a36a0,rho_sweep,PaySim,chronological,0,N,OneClassSVM,0.01,0.01,TN,1121117.0,1272524,4254,
e5dbc95a36a0,rho_sweep,PaySim,chronological,0,N,OneClassSVM,0.01,0.01,FP,147153.0,1272524,4254,
e5dbc95a36a0,rho_sweep,PaySim,chronological,0,N,OneClassSVM,0.01,0.01,FN,1629.0,1272524,4254,
e5dbc95a36a0,rho_sweep,PaySim,chronological,0,N,OneClassSVM,0.01,0.01,TP,2625.0,1272524,4254,
e5dbc95a36a0,rho_sweep,PaySim,chronological,0,N,OneClassSVM,0.01,0.01,n_alerts,149778.0,1272524,4254,
e5dbc95a36a0,rho_sweep,PaySim,chronological,0,N,OneClassSVM,0.01,0.01,alert_rate,0.11770151289877441,1272524,4254,
e5dbc95a36a0,rho_sweep,PaySim,chronological,0,N,OneClassSVM,0.01,0.01,prevalence,0.0033429624902948786,1272524,4254,
e5dbc95a36a0,rho_sweep,PaySim,chronological,0,N,OneClassSVM,0.01,0.01,lift,5.2426368646659585,1272524,4254,
e5dbc95a36a0,rho_sweep,PaySim,chronological,0,N,OneClassSVM,0.01,0.01,tie_ratio,0.004512292106082061,1272524,4254,
e5dbc95a36a0,rho_sweep,PaySim,chronological,0,N,OneClassSVM,0.01,0.01,fit_seconds,0.46142005920410156,1272524,4254,
e5dbc95a36a0,rho_sweep,PaySim,chronological,0,N,OneClassSVM,0.01,0.01,score_seconds,81.96655201911926,1272524,4254,
760ab135dcb1,rho_sweep,PaySim,chronological,0,N,DBSCAN,0.01,0.01,PR_AUC,0.02480496478288824,1272524,4254,
760ab135dcb1,rho_sweep,PaySim,chronological,0,N,DBSCAN,0.01,0.01,ROC_AUC,0.8406674069663339,1272524,4254,
760ab135dcb1,rho_sweep,PaySim,chronological,0,N,DBSCAN,0.01,0.01,Precision,0.0833011209895632,1272524,4254,
760ab135dcb1,rho_sweep,PaySim,chronological,0,N,DBSCAN,0.01,0.01,Recall,0.10131640808650681,1272524,4254,
760ab135dcb1,rho_sweep,PaySim,chronological,0,N,DBSCAN,0.01,0.01,F1,0.0914297836232499,1272524,4254,
760ab135dcb1,rho_sweep,PaySim,chronological,0,N,DBSCAN,0.01,0.01,TN,1263527.0,1272524,4254,
760ab135dcb1,rho_sweep,PaySim,chronological,0,N,DBSCAN,0.01,0.01,FP,4743.0,1272524,4254,
760ab135dcb1,rho_sweep,PaySim,chronological,0,N,DBSCAN,0.01,0.01,FN,3823.0,1272524,4254,
760ab135dcb1,rho_sweep,PaySim,chronological,0,N,DBSCAN,0.01,0.01,TP,431.0,1272524,4254,
760ab135dcb1,rho_sweep,PaySim,chronological,0,N,DBSCAN,0.01,0.01,n_alerts,5174.0,1272524,4254,
760ab135dcb1,rho_sweep,PaySim,chronological,0,N,DBSCAN,0.01,0.01,alert_rate,0.004065935102206324,1272524,4254,
760ab135dcb1,rho_sweep,PaySim,chronological,0,N,DBSCAN,0.01,0.01,prevalence,0.0033429624902948786,1272524,4254,
760ab135dcb1,rho_sweep,PaySim,chronological,0,N,DBSCAN,0.01,0.01,lift,24.91835347581639,1272524,4254,
760ab135dcb1,rho_sweep,PaySim,chronological,0,N,DBSCAN,0.01,0.01,tie_ratio,0.0998142274723306,1272524,4254,
760ab135dcb1,rho_sweep,PaySim,chronological,0,N,DBSCAN,0.01,0.01,fit_seconds,0.9989132881164551,1272524,4254,
760ab135dcb1,rho_sweep,PaySim,chronological,0,N,DBSCAN,0.01,0.01,score_seconds,0.1586446762084961,1272524,4254,
d25956ccb7cf,rho_sweep,PaySim,chronological,0,N,KMeans,0.01,0.01,PR_AUC,0.04580053821184964,1272524,4254,
d25956ccb7cf,rho_sweep,PaySim,chronological,0,N,KMeans,0.01,0.01,ROC_AUC,0.8627522774981704,1272524,4254,
d25956ccb7cf,rho_sweep,PaySim,chronological,0,N,KMeans,0.01,0.01,Precision,0.10259198839949248,1272524,4254,
d25956ccb7cf,rho_sweep,PaySim,chronological,0,N,KMeans,0.01,0.01,Recall,0.13305124588622472,1272524,4254,
d25956ccb7cf,rho_sweep,PaySim,chronological,0,N,KMeans,0.01,0.01,F1,0.1158530344898168,1272524,4254,
d25956ccb7cf,rho_sweep,PaySim,chronological,0,N,KMeans,0.01,0.01,TN,1263319.0,1272524,4254,
d25956ccb7cf,rho_sweep,PaySim,chronological,0,N,KMeans,0.01,0.01,FP,4951.0,1272524,4254,
d25956ccb7cf,rho_sweep,PaySim,chronological,0,N,KMeans,0.01,0.01,FN,3688.0,1272524,4254,
d25956ccb7cf,rho_sweep,PaySim,chronological,0,N,KMeans,0.01,0.01,TP,566.0,1272524,4254,
d25956ccb7cf,rho_sweep,PaySim,chronological,0,N,KMeans,0.01,0.01,n_alerts,5517.0,1272524,4254,
d25956ccb7cf,rho_sweep,PaySim,chronological,0,N,KMeans,0.01,0.01,alert_rate,0.004335478152082004,1272524,4254,
d25956ccb7cf,rho_sweep,PaySim,chronological,0,N,KMeans,0.01,0.01,prevalence,0.0033429624902948786,1272524,4254,
d25956ccb7cf,rho_sweep,PaySim,chronological,0,N,KMeans,0.01,0.01,lift,30.688943922443762,1272524,4254,
d25956ccb7cf,rho_sweep,PaySim,chronological,0,N,KMeans,0.01,0.01,tie_ratio,0.15254722111331498,1272524,4254,
d25956ccb7cf,rho_sweep,PaySim,chronological,0,N,KMeans,0.01,0.01,fit_seconds,73.59696197509766,1272524,4254,
d25956ccb7cf,rho_sweep,PaySim,chronological,0,N,KMeans,0.01,0.01,score_seconds,1.1831133365631104,1272524,4254,
fe440949ca3a,rho_sweep,PaySim,chronological,0,N,Ensemble,0.01,0.01,PR_AUC,0.1705288236356865,1272524,4254,
fe440949ca3a,rho_sweep,PaySim,chronological,0,N,Ensemble,0.01,0.01,ROC_AUC,0.916101485696809,1272524,4254,
fe440949ca3a,rho_sweep,PaySim,chronological,0,N,Ensemble,0.01,0.01,Precision,0.03815575987020011,1272524,4254,
fe440949ca3a,rho_sweep,PaySim,chronological,0,N,Ensemble,0.01,0.01,Recall,0.6633756464503996,1272524,4254,
fe440949ca3a,rho_sweep,PaySim,chronological,0,N,Ensemble,0.01,0.01,F1,0.07216099419541258,1272524,4254,
fe440949ca3a,rho_sweep,PaySim,chronological,0,N,Ensemble,0.01,0.01,TN,1197132.0,1272524,4254,
fe440949ca3a,rho_sweep,PaySim,chronological,0,N,Ensemble,0.01,0.01,FP,71138.0,1272524,4254,
fe440949ca3a,rho_sweep,PaySim,chronological,0,N,Ensemble,0.01,0.01,FN,1432.0,1272524,4254,
fe440949ca3a,rho_sweep,PaySim,chronological,0,N,Ensemble,0.01,0.01,TP,2822.0,1272524,4254,
fe440949ca3a,rho_sweep,PaySim,chronological,0,N,Ensemble,0.01,0.01,n_alerts,73960.0,1272524,4254,
fe440949ca3a,rho_sweep,PaySim,chronological,0,N,Ensemble,0.01,0.01,alert_rate,0.05812071127931576,1272524,4254,
fe440949ca3a,rho_sweep,PaySim,chronological,0,N,Ensemble,0.01,0.01,prevalence,0.0033429624902948786,1272524,4254,
fe440949ca3a,rho_sweep,PaySim,chronological,0,N,Ensemble,0.01,0.01,lift,11.41375650518724,1272524,4254,
fe440949ca3a,rho_sweep,PaySim,chronological,0,N,Ensemble,0.01,0.01,tie_ratio,0.1016161581235403,1272524,4254,
fe440949ca3a,rho_sweep,PaySim,chronological,0,N,Ensemble,0.01,0.01,fit_seconds,0.0,1272524,4254,
fe440949ca3a,rho_sweep,PaySim,chronological,0,N,Ensemble,0.01,0.01,score_seconds,0.0,1272524,4254,
36372b76b664,rho_sweep,PaySim,chronological,0,N,Ensemble,0.01,0.01,single_point_invariant,1.0,1272524,4254,invariance
7d0586b71bde,rho_sweep,PaySim,chronological,0,U,IsolationForest,0.02,0.02,PR_AUC,0.01609538541908355,1272524,4254,
7d0586b71bde,rho_sweep,PaySim,chronological,0,U,IsolationForest,0.02,0.02,ROC_AUC,0.813015355620548,1272524,4254,
7d0586b71bde,rho_sweep,PaySim,chronological,0,U,IsolationForest,0.02,0.02,Precision,0.027841892671667628,1272524,4254,
7d0586b71bde,rho_sweep,PaySim,chronological,0,U,IsolationForest,0.02,0.02,Recall,0.09073812881993418,1272524,4254,
7d0586b71bde,rho_sweep,PaySim,chronological,0,U,IsolationForest,0.02,0.02,F1,0.042609559554034664,1272524,4254,
7d0586b71bde,rho_sweep,PaySim,chronological,0,U,IsolationForest,0.02,0.02,TN,1254792.0,1272524,4254,
7d0586b71bde,rho_sweep,PaySim,chronological,0,U,IsolationForest,0.02,0.02,FP,13478.0,1272524,4254,
7d0586b71bde,rho_sweep,PaySim,chronological,0,U,IsolationForest,0.02,0.02,FN,3868.0,1272524,4254,
7d0586b71bde,rho_sweep,PaySim,chronological,0,U,IsolationForest,0.02,0.02,TP,386.0,1272524,4254,
7d0586b71bde,rho_sweep,PaySim,chronological,0,U,IsolationForest,0.02,0.02,n_alerts,13864.0,1272524,4254,
7d0586b71bde,rho_sweep,PaySim,chronological,0,U,IsolationForest,0.02,0.02,alert_rate,0.010894882925587258,1272524,4254,
7d0586b71bde,rho_sweep,PaySim,chronological,0,U,IsolationForest,0.02,0.02,prevalence,0.0033429624902948786,1272524,4254,
7d0586b71bde,rho_sweep,PaySim,chronological,0,U,IsolationForest,0.02,0.02,lift,8.32850884582068,1272524,4254,
7d0586b71bde,rho_sweep,PaySim,chronological,0,U,IsolationForest,0.02,0.02,tie_ratio,0.5940076572229679,1272524,4254,
7d0586b71bde,rho_sweep,PaySim,chronological,0,U,IsolationForest,0.02,0.02,fit_seconds,8.331825017929077,1272524,4254,
7d0586b71bde,rho_sweep,PaySim,chronological,0,U,IsolationForest,0.02,0.02,score_seconds,31.69146704673767,1272524,4254,
8eea8b391455,rho_sweep,PaySim,chronological,0,U,LOF,0.02,0.02,PR_AUC,0.0030799352569791417,1272524,4254,
8eea8b391455,rho_sweep,PaySim,chronological,0,U,LOF,0.02,0.02,ROC_AUC,0.4998612955691239,1272524,4254,
8eea8b391455,rho_sweep,PaySim,chronological,0,U,LOF,0.02,0.02,Precision,7.17323359122816e-05,1272524,4254,
8eea8b391455,rho_sweep,PaySim,chronological,0,U,LOF,0.02,0.02,Recall,0.006582040432534086,1272524,4254,
8eea8b391455,rho_sweep,PaySim,chronological,0,U,LOF,0.02,0.02,F1,0.00014191802206825244,1272524,4254,
8eea8b391455,rho_sweep,PaySim,chronological,0,U,LOF,0.02,0.02,TN,877958.0,1272524,4254,
8eea8b391455,rho_sweep,PaySim,chronological,0,U,LOF,0.02,0.02,FP,390312.0,1272524,4254,
8eea8b391455,rho_sweep,PaySim,chronological,0,U,LOF,0.02,0.02,FN,4226.0,1272524,4254,
8eea8b391455,rho_sweep,PaySim,chronological,0,U,LOF,0.02,0.02,TP,28.0,1272524,4254,
8eea8b391455,rho_sweep,PaySim,chronological,0,U,LOF,0.02,0.02,n_alerts,390340.0,1272524,4254,
8eea8b391455,rho_sweep,PaySim,chronological,0,U,LOF,0.02,0.02,alert_rate,0.30674470579729735,1272524,4254,
8eea8b391455,rho_sweep,PaySim,chronological,0,U,LOF,0.02,0.02,prevalence,0.0033429624902948786,1272524,4254,
8eea8b391455,rho_sweep,PaySim,chronological,0,U,LOF,0.02,0.02,lift,0.021457714862350784,1272524,4254,
8eea8b391455,rho_sweep,PaySim,chronological,0,U,LOF,0.02,0.02,tie_ratio,0.042048715780606094,1272524,4254,
8eea8b391455,rho_sweep,PaySim,chronological,0,U,LOF,0.02,0.02,fit_seconds,1.4568099975585938,1272524,4254,
8eea8b391455,rho_sweep,PaySim,chronological,0,U,LOF,0.02,0.02,score_seconds,212.58705115318298,1272524,4254,
ca38c013e373,rho_sweep,PaySim,chronological,0,U,OneClassSVM,0.02,0.02,PR_AUC,0.09812106649487343,1272524,4254,
ca38c013e373,rho_sweep,PaySim,chronological,0,U,OneClassSVM,0.02,0.02,ROC_AUC,0.8806680034757726,1272524,4254,
ca38c013e373,rho_sweep,PaySim,chronological,0,U,OneClassSVM,0.02,0.02,Precision,0.00962318031674698,1272524,4254,
ca38c013e373,rho_sweep,PaySim,chronological,0,U,OneClassSVM,0.02,0.02,Recall,0.9402914903620122,1272524,4254,
ca38c013e373,rho_sweep,PaySim,chronological,0,U,OneClassSVM,0.02,0.02,F1,0.019051383963973833,1272524,4254,
ca38c013e373,rho_sweep,PaySim,chronological,0,U,OneClassSVM,0.02,0.02,TN,856607.0,1272524,4254,
ca38c013e373,rho_sweep,PaySim,chronological,0,U,OneClassSVM,0.02,0.02,FP,411663.0,1272524,4254,
ca38c013e373,rho_sweep,PaySim,chronological,0,U,OneClassSVM,0.02,0.02,FN,254.0,1272524,4254,
ca38c013e373,rho_sweep,PaySim,chronological,0,U,OneClassSVM,0.02,0.02,TP,4000.0,1272524,4254,
ca38c013e373,rho_sweep,PaySim,chronological,0,U,OneClassSVM,0.02,0.02,n_alerts,415663.0,1272524,4254,
ca38c013e373,rho_sweep,PaySim,chronological,0,U,OneClassSVM,0.02,0.02,alert_rate,0.3266445269401599,1272524,4254,
ca38c013e373,rho_sweep,PaySim,chronological,0,U,OneClassSVM,0.02,0.02,prevalence,0.0033429624902948786,1272524,4254,
ca38c013e373,rho_sweep,PaySim,chronological,0,U,OneClassSVM,0.02,0.02,lift,2.878638436621564,1272524,4254,
ca38c013e373,rho_sweep,PaySim,chronological,0,U,OneClassSVM,0.02,0.02,tie_ratio,0.004196384508268647,1272524,4254,
ca38c013e373,rho_sweep,PaySim,chronological,0,U,OneClassSVM,0.02,0.02,fit_seconds,0.8312897682189941,1272524,4254,
ca38c013e373,rho_sweep,PaySim,chronological,0,U,OneClassSVM,0.02,0.02,score_seconds,146.67287683486938,1272524,4254,
cf1b820c4630,rho_sweep,PaySim,chronological,0,U,DBSCAN,0.02,0.02,PR_AUC,0.024800190516075682,1272524,4254,
cf1b820c4630,rho_sweep,PaySim,chronological,0,U,DBSCAN,0.02,0.02,ROC_AUC,0.8407100109704875,1272524,4254,
cf1b820c4630,rho_sweep,PaySim,chronological,0,U,DBSCAN,0.02,0.02,Precision,0.029792043399638337,1272524,4254,
cf1b820c4630,rho_sweep,PaySim,chronological,0,U,DBSCAN,0.02,0.02,Recall,0.15491302303714152,1272524,4254,
cf1b820c4630,rho_sweep,PaySim,chronological,0,U,DBSCAN,0.02,0.02,F1,0.04997345870933495,1272524,4254,
cf1b820c4630,rho_sweep,PaySim,chronological,0,U,DBSCAN,0.02,0.02,TN,1246809.0,1272524,4254,
cf1b820c4630,rho_sweep,PaySim,chronological,0,U,DBSCAN,0.02,0.02,FP,21461.0,1272524,4254,
cf1b820c4630,rho_sweep,PaySim,chronological,0,U,DBSCAN,0.02,0.02,FN,3595.0,1272524,4254,
cf1b820c4630,rho_sweep,PaySim,chronological,0,U,DBSCAN,0.02,0.02,TP,659.0,1272524,4254,
cf1b820c4630,rho_sweep,PaySim,chronological,0,U,DBSCAN,0.02,0.02,n_alerts,22120.0,1272524,4254,
cf1b820c4630,rho_sweep,PaySim,chronological,0,U,DBSCAN,0.02,0.02,alert_rate,0.017382776277696924,1272524,4254,
cf1b820c4630,rho_sweep,PaySim,chronological,0,U,DBSCAN,0.02,0.02,prevalence,0.0033429624902948786,1272524,4254,
cf1b820c4630,rho_sweep,PaySim,chronological,0,U,DBSCAN,0.02,0.02,lift,8.911868884598348,1272524,4254,
cf1b820c4630,rho_sweep,PaySim,chronological,0,U,DBSCAN,0.02,0.02,tie_ratio,0.10432730541820823,1272524,4254,
cf1b820c4630,rho_sweep,PaySim,chronological,0,U,DBSCAN,0.02,0.02,fit_seconds,0.974452018737793,1272524,4254,
cf1b820c4630,rho_sweep,PaySim,chronological,0,U,DBSCAN,0.02,0.02,score_seconds,0.11626315116882324,1272524,4254,
b3d13a7e5bb5,rho_sweep,PaySim,chronological,0,U,KMeans,0.02,0.02,PR_AUC,0.04194993804739536,1272524,4254,
b3d13a7e5bb5,rho_sweep,PaySim,chronological,0,U,KMeans,0.02,0.02,ROC_AUC,0.8688532155435986,1272524,4254,
b3d13a7e5bb5,rho_sweep,PaySim,chronological,0,U,KMeans,0.02,0.02,Precision,0.06129522651261782,1272524,4254,
b3d13a7e5bb5,rho_sweep,PaySim,chronological,0,U,KMeans,0.02,0.02,Recall,0.23695345557122707,1272524,4254,
b3d13a7e5bb5,rho_sweep,PaySim,chronological,0,U,KMeans,0.02,0.02,F1,0.09739600946905648,1272524,4254,
b3d13a7e5bb5,rho_sweep,PaySim,chronological,0,U,KMeans,0.02,0.02,TN,1252833.0,1272524,4254,
b3d13a7e5bb5,rho_sweep,PaySim,chronological,0,U,KMeans,0.02,0.02,FP,15437.0,1272524,4254,
b3d13a7e5bb5,rho_sweep,PaySim,chronological,0,U,KMeans,0.02,0.02,FN,3246.0,1272524,4254,
b3d13a7e5bb5,rho_sweep,PaySim,chronological,0,U,KMeans,0.02,0.02,TP,1008.0,1272524,4254,
b3d13a7e5bb5,rho_sweep,PaySim,chronological,0,U,KMeans,0.02,0.02,n_alerts,16445.0,1272524,4254,
b3d13a7e5bb5,rho_sweep,PaySim,chronological,0,U,KMeans,0.02,0.02,alert_rate,0.012923135437917085,1272524,4254,
b3d13a7e5bb5,rho_sweep,PaySim,chronological,0,U,KMeans,0.02,0.02,prevalence,0.0033429624902948786,1272524,4254,
b3d13a7e5bb5,rho_sweep,PaySim,chronological,0,U,KMeans,0.02,0.02,lift,18.335601039666777,1272524,4254,
b3d13a7e5bb5,rho_sweep,PaySim,chronological,0,U,KMeans,0.02,0.02,tie_ratio,0.1503908767143095,1272524,4254,
b3d13a7e5bb5,rho_sweep,PaySim,chronological,0,U,KMeans,0.02,0.02,fit_seconds,70.52833724021912,1272524,4254,
b3d13a7e5bb5,rho_sweep,PaySim,chronological,0,U,KMeans,0.02,0.02,score_seconds,1.19171142578125,1272524,4254,
0271da0e28c9,rho_sweep,PaySim,chronological,0,U,Ensemble,0.02,0.02,PR_AUC,0.15004823892750627,1272524,4254,
0271da0e28c9,rho_sweep,PaySim,chronological,0,U,Ensemble,0.02,0.02,ROC_AUC,0.9179457464369324,1272524,4254,
0271da0e28c9,rho_sweep,PaySim,chronological,0,U,Ensemble,0.02,0.02,Precision,0.014187409735791351,1272524,4254,
0271da0e28c9,rho_sweep,PaySim,chronological,0,U,Ensemble,0.02,0.02,Recall,0.8636577338975082,1272524,4254,
0271da0e28c9,rho_sweep,PaySim,chronological,0,U,Ensemble,0.02,0.02,F1,0.02791623609507021,1272524,4254,
0271da0e28c9,rho_sweep,PaySim,chronological,0,U,Ensemble,0.02,0.02,TN,1012982.0,1272524,4254,
0271da0e28c9,rho_sweep,PaySim,chronological,0,U,Ensemble,0.02,0.02,FP,255288.0,1272524,4254,
0271da0e28c9,rho_sweep,PaySim,chronological,0,U,Ensemble,0.02,0.02,FN,580.0,1272524,4254,
0271da0e28c9,rho_sweep,PaySim,chronological,0,U,Ensemble,0.02,0.02,TP,3674.0,1272524,4254,
0271da0e28c9,rho_sweep,PaySim,chronological,0,U,Ensemble,0.02,0.02,n_alerts,258962.0,1272524,4254,
0271da0e28c9,rho_sweep,PaySim,chronological,0,U,Ensemble,0.02,0.02,alert_rate,0.20350264513675184,1272524,4254,
0271da0e28c9,rho_sweep,PaySim,chronological,0,U,Ensemble,0.02,0.02,prevalence,0.0033429624902948786,1272524,4254,
0271da0e28c9,rho_sweep,PaySim,chronological,0,U,Ensemble,0.02,0.02,lift,4.243963184444794,1272524,4254,
0271da0e28c9,rho_sweep,PaySim,chronological,0,U,Ensemble,0.02,0.02,tie_ratio,0.09889400907173462,1272524,4254,
0271da0e28c9,rho_sweep,PaySim,chronological,0,U,Ensemble,0.02,0.02,fit_seconds,0.0,1272524,4254,
0271da0e28c9,rho_sweep,PaySim,chronological,0,U,Ensemble,0.02,0.02,score_seconds,0.0,1272524,4254,
1caba040b0bf,rho_sweep,PaySim,chronological,0,U,Ensemble,0.02,0.02,single_point_invariant,1.0,1272524,4254,invariance
c78f505ad705,rho_sweep,PaySim,chronological,0,N,IsolationForest,0.02,0.02,PR_AUC,0.016475860057613735,1272524,4254,
c78f505ad705,rho_sweep,PaySim,chronological,0,N,IsolationForest,0.02,0.02,ROC_AUC,0.8133172071344671,1272524,4254,
c78f505ad705,rho_sweep,PaySim,chronological,0,N,IsolationForest,0.02,0.02,Precision,0.02834575920868089,1272524,4254,
c78f505ad705,rho_sweep,PaySim,chronological,0,N,IsolationForest,0.02,0.02,Recall,0.09026798307475317,1272524,4254,
c78f505ad705,rho_sweep,PaySim,chronological,0,N,IsolationForest,0.02,0.02,F1,0.043143643615527215,1272524,4254,
c78f505ad705,rho_sweep,PaySim,chronological,0,N,IsolationForest,0.02,0.02,TN,1255107.0,1272524,4254,
c78f505ad705,rho_sweep,PaySim,chronological,0,N,IsolationForest,0.02,0.02,FP,13163.0,1272524,4254,
c78f505ad705,rho_sweep,PaySim,chronological,0,N,IsolationForest,0.02,0.02,FN,3870.0,1272524,4254,
c78f505ad705,rho_sweep,PaySim,chronological,0,N,IsolationForest,0.02,0.02,TP,384.0,1272524,4254,
c78f505ad705,rho_sweep,PaySim,chronological,0,N,IsolationForest,0.02,0.02,n_alerts,13547.0,1272524,4254,
c78f505ad705,rho_sweep,PaySim,chronological,0,N,IsolationForest,0.02,0.02,alert_rate,0.010645771710396032,1272524,4254,
c78f505ad705,rho_sweep,PaySim,chronological,0,N,IsolationForest,0.02,0.02,prevalence,0.0033429624902948786,1272524,4254,
c78f505ad705,rho_sweep,PaySim,chronological,0,N,IsolationForest,0.02,0.02,lift,8.479233401802407,1272524,4254,
c78f505ad705,rho_sweep,PaySim,chronological,0,N,IsolationForest,0.02,0.02,tie_ratio,0.5972382446224983,1272524,4254,
c78f505ad705,rho_sweep,PaySim,chronological,0,N,IsolationForest,0.02,0.02,fit_seconds,8.039412260055542,1272524,4254,
c78f505ad705,rho_sweep,PaySim,chronological,0,N,IsolationForest,0.02,0.02,score_seconds,31.327701091766357,1272524,4254,
afc2d03b2ee3,rho_sweep,PaySim,chronological,0,N,LOF,0.02,0.02,PR_AUC,0.0030319200122619254,1272524,4254,
afc2d03b2ee3,rho_sweep,PaySim,chronological,0,N,LOF,0.02,0.02,ROC_AUC,0.49302603351576035,1272524,4254,
afc2d03b2ee3,rho_sweep,PaySim,chronological,0,N,LOF,0.02,0.02,Precision,0.00015097328267890952,1272524,4254,
afc2d03b2ee3,rho_sweep,PaySim,chronological,0,N,LOF,0.02,0.02,Recall,0.014339445228020687,1272524,4254,
afc2d03b2ee3,rho_sweep,PaySim,chronological,0,N,LOF,0.02,0.02,F1,0.00029880063384921346,1272524,4254,
afc2d03b2ee3,rho_sweep,PaySim,chronological,0,N,LOF,0.02,0.02,TN,864286.0,1272524,4254,
afc2d03b2ee3,rho_sweep,PaySim,chronological,0,N,LOF,0.02,0.02,FP,403984.0,1272524,4254,
afc2d03b2ee3,rho_sweep,PaySim,chronological,0,N,LOF,0.02,0.02,FN,4193.0,1272524,4254,
afc2d03b2ee3,rho_sweep,PaySim,chronological,0,N,LOF,0.02,0.02,TP,61.0,1272524,4254,
afc2d03b2ee3,rho_sweep,PaySim,chronological,0,N,LOF,0.02,0.02,n_alerts,404045.0,1272524,4254,
afc2d03b2ee3,rho_sweep,PaySim,chronological,0,N,LOF,0.02,0.02,alert_rate,0.3175146401953912,1272524,4254,
afc2d03b2ee3,rho_sweep,PaySim,chronological,0,N,LOF,0.02,0.02,prevalence,0.0033429624902948786,1272524,4254,
afc2d03b2ee3,rho_sweep,PaySim,chronological,0,N,LOF,0.02,0.02,lift,0.04516152458102883,1272524,4254,
afc2d03b2ee3,rho_sweep,PaySim,chronological,0,N,LOF,0.02,0.02,tie_ratio,0.037686519075475156,1272524,4254,
afc2d03b2ee3,rho_sweep,PaySim,chronological,0,N,LOF,0.02,0.02,fit_seconds,1.6946306228637695,1272524,4254,
afc2d03b2ee3,rho_sweep,PaySim,chronological,0,N,LOF,0.02,0.02,score_seconds,222.70111799240112,1272524,4254,
acdbc7a6cc6a,rho_sweep,PaySim,chronological,0,N,OneClassSVM,0.02,0.02,PR_AUC,0.0953596380108841,1272524,4254,
acdbc7a6cc6a,rho_sweep,PaySim,chronological,0,N,OneClassSVM,0.02,0.02,ROC_AUC,0.87483182624574,1272524,4254,
acdbc7a6cc6a,rho_sweep,PaySim,chronological,0,N,OneClassSVM,0.02,0.02,Precision,0.009631439525625897,1272524,4254,
acdbc7a6cc6a,rho_sweep,PaySim,chronological,0,N,OneClassSVM,0.02,0.02,Recall,0.924776680771039,1272524,4254,
acdbc7a6cc6a,rho_sweep,PaySim,chronological,0,N,OneClassSVM,0.02,0.02,F1,0.01906432635180321,1272524,4254,
acdbc7a6cc6a,rho_sweep,PaySim,chronological,0,N,OneClassSVM,0.02,0.02,TN,863750.0,1272524,4254,
acdbc7a6cc6a,rho_sweep,PaySim,chronological,0,N,OneClassSVM,0.02,0.02,FP,404520.0,1272524,4254,
acdbc7a6cc6a,rho_sweep,PaySim,chronological,0,N,OneClassSVM,0.02,0.02,FN,320.0,1272524,4254,
acdbc7a6cc6a,rho_sweep,PaySim,chronological,0,N,OneClassSVM,0.02,0.02,TP,3934.0,1272524,4254,
acdbc7a6cc6a,rho_sweep,PaySim,chronological,0,N,OneClassSVM,0.02,0.02,n_alerts,408454.0,1272524,4254,
acdbc7a6cc6a,rho_sweep,PaySim,chronological,0,N,OneClassSVM,0.02,0.02,alert_rate,0.32097940785399726,1272524,4254,
acdbc7a6cc6a,rho_sweep,PaySim,chronological,0,N,OneClassSVM,0.02,0.02,prevalence,0.0033429624902948786,1272524,4254,
acdbc7a6cc6a,rho_sweep,PaySim,chronological,0,N,OneClassSVM,0.02,0.02,lift,2.8811090622725835,1272524,4254,
acdbc7a6cc6a,rho_sweep,PaySim,chronological,0,N,OneClassSVM,0.02,0.02,tie_ratio,0.004548440736677706,1272524,4254,
acdbc7a6cc6a,rho_sweep,PaySim,chronological,0,N,OneClassSVM,0.02,0.02,fit_seconds,0.8444004058837891,1272524,4254,
acdbc7a6cc6a,rho_sweep,PaySim,chronological,0,N,OneClassSVM,0.02,0.02,score_seconds,148.3606882095337,1272524,4254,
af60d76e7bce,rho_sweep,PaySim,chronological,0,N,DBSCAN,0.02,0.02,PR_AUC,0.02480496478288824,1272524,4254,
af60d76e7bce,rho_sweep,PaySim,chronological,0,N,DBSCAN,0.02,0.02,ROC_AUC,0.8406674069663339,1272524,4254,
af60d76e7bce,rho_sweep,PaySim,chronological,0,N,DBSCAN,0.02,0.02,Precision,0.029933330309764614,1272524,4254,
af60d76e7bce,rho_sweep,PaySim,chronological,0,N,DBSCAN,0.02,0.02,Recall,0.15514809590973203,1272524,4254,
af60d76e7bce,rho_sweep,PaySim,chronological,0,N,DBSCAN,0.02,0.02,F1,0.05018438961335209,1272524,4254,
af60d76e7bce,rho_sweep,PaySim,chronological,0,N,DBSCAN,0.02,0.02,TN,1246881.0,1272524,4254,
af60d76e7bce,rho_sweep,PaySim,chronological,0,N,DBSCAN,0.02,0.02,FP,21389.0,1272524,4254,
af60d76e7bce,rho_sweep,PaySim,chronological,0,N,DBSCAN,0.02,0.02,FN,3594.0,1272524,4254,
af60d76e7bce,rho_sweep,PaySim,chronological,0,N,DBSCAN,0.02,0.02,TP,660.0,1272524,4254,
af60d76e7bce,rho_sweep,PaySim,chronological,0,N,DBSCAN,0.02,0.02,n_alerts,22049.0,1272524,4254,
af60d76e7bce,rho_sweep,PaySim,chronological,0,N,DBSCAN,0.02,0.02,alert_rate,0.017326981652212452,1272524,4254,
af60d76e7bce,rho_sweep,PaySim,chronological,0,N,DBSCAN,0.02,0.02,prevalence,0.0033429624902948786,1272524,4254,
af60d76e7bce,rho_sweep,PaySim,chronological,0,N,DBSCAN,0.02,0.02,lift,8.954132867678164,1272524,4254,
af60d76e7bce,rho_sweep,PaySim,chronological,0,N,DBSCAN,0.02,0.02,tie_ratio,0.0998142274723306,1272524,4254,
af60d76e7bce,rho_sweep,PaySim,chronological,0,N,DBSCAN,0.02,0.02,fit_seconds,0.8433225154876709,1272524,4254,
af60d76e7bce,rho_sweep,PaySim,chronological,0,N,DBSCAN,0.02,0.02,score_seconds,0.11936330795288086,1272524,4254,
b09f1dda41dc,rho_sweep,PaySim,chronological,0,N,KMeans,0.02,0.02,PR_AUC,0.04580053871388377,1272524,4254,
b09f1dda41dc,rho_sweep,PaySim,chronological,0,N,KMeans,0.02,0.02,ROC_AUC,0.8627522766640987,1272524,4254,
b09f1dda41dc,rho_sweep,PaySim,chronological,0,N,KMeans,0.02,0.02,Precision,0.021451197993069285,1272524,4254,
b09f1dda41dc,rho_sweep,PaySim,chronological,0,N,KMeans,0.02,0.02,Recall,0.47437705688763515,1272524,4254,
b09f1dda41dc,rho_sweep,PaySim,chronological,0,N,KMeans,0.02,0.02,F1,0.041046294036286714,1272524,4254,
b09f1dda41dc,rho_sweep,PaySim,chronological,0,N,KMeans,0.02,0.02,TN,1176214.0,1272524,4254,
b09f1dda41dc,rho_sweep,PaySim,chronological,0,N,KMeans,0.02,0.02,FP,92056.0,1272524,4254,
b09f1dda41dc,rho_sweep,PaySim,chronological,0,N,KMeans,0.02,0.02,FN,2236.0,1272524,4254,
b09f1dda41dc,rho_sweep,PaySim,chronological,0,N,KMeans,0.02,0.02,TP,2018.0,1272524,4254,
b09f1dda41dc,rho_sweep,PaySim,chronological,0,N,KMeans,0.02,0.02,n_alerts,94074.0,1272524,4254,
b09f1dda41dc,rho_sweep,PaySim,chronological,0,N,KMeans,0.02,0.02,alert_rate,0.0739270929271275,1272524,4254,
b09f1dda41dc,rho_sweep,PaySim,chronological,0,N,KMeans,0.02,0.02,prevalence,0.0033429624902948786,1272524,4254,
b09f1dda41dc,rho_sweep,PaySim,chronological,0,N,KMeans,0.02,0.02,lift,6.416822819683238,1272524,4254,
b09f1dda41dc,rho_sweep,PaySim,chronological,0,N,KMeans,0.02,0.02,tie_ratio,0.15253307599699495,1272524,4254,
b09f1dda41dc,rho_sweep,PaySim,chronological,0,N,KMeans,0.02,0.02,fit_seconds,74.19874382019043,1272524,4254,
b09f1dda41dc,rho_sweep,PaySim,chronological,0,N,KMeans,0.02,0.02,score_seconds,1.1974387168884277,1272524,4254,
cd0086abadf8,rho_sweep,PaySim,chronological,0,N,Ensemble,0.02,0.02,PR_AUC,0.1705833344956514,1272524,4254,
cd0086abadf8,rho_sweep,PaySim,chronological,0,N,Ensemble,0.02,0.02,ROC_AUC,0.9160205199617621,1272524,4254,
cd0086abadf8,rho_sweep,PaySim,chronological,0,N,Ensemble,0.02,0.02,Precision,0.013627802193743767,1272524,4254,
cd0086abadf8,rho_sweep,PaySim,chronological,0,N,Ensemble,0.02,0.02,Recall,0.8674188998589563,1272524,4254,
cd0086abadf8,rho_sweep,PaySim,chronological,0,N,Ensemble,0.02,0.02,F1,0.026834021758101113,1272524,4254,
cd0086abadf8,rho_sweep,PaySim,chronological,0,N,Ensemble,0.02,0.02,TN,1001190.0,1272524,4254,
cd0086abadf8,rho_sweep,PaySim,chronological,0,N,Ensemble,0.02,0.02,FP,267080.0,1272524,4254,
cd0086abadf8,rho_sweep,PaySim,chronological,0,N,Ensemble,0.02,0.02,FN,564.0,1272524,4254,
cd0086abadf8,rho_sweep,PaySim,chronological,0,N,Ensemble,0.02,0.02,TP,3690.0,1272524,4254,
cd0086abadf8,rho_sweep,PaySim,chronological,0,N,Ensemble,0.02,0.02,n_alerts,270770.0,1272524,4254,
cd0086abadf8,rho_sweep,PaySim,chronological,0,N,Ensemble,0.02,0.02,alert_rate,0.21278184144267612,1272524,4254,
cd0086abadf8,rho_sweep,PaySim,chronological,0,N,Ensemble,0.02,0.02,prevalence,0.0033429624902948786,1272524,4254,
cd0086abadf8,rho_sweep,PaySim,chronological,0,N,Ensemble,0.02,0.02,lift,4.0765644943092605,1272524,4254,
cd0086abadf8,rho_sweep,PaySim,chronological,0,N,Ensemble,0.02,0.02,tie_ratio,0.09986530705904173,1272524,4254,
cd0086abadf8,rho_sweep,PaySim,chronological,0,N,Ensemble,0.02,0.02,fit_seconds,0.0,1272524,4254,
cd0086abadf8,rho_sweep,PaySim,chronological,0,N,Ensemble,0.02,0.02,score_seconds,0.0,1272524,4254,
c85cf2560744,rho_sweep,PaySim,chronological,0,N,Ensemble,0.02,0.02,single_point_invariant,1.0,1272524,4254,invariance
